# length                 R                      Z                      theta_geo              Phi                    T_e                    Te_float               Phi_float              Phi_error              Phi_Te_ratio           vparB_norm             vExB_norm              vflow_norm             partF_vpar             partF_ExB              
# time step #000500,  t_now =   1.411010E+02
  0.000000000000000E+00  1.579589656102563E+00 -1.199433262635054E+00  4.653788641357274E+00  2.138764632376441E+00  7.129215441253781E-01  7.129215441253781E-01  2.138764632376135E+00  3.064215547965432E-13  3.000000000000430E+00  1.446369275016716E-12  6.778228162561030E+01  6.778228162561173E+01  1.148205323779912E+06  5.380920209299631E+19
  0.000000000000000E+00  1.579711972000091E+00 -1.198995244165320E+00  4.653869968398856E+00  2.079787046443826E+00  6.932623488144959E-01  6.932623488144959E-01  2.079787046443488E+00  3.379518886958977E-13  3.000000000000487E+00  1.110723617390998E+02  6.828848751064159E+01  1.793608492497414E+02  8.821493347241683E+19  5.423549376606637E+19
  0.000000000000000E+00  1.579834287897621E+00 -1.198557225695588E+00  4.653951356414447E+00  2.024932189359668E+00  6.749773964530867E-01  6.749773964530867E-01  2.024932189359260E+00  4.072298054325074E-13  3.000000000000603E+00  3.548028614572668E+02  5.815592926515509E+01  4.129587907224218E+02  2.818955074471527E+20  4.620564536578894E+19
  0.000000000000000E+00  1.579956603795151E+00 -1.198119207225856E+00  4.654032805471561E+00  1.983302840637502E+00  6.611009468790084E-01  6.611009468790086E-01  1.983302840637026E+00  4.765077221691172E-13  3.000000000000721E+00  5.976906729052632E+02  3.738213580816768E+01  6.350728087134310E+02  4.750484350954131E+20  2.971156472941821E+19
  0.000000000000000E+00  1.580078919692679E+00 -1.197681188756122E+00  4.654114315637816E+00  1.964001779790864E+00  6.546672599301187E-01  6.546672599301187E-01  1.964001779790356E+00  5.078160114635466E-13  3.000000000000776E+00  7.072046157555606E+02  5.964636058754632E+00  7.131692518143152E+02  5.623264379040623E+20  4.742718689314839E+18
  0.000000000000000E+00  1.580202005791068E+00 -1.197240412164100E+00  4.654196400814737E+00  1.973321493022711E+00  6.577738310074034E-01  6.577738310074034E-01  1.973321493022210E+00  5.004885395010206E-13  3.000000000000761E+00  7.091572466096917E+02 -2.889418981386479E+01  6.802630567958270E+02  5.641624632165074E+20 -2.298646368766092E+19
  0.000000000000000E+00  1.580325091889457E+00 -1.196799635572079E+00  4.654278548010481E+00  2.015942385870956E+00  6.719807952901572E-01  6.719807952901572E-01  2.015942385870472E+00  4.840572387365683E-13  3.000000000000720E+00  7.175772191328430E+02 -7.141265526878561E+01  6.461645638640573E+02  5.711778606243116E+20 -5.684311955613411E+19
  0.000000000000000E+00  1.580448177987846E+00 -1.196358858980058E+00  4.654360757294253E+00  2.098452725353258E+00  6.994842417842633E-01  6.994842417842633E-01  2.098452725352790E+00  4.676259379721159E-13  3.000000000000669E+00  7.329591159691380E+02 -1.215925487862159E+02  6.113665671829222E+02  5.837601643675647E+20 -9.684153552201843E+19
  0.000000000000000E+00  1.580571264086235E+00 -1.195918082388036E+00  4.654443028735352E+00  2.227440778487276E+00  7.424802594956048E-01  7.424802594956048E-01  2.227440778486815E+00  4.609645998243650E-13  3.000000000000621E+00  7.557937085156263E+02 -1.794356588463947E+02  5.763580496692317E+02  6.022945488237258E+20 -1.429928801604238E+20
  0.000000000000000E+00  1.580695053245394E+00 -1.195474788105264E+00  4.654525832867269E+00  2.408381399963897E+00  8.027937999876179E-01  8.027937999876179E-01  2.408381399962854E+00  1.042277375518097E-12  3.000000000001299E+00  7.861351955921633E+02 -2.382622246003671E+02  5.478729709917963E+02  6.268256532705837E+20 -1.899786136306100E+20
  0.000000000000000E+00  1.580818842404555E+00 -1.195031493822492E+00  4.654608700009530E+00  2.639106168840188E+00  8.797020562792878E-01  8.797020562792878E-01  2.639106168837864E+00  2.324807013565078E-12  3.000000000002643E+00  8.225708523340219E+02 -2.945205558655786E+02  5.280502964684432E+02  6.562321339583778E+20 -2.349631673938690E+20
  0.000000000000000E+00  1.580942631563715E+00 -1.194588199539721E+00  4.654691630232946E+00  2.917384604766638E+00  9.724615349210097E-01  9.724615349210096E-01  2.917384604763029E+00  3.608668919241609E-12  3.000000000003710E+00  8.638529702326866E+02 -3.482100471458912E+02  5.156429230867955E+02  6.895213283188288E+20 -2.779387957389603E+20
  0.000000000000000E+00  1.581066420722875E+00 -1.194144905256949E+00  4.654774623608430E+00  3.240986227393730E+00  1.080328742463178E+00  1.080328742463178E+00  3.240986227389533E+00  4.196643033083092E-12  3.000000000003884E+00  9.087429200205950E+02 -3.993300929452303E+02  5.094128270753647E+02  7.257046479747860E+20 -3.188973450489047E+20
  0.000000000000000E+00  1.581190821563115E+00 -1.193699420518020E+00  4.654858090772811E+00  3.611372068275185E+00  1.203790689423746E+00  1.203790689423746E+00  3.611372068271239E+00  3.946176718727656E-12  3.000000000003278E+00  9.564254193508215E+02 -4.515361023001690E+02  5.048893170506526E+02  7.641327407546880E+20 -3.607531882982685E+20
  0.000000000000000E+00  1.581315222403355E+00 -1.193253935779092E+00  4.654941621858819E+00  4.024259051775807E+00  1.341419683924140E+00  1.341419683924140E+00  4.024259051772420E+00  3.387512492736278E-12  3.000000000002526E+00  1.005954176467529E+03 -4.971655936460921E+02  5.087885828214373E+02  8.040505041888450E+20 -3.973801745525035E+20
  0.000000000000000E+00  1.581439623243595E+00 -1.192808451040164E+00  4.655025216938743E+00  4.473922500880691E+00  1.491307500292620E+00  1.491307500292620E+00  4.473922500877860E+00  2.830624623584299E-12  3.000000000001898E+00  1.056591045570950E+03 -5.362170129368997E+02  5.203740326340505E+02  8.448695775866855E+20 -4.287689575960650E+20
  0.000000000000000E+00  1.581564024083836E+00 -1.192362966301236E+00  4.655108876084982E+00  4.954637738574924E+00  1.651545912857449E+00  1.651545912857449E+00  4.954637738572349E+00  2.574829238710663E-12  3.000000000001559E+00  1.107603339724992E+03 -5.686888061262040E+02  5.389145335987877E+02  8.860054309091052E+20 -4.549113862821473E+20
  0.000000000000000E+00  1.581688916641732E+00 -1.191915720700314E+00  4.655192930429386E+00  5.461066114484805E+00  1.820355371494220E+00  1.820355371494220E+00  5.461066114482662E+00  2.142286348316702E-12  3.000000000001177E+00  1.158580580335569E+03 -5.903643900332822E+02  5.682161903022868E+02  9.271333065723111E+20 -4.724285028630207E+20
  0.000000000000000E+00  1.581813809199628E+00 -1.191468475099392E+00  4.655277049494132E+00  5.982146537527949E+00  1.994048845842251E+00  1.994048845842251E+00  5.982146537526756E+00  1.192823617657268E-12  3.000000000000598E+00  1.209063121392455E+03 -6.023631155412920E+02  6.067000058511626E+02  9.678864370633266E+20 -4.822073218544406E+20
  0.000000000000000E+00  1.581938701757524E+00 -1.191021229498470E+00  4.655361233352806E+00  6.509432500240612E+00  2.169810833413455E+00  2.169810833413455E+00  6.509432500240365E+00  2.460254222569347E-13  3.000000000000113E+00  1.258853984917653E+03 -6.046826897238179E+02  6.541712951938348E+02  1.008108745948821E+21 -4.842387721990758E+20
  0.000000000000000E+00  1.582063594315420E+00 -1.190573983897548E+00  4.655445482079107E+00  7.034477495159049E+00  2.344825831719744E+00  2.344825831719744E+00  7.034477495159233E+00 -1.856292897173262E-13  2.999999999999921E+00  1.307757685833933E+03 -5.973208196543815E+02  7.104368661795514E+02  1.047645668172896E+21 -4.785141590059534E+20
  0.000000000000000E+00  1.582188825197155E+00 -1.190125526744464E+00  4.655530024234012E+00  7.550815666160199E+00  2.516938555386780E+00  2.516938555386780E+00  7.550815666160342E+00 -1.429967255717202E-13  2.999999999999943E+00  1.355820024842870E+03 -5.827416121716548E+02  7.730784126712158E+02  1.086537147286942E+21 -4.670018124033556E+20
  0.000000000000000E+00  1.582314056078889E+00 -1.189677069591380E+00  4.655614631757187E+00  8.053073282658161E+00  2.684357760886070E+00  2.684357760886070E+00  8.053073282658213E+00 -5.151434834260726E-14  2.999999999999981E+00  1.402996170500260E+03 -5.652178431503414E+02  8.377783273499189E+02  1.124748187224067E+21 -4.531215108330373E+20
  0.000000000000000E+00  1.582439286960624E+00 -1.189228612438296E+00  4.655699304723265E+00  8.538676951973272E+00  2.846225650657744E+00  2.846225650657744E+00  8.538676951973233E+00  3.907985046680551E-14  3.000000000000014E+00  1.449348765199734E+03 -5.447488140059129E+02  9.045999511938215E+02  1.162331072855502E+21 -4.368710200218763E+20
  0.000000000000000E+00  1.582564517842359E+00 -1.188780155285213E+00  4.655784043206986E+00  9.005053281425871E+00  3.001684427141929E+00  3.001684427141929E+00  9.005053281425788E+00  8.171241461241152E-14  3.000000000000027E+00  1.494940000787191E+03 -5.213338261536737E+02  9.736061746335178E+02  1.199338114659027E+21 -4.182479081688113E+20
  0.000000000000000E+00  1.582689901674890E+00 -1.188331150408757E+00  4.655868950898840E+00  9.451314115915057E+00  3.150438038638510E+00  3.150438038638510E+00  9.451314115915531E+00 -4.742872761198669E-13  2.999999999999849E+00  1.539928099694397E+03 -4.982347986268313E+02  1.041693301067566E+03  1.235899365763985E+21 -3.998680664030020E+20
  0.000000000000000E+00  1.582815285507417E+00 -1.187882145532300E+00  4.655953924418751E+00  9.877742989325288E+00  3.292580996442326E+00  3.292580996442326E+00  9.877742989326979E+00 -1.691091711109038E-12  2.999999999999487E+00  1.584306971878573E+03 -4.761083143703110E+02  1.108198657508263E+03  1.272012040564799E+21 -3.822589430215942E+20
  0.000000000000000E+00  1.582940669339943E+00 -1.187433140655842E+00  4.656038963842079E+00  1.028519450135633E+01  3.428398167119746E+00  3.428398167119746E+00  1.028519450135924E+01 -2.911448859777011E-12  2.999999999999151E+00  1.628057851254852E+03 -4.549546053776452E+02  1.173103245877207E+03  1.307664064757034E+21 -3.654217742259672E+20
  0.000000000000000E+00  1.583066053172475E+00 -1.186984135779387E+00  4.656124069244296E+00  1.067452325170794E+01  3.558174417237136E+00  3.558174417237136E+00  1.067452325171141E+01 -3.463895836830488E-12  2.999999999999027E+00  1.671162129772241E+03 -4.347739036421760E+02  1.236388226130065E+03  1.342843696922526E+21 -3.493577228032730E+20
  0.000000000000000E+00  1.583191369509080E+00 -1.186535372600155E+00  4.656209194833762E+00  1.104660690775757E+01  3.682202302586827E+00  3.682202302586827E+00  1.104660690776048E+01 -2.913225216616411E-12  2.999999999999209E+00  1.713576134929084E+03 -4.161401020440574E+02  1.297436032885027E+03  1.377518919635214E+21 -3.345289725386734E+20
  0.000000000000000E+00  1.583316685843013E+00 -1.186086609420176E+00  4.656294386479859E+00  1.140295305204163E+01  3.800984350681109E+00  3.800984350681109E+00  1.140295305204333E+01 -1.698197138466639E-12  2.999999999999553E+00  1.755261483515451E+03 -3.988580406244225E+02  1.356403442891028E+03  1.411662683512820E+21 -3.207801329069507E+20
  0.000000000000000E+00  1.583442002176946E+00 -1.185637846240198E+00  4.656379644260584E+00  1.174474660695717E+01  3.914915535652550E+00  3.914915535652550E+00  1.174474660695765E+01 -4.849454171562684E-13  2.999999999999876E+00  1.796138984739500E+03 -3.829280410484019E+02  1.413210943691098E+03  1.445214925007248E+21 -3.081127489737114E+20
  0.000000000000000E+00  1.583567318513551E+00 -1.185189083060966E+00  4.656464968254047E+00  1.207317249490123E+01  4.024390831633721E+00  4.024390831633721E+00  1.207317249490117E+01  6.750155989720952E-14  3.000000000000016E+00  1.836130070788908E+03 -3.683504249807903E+02  1.467779645808117E+03  1.478116132243140E+21 -2.965283964053750E+20
  0.000000000000000E+00  1.583692315528325E+00 -1.184741463402156E+00  4.656550140865074E+00  1.238857525335056E+01  4.129525084450171E+00  4.129525084450171E+00  1.238857525335051E+01  4.263256414560601E-14  3.000000000000010E+00  1.875076637511553E+03 -3.549800862011493E+02  1.520096551310404E+03  1.510240803831490E+21 -2.859111995763918E+20
  0.000000000000000E+00  1.583817312545172E+00 -1.184293843743925E+00  4.656635379502304E+00  1.269270835548832E+01  4.230902785162773E+00  4.230902785162773E+00  1.269270835548832E+01 -3.552713678800501E-15  2.999999999999999E+00  1.913050814946464E+03 -3.425658799398499E+02  1.570484935006614E+03  1.541652290989881E+21 -2.760603479521338E+20
  0.000000000000000E+00  1.583942309562018E+00 -1.183846224085693E+00  4.656720684239502E+00  1.298640755948882E+01  4.328802519829625E+00  4.328802519829625E+00  1.298640755948888E+01 -5.506706202140776E-14  2.999999999999987E+00  1.950017941447928E+03 -3.311080330750704E+02  1.618909908372858E+03  1.572326064195500E+21 -2.669769233414722E+20
  0.000000000000000E+00  1.584067306576792E+00 -1.183398604426883E+00  4.656806055150550E+00  1.327050862352638E+01  4.423502874508819E+00  4.423502874508819E+00  1.327050862352646E+01 -7.638334409421077E-14  2.999999999999983E+00  1.985943647508104E+03 -3.206067724850026E+02  1.665336875023101E+03  1.602237823795907E+21 -2.586620713458608E+20
  0.000000000000000E+00  1.584191707315719E+00 -1.182953120052656E+00  4.656891084592754E+00  1.354448439919678E+01  4.514828133065679E+00  4.514828133065679E+00  1.354448439919704E+01 -2.593480985524366E-13  2.999999999999943E+00  2.020655023668410E+03 -3.108837579486440E+02  1.709771265719765E+03  1.631246488365418E+21 -2.509721018696708E+20
  0.000000000000000E+00  1.584316108055235E+00 -1.182507635678594E+00  4.656976179731147E+00  1.381024865527688E+01  4.603416218425847E+00  4.603416218425847E+00  1.381024865527754E+01 -6.679101716144942E-13  2.999999999999855E+00  2.054341073488521E+03 -3.017308990201344E+02  1.752610174468386E+03  1.659511750577894E+21 -2.437404279641118E+20
  0.000000000000000E+00  1.584440508794751E+00 -1.182062151304532E+00  4.657061340640151E+00  1.406829746686656E+01  4.689432488955876E+00  4.689432488955876E+00  1.406829746686763E+01 -1.074695887837152E-12  2.999999999999771E+00  2.087004039092236E+03 -2.931483303660319E+02  1.793855708726204E+03  1.687038146457823E+21 -2.369676371652002E+20
  0.000000000000000E+00  1.584564909533678E+00 -1.181616666930306E+00  4.657146567394302E+00  1.431912690906569E+01  4.773042303022316E+00  4.773042303022316E+00  1.431912690906695E+01 -1.261213355974178E-12  2.999999999999736E+00  2.118646175517015E+03 -2.851361866530645E+02  1.833509988863950E+03  1.713830189040504E+21 -2.306543727409595E+20
  0.000000000000000E+00  1.584688421544466E+00 -1.181174365125259E+00  4.657231250497876E+00  1.456146214707050E+01  4.853820715690470E+00  4.853820715690470E+00  1.456146214707141E+01 -9.094947017729282E-13  2.999999999999813E+00  2.149073573374877E+03 -2.775869137550413E+02  1.871486659619835E+03  1.739724159379430E+21 -2.247129489516923E+20
  0.000000000000000E+00  1.584811933554487E+00 -1.180732063319997E+00  4.657315998656742E+00  1.479740616205562E+01  4.932468720685246E+00  4.932468720685246E+00  1.479740616205574E+01 -1.243449787580175E-13  2.999999999999975E+00  2.178541488523002E+03 -2.703392605059672E+02  1.908202228017035E+03  1.764937009605350E+21 -2.190143123415138E+20
  0.000000000000000E+00  1.584935445564508E+00 -1.180289761514735E+00  4.657400811945342E+00  1.502721974676568E+01  5.009073248921672E+00  5.009073248921672E+00  1.502721974676502E+01  6.572520305780927E-13  3.000000000000131E+00  2.207059428514019E+03 -2.633932977019605E+02  1.943666130812059E+03  1.789478406386140E+21 -2.135586439291480E+20
  0.000000000000000E+00  1.585058957575296E+00 -1.179847459709688E+00  4.657485690438232E+00  1.525116369394535E+01  5.083721231314779E+00  5.083721231314779E+00  1.525116369394434E+01  1.012523398458143E-12  3.000000000000199E+00  2.234636857419341E+03 -2.567490961390649E+02  1.977887761280276E+03  1.813357914578637E+21 -2.083461587948366E+20
  0.000000000000000E+00  1.585181285820662E+00 -1.179409397024325E+00  4.657569819779729E+00  1.546739944446539E+01  5.155799814821530E+00  5.155799814821530E+00  1.546739944446459E+01  7.958078640513122E-13  3.000000000000155E+00  2.261046935817098E+03 -2.503618692463353E+02  2.010685066570762E+03  1.836377509140327E+21 -2.033389482311449E+20
  0.000000000000000E+00  1.585303614066810E+00 -1.178971334339181E+00  4.657654013226247E+00  1.567822669398276E+01  5.226075564660815E+00  5.226075564660815E+00  1.567822669398245E+01  3.161915174132446E-13  3.000000000000061E+00  2.286582110713098E+03 -2.441039057360009E+02  2.042478204977097E+03  1.858789961107765E+21 -1.984349861408524E+20
  0.000000000000000E+00  1.585425942312959E+00 -1.178533271654038E+00  4.657738270849207E+00  1.588375651532101E+01  5.294585505107058E+00  5.294585505107058E+00  1.588375651532118E+01 -1.652011860642233E-13  2.999999999999969E+00  2.311248379899108E+03 -2.379752357603058E+02  2.073273144138802E+03  1.880601375663912E+21 -1.936341241542854E+20
  0.000000000000000E+00  1.585548270558325E+00 -1.178095208968675E+00  4.657822592720137E+00  1.608409998130369E+01  5.361366660434689E+00  5.361366660434689E+00  1.608409998130407E+01 -3.836930773104541E-13  2.999999999999929E+00  2.335051722676090E+03 -2.319758894714000E+02  2.103075833204690E+03  1.901817745399052E+21 -1.889362273294003E+20
  0.000000000000000E+00  1.585669131369340E+00 -1.177662401225242E+00  4.657905966244209E+00  1.627703545290196E+01  5.425678484300763E+00  5.425678484300763E+00  1.627703545290229E+01 -3.304023721284466E-13  2.999999999999939E+00  2.357743413752385E+03 -2.261120963070555E+02  2.131631317445329E+03  1.922213773617877E+21 -1.843439720233614E+20
  0.000000000000000E+00  1.585789992180094E+00 -1.177229593481736E+00  4.657989402624949E+00  1.646502966007816E+01  5.488343220026125E+00  5.488343220026125E+00  1.646502966007838E+01 -2.238209617644316E-13  2.999999999999960E+00  2.379632369823125E+03 -2.202779608862062E+02  2.159354408936919E+03  1.942063279848712E+21 -1.797730374750488E+20
  0.000000000000000E+00  1.585910852990849E+00 -1.176796785738230E+00  4.658072901932529E+00  1.664810833763342E+01  5.549369445877844E+00  5.549369445877844E+00  1.664810833763353E+01 -1.101341240428155E-13  2.999999999999980E+00  2.400719866063952E+03 -2.144734901950497E+02  2.186246375868902E+03  1.961367880134037E+21 -1.752230323725771E+20
  0.000000000000000E+00  1.586031713801864E+00 -1.176363977994797E+00  4.658156464237226E+00  1.682629722036890E+01  5.608765740122986E+00  5.608765740122986E+00  1.682629722036896E+01 -6.039613253960852E-14  2.999999999999989E+00  2.421007192598826E+03 -2.086986912196527E+02  2.212308501379173E+03  1.980129083213537E+21 -1.706935648006204E+20
  0.000000000000000E+00  1.586150847753042E+00 -1.175937354207147E+00  4.658238894324665E+00  1.699717026975887E+01  5.665723423252954E+00  5.665723423252954E+00  1.699717026975886E+01  3.552713678800501E-15  3.000000000000000E+00  2.440238475454866E+03 -2.030029332591514E+02  2.237235542195715E+03  1.998104776500239E+21 -1.662219224344706E+20
  0.000000000000000E+00  1.586269981702941E+00 -1.175510730419140E+00  4.658321385755984E+00  1.716329060043628E+01  5.721096866812042E+00  5.721096866812042E+00  1.716329060043613E+01  1.492139745096210E-13  3.000000000000026E+00  2.458722907997442E+03 -1.972774104311093E+02  2.261445497566333E+03  2.015578426860672E+21 -1.617213925483530E+20
  0.000000000000000E+00  1.586389115652840E+00 -1.175084106631133E+00  4.658403938599682E+00  1.732463422029334E+01  5.774878073431017E+00  5.774878073431017E+00  1.732463422029305E+01  2.913225216616411E-13  3.000000000000050E+00  2.476456936332891E+03 -1.915221162227304E+02  2.284934820110160E+03  2.032547182774920E+21 -1.571914019809444E+20
  0.000000000000000E+00  1.586508249604018E+00 -1.174657482843482E+00  4.658486552924353E+00  1.748117713722231E+01  5.827059045740650E+00  5.827059045740650E+00  1.748117713722195E+01  3.588240815588506E-13  3.000000000000062E+00  2.493437055606606E+03 -1.857370441211239E+02  2.307700011485482E+03  2.049008096354458E+21 -1.526313673494921E+20
  0.000000000000000E+00  1.586625434722985E+00 -1.174237837916540E+00  4.658567875862336E+00  1.763044572271278E+01  5.876815240903817E+00  5.876815240903817E+00  1.763044572271146E+01  1.325162202192587E-12  3.000000000000226E+00  2.509416056017110E+03 -1.799912109705041E+02  2.329424845046606E+03  2.064714288132704E+21 -1.480943840053974E+20
  0.000000000000000E+00  1.586742619843491E+00 -1.173818192990028E+00  4.658649258416343E+00  1.777497767389581E+01  5.924992557964115E+00  5.924992557964115E+00  1.777497767389234E+01  3.463895836830488E-12  3.000000000000584E+00  2.524685750124014E+03 -1.741573331430728E+02  2.350528416980942E+03  2.079945676337045E+21 -1.434783683694223E+20
  0.000000000000000E+00  1.586859804963996E+00 -1.173398548063515E+00  4.658730700649527E+00  1.791470182676801E+01  5.971567275587470E+00  5.971567275587470E+00  1.791470182676241E+01  5.599076757789589E-12  3.000000000000938E+00  2.539236530091493E+03 -1.682353913201405E+02  2.371001138771353E+03  2.094694067982768E+21 -1.387825324844237E+20
  0.000000000000000E+00  1.586976990082964E+00 -1.172978903136573E+00  4.658812202625135E+00  1.804954701732602E+01  6.016515672439818E+00  6.016515672439818E+00  1.804954701731945E+01  6.568967592102126E-12  3.000000000001092E+00  2.553058879922774E+03 -1.622253661830378E+02  2.390833513739737E+03  2.108951186475729E+21 -1.340060666750176E+20
  0.000000000000000E+00  1.587092050159661E+00 -1.172566868071600E+00  4.658892284829619E+00  1.817712287718491E+01  6.059040959058718E+00  6.059040959058718E+00  1.817712287717616E+01  8.757439218243235E-12  3.000000000001445E+00  2.565927731578600E+03 -1.562077603939364E+02  2.409719971184664E+03  2.122476295416341E+21 -1.292114600562941E+20
  0.000000000000000E+00  1.587207110236202E+00 -1.172154833006583E+00  4.658972424754250E+00  1.829980930809169E+01  6.099936436026034E+00  6.099936436026034E+00  1.829980930807810E+01  1.358912982141192E-11  3.000000000002228E+00  2.578100370323948E+03 -1.500424567468159E+02  2.428057913577132E+03  2.135532192949065E+21 -1.242855012086791E+20
  0.000000000000000E+00  1.587322170312743E+00 -1.171742797941566E+00  4.659052622460560E+00  1.841748868621427E+01  6.139162895398619E+00  6.139162895398619E+00  1.841748868619586E+01  1.841016228354420E-11  3.000000000002999E+00  2.589559031204183E+03 -1.437294233109484E+02  2.445829607893234E+03  2.148103700142117E+21 -1.192271357065645E+20
  0.000000000000000E+00  1.587437230389440E+00 -1.171330762876592E+00  4.659132878010168E+00  1.853004338772058E+01  6.176681129233324E+00  6.176681129233324E+00  1.853004338769998E+01  2.060573933704291E-11  3.000000000003336E+00  2.600286098583761E+03 -1.372686281556736E+02  2.463017470428088E+03  2.160175562736913E+21 -1.140352733623455E+20
  0.000000000000000E+00  1.587550039967020E+00 -1.170926786946390E+00  4.659211620030817E+00  1.863530147558574E+01  6.211767158522893E+00  6.211767158522893E+00  1.863530147556868E+01  1.705657837192120E-11  3.000000000002746E+00  2.610090490694156E+03 -1.307624476362082E+02  2.479328043057948E+03  2.171523481364929E+21 -1.087907589929038E+20
  0.000000000000000E+00  1.587662849544756E+00 -1.170522811016231E+00  4.659290417771432E+00  1.873535885552331E+01  6.245119618504689E+00  6.245119618504689E+00  1.873535885551407E+01  9.240608278560103E-12  3.000000000001480E+00  2.619178907112756E+03 -1.240417805651272E+02  2.495137126547629E+03  2.182379562025747E+21 -1.033553859217003E+20
  0.000000000000000E+00  1.587775659122493E+00 -1.170118835086073E+00  4.659369271290061E+00  1.883004783374848E+01  6.276682611249016E+00  6.276682611249018E+00  1.883004783374706E+01  1.428190898877801E-12  3.000000000000227E+00  2.627523043275805E+03 -1.171065814195133E+02  2.510416461856291E+03  2.192719647033279E+21 -9.772774496977666E+19
  0.000000000000000E+00  1.587888468700072E+00 -1.169714859155870E+00  4.659448180644830E+00  1.891920071647642E+01  6.306400238826180E+00  6.306400238826180E+00  1.891920071647854E+01 -2.120970066243899E-12  2.999999999999663E+00  2.635094817516369E+03 -1.099568046764454E+02  2.525138012839924E+03  2.202519498612975E+21 -9.190637266453694E+19
  0.000000000000000E+00  1.587998953894042E+00 -1.169319206940807E+00  4.659525518291209E+00  1.900097784782141E+01  6.333659282607748E+00  6.333659282607748E+00  1.900097784782325E+01 -1.836752971939859E-12  2.999999999999710E+00  2.641748363713492E+03 -1.027002332703467E+02  2.539048130443146E+03  2.211581626205749E+21 -8.597713242773345E+19
  0.000000000000000E+00  1.588109439087497E+00 -1.168923554725600E+00  4.659602909607014E+00  1.907705178806048E+01  6.359017262687237E+00  6.359017262687237E+00  1.907705178806171E+01 -1.236344360222574E-12  2.999999999999805E+00  2.647624699199575E+03 -9.513613586422045E+01  2.552488563335355E+03  2.220093783101864E+21 -7.977382287011565E+19
  0.000000000000000E+00  1.588219924280953E+00 -1.168527902510394E+00  4.659680354647655E+00  1.914718687823587E+01  6.382395626078832E+00  6.382395626078832E+00  1.914718687823650E+01 -6.323830348264892E-13  2.999999999999901E+00  2.652682864835109E+03 -8.726444848502274E+01  2.565418416350086E+03  2.228020885428171E+21 -7.329448097900952E+19
  0.000000000000000E+00  1.588330409474922E+00 -1.168132250295330E+00  4.659757853468614E+00  1.921114745938981E+01  6.403715819796723E+00  6.403715819796723E+00  1.921114745939017E+01 -3.623767952376511E-13  2.999999999999944E+00  2.656882211446628E+03 -7.908510715978164E+01  2.577797104286847E+03  2.235327741455937E+21 -6.653706107431125E+19
  0.000000000000000E+00  1.588438545326380E+00 -1.167745010334427E+00  4.659833756456258E+00  1.926751849264515E+01  6.422506164215052E+00  6.422506164215052E+00  1.926751849264516E+01 -1.421085471520200E-14  2.999999999999997E+00  2.660132649191278E+03 -7.071056616262590E+01  2.589422083028652E+03  2.241853916611624E+21 -5.959205069931445E+19
  0.000000000000000E+00  1.588546680915570E+00 -1.167357770300287E+00  4.659909710835256E+00  1.931745841467175E+01  6.439152804890336E+00  6.439152804890336E+00  1.931745841467101E+01  7.389644451905042E-13  3.000000000000115E+00  2.662498310097240E+03 -6.199819850058845E+01  2.600500111596652E+03  2.247731604147857E+21 -5.234005581957175E+19
  0.000000000000000E+00  1.588654816504760E+00 -1.166970530266147E+00  4.659985716887564E+00  1.936071394390928E+01  6.453571314635925E+00  6.453571314635925E+00  1.936071394390778E+01  1.502797886132612E-12  3.000000000000233E+00  2.663925233676797E+03 -5.294793543014282E+01  2.610977298246654E+03  2.252914126962452E+21 -4.477871609009921E+19
  0.000000000000000E+00  1.588762952356217E+00 -1.166583290305244E+00  4.660061774895504E+00  1.939703179879739E+01  6.465677266265182E+00  6.465677266265182E+00  1.939703179879555E+01  1.843858399297460E-12  3.000000000000285E+00  2.664359855206849E+03 -4.355970820180084E+01  2.620800147005048E+03  2.257354637850910E+21 -3.690556631853079E+19
  0.000000000000000E+00  1.588868758381630E+00 -1.166204395240186E+00  4.660136244397429E+00  1.942559810526767E+01  6.475199368421966E+00  6.475199368421966E+00  1.942559810526590E+01  1.769251412042649E-12  3.000000000000273E+00  2.663784517825262E+03 -3.406018015796511E+01  2.629724337667297E+03  2.260945470315690E+21 -2.890932413300373E+19
  0.000000000000000E+00  1.588974564669801E+00 -1.165825500248502E+00  4.660210763749117E+00  1.944714572251018E+01  6.482381907502857E+00  6.482381907502857E+00  1.944714572250857E+01  1.602273869139026E-12  3.000000000000247E+00  2.662169004111648E+03 -2.448960521047372E+01  2.637679398901174E+03  2.263746090707040E+21 -2.082446605476428E+19
  0.000000000000000E+00  1.589080370957972E+00 -1.165446605256819E+00  4.660285332768467E+00  1.946162330056168E+01  6.487207766853414E+00  6.487207766853414E+00  1.946162330056024E+01  1.435296326235402E-12  3.000000000000221E+00  2.659446996460374E+03 -1.484796941239056E+01  2.644599027047983E+03  2.265698212543854E+21 -1.264962896509465E+19
  0.000000000000000E+00  1.589186176983385E+00 -1.165067710191761E+00  4.660359951273142E+00  1.946897948945893E+01  6.489659829819190E+00  6.489659829819190E+00  1.946897948945757E+01  1.360689338980592E-12  3.000000000000210E+00  2.655552658654240E+03 -5.135258823090559E+00  2.650417399831149E+03  2.266743281127895E+21 -4.383386409664439E+18
  0.000000000000000E+00  1.589289709324456E+00 -1.164696956441564E+00  4.660433014422547E+00  1.946929803718494E+01  6.489766012394660E+00  6.489766012394660E+00  1.946929803718398E+01  9.556799795973347E-13  3.000000000000147E+00  2.650558633797164E+03  4.174201815659831E+00  2.654732835612824E+03  2.266843630838112E+21  3.569912651245836E+18
  0.000000000000000E+00  1.589393241665243E+00 -1.164326202691288E+00  4.660506125267072E+00  1.946307939746714E+01  6.487693132489025E+00  6.487693132489025E+00  1.946307939746708E+01  6.750155989720952E-14  3.000000000000010E+00  2.644325988280826E+03  1.302625121700344E+01  2.657352239497829E+03  2.265970512005963E+21  1.116242901613720E+19
  0.000000000000000E+00  1.589496774006030E+00 -1.163955448941012E+00  4.660579283852905E+00  1.945065371926608E+01  6.483551239755630E+00  6.483551239755630E+00  1.945065371926689E+01 -8.135714324453147E-13  2.999999999999874E+00  2.636768215755555E+03  2.142079975723737E+01  2.658189015512792E+03  2.264046183631931E+21  1.839284911389917E+19
  0.000000000000000E+00  1.589600306347101E+00 -1.163584695190815E+00  4.660652490226289E+00  1.943235115154227E+01  6.477450383847830E+00  6.477450383847830E+00  1.943235115154349E+01 -1.222133505507372E-12  2.999999999999811E+00  2.627799420779453E+03  2.935775781266201E+01  2.657157178592115E+03  2.260992478462433E+21  2.525979307022669E+19
  0.000000000000000E+00  1.589701652124428E+00 -1.163221771620871E+00  4.660724196837307E+00  1.940916698374614E+01  6.469722327915735E+00  6.469722327915735E+00  1.940916698374721E+01 -1.069366817318951E-12  2.999999999999835E+00  2.617578132764873E+03  3.637470424930091E+01  2.653952837014174E+03  2.256839677258117E+21  3.136176711242633E+19
  0.000000000000000E+00  1.589802997902028E+00 -1.162858848051003E+00  4.660795949326060E+00  1.938121044395959E+01  6.460403481320109E+00  6.460403481320109E+00  1.938121044396033E+01 -7.425171588693047E-13  2.999999999999885E+00  2.605824786647198E+03  4.291007666818759E+01  2.648734863315386E+03  2.251439455944922E+21  3.707441888012829E+19
  0.000000000000000E+00  1.589904343679629E+00 -1.162495924481135E+00  4.660867747735609E+00  1.934882142311493E+01  6.449607141038443E+00  6.449607141038444E+00  1.934882142311534E+01 -4.121147867408581E-13  2.999999999999936E+00  2.592412214431297E+03  4.896378280099756E+01  2.641375997232295E+03  2.244675824085890E+21  4.239596577170980E+19
  0.000000000000000E+00  1.590005689456955E+00 -1.162133000911191E+00  4.660939592109068E+00  1.931233981214446E+01  6.437446604048237E+00  6.437446604048237E+00  1.931233981214471E+01 -2.557953848736361E-13  2.999999999999960E+00  2.577214123137147E+03  5.453573037943119E+01  2.631749853516579E+03  2.236432092359475E+21  4.732453407959732E+19
  0.000000000000000E+00  1.590104959206696E+00 -1.161777511684157E+00  4.661010009382586E+00  1.927289339024680E+01  6.424297796749131E+00  6.424297796749131E+00  1.927289339024740E+01 -6.004086117172847E-13  2.999999999999907E+00  2.560464600739977E+03  5.989418398975711E+01  2.620358784729734E+03  2.226799891971005E+21  5.208912569989754E+19
  0.000000000000000E+00  1.590204228956458E+00 -1.161422022457129E+00  4.661080470838942E+00  1.922958104711825E+01  6.409860349039870E+00  6.409860349039870E+00  1.922958104711961E+01 -1.360689338980592E-12  2.999999999999788E+00  2.541738755316654E+03  6.575008967699715E+01  2.607488844993651E+03  2.215501588384334E+21  5.731093638600633E+19
  0.000000000000000E+00  1.590303498706218E+00 -1.161066533230101E+00  4.661150976519015E+00  1.918206006276112E+01  6.394020020921079E+00  6.394020020921079E+00  1.918206006276324E+01 -2.120970066243899E-12  2.999999999999668E+00  2.520914531226646E+03  7.210354047746453E+01  2.593018071704111E+03  2.202419842802436E+21  6.299391205722681E+19
  0.000000000000000E+00  1.590402768455960E+00 -1.160711044003067E+00  4.661221526463734E+00  1.912998771717772E+01  6.376662572393393E+00  6.376662572393393E+00  1.912998771718018E+01 -2.465583293087548E-12  2.999999999999614E+00  2.497870712559852E+03  7.895462942743173E+01  2.576825341987284E+03  2.187436353391901E+21  6.914218010152991E+19
  0.000000000000000E+00  1.590500090203884E+00 -1.160362530653357E+00  4.661290734994251E+00  1.907397356546067E+01  6.357991188487548E+00  6.357991188487548E+00  1.907397356546264E+01 -1.978861519091879E-12  2.999999999999689E+00  2.473005663411931E+03  8.674670860836515E+01  2.559752372020296E+03  2.170783829379037E+21  7.614554025690789E+19
  0.000000000000000E+00  1.590597411951626E+00 -1.160014017303595E+00  4.661359986147154E+00  1.901261970772399E+01  6.337539902574968E+00  6.337539902574968E+00  1.901261970772491E+01 -9.166001291305292E-13  2.999999999999855E+00  2.445930027445746E+03  9.475819328039903E+01  2.540688220726146E+03  2.152207609029656E+21  8.337904286205146E+19
  0.000000000000000E+00  1.590694733699367E+00 -1.159665503953833E+00  4.661429279961325E+00  1.894577843225014E+01  6.315259477416662E+00  6.315259477416662E+00  1.894577843224999E+01  1.527666881884215E-13  3.000000000000024E+00  2.416764859111952E+03  1.029891235420418E+02  2.519753982653994E+03  2.131797251806032E+21  9.084538353206265E+19
  0.000000000000000E+00  1.590792055447291E+00 -1.159316990604122E+00  4.661498616475692E+00  1.887330202732155E+01  6.291100675773635E+00  6.291100675773635E+00  1.887330202732091E+01  6.394884621840902E-13  3.000000000000102E+00  2.385630505687499E+03  1.114395394917828E+02  2.497070045179282E+03  2.109642043889276E+21  9.854733887038941E+19
  0.000000000000000E+00  1.590887569399432E+00 -1.158974950962108E+00  4.661566706584045E+00  1.879711063565129E+01  6.265703545216868E+00  6.265703545216868E+00  1.879711063565061E+01  6.856737400084967E-13  3.000000000000109E+00  2.353360007042649E+03  1.183724383926765E+02  2.471732445435325E+03  2.086366705876131E+21  1.049428534592150E+20
  0.000000000000000E+00  1.590983083324513E+00 -1.158632911312538E+00  4.661634837871013E+00  1.871602351891739E+01  6.238674506305528E+00  6.238674506305528E+00  1.871602351891659E+01  8.029132914089132E-13  3.000000000000129E+00  2.319825025911982E+03  1.262112562268353E+02  2.446036282138817E+03  2.061943921679615E+21  1.121811040563994E+20
  0.000000000000000E+00  1.591078597249594E+00 -1.158290871662968E+00  4.661703010397295E+00  1.862944019495328E+01  6.209813398317456E+00  6.209813398317456E+00  1.862944019495237E+01  9.130474154517287E-13  3.000000000000147E+00  2.285489179803574E+03  1.349561560056840E+02  2.420445335809258E+03  2.036767873752726E+21  1.202693783661502E+20
  0.000000000000000E+00  1.591174111201735E+00 -1.157948832020955E+00  4.661771224223658E+00  1.853676018159243E+01  6.178920060530489E+00  6.178920060530489E+00  1.853676018159147E+01  9.627854069549358E-13  3.000000000000155E+00  2.250813217592974E+03  1.446073007410996E+02  2.395420518334073E+03  2.011234529914610E+21  1.292151628820052E+20
  0.000000000000000E+00  1.591267965173460E+00 -1.157612737014426E+00  4.661838292780594E+00  1.843850458538591E+01  6.146168195128207E+00  6.146168195128206E+00  1.843850458538462E+01  1.293187779083382E-12  3.000000000000210E+00  2.216924463179998E+03  1.582284747093269E+02  2.375152937889325E+03  1.986258191744840E+21  1.417651387219026E+20
  0.000000000000000E+00  1.591361819172369E+00 -1.157276642015490E+00  4.661905401286095E+00  1.832872368944044E+01  6.109574563146139E+00  6.109574563146139E+00  1.832872368943842E+01  2.021494083237485E-12  3.000000000000331E+00  2.183646982650913E+03  1.799907148453455E+02  2.363637697496259E+03  1.961786137707456E+21  1.617034676873423E+20
  0.000000000000000E+00  1.591455673171278E+00 -1.156940547016553E+00  4.661972549751157E+00  1.820211246751142E+01  6.067370822502893E+00  6.067370822502893E+00  1.820211246750868E+01  2.739142246355186E-12  3.000000000000452E+00  2.151291955521267E+03  2.098954612734574E+02  2.361187416794724E+03  1.938100031928405E+21  1.890949292826906E+20
  0.000000000000000E+00  1.591549527143003E+00 -1.156604452010025E+00  4.662039738186787E+00  1.805336589335428E+01  6.017788631117068E+00  6.017788631117068E+00  1.805336589335121E+01  3.073097332162433E-12  3.000000000000510E+00  2.120168624483253E+03  2.479441541162040E+02  2.368112778599457E+03  1.915483037827468E+21  2.240070983287112E+20
  0.000000000000000E+00  1.591641873233248E+00 -1.156273756704472E+00  4.662105886222431E+00  1.787919688748419E+01  5.959732295827088E+00  5.959732295827088E+00  1.787919688748127E+01  2.927436071331613E-12  3.000000000000491E+00  2.091001812668969E+03  2.968823486079468E+02  2.387884161276915E+03  1.894442528699267E+21  2.689746818082052E+20
  0.000000000000000E+00  1.591734219323567E+00 -1.155943061398939E+00  4.662172073045509E+00  1.767064599128864E+01  5.890215330428679E+00  5.890215330428679E+00  1.767064599128604E+01  2.607691840239568E-12  3.000000000000443E+00  2.063243322146132E+03  3.552244532346687E+02  2.418467775380801E+03  1.874571382901166E+21  3.227411849067701E+20
  0.000000000000000E+00  1.591826565413886E+00 -1.155612366093407E+00  4.662238298689501E+00  1.742168757455091E+01  5.807229191516204E+00  5.807229191516204E+00  1.742168757454861E+01  2.291500322826323E-12  3.000000000000395E+00  2.036758035306739E+03  4.229721037405166E+02  2.459730139047255E+03  1.855838738431238E+21  3.854007210430324E+20
  0.000000000000000E+00  1.591918911504131E+00 -1.155281670787853E+00  4.662304563187925E+00  1.712629600705424E+01  5.708765335684028E+00  5.708765335684028E+00  1.712629600705209E+01  2.149391775674303E-12  3.000000000000377E+00  2.011411627291901E+03  5.001269358699549E+02  2.511538563161856E+03  1.838209080517925E+21  4.570610323882456E+20
  0.000000000000000E+00  1.592009903675754E+00 -1.154955823922660E+00  4.662369894196047E+00  1.678399878793039E+01  5.594666262643112E+00  5.594666262643112E+00  1.678399878792934E+01  1.051603248924948E-12  3.000000000000188E+00  1.987369978549055E+03  5.843285282636994E+02  2.571698506812755E+03  1.821752864558702E+21  5.356336171410518E+20
  0.000000000000000E+00  1.592100895847377E+00 -1.154629977057466E+00  4.662435262992544E+00  1.638732215750895E+01  5.462440719170106E+00  5.462440719170106E+00  1.638732215751032E+01 -1.371347480016993E-12  2.999999999999749E+00  1.963959904496131E+03  6.723799862879673E+02  2.636339890784098E+03  1.805855532185354E+21  6.182514801799665E+20
  0.000000000000000E+00  1.592191888018999E+00 -1.154304130192273E+00  4.662500669609649E+00  1.593384061993594E+01  5.311280206646575E+00  5.311280206646575E+00  1.593384061993973E+01 -3.787192781601334E-12  2.999999999999287E+00  1.940882177765370E+03  7.642819683787503E+02  2.705164146144121E+03  1.790202832687943E+21  7.049473483955899E+20
  0.000000000000000E+00  1.592282880190621E+00 -1.153978283327079E+00  4.662566114079636E+00  1.542112867935738E+01  5.140376226454089E+00  5.140376226454089E+00  1.542112867936227E+01 -4.886757665190089E-12  2.999999999999049E+00  1.917839366757928E+03  8.600351329720473E+02  2.777874499729976E+03  1.774480748364119E+21  7.957474504006783E+20
  0.000000000000000E+00  1.592372672545678E+00 -1.153656733056412E+00  4.662630732742327E+00  1.485461369721795E+01  4.951537899073988E+00  4.951537899073988E+00  1.485461369722197E+01 -4.016342813883966E-12  2.999999999999189E+00  1.894831438926162E+03  9.559408182257226E+02  2.850772257151885E+03  1.758600384948165E+21  8.872123695985020E+20
  0.000000000000000E+00  1.592462464900736E+00 -1.153335182785746E+00  4.662695388328773E+00  1.423240594343681E+01  4.744135314479636E+00  4.744135314479636E+00  1.423240594343891E+01 -2.101430141010496E-12  2.999999999999557E+00  1.871414027271315E+03  1.038883907212479E+03  2.910297934483795E+03  1.742284154322299E+21  9.671996379956194E+20
  0.000000000000000E+00  1.592552257255793E+00 -1.153013632515079E+00  4.662760080870092E+00  1.356258953334838E+01  4.520863177782855E+00  4.520863177782855E+00  1.356258953334857E+01 -1.918465386552271E-13  2.999999999999957E+00  1.847539502568537E+03  1.108862205382834E+03  2.956401707951371E+03  1.725559290692339E+21  1.035651729197581E+21
  0.000000000000000E+00  1.592642049610850E+00 -1.152692082244413E+00  4.662824810397431E+00  1.285324858228708E+01  4.284416194095467E+00  4.284416194095467E+00  1.285324858228640E+01  6.767919558114954E-13  3.000000000000158E+00  1.823160532049735E+03  1.165873518186590E+03  2.989034050236325E+03  1.708448513282330E+21  1.092517550597560E+21
  0.000000000000000E+00  1.592730795200694E+00 -1.152374280484823E+00  4.662888821704801E+00  1.212356719106723E+01  4.041189063689098E+00  4.041189063689098E+00  1.212356719106729E+01 -6.039613253960852E-14  2.999999999999985E+00  1.798606032616855E+03  1.197278025293111E+03  2.995884057909967E+03  1.691152381116409E+21  1.125749356231656E+21
  0.000000000000000E+00  1.592819540790538E+00 -1.152056478725233E+00  4.662952869201483E+00  1.138714145307978E+01  3.795713817693818E+00  3.795713817693818E+00  1.138714145308145E+01 -1.678657213233237E-12  2.999999999999558E+00  1.774004852873551E+03  1.187910371134252E+03  2.961915224007802E+03  1.673838694742655E+21  1.120837038224465E+21
  0.000000000000000E+00  1.592908286380383E+00 -1.151738676965644E+00  4.663016952917650E+00  1.066907805729818E+01  3.556359352433826E+00  3.556359352433826E+00  1.066907805730148E+01 -3.298694650766265E-12  2.999999999999073E+00  1.749869464223677E+03  1.137763740136684E+03  2.887633204360361E+03  1.657081271840349E+21  1.077432930916344E+21
  0.000000000000000E+00  1.592997031970227E+00 -1.151420875206054E+00  4.663081072883505E+00  9.994483692695935E+00  3.331494564233323E+00  3.331494564233323E+00  9.994483692699969E+00 -4.034106382277969E-12  2.999999999998789E+00  1.726709290390214E+03  1.046831316726793E+03  2.773540607117007E+03  1.641453034821401E+21  9.951440299478316E+20
  0.000000000000000E+00  1.593084881941415E+00 -1.151106280695246E+00  4.663144581484466E+00  9.394087919404175E+00  3.131362639802618E+00  3.131362639802618E+00  9.394087919407855E+00 -3.680611371237319E-12  2.999999999998825E+00  1.705294447699017E+03  9.112948446968138E+02  2.616589292395831E+03  1.627350999527524E+21  8.696425291143545E+20
  0.000000000000000E+00  1.593172731912602E+00 -1.150791686184438E+00  4.663208125666141E+00  8.898677149861467E+00  2.966225716621456E+00  2.966225716621455E+00  8.898677149864367E+00 -2.900790718740609E-12  2.999999999999022E+00  1.686279778371682E+03  7.023825396777255E+02  2.388662318049408E+03  1.615107403423756E+21  6.727372612891703E+20
  0.000000000000000E+00  1.593260581883790E+00 -1.150477091673630E+00  4.663271705457928E+00  8.552955919578867E+00  2.850985306526995E+00  2.850985306526995E+00  8.552955919580986E+00 -2.119193709404499E-12  2.999999999999257E+00  1.670676294084937E+03  4.200822659780645E+02  2.090758560063002E+03  1.605655288124959E+21  4.037330955154515E+20
  0.000000000000000E+00  1.593348431854978E+00 -1.150162497162822E+00  4.663335320889254E+00  8.401628764067421E+00  2.800542921356395E+00  2.800542921356395E+00  8.401628764069187E+00 -1.765698698363849E-12  2.999999999999369E+00  1.659488968956560E+03  6.438188790594369E+01  1.723870856862504E+03  1.599934211364454E+21  6.207138883105590E+19
  0.000000000000000E+00  1.593435535244074E+00 -1.149850576194472E+00  4.663398430908233E+00  8.491401746123374E+00  2.830467248708905E+00  2.830467248708905E+00  8.491401746126716E+00 -3.341327214911871E-12  2.999999999998819E+00  1.653852277583914E+03 -3.836714816181320E+02  1.270180795965782E+03  1.600487717921136E+21 -3.712916216093358E+20
  0.000000000000000E+00  1.593522638633170E+00 -1.149538655226122E+00  4.663461576021276E+00  8.891850202595746E+00  2.963950067534188E+00  2.963950067534188E+00  8.891850202602564E+00 -6.817657549618161E-12  2.999999999997700E+00  1.655031010426763E+03 -9.642236855831460E+02  6.908073248436173E+02  1.609328443624650E+21 -9.375972978448396E+20
  0.000000000000000E+00  1.593609742022267E+00 -1.149226734257772E+00  4.663524756257159E+00  9.682982718419888E+00  3.227660906143393E+00  3.227660906143393E+00  9.682982718430178E+00 -1.029043517064565E-11  2.999999999996811E+00  1.664435160350011E+03 -1.677296443475030E+03 -1.286128312501934E+01  1.626733982072975E+21 -1.639303943829930E+21
  0.000000000000000E+00  1.593696845411363E+00 -1.148914813289422E+00  4.663587971644690E+00  1.094480787853115E+01  3.648269292847672E+00  3.648269292847672E+00  1.094480787854302E+01 -1.186961640087247E-11  2.999999999996747E+00  1.683466253639121E+03 -2.522911474779440E+03 -8.394452211403186E+02  1.652998771866400E+21 -2.477251658786177E+21
  0.000000000000000E+00  1.593783349155265E+00 -1.148605039676204E+00  4.663650786656978E+00  1.274332899224486E+01  4.247776330751602E+00  4.247776330751602E+00  1.274332899225481E+01 -9.954703727999004E-12  2.999999999997657E+00  1.713013526747425E+03 -3.497110973647700E+03 -1.784097446900274E+03  1.688752348368216E+21 -3.447581864963629E+21
  0.000000000000000E+00  1.593869852899167E+00 -1.148295266062987E+00  4.663713636395312E+00  1.516783713305569E+01  5.055945711020470E+00  5.055945711020470E+00  1.516783713306141E+01 -5.723421736547607E-12  2.999999999998868E+00  1.754272342724995E+03 -4.610581974017264E+03 -2.856309631292268E+03  1.736353537598042E+21 -4.563487735624423E+21
  0.000000000000000E+00  1.593956356643069E+00 -1.147985492449769E+00  4.663776520887999E+00  1.830180083119225E+01  6.100600277064581E+00  6.100600277064582E+00  1.830180083119375E+01 -1.502797886132612E-12  2.999999999999754E+00  1.808588865780563E+03 -5.863347134627714E+03 -4.054758268847151E+03  1.798097579579152E+21 -5.829334953058161E+21
  0.000000000000000E+00  1.594042860386972E+00 -1.147675718836551E+00  4.663839440163376E+00  2.222868861688313E+01  7.409562872294237E+00  7.409562872294237E+00  2.222868861688272E+01  4.156675004196586E-13  3.000000000000056E+00  1.877301076084132E+03 -7.255429114214348E+03 -5.378128038130217E+03  1.876418063297998E+21 -7.252016429505242E+21
  0.000000000000000E+00  1.594128909413241E+00 -1.147367573586658E+00  4.663902063232804E+00  2.698866041897409E+01  8.996220139660309E+00  8.996220139660309E+00  2.698866041898093E+01 -6.842526545369765E-12  2.999999999999240E+00  1.960636501517206E+03 -8.751724639546730E+03 -6.791088138029524E+03  1.987315753669739E+21 -8.870813245847448E+21
  0.000000000000000E+00  1.594214958439510E+00 -1.147059428336766E+00  4.663964720776228E+00  3.272799669596805E+01  1.090933223199695E+01  1.090933223199695E+01  3.272799669599085E+01 -2.280842181789922E-11  2.999999999997909E+00  2.060754209245360E+03 -1.053993877426090E+04 -8.479184565015539E+03  2.142781742232166E+21 -1.095947700526673E+22
  0.000000000000000E+00  1.594301007465780E+00 -1.146751283086874E+00  4.664027412821630E+00  3.962072934002728E+01  1.320690978002201E+01  1.320690978002201E+01  3.962072934006604E+01 -3.876010623571347E-11  2.999999999997065E+00  2.180665691819823E+03 -1.262011876182842E+04 -1.043945307000859E+04  2.337219156833364E+21 -1.352613719851865E+22
  0.000000000000000E+00  1.594387056492049E+00 -1.146443137836981E+00  4.664090139397023E+00  4.784089024331409E+01  1.594696341445337E+01  1.594696341445337E+01  4.784089024336011E+01 -4.602185299518169E-11  2.999999999997114E+00  2.323364361769823E+03 -1.499231184571692E+04 -1.266894748394709E+04  2.563225733333653E+21 -1.654010027761272E+22
  0.000000000000000E+00  1.594472794463631E+00 -1.146136106487251E+00  4.664152673595829E+00  5.760987698985476E+01  1.920329232996630E+01  1.920329232996630E+01  5.760987698989889E+01 -4.413180931805982E-11  2.999999999997702E+00  2.491798895496756E+03 -1.798593743505954E+04 -1.549413853956278E+04  2.816015992310905E+21 -2.032615374594021E+22
  0.000000000000000E+00  1.594558532435214E+00 -1.145829075137520E+00  4.664215242131043E+00  6.933616869359507E+01  2.311205623121168E+01  2.311205623121168E+01  6.933616869363506E+01 -3.998934516857844E-11  2.999999999998270E+00  2.690555136516723E+03 -2.158183108408001E+04 -1.889127594756328E+04  3.101993405637010E+21 -2.488211328427163E+22
  0.000000000000000E+00  1.594644270406796E+00 -1.145522043787790E+00  4.664277845030462E+00  8.337744870179031E+01  2.779248290060871E+01  2.779248290060871E+01  8.337744870182617E+01 -3.585398644645466E-11  2.999999999998710E+00  2.923369843936943E+03 -2.578008989107890E+04 -2.285672004714196E+04  3.425649441098520E+21 -3.020950315609432E+22
  0.000000000000000E+00  1.594730008378378E+00 -1.145215012438059E+00  4.664340482321913E+00  1.000914003616959E+02  3.336380012057661E+01  3.336380012057661E+01  1.000914003617298E+02 -3.396394276933279E-11  2.999999999998982E+00  3.193957102178139E+03 -3.058081095437016E+04 -2.738685385219202E+04  3.791099778733670E+21 -3.629820374342108E+22
  0.000000000000000E+00  1.594815577515818E+00 -1.144908585690626E+00  4.664403030587061E+00  1.199509405089499E+02  3.998364683631878E+01  3.998364683631879E+01  1.199509405089564E+02 -6.451728040701710E-12  2.999999999999839E+00  3.506677329016771E+03 -3.605795699667281E+04 -3.255127966765604E+04  4.230586369142781E+21 -4.350166469751371E+22
  0.000000000000000E+00  1.594901146653258E+00 -1.144602158943193E+00  4.664465613164396E+00  1.424423672168451E+02  4.748078907226363E+01  4.748078907226363E+01  1.424423672167909E+02  5.414335646491963E-11  3.000000000001140E+00  3.855387362832599E+03 -3.946189510380603E+04 -3.560650774097343E+04  4.761517350642339E+21 -4.873660686794105E+22
  0.000000000000000E+00  1.594986715790698E+00 -1.144295732195760E+00  4.664528230081666E+00  1.663360981417648E+02  5.544536604721668E+01  5.544536604721668E+01  1.663360981416501E+02  1.147384409705410E-10  3.000000000002069E+00  4.226371608681597E+03 -4.079229148790805E+04 -3.656591987922646E+04  5.358475163810514E+21 -5.171918161760060E+22
  0.000000000000000E+00  1.595072284928138E+00 -1.143989305448327E+00  4.664590881366654E+00  1.904025509400927E+02  6.346751697998346E+01  6.346751697998346E+01  1.904025509399504E+02  1.422506556991721E-10  3.000000000002241E+00  4.605994479793535E+03 -4.004881236107551E+04 -3.544281788128197E+04  5.988151767718600E+21 -5.206657706323494E+22
  0.000000000000000E+00  1.595157827837701E+00 -1.143682972624042E+00  4.664653547828051E+00  2.126200478131418E+02  7.087334927103842E+01  7.087334927103842E+01  2.126200478131153E+02  2.646061147970613E-11  3.000000000000373E+00  4.973192182788664E+03 -3.482856552909433E+04 -2.985537334630566E+04  6.591505182432748E+21 -4.616203471408849E+22
  0.000000000000000E+00  1.595243370747266E+00 -1.143376639799757E+00  4.664716248691708E+00  2.315666819939365E+02  7.718889399805494E+01  7.718889399805494E+01  2.315666819941649E+02 -2.283400135638658E-10  2.999999999997042E+00  5.312525165924582E+03 -2.901417909636875E+04 -2.370165393044417E+04  7.152185033160697E+21 -3.906142013472741E+22
  0.000000000000000E+00  1.595328913656830E+00 -1.143070306975472E+00  4.664778983985467E+00  2.468906952625287E+02  8.229689842100395E+01  8.229689842100395E+01  2.468906952630118E+02 -4.831122168980073E-10  2.999999999994130E+00  5.618530022499008E+03 -2.260555757305339E+04 -1.698702755055438E+04  7.702180477087782E+21 -3.098890341702120E+22
  0.000000000000000E+00  1.595414456566393E+00 -1.142763974151187E+00  4.664841753737202E+00  2.582403293989701E+02  8.608010979985636E+01  8.608010979985636E+01  2.582403293995691E+02 -5.990727913740557E-10  2.999999999993041E+00  5.885776310799670E+03 -1.560260546929482E+04 -9.716829158495149E+03  8.282704690753708E+21 -2.195662333809448E+22
  0.000000000000000E+00  1.595500115193550E+00 -1.142457226937247E+00  4.664904642956190E+00  2.661469026976005E+02  8.871563423257500E+01  8.871563423257500E+01  2.661469026977251E+02 -1.245439307240304E-10  2.999999999998597E+00  6.115509880262675E+03 -1.121272611874755E+04 -5.097216238484873E+03  8.892978917395434E+21 -1.630518778203137E+22
  0.000000000000000E+00  1.595585773820706E+00 -1.142150479723306E+00  4.664967566782467E+00  2.717399782952541E+02  9.057999276477813E+01  9.057999276477813E+01  2.717399782943344E+02  9.196696737490129E-10  3.000000000010154E+00  6.314192939178802E+03 -7.805264941784701E+03 -1.491072002605899E+03  9.531722607712614E+21 -1.178260167553128E+22
  0.000000000000000E+00  1.595671432447861E+00 -1.141843732509366E+00  4.665030525244106E+00  2.756026843478126E+02  9.186756144861626E+01  9.186756144861624E+01  2.756026843458488E+02  1.963826434803195E-09  3.000000000021377E+00  6.485228205182348E+03 -5.380380236969770E+03  1.104847968212578E+03  1.025051724101322E+22 -8.504200413208856E+21
  0.000000000000000E+00  1.595757091075017E+00 -1.141536985295425E+00  4.665093518369211E+00  2.783181490111579E+02  9.277271633623981E+01  9.277271633623981E+01  2.783181490087195E+02  2.438412138872081E-09  3.000000000026284E+00  6.631998846734647E+03 -3.938230302858412E+03  2.693768543876235E+03  1.110451251791733E+22 -6.594109665453981E+21
  0.000000000000000E+00  1.595843009787688E+00 -1.141229306703879E+00  4.665156737610292E+00  2.802970411872456E+02  9.343234706180883E+01  9.343234706180883E+01  2.802970411854265E+02  1.819046246964717E-09  3.000000000019469E+00  6.758229707027390E+03 -2.737469305570292E+03  4.020760401457097E+03  1.232658739447972E+22 -4.992972434738400E+21
  0.000000000000000E+00  1.595928928500287E+00 -1.140921628112313E+00  4.665219991782321E+00  2.816042182541671E+02  9.386807275123694E+01  9.386807275123694E+01  2.816042182537109E+02  4.561684363579843E-10  3.000000000004860E+00  6.865395914259974E+03 -1.680609384463016E+03  5.184786529796957E+03  1.411425425391892E+22 -3.455088162441399E+21
  0.000000000000000E+00  1.596014847212885E+00 -1.140613949520747E+00  4.665283280913814E+00  2.823253714999291E+02  9.410845716694529E+01  9.410845716694527E+01  2.823253715008358E+02 -9.067093742487486E-10  2.999999999990365E+00  6.954721903660020E+03 -7.676738016740824E+02  6.187048101985938E+03  1.647338164702158E+22 -1.818359337810744E+21
  0.000000000000000E+00  1.596100765925556E+00 -1.140306270929201E+00  4.665346605033321E+00  2.825461922125386E+02  9.418206407135494E+01  9.418206407135494E+01  2.825461922140649E+02 -1.526245796412695E-09  2.999999999983795E+00  7.027425205352055E+03  1.314180658821880E+00  7.028739386010877E+03  1.940191170161229E+22  3.628301455703852E+18
  0.000000000000000E+00  1.596187089817494E+00 -1.139997141373806E+00  4.665410263044127E+00  2.822489346648722E+02  9.408297822239942E+01  9.408297822239942E+01  2.822489346671983E+02 -2.326089543203125E-09  2.999999999975276E+00  7.083421429242788E+03  9.807501659441523E+02  8.064171595186941E+03  2.224349547399326E+22  3.079770432299258E+21
  0.000000000000000E+00  1.596273413709504E+00 -1.139688011818432E+00  4.665473956431450E+00  2.813890236745078E+02  9.379634122619782E+01  9.379634122619782E+01  2.813890236785935E+02 -4.085677574039437E-09  2.999999999956441E+00  7.121591604551354E+03  1.884264979806446E+03  9.005856584357800E+03  2.427769200846917E+22  6.423508589407123E+21
  0.000000000000000E+00  1.596359737601514E+00 -1.139378882263057E+00  4.665537685224209E+00  2.800118952860895E+02  9.333729843064494E+01  9.333729843064494E+01  2.800118952919348E+02 -5.845322448294610E-09  2.999999999937374E+00  7.142511061274246E+03  2.711846287975893E+03  9.854357349250138E+03  2.545545877349132E+22  9.664849069383229E+21
  0.000000000000000E+00  1.596446061493451E+00 -1.139069752707663E+00  4.665601449451348E+00  2.781629855442613E+02  9.272099518363544E+01  9.272099518363544E+01  2.781629855509063E+02 -6.645109351666179E-09  2.999999999928332E+00  7.146752073832836E+03  3.463481756181334E+03  1.061023383001417E+04  2.573961652037727E+22  1.247401495230819E+22
  0.000000000000000E+00  1.596456678035430E+00 -1.139031734415965E+00  4.665609293941788E+00  2.779058748830527E+02  9.263529162956023E+01  9.263529162956023E+01  2.779058748886807E+02 -5.628066901408602E-09  2.999999999939245E+00  7.146216989009022E+03  3.536312745416519E+03  1.068252973442554E+04  2.571277987606084E+22  1.272399527409432E+22
  0.000000000000000E+00  1.596467294577409E+00 -1.138993716124267E+00  4.665617138968679E+00  2.776428063615786E+02  9.254760212165644E+01  9.254760212165644E+01  2.776428063649694E+02 -3.390823621884920E-09  2.999999999963361E+00  7.145534997245672E+03  3.625667365641998E+03  1.077120236288767E+04  2.568009254497733E+22  1.303016128573718E+22
  0.000000000000000E+00  1.596477911119388E+00 -1.138955697832569E+00  4.665624984532075E+00  2.773725657206576E+02  9.245752190727030E+01  9.245752190727030E+01  2.773725657218109E+02 -1.153352968685795E-09  2.999999999987525E+00  7.144649063457830E+03  3.731545946497265E+03  1.087619500995510E+04  2.564979329929517E+22  1.339651274182454E+22
  0.000000000000000E+00  1.596488527661366E+00 -1.138917679540872E+00  4.665632830632028E+00  2.770939387011080E+02  9.236464623374815E+01  9.236464623374815E+01  2.770939387012445E+02 -1.364810486848000E-10  2.999999999998523E+00  7.143502195184327E+03  3.853948817605450E+03  1.099745101278978E+04  2.563011760709802E+22  1.382755387316225E+22
  0.000000000000000E+00  1.596501196298731E+00 -1.138872312607673E+00  4.665642194024595E+00  2.767502942610010E+02  9.225009808695597E+01  9.225009808695597E+01  2.767502942608680E+02  1.329567567154299E-10  3.000000000001442E+00  7.141816994192367E+03  3.984444189284598E+03  1.112626118347697E+04  2.563020474345632E+22  1.429917910852146E+22
  0.000000000000000E+00  1.596513864936096E+00 -1.138826945674474E+00  4.665651558181360E+00  2.763949317129415E+02  9.213164390407186E+01  9.213164390407186E+01  2.763949317122156E+02  7.259473022713792E-10  3.000000000007879E+00  7.139827826967960E+03  4.121262604287306E+03  1.126109043125527E+04  2.566274459151691E+22  1.481308963906891E+22
  0.000000000000000E+00  1.596526533573461E+00 -1.138781578741275E+00  4.665660923102417E+00  2.760272967511131E+02  9.200909891659812E+01  9.200909891659813E+01  2.760272967497945E+02  1.318653630733024E-09  3.000000000014332E+00  7.137493693316000E+03  4.264404213085537E+03  1.140189790640154E+04  2.573454298230341E+22  1.537549428846925E+22
  0.000000000000000E+00  1.596539202210825E+00 -1.138736211808075E+00  4.665670288787856E+00  2.756468350696994E+02  9.188227835603706E+01  9.188227835603706E+01  2.756468350681112E+02  1.588205122970976E-09  3.000000000017285E+00  7.134773629777731E+03  4.413869166160956E+03  1.154864279593869E+04  2.585238420767183E+22  1.599336537458497E+22
  0.000000000000000E+00  1.596560247155207E+00 -1.138660848960562E+00  4.665685848609412E+00  2.749865369455467E+02  9.166217898111979E+01  9.166217898111979E+01  2.749865369433594E+02  2.187277914345032E-09  3.000000000023862E+00  7.129482205353581E+03  4.649765999997618E+03  1.177924820535120E+04  2.616146042526340E+22  1.706220251231276E+22
  0.000000000000000E+00  1.596581292099589E+00 -1.138585486113049E+00  4.665701410540984E+00  2.742927422882861E+02  9.143091409492698E+01  9.143091409492698E+01  2.742927422847810E+02  3.505192580632865E-09  3.000000000038337E+00  7.123305746175441E+03  4.873887006799958E+03  1.199719275297540E+04  2.660757184661978E+22  1.820535343093535E+22
  0.000000000000000E+00  1.596602337043970E+00 -1.138510123265536E+00  4.665716974582993E+00  2.735671673682956E+02  9.118905578782416E+01  9.118905578782416E+01  2.735671673634725E+02  4.823050403501838E-09  3.000000000052891E+00  7.116205783441860E+03  5.086231720667213E+03  1.220243750410907E+04  2.718221057611949E+22  1.942819332063295E+22
  0.000000000000000E+00  1.596623381988352E+00 -1.138434760418022E+00  4.665732540735862E+00  2.728115284559530E+02  9.093717615017691E+01  9.093717615017691E+01  2.728115284505308E+02  5.422236881713616E-09  3.000000000059626E+00  7.108143906632096E+03  5.286799675684827E+03  1.239494358231692E+04  2.787678320328716E+22  2.073381888917107E+22
  0.000000000000000E+00  1.596677439204742E+00 -1.138241179210013E+00  4.665772534500889E+00  2.707431806681358E+02  9.024772688778972E+01  9.024772688778972E+01  2.707431806633692E+02  4.766604888573056E-09  3.000000000052817E+00  7.083280382148299E+03  5.752490788750433E+03  1.283577117089873E+04  3.018991012307103E+22  2.451790279738973E+22
  0.000000000000000E+00  1.596731496421132E+00 -1.138047598002004E+00  4.665812542203288E+00  2.685195233775707E+02  8.950650779141552E+01  8.950650779141552E+01  2.685195233742466E+02  3.324146291561192E-09  3.000000000037139E+00  7.053209428797768E+03  6.117386733501718E+03  1.317059616229949E+04  3.308099988291293E+22  2.869179936561131E+22
  0.000000000000000E+00  1.596785553637522E+00 -1.137854016793995E+00  4.665852563850219E+00  2.661782795299093E+02  8.872609317600917E+01  8.872609317600917E+01  2.661782795280276E+02  1.881744537968189E-09  3.000000000021209E+00  7.018778747238817E+03  6.381477269500549E+03  1.340025601673937E+04  3.627227022137675E+22  3.297876685768985E+22
  0.000000000000000E+00  1.596839610853913E+00 -1.137660435585985E+00  4.665892599448844E+00  2.637571720708029E+02  8.791905735652558E+01  8.791905735652558E+01  2.637571720695768E+02  1.226169388246490E-09  3.000000000013947E+00  6.980832855129006E+03  6.544752156307457E+03  1.352558501143646E+04  3.949101226918060E+22  3.702407621944239E+22
  0.000000000000000E+00  1.596905584278140E+00 -1.137424181927160E+00  4.665941479286968E+00  2.607745919963184E+02  8.692486399853286E+01  8.692486399853286E+01  2.607745919955986E+02  7.198082130344119E-10  3.000000000008280E+00  6.931669925392323E+03  6.498287559706589E+03  1.342995748509891E+04  4.296140551707788E+22  4.027536943103017E+22
  0.000000000000000E+00  1.596971557702367E+00 -1.137187928268334E+00  4.665990379929388E+00  2.578436591755294E+02  8.594788639197449E+01  8.594788639197449E+01  2.578436591759235E+02 -3.940954229619820E-10  2.999999999995415E+00  6.881373643743475E+03  6.319038525462978E+03  1.320041216920645E+04  4.570166912472515E+22  4.196700002472147E+22
  0.000000000000000E+00  1.597037531126595E+00 -1.136951674609509E+00  4.666039301389157E+00  2.550249934362180E+02  8.500833114590864E+01  8.500833114590864E+01  2.550249934377260E+02 -1.507942215539515E-09  2.999999999982261E+00  6.831388646972233E+03  6.006988597445068E+03  1.283837724441730E+04  4.771651240281167E+22  4.195816703249279E+22
  0.000000000000000E+00  1.597103504550822E+00 -1.136715420950683E+00  4.666088243679334E+00  2.523792146061664E+02  8.412640486939348E+01  8.412640486939348E+01  2.523792146081805E+02 -2.014132860495010E-09  2.999999999976058E+00  6.783152841345228E+03  5.562121319528902E+03  1.234527416087413E+04  4.901322015733489E+22  4.019037800743568E+22
  0.000000000000000E+00  1.597169813958040E+00 -1.136477964122371E+00  4.666137456221009E+00  2.499156019753827E+02  8.330520065902641E+01  8.330520065902641E+01  2.499156019770793E+02 -1.696633944447967E-09  2.999999999979634E+00  6.737141127637472E+03  5.181301016194867E+03  1.191844214383234E+04  4.968825959870851E+22  3.821351298336587E+22
  0.000000000000000E+00  1.597236123365257E+00 -1.136240507294059E+00  4.666186689832291E+00  2.476206260086527E+02  8.254020866988368E+01  8.254020866988368E+01  2.476206260096511E+02 -9.983409654523712E-10  2.999999999987905E+00  6.693336262404055E+03  4.827447215119244E+03  1.152078347752330E+04  4.992742759853916E+22  3.600925037524820E+22
  0.000000000000000E+00  1.597302432772475E+00 -1.136003050465747E+00  4.666235944526473E+00  2.454819002173166E+02  8.182730007253892E+01  8.182730007253892E+01  2.454819002176168E+02 -3.001900950039271E-10  2.999999999996331E+00  6.651716652921284E+03  4.500563278794330E+03  1.115227993171561E+04  4.988390685142421E+22  3.375153980434792E+22
  0.000000000000000E+00  1.597368742179693E+00 -1.135765593637435E+00  4.666285220316861E+00  2.434870381127142E+02  8.116234603756564E+01  8.116234603756564E+01  2.434870381126970E+02  1.725197762425523E-11  3.000000000000212E+00  6.612260776876513E+03  4.200652569709785E+03  1.081291334658630E+04  4.970659596432765E+22  3.157772312901905E+22
  0.000000000000000E+00  1.597435381418168E+00 -1.135526955669257E+00  4.666334762478483E+00  2.415987625216797E+02  8.053292084054709E+01  8.053292084054708E+01  2.415987625216413E+02  3.839772944047581E-11  3.000000000000477E+00  6.574431432991440E+03  3.996149415693036E+03  1.057058084868448E+04  4.955437715731070E+22  3.012073322850293E+22
  0.000000000000000E+00  1.597502020656643E+00 -1.135288317701079E+00  4.666384325973681E+00  2.397977125630113E+02  7.993257085430888E+01  7.993257085430888E+01  2.397977125629267E+02  8.463985068374313E-11  3.000000000001059E+00  6.537944660600650E+03  3.822580332172034E+03  1.036052499277268E+04  4.948721000865823E+22  2.893399156666841E+22
  0.000000000000000E+00  1.597568659895119E+00 -1.135049679732901E+00  4.666433910815995E+00  2.380696198895427E+02  7.935653996313722E+01  7.935653996313722E+01  2.380696198894117E+02  1.309672370553017E-10  3.000000000001651E+00  6.502586861570931E+03  3.679949192494562E+03  1.018253605406549E+04  4.949986332162235E+22  2.801300250758802E+22
  0.000000000000000E+00  1.597635299133594E+00 -1.134811041764723E+00  4.666483517018975E+00  2.364002161541069E+02  7.880007205131828E+01  7.880007205131828E+01  2.364002161539548E+02  1.520561454526614E-10  3.000000000001930E+00  6.468145433780234E+03  3.568259870010090E+03  1.003640530379032E+04  4.958721254768261E+22  2.735560948822791E+22
  0.000000000000000E+00  1.597702272524026E+00 -1.134571207184071E+00  4.666533393499726E+00  2.347719816019152E+02  7.825732720059837E+01  7.825732720059837E+01  2.347719816017951E+02  1.200817223434569E-10  3.000000000001535E+00  6.434335030891486E+03  3.462725815553692E+03  9.897060846445178E+03  4.969331291837878E+22  2.674313921745179E+22
  0.000000000000000E+00  1.597769245914458E+00 -1.134331372603420E+00  4.666583291583375E+00  2.331906075333266E+02  7.773020251109219E+01  7.773020251109219E+01  2.331906075332766E+02  5.002220859751105E-11  3.000000000000643E+00  6.401316426772575E+03  3.366238376988727E+03  9.767554803761303E+03  4.976837025361269E+22  2.617152265856070E+22
  0.000000000000000E+00  1.597836219304890E+00 -1.134091538022768E+00  4.666633211283712E+00  2.316518991815458E+02  7.721729972718866E+01  7.721729972718866E+01  2.316518991815660E+02 -2.017941369558685E-11  2.999999999999739E+00  6.369034862475008E+03  3.278798693048149E+03  9.647833555523157E+03  4.981828561929695E+22  2.564660632348536E+22
  0.000000000000000E+00  1.597903192695322E+00 -1.133851703442117E+00  4.666683152614540E+00  2.301516617797781E+02  7.671722059327669E+01  7.671722059327669E+01  2.301516617798301E+02 -5.204014996706974E-11  2.999999999999322E+00  6.337435830341066E+03  3.200407902459354E+03  9.537843732800422E+03  4.984881535315882E+22  2.517367384150709E+22
  0.000000000000000E+00  1.597970504670367E+00 -1.133610656375457E+00  4.666733368232978E+00  2.286793603411314E+02  7.622645344705829E+01  7.622645344705829E+01  2.286793603411749E+02 -4.342837200965732E-11  2.999999999999430E+00  6.306335238425057E+03  3.125234509167147E+03  9.431569747592204E+03  4.986536778158749E+22  2.471181158492432E+22
  0.000000000000000E+00  1.598037816645413E+00 -1.133369609308797E+00  4.666783605729152E+00  2.272417285371476E+02  7.574724284572409E+01  7.574724284572409E+01  2.272417285371723E+02 -2.472688720445149E-11  2.999999999999674E+00  6.275882451054991E+03  3.051718906262331E+03  9.327601357317320E+03  4.986457433510870E+22  2.424721390783762E+22
  0.000000000000000E+00  1.598105128620459E+00 -1.133128562242137E+00  4.666833865117109E+00  2.258379917239254E+02  7.527933057464375E+01  7.527933057464375E+01  2.258379917239313E+02 -5.854872142663226E-12  2.999999999999922E+00  6.246049084478748E+03  2.979861304032866E+03  9.225910388511615E+03  4.983936104397626E+22  2.377733209969833E+22
  0.000000000000000E+00  1.598172440595504E+00 -1.132887515175477E+00  4.666884146410908E+00  2.244673752575635E+02  7.482245841918696E+01  7.482245841918696E+01  2.244673752575609E+02  2.614797267597169E-12  3.000000000000035E+00  6.216806882951911E+03  2.909661912767739E+03  9.126468795719649E+03  4.978277405969047E+22  2.329991011794529E+22
  0.000000000000000E+00  1.598240095672816E+00 -1.132645239444901E+00  4.666934706086085E+00  2.231260392975002E+02  7.437534643249973E+01  7.437534643249974E+01  2.231260392974993E+02  9.379164112033322E-13  3.000000000000012E+00  6.188081856353423E+03  2.823336793450288E+03  9.011418649803711E+03  4.967109376723089E+22  2.266263276074103E+22
  0.000000000000000E+00  1.598307750750128E+00 -1.132402963714324E+00  4.666985287919502E+00  2.218271772741035E+02  7.394239242470208E+01  7.394239242470208E+01  2.218271772741062E+02 -2.728484105318785E-12  2.999999999999963E+00  6.160206611850925E+03  2.728313122934693E+03  8.888519734785619E+03  4.945980204145890E+22  2.190540601476989E+22
  0.000000000000000E+00  1.598375405827441E+00 -1.132160687983748E+00  4.667035891925470E+00  2.205748548342301E+02  7.352495161141215E+01  7.352495161141216E+01  2.205748548342365E+02 -6.451728040701710E-12  2.999999999999912E+00  6.133319586677506E+03  2.624589797542039E+03  8.757909384219545E+03  4.911018666757290E+22  2.101538865887150E+22
  0.000000000000000E+00  1.598443060904753E+00 -1.131918412253171E+00  4.667086518118312E+00  2.193731376247364E+02  7.312437920824819E+01  7.312437920824819E+01  2.193731376247446E+02 -8.242295734817162E-12  2.999999999999888E+00  6.107558529794874E+03  2.512165713594277E+03  8.619724243389152E+03  4.858411806715513E+22  1.998365714190258E+22
  0.000000000000000E+00  1.598484180475576E+00 -1.131771161308260E+00  4.667117298677858E+00  2.186683936940461E+02  7.288946456468460E+01  7.288946456468460E+01  2.186683936940539E+02 -7.787548383930698E-12  2.999999999999893E+00  6.092518299861913E+03  2.447107054119839E+03  8.539625353981752E+03  4.817645727450316E+22  1.935044634032724E+22
  0.000000000000000E+00  1.598525300046399E+00 -1.131623910363349E+00  4.667148087441740E+00  2.179810836810539E+02  7.266036122702018E+01  7.266036122702018E+01  2.179810836810605E+02 -6.593836587853730E-12  2.999999999999909E+00  6.077939899674450E+03  2.389639295026826E+03  8.467579194701277E+03  4.774062856973883E+22  1.876999178712491E+22
  0.000000000000000E+00  1.598566419617223E+00 -1.131476659418438E+00  4.667178884413183E+00  2.173090487365805E+02  7.243634957886195E+01  7.243634957886195E+01  2.173090487365859E+02 -5.400124791776761E-12  2.999999999999925E+00  6.063775429497555E+03  2.339763022367499E+03  8.403538451865054E+03  4.731406672361327E+22  1.825656392537476E+22
  0.000000000000000E+00  1.598607539188047E+00 -1.131329408473526E+00  4.667209689595408E+00  2.166501300114461E+02  7.221671000381700E+01  7.221671000381700E+01  2.166501300114510E+02 -4.916955731459893E-12  2.999999999999932E+00  6.049977129406225E+03  2.297478822190973E+03  8.347455951597198E+03  4.693386201788964E+22  1.782313415791667E+22
  0.000000000000000E+00  1.598648658758870E+00 -1.131182157528615E+00  4.667240502991641E+00  2.160001208207464E+02  7.200004027358359E+01  7.200004027358359E+01  2.160001208207508E+02 -4.405364961712621E-12  2.999999999999939E+00  6.036471180027332E+03  2.277247121081132E+03  8.313718301108463E+03  4.661973690824306E+22  1.758720591777523E+22
  0.000000000000000E+00  1.598689778329694E+00 -1.131034906583703E+00  4.667271324605110E+00  2.153547561988421E+02  7.178491873294846E+01  7.178491873294846E+01  2.153547561988454E+02 -3.268496584496461E-12  2.999999999999954E+00  6.023162982715015E+03  2.264916963982616E+03  8.288079946697633E+03  4.637210413218178E+22  1.743751009327724E+22
  0.000000000000000E+00  1.598730897900517E+00 -1.130887655638792E+00  4.667302154439044E+00  2.147117898754520E+02  7.157059662515134E+01  7.157059662515134E+01  2.147117898754541E+02 -2.103206497849897E-12  2.999999999999971E+00  6.009973888395278E+03  2.260488960677897E+03  8.270462849073174E+03  4.619880239849526E+22  1.737642870961332E+22
  0.000000000000000E+00  1.598772017471340E+00 -1.130740404693881E+00  4.667332992496673E+00  2.140689755802943E+02  7.135632519343197E+01  7.135632519343197E+01  2.140689755802959E+02 -1.563194018672220E-12  2.999999999999978E+00  5.996825481334588E+03  2.263963720949282E+03  8.260789202283870E+03  4.610760797368344E+22  1.740686835677935E+22
  0.000000000000000E+00  1.598813137042164E+00 -1.130593153748970E+00  4.667363838781230E+00  2.134239147143508E+02  7.114130490478401E+01  7.114130490478401E+01  2.134239147143521E+02 -1.222133505507372E-12  2.999999999999983E+00  5.983655962380264E+03  2.274771320686412E+03  8.258427283066676E+03  4.608184646626335E+22  1.751866474355777E+22
  0.000000000000000E+00  1.598854256612987E+00 -1.130445902804058E+00  4.667394693295948E+00  2.127760759438438E+02  7.092535864794799E+01  7.092535864794799E+01  2.127760759438440E+02 -1.989519660128281E-13  2.999999999999997E+00  5.970446449826904E+03  2.283628041176565E+03  8.254074491003468E+03  4.609101901696759E+22  1.762929193956694E+22
  0.000000000000000E+00  1.598895376183811E+00 -1.130298651859147E+00  4.667425556044063E+00  2.121260138963519E+02  7.070867129878370E+01  7.070867129878371E+01  2.121260138963512E+02  6.821210263296962E-13  3.000000000000010E+00  5.957183110469021E+03  2.290533731855217E+03  8.247716842324238E+03  4.612219538570655E+22  1.773395955086905E+22
  0.000000000000000E+00  1.598936495754634E+00 -1.130151400914235E+00  4.667456427028812E+00  2.114742831994542E+02  7.049142773315099E+01  7.049142773315099E+01  2.114742831994530E+02  1.193711796076968E-12  3.000000000000017E+00  5.943852152757713E+03  2.295488242162551E+03  8.239340394920264E+03  4.616255518766661E+22  1.782776555306893E+22
  0.000000000000000E+00  1.598977615325458E+00 -1.130004149969324E+00  4.667487306253433E+00  2.108217765584552E+02  7.027392551948466E+01  7.027392551948466E+01  2.108217765584540E+02  1.136868377216160E-12  3.000000000000016E+00  5.930469562393017E+03  2.295829131541166E+03  8.226298693934183E+03  4.618864114652428E+22  1.788074734637075E+22
  0.000000000000000E+00  1.599018734896281E+00 -1.129856899024413E+00  4.667518193721168E+00  2.101697084813677E+02  7.005656949378897E+01  7.005656949378897E+01  2.101697084813669E+02  8.242295734817162E-13  3.000000000000012E+00  5.917069998733302E+03  2.292519855262296E+03  8.209589853995598E+03  4.618811217822540E+22  1.789520223156593E+22
  0.000000000000000E+00  1.599059854467105E+00 -1.129709648079502E+00  4.667549089435258E+00  2.095191162998342E+02  6.983970543327786E+01  6.983970543327786E+01  2.095191162998336E+02  5.684341886080801E-13  3.000000000000008E+00  5.903667680165661E+03  2.285560131726411E+03  8.189227811892073E+03  4.616488121066677E+22  1.787238335509171E+22
  0.000000000000000E+00  1.599100974037928E+00 -1.129562397134590E+00  4.667579993398949E+00  2.088710373454968E+02  6.962367911516543E+01  6.962367911516543E+01  2.088710373454963E+02  4.263256414560601E-13  3.000000000000006E+00  5.890276782675742E+03  2.274949679335537E+03  8.165226462011279E+03  4.612282888072944E+22  1.781361362862794E+22
  0.000000000000000E+00  1.599142093608752E+00 -1.129415146189679E+00  4.667610905615484E+00  2.082267747747486E+02  6.940892492491608E+01  6.940892492491608E+01  2.082267747747483E+02  3.126388037344441E-13  3.000000000000004E+00  5.876934570396241E+03  2.259160024494772E+03  8.136094594891013E+03  4.605658532459237E+22  1.770467157388080E+22
  0.000000000000000E+00  1.599183213179575E+00 -1.129267895244768E+00  4.667641826088111E+00  2.075872421776409E+02  6.919574739254701E+01  6.919574739254701E+01  2.075872421776411E+02 -1.989519660128281E-13  2.999999999999997E+00  5.863671487405971E+03  2.241775429480787E+03  8.105446916886759E+03  4.596467715635480E+22  1.757303152034494E+22
  0.000000000000000E+00  1.599224332750399E+00 -1.129120644299856E+00  4.667672754820080E+00  2.069528925363034E+02  6.898429751210134E+01  6.898429751210134E+01  2.069528925363040E+02 -6.536993168992922E-13  2.999999999999990E+00  5.850491438841142E+03  2.222795771326572E+03  8.073287210167715E+03  4.585673947668803E+22  1.742249649643050E+22
  0.000000000000000E+00  1.599265452321222E+00 -1.128973393354945E+00  4.667703691814639E+00  2.063241788328658E+02  6.877472627762221E+01  6.877472627762221E+01  2.063241788328666E+02 -8.242295734817162E-13  2.999999999999988E+00  5.837398317699752E+03  2.202220927061862E+03  8.039619244761614E+03  4.574232068278684E+22  1.725677954073600E+22
  0.000000000000000E+00  1.599306571892046E+00 -1.128826142410034E+00  4.667734637075043E+00  2.057016302415309E+02  6.856721008051059E+01  6.856721008051059E+01  2.057016302415318E+02 -8.810729923425242E-13  2.999999999999987E+00  5.824414073210556E+03  2.179816530016808E+03  8.004230603227365E+03  4.561918852668057E+22  1.707321285651604E+22
  0.000000000000000E+00  1.599347691462869E+00 -1.128678891465122E+00  4.667765590604544E+00  2.050854326275131E+02  6.836181087583797E+01  6.836181087583797E+01  2.050854326275140E+02 -9.094947017729282E-13  2.999999999999987E+00  5.811553384746549E+03  2.157629123891329E+03  7.969182508637878E+03  4.548361650705797E+22  1.688649645602672E+22
  0.000000000000000E+00  1.599388811033693E+00 -1.128531640520211E+00  4.667796552406399E+00  2.044755240094590E+02  6.815850800315330E+01  6.815850800315330E+01  2.044755240094599E+02 -9.379164112033322E-13  2.999999999999986E+00  5.798809247368137E+03  2.135658725510084E+03  7.934467972878221E+03  4.534279867743195E+22  1.669941870884186E+22
  0.000000000000000E+00  1.599429930604516E+00 -1.128384389575300E+00  4.667827522483864E+00  2.038718424060155E+02  6.795728080200546E+01  6.795728080200546E+01  2.038718424060164E+02 -9.094947017729282E-13  2.999999999999987E+00  5.786174676542836E+03  2.113905351699671E+03  7.900080028242508E+03  4.520386541276696E+22  1.651465749918453E+22
  0.000000000000000E+00  1.599471050175340E+00 -1.128237138630388E+00  4.667858500840198E+00  2.032745721697882E+02  6.775819072326287E+01  6.775819072326287E+01  2.032745721697887E+02 -4.263256414560601E-13  2.999999999999994E+00  5.773663024128500E+03  2.090722331148253E+03  7.864385355276754E+03  4.506232601993337E+22  1.631768444220531E+22
  0.000000000000000E+00  1.599512169746163E+00 -1.128089887685477E+00  4.667889487478663E+00  2.026837983180142E+02  6.756126610600445E+01  6.756126610600445E+01  2.026837983180134E+02  7.673861546209082E-13  3.000000000000012E+00  5.761285153825384E+03  2.068280760416078E+03  7.829565914241461E+03  4.491278276621243E+22  1.612352834686985E+22
  0.000000000000000E+00  1.599553289316987E+00 -1.127942636740566E+00  4.667920482402520E+00  2.020993098662867E+02  6.736643662209492E+01  6.736643662209494E+01  2.020993098662848E+02  1.875832822406664E-12  3.000000000000028E+00  5.749030387904711E+03  2.046580696777926E+03  7.795611084682636E+03  4.476092118692724E+22  1.593431084725061E+22
  0.000000000000000E+00  1.599594408887810E+00 -1.127795385795655E+00  4.667951485615034E+00  2.015208958301995E+02  6.717363194339903E+01  6.717363194339903E+01  2.015208958301971E+02  2.415845301584341E-12  3.000000000000036E+00  5.736888080093586E+03  2.025622197508359E+03  7.762510277601944E+03  4.461237804110839E+22  1.575206313633182E+22
  0.000000000000000E+00  1.599635528458633E+00 -1.127648134850743E+00  4.667982497119469E+00  2.009486704082356E+02  6.698289013607791E+01  6.698289013607791E+01  2.009486704082338E+02  1.790567694115452E-12  3.000000000000027E+00  5.724869181454810E+03  2.003176708531133E+03  7.728045889985944E+03  4.446213031351404E+22  1.555764874841628E+22
  0.000000000000000E+00  1.599676648029457E+00 -1.127500883905832E+00  4.668013516919093E+00  2.003826787232933E+02  6.679422624109755E+01  6.679422624109755E+01  2.003826787232927E+02  5.968558980384842E-13  3.000000000000009E+00  5.712983172933566E+03  1.981837530414395E+03  7.694820703347962E+03  4.430500977953758E+22  1.536943633624902E+22
  0.000000000000000E+00  1.599717767600280E+00 -1.127353632960921E+00  4.668044545017176E+00  1.998226061775889E+02  6.660753539252985E+01  6.660753539252985E+01  1.998226061775896E+02 -7.105427357601002E-13  2.999999999999989E+00  5.701217258423333E+03  1.961604748563014E+03  7.662822006986348E+03  4.414636556372351E+22  1.518933876684911E+22
  0.000000000000000E+00  1.599758887171104E+00 -1.127206382016009E+00  4.668075581416988E+00  1.992681381733390E+02  6.642271272444675E+01  6.642271272444675E+01  1.992681381733403E+02 -1.307398633798584E-12  2.999999999999981E+00  5.689558679746649E+03  1.942478448375989E+03  7.632037128122639E+03  4.399150248792860E+22  1.501918695358022E+22
  0.000000000000000E+00  1.599800006741927E+00 -1.127059131071098E+00  4.668106626121801E+00  1.987192987283698E+02  6.623976624279044E+01  6.623976624279044E+01  1.987192987283714E+02 -1.534772309241816E-12  2.999999999999977E+00  5.678016023324974E+03  1.922079535585070E+03  7.600095558910044E+03  4.383570457954743E+22  1.483893500021541E+22
  0.000000000000000E+00  1.599841126312751E+00 -1.126911880126187E+00  4.668137679134890E+00  1.981761061371034E+02  6.605870204570179E+01  6.605870204570179E+01  1.981761061371054E+02 -1.932676241267473E-12  2.999999999999971E+00  5.666597383722586E+03  1.902817377918063E+03  7.569414761640649E+03  4.367412457960342E+22  1.466557046282225E+22
  0.000000000000000E+00  1.599882245883574E+00 -1.126764629181275E+00  4.668168740459530E+00  1.976382372166490E+02  6.587941240555047E+01  6.587941240555047E+01  1.976382372166514E+02 -2.444267011014745E-12  2.999999999999963E+00  5.655289323474771E+03  1.884692063108455E+03  7.539981386583226E+03  4.351180692087891E+22  1.450082435480082E+22
  0.000000000000000E+00  1.599923365454398E+00 -1.126617378236364E+00  4.668199810098999E+00  1.971053687841159E+02  6.570178959470616E+01  6.570178959470616E+01  1.971053687841185E+02 -2.643218977027573E-12  2.999999999999960E+00  5.644078445127187E+03  1.867703678887215E+03  7.511782124014401E+03  4.335375573072107E+22  1.434635784372426E+22
  0.000000000000000E+00  1.599964485025221E+00 -1.126470127291453E+00  4.668230888056575E+00  1.965775031503350E+02  6.552583438344573E+01  6.552583438344573E+01  1.965775031503372E+02 -2.273736754432321E-12  2.999999999999965E+00  5.632972125318895E+03  1.849535714686594E+03  7.482507840005488E+03  4.319548276844975E+22  1.418284811570132E+22
  0.000000000000000E+00  1.600005604596044E+00 -1.126322876346541E+00  4.668261974335540E+00  1.960546705028952E+02  6.535155683429888E+01  6.535155683429888E+01  1.960546705028967E+02 -1.449507180950604E-12  2.999999999999978E+00  5.621978129844681E+03  1.832357506841352E+03  7.454335636686032E+03  4.303235000260900E+22  1.402542801540273E+22
  0.000000000000000E+00  1.600046724166868E+00 -1.126175625401630E+00  4.668293068939176E+00  1.955365894740434E+02  6.517886315801466E+01  6.517886315801466E+01  1.955365894740440E+02 -5.684341886080801E-13  2.999999999999991E+00  5.611083700205154E+03  1.816169131732503E+03  7.427252831937657E+03  4.286907925262286E+22  1.387566156633188E+22
  0.000000000000000E+00  1.600087843737692E+00 -1.126028374456719E+00  4.668324171870768E+00  1.950229786960263E+02  6.500765956534217E+01  6.500765956534217E+01  1.950229786960265E+02 -1.421085471520200E-13  2.999999999999998E+00  5.600276116027699E+03  1.800970665741520E+03  7.401246781769218E+03  4.271035583820666E+22  1.373505455701567E+22
  0.000000000000000E+00  1.600128963308515E+00 -1.125881123511808E+00  4.668355283133600E+00  1.945138406594731E+02  6.483794688649091E+01  6.483794688649091E+01  1.945138406594728E+02  3.126388037344441E-13  3.000000000000005E+00  5.589562372636397E+03  1.784735715224328E+03  7.374298087860724E+03  4.255190651930356E+22  1.358673582169331E+22
  0.000000000000000E+00  1.600170082879339E+00 -1.125733872566896E+00  4.668386402730962E+00  1.940092089707177E+02  6.466973632357204E+01  6.466973632357204E+01  1.940092089707161E+02  1.534772309241816E-12  3.000000000000024E+00  5.578949946802468E+03  1.769326368478559E+03  7.348276315281027E+03  4.238930791499879E+22  1.344348326310944E+22
  0.000000000000000E+00  1.600211202450162E+00 -1.125586621621985E+00  4.668417530666142E+00  1.935088489355638E+02  6.450294964518706E+01  6.450294964518706E+01  1.935088489355612E+02  2.586375558166765E-12  3.000000000000040E+00  5.568426896232759E+03  1.754742689214259E+03  7.323169585447017E+03  4.222696796289640E+22  1.330671385319017E+22
  0.000000000000000E+00  1.600252322020985E+00 -1.125439370677074E+00  4.668448666942432E+00  1.930125258598155E+02  6.433750861993744E+01  6.433750861993744E+01  1.930125258598123E+02  3.126388037344441E-12  3.000000000000048E+00  5.557981314439120E+03  1.740984741143453E+03  7.298966055582573E+03  4.206926152885330E+22  1.317779572281597E+22
  0.000000000000000E+00  1.600293441591809E+00 -1.125292119732162E+00  4.668479811563122E+00  1.925202413697242E+02  6.417341378990693E+01  6.417341378990693E+01  1.925202413697208E+02  3.382183422218077E-12  3.000000000000053E+00  5.547619464087468E+03  1.726364475976539E+03  7.273983940064008E+03  4.191209238708427E+22  1.304262988463842E+22
  0.000000000000000E+00  1.600334561162632E+00 -1.125144868787251E+00  4.668510964531510E+00  1.920320239534712E+02  6.401067465115570E+01  6.401067465115570E+01  1.920320239534671E+02  4.092726157978177E-12  3.000000000000064E+00  5.537348030545602E+03  1.712428082681445E+03  7.249776113227047E+03  4.175119303159889E+22  1.291158060471760E+22
  0.000000000000000E+00  1.600375680733456E+00 -1.124997617842340E+00  4.668542125850890E+00  1.915476792097542E+02  6.384922640324981E+01  6.384922640324981E+01  1.915476792097494E+02  4.774847184307873E-12  3.000000000000075E+00  5.527155793311856E+03  1.699175614031449E+03  7.226331407343305E+03  4.159063430385142E+22  1.278592357876329E+22
  0.000000000000000E+00  1.600416800304279E+00 -1.124850366897428E+00  4.668573295524560E+00  1.910670127372714E+02  6.368900424575542E+01  6.368900424575542E+01  1.910670127372663E+02  5.087485988042317E-12  3.000000000000080E+00  5.517031565623877E+03  1.686607122799194E+03  7.203638688423071E+03  4.143445730575517E+22  1.266689341722177E+22
  0.000000000000000E+00  1.600457919875103E+00 -1.124703115952517E+00  4.668604473555820E+00  1.905900212237461E+02  6.353000707458053E+01  6.353000707458053E+01  1.905900212237416E+02  4.519051799434237E-12  3.000000000000071E+00  5.506980852285673E+03  1.673352758043109E+03  7.180333610328781E+03  4.127869080103449E+22  1.254295465212135E+22
  0.000000000000000E+00  1.600499039445926E+00 -1.124555865007606E+00  4.668635659947971E+00  1.901167284765312E+02  6.337224282550936E+01  6.337224282550936E+01  1.901167284765281E+02  3.097966327914037E-12  3.000000000000049E+00  5.497009793595965E+03  1.660639129826312E+03  7.157648923422276E+03  4.111923293518349E+22  1.242206395196164E+22
  0.000000000000000E+00  1.600540159016750E+00 -1.124408614062695E+00  4.668666854704316E+00  1.896469807737687E+02  6.321566025792229E+01  6.321566025792229E+01  1.896469807737669E+02  1.790567694115452E-12  3.000000000000028E+00  5.487108204278016E+03  1.648466279878317E+03  7.135574484156334E+03  4.095988621456389E+22  1.230538723470382E+22
  0.000000000000000E+00  1.600581278587573E+00 -1.124261363117783E+00  4.668698057828159E+00  1.891806243936004E+02  6.306020813119974E+01  6.306020813119974E+01  1.891806243935993E+02  1.108446667785756E-12  3.000000000000017E+00  5.477265929784207E+03  1.636834249929500E+03  7.114100179713707E+03  4.080442599652413E+22  1.219405500409138E+22
  0.000000000000000E+00  1.600622398158397E+00 -1.124114112172872E+00  4.668729269322808E+00  1.887176641362563E+02  6.290588804541844E+01  6.290588804541844E+01  1.887176641362553E+02  9.947598300641403E-13  3.000000000000015E+00  5.467488531056479E+03  1.624603658711166E+03  7.092092189767645E+03  4.064907086751903E+22  1.207842117628005E+22
  0.000000000000000E+00  1.600663517729220E+00 -1.123966861227960E+00  4.668760489191568E+00  1.882581305617540E+02  6.275271018725104E+01  6.275271018725104E+01  1.882581305617531E+02  8.526512829121202E-13  3.000000000000013E+00  5.457782308785028E+03  1.612777806587735E+03  7.070560115372762E+03  4.048997767181963E+22  1.196481165495231E+22
  0.000000000000000E+00  1.600704637300044E+00 -1.123819610283049E+00  4.668791717437752E+00  1.878019085879164E+02  6.260063619597187E+01  6.260063619597187E+01  1.878019085879156E+02  7.673861546209082E-13  3.000000000000012E+00  5.448138262001459E+03  1.601356724799287E+03  7.049494986800746E+03  4.033078965855520E+22  1.185432126174914E+22
  0.000000000000000E+00  1.600745756870867E+00 -1.123672359338138E+00  4.668822954064670E+00  1.873488831325665E+02  6.244962771085525E+01  6.244962771085525E+01  1.873488831325658E+02  7.105427357601002E-13  3.000000000000012E+00  5.438547416948731E+03  1.590340444587055E+03  7.028887861535786E+03  4.017512457864474E+22  1.174801295004403E+22
  0.000000000000000E+00  1.600786876441691E+00 -1.123525108393227E+00  4.668854199075636E+00  1.868990684441395E+02  6.229968948138171E+01  6.229968948138171E+01  1.868990684441452E+02 -5.712763595511205E-12  2.999999999999909E+00  5.429015719005185E+03  1.578802422973790E+03  7.007818141978974E+03  4.001946879727920E+22  1.163799067335285E+22
  0.000000000000000E+00  1.600827996012514E+00 -1.123377857448315E+00  4.668885452473964E+00  1.864524962420300E+02  6.215083208068329E+01  6.215083208068329E+01  1.864524962420499E+02 -1.995204002014361E-11  2.999999999999678E+00  5.419549646382767E+03  1.567576897814162E+03  6.987126544196929E+03  3.986025881191296E+22  1.152937511997008E+22
  0.000000000000000E+00  1.600869115583338E+00 -1.123230606503404E+00  4.668916714262970E+00  1.860090776505000E+02  6.200302588351140E+01  6.200302588351141E+01  1.860090776505343E+02 -3.424815986363683E-11  2.999999999999448E+00  5.410141063705490E+03  1.556663893235102E+03  6.966804956940591E+03  3.970100037013905E+22  1.142319822603301E+22
  0.000000000000000E+00  1.600910235154161E+00 -1.123083355558492E+00  4.668947984445974E+00  1.855687237938118E+02  6.185624126461747E+01  6.185624126461747E+01  1.855687237938524E+02 -4.067146619490813E-11  2.999999999999342E+00  5.400781860243261E+03  1.546063433362189E+03  6.946845293605449E+03  3.954517513675307E+22  1.132046263429046E+22
  0.000000000000000E+00  1.600951354724985E+00 -1.122936104613581E+00  4.668979263026295E+00  1.851314427705374E+02  6.171048092352342E+01  6.171048092352342E+01  1.851314427705703E+02 -3.285549610154703E-11  2.999999999999468E+00  5.391477905127816E+03  1.535083063546789E+03  6.926560968674605E+03  3.938950850818421E+22  1.121513775190223E+22
  0.000000000000000E+00  1.600992474295808E+00 -1.122788853668670E+00  4.669010550007255E+00  1.846972531067846E+02  6.156575103560007E+01  6.156575103560007E+01  1.846972531068002E+02 -1.563194018672220E-11  2.999999999999746E+00  5.382235360547002E+03  1.524360144299417E+03  6.906595504846418E+03  3.923064485651022E+22  1.111092835010311E+22
  0.000000000000000E+00  1.601033593866632E+00 -1.122641602723759E+00  4.669041845392178E+00  1.842660815681185E+02  6.142202718937228E+01  6.142202718937228E+01  1.842660815681169E+02  1.591615728102624E-12  3.000000000000026E+00  5.373046590562924E+03  1.513894695501536E+03  6.886941286064462E+03  3.907190940477992E+22  1.100879275733505E+22
  0.000000000000000E+00  1.601074713437455E+00 -1.122494351778847E+00  4.669073149184388E+00  1.838378549201043E+02  6.127928497336498E+01  6.127928497336498E+01  1.838378549200950E+02  9.379164112033322E-12  3.000000000000153E+00  5.363903982432200E+03  1.503686737032591E+03  6.867590719464791E+03  3.891660494403336E+22  1.090966260700018E+22
  0.000000000000000E+00  1.601115833008278E+00 -1.122347100833936E+00  4.669104461387212E+00  1.834125646698528E+02  6.113752155661453E+01  6.113752155661453E+01  1.834125646698436E+02  9.208633855450898E-12  3.000000000000150E+00  5.354812942554575E+03  1.493272858405342E+03  6.848085800959918E+03  3.876162230538428E+22  1.080928113779757E+22
  0.000000000000000E+00  1.601156952579102E+00 -1.122199849889025E+00  4.669135782003980E+00  1.829902105045964E+02  6.099673683486250E+01  6.099673683486250E+01  1.829902105045875E+02  8.924416761146858E-12  3.000000000000147E+00  5.345779146223041E+03  1.483073251801870E+03  6.828852398024909E+03  3.860375937102800E+22  1.070979578021248E+22
  0.000000000000000E+00  1.601198072149925E+00 -1.122052598944113E+00  4.669167111038021E+00  1.825707314600834E+02  6.085691048669155E+01  6.085691048669155E+01  1.825707314600747E+02  8.668621376273222E-12  3.000000000000142E+00  5.336795343007471E+03  1.473087933771381E+03  6.809883276778853E+03  3.844614656139652E+22  1.061209039499794E+22
  0.000000000000000E+00  1.601239191720749E+00 -1.121905347999202E+00  4.669198448492669E+00  1.821540665720619E+02  6.071802219068443E+01  6.071802219068443E+01  1.821540665720533E+02  8.583356247982010E-12  3.000000000000141E+00  5.327854304562676E+03  1.463316920863792E+03  6.791171225426468E+03  3.829189353921642E+22  1.051702478047580E+22
  0.000000000000000E+00  1.601280311291572E+00 -1.121758097054291E+00  4.669229794371255E+00  1.817401904539944E+02  6.058006348466198E+01  6.058006348466198E+01  1.817401904539860E+02  8.384404281969182E-12  3.000000000000138E+00  5.318960985564594E+03  1.453502051620809E+03  6.772463037185403E+03  3.813803170671167E+22  1.042190523317041E+22
  0.000000000000000E+00  1.601321430862396E+00 -1.121610846109379E+00  4.669261148677116E+00  1.813290861658665E+02  6.044302872195285E+01  6.044302872195285E+01  1.813290861658586E+02  7.929656931082718E-12  3.000000000000131E+00  5.310120565882771E+03  1.443856860484886E+03  6.753977426367658E+03  3.798151382150455E+22  1.032742451369635E+22
  0.000000000000000E+00  1.601362550433219E+00 -1.121463595164468E+00  4.669292511413590E+00  1.809207054132114E+02  6.030690180440128E+01  6.030690180440128E+01  1.809207054132038E+02  7.531752999057062E-12  3.000000000000125E+00  5.301326199481449E+03  1.434381360566614E+03  6.735707560048063E+03  3.782530159040070E+22  1.023440277347742E+22
  0.000000000000000E+00  1.601403670004043E+00 -1.121316344219557E+00  4.669323882584015E+00  1.805149999015619E+02  6.017166663385153E+01  6.017166663385153E+01  1.805149999015546E+02  7.332801033044234E-12  3.000000000000122E+00  5.292571061233027E+03  1.425075564975722E+03  6.717646626208748E+03  3.767233738826538E+22  1.014363848239591E+22
  0.000000000000000E+00  1.601444789574866E+00 -1.121169093274646E+00  4.669355262191732E+00  1.801119312188929E+02  6.003731040629546E+01  6.003731040629546E+01  1.801119312188864E+02  6.480149750132114E-12  3.000000000000108E+00  5.283859871232556E+03  1.415862009300791E+03  6.699721880533348E+03  3.751980766633967E+22  1.005379998062876E+22
  0.000000000000000E+00  1.601485909145690E+00 -1.121021842329734E+00  4.669386650240083E+00  1.797114698324634E+02  5.990382327748627E+01  5.990382327748627E+01  1.797114698324588E+02  4.547473508864641E-12  3.000000000000076E+00  5.275197579494496E+03  1.406771241017630E+03  6.681968820512126E+03  3.736483319730053E+22  9.964323037246353E+21
  0.000000000000000E+00  1.601527028716513E+00 -1.120874591384823E+00  4.669418046732414E+00  1.793135807667333E+02  5.977119358891021E+01  5.977119358891021E+01  1.793135807667307E+02  2.643218977027573E-12  3.000000000000044E+00  5.266577736759887E+03  1.397803269620895E+03  6.664381006380781E+03  3.721022974449774E+22  9.875973241060127E+21
  0.000000000000000E+00  1.601568148287337E+00 -1.120727340439912E+00  4.669449451672069E+00  1.789182290461623E+02  5.963940968205351E+01  5.963940968205351E+01  1.789182290461605E+02  1.790567694115452E-12  3.000000000000030E+00  5.257993913527118E+03  1.388958104605017E+03  6.646952018132136E+03  3.705879495389467E+22  9.789496611185464E+21
  0.000000000000000E+00  1.601609267858160E+00 -1.120580089495000E+00  4.669480865062395E+00  1.785253669045629E+02  5.950845563485388E+01  5.950845563485388E+01  1.785253669045617E+02  1.222133505507372E-12  3.000000000000021E+00  5.249450593851990E+03  1.380318349530480E+03  6.629768943382469E+03  3.690787442634288E+22  9.704752031100687E+21
  0.000000000000000E+00  1.601650387428984E+00 -1.120432838550089E+00  4.669512286906744E+00  1.781349551643382E+02  5.937831838811273E+01  5.937831838811273E+01  1.781349551643382E+02 -5.684341886080801E-14  2.999999999999999E+00  5.240952478591581E+03  1.371756016942898E+03  6.612708495534479E+03  3.675474765586656E+22  9.620111316426588E+21
  0.000000000000000E+00  1.601691506999807E+00 -1.120285587605178E+00  4.669543717208466E+00  1.777469717328339E+02  5.924899057761169E+01  5.924899057761169E+01  1.777469717328351E+02 -1.222133505507372E-12  2.999999999999980E+00  5.232493490757516E+03  1.363271112839266E+03  6.595764603596781E+03  3.660208679340256E+22  9.536288517744033E+21
  0.000000000000000E+00  1.601732626570631E+00 -1.120138336660266E+00  4.669575155970913E+00  1.773613945173957E+02  5.912046483913245E+01  5.912046483913245E+01  1.773613945173973E+02 -1.648459146963432E-12  2.999999999999972E+00  5.224067572031766E+03  1.354863643216691E+03  6.578931215248457E+03  3.645254702053268E+22  9.453980060514104E+21
  0.000000000000000E+00  1.601773746141454E+00 -1.119991085715355E+00  4.669606603197439E+00  1.769781688568824E+02  5.899272295229442E+01  5.899272295229442E+01  1.769781688568833E+02 -9.094947017729282E-13  2.999999999999984E+00  5.215679015410900E+03  1.346756999710696E+03  6.562436015121597E+03  3.630361999657996E+22  9.374072714361518E+21
  0.000000000000000E+00  1.601814865712278E+00 -1.119843834770443E+00  4.669638058891404E+00  1.765972471421441E+02  5.886574904738118E+01  5.886574904738118E+01  1.765972471421435E+02  5.684341886080801E-13  3.000000000000009E+00  5.207332316826936E+03  1.338690527060978E+03  6.546022843887915E+03  3.615272698119604E+22  9.294070397765522E+21
  0.000000000000000E+00  1.601855985283101E+00 -1.119696583825532E+00  4.669669523056162E+00  1.762186178585139E+02  5.873953928617065E+01  5.873953928617063E+01  1.762186178585119E+02  1.989519660128281E-12  3.000000000000034E+00  5.199021749156220E+03  1.330664228392391E+03  6.529685977548610E+03  3.600239293467915E+22  9.214636661691139E+21
  0.000000000000000E+00  1.601897104853925E+00 -1.119549332880621E+00  4.669700995695075E+00  1.758422694913246E+02  5.861408983044065E+01  5.861408983044065E+01  1.758422694913220E+02  2.614797267597169E-12  3.000000000000045E+00  5.190741602930281E+03  1.322678106831616E+03  6.513419709761898E+03  3.585512697281591E+22  9.136419242645226E+21
  0.000000000000000E+00  1.601938224424748E+00 -1.119402081935710E+00  4.669732476811503E+00  1.754681411162126E+02  5.848938037207024E+01  5.848938037207024E+01  1.754681411162107E+02  1.875832822406664E-12  3.000000000000032E+00  5.182496056522256E+03  1.315076777662821E+03  6.497572834185078E+03  3.570855546893657E+22  9.061172753230353E+21
  0.000000000000000E+00  1.601979343995571E+00 -1.119254830990798E+00  4.669763966408811E+00  1.750961760639296E+02  5.836539202130979E+01  5.836539202130979E+01  1.750961760639294E+02  1.989519660128281E-13  3.000000000000004E+00  5.174289434387513E+03  1.307493148502163E+03  6.481782582889676E+03  3.556023323221974E+22  8.985728745916177E+21
  0.000000000000000E+00  1.602020463566395E+00 -1.119107580045887E+00  4.669795464490364E+00  1.747263692024816E+02  5.824212306749436E+01  5.824212306749435E+01  1.747263692024831E+02 -1.477928890381008E-12  2.999999999999974E+00  5.166116274043207E+03  1.299927220743669E+03  6.466043494786877E+03  3.541253908159869E+22  8.910702172754487E+21
  0.000000000000000E+00  1.602061583137218E+00 -1.118960329100976E+00  4.669826971059527E+00  1.743587153998746E+02  5.811957179995893E+01  5.811957179995893E+01  1.743587153998768E+02 -2.245315045001917E-12  2.999999999999961E+00  5.157971129883392E+03  1.292378995779484E+03  6.450350125662875E+03  3.526783707210657E+22  8.836693868737095E+21
  0.000000000000000E+00  1.602102702708042E+00 -1.118813078156065E+00  4.669858486119671E+00  1.739931461817630E+02  5.799771539392110E+01  5.799771539392110E+01  1.739931461817633E+02 -3.410605131648481E-13  2.999999999999994E+00  5.149858035017663E+03  1.285293816875013E+03  6.435151851892676E+03  3.512388447264016E+22  8.766166218630884E+21
  0.000000000000000E+00  1.602143822278865E+00 -1.118665827211153E+00  4.669890009674164E+00  1.736295945466473E+02  5.787653151554784E+01  5.787653151554784E+01  1.736295945466435E+02  3.751665644813329E-12  3.000000000000065E+00  5.141781053465158E+03  1.278218577204795E+03  6.419999630669954E+03  3.497836712100926E+22  8.695430277847480E+21
  0.000000000000000E+00  1.602184941849689E+00 -1.118518576266242E+00  4.669921541726380E+00  1.732680575718026E+02  5.775601919059822E+01  5.775601919059822E+01  1.732680575717947E+02  7.929656931082718E-12  3.000000000000137E+00  5.133734811878795E+03  1.271153277563660E+03  6.404888089442456E+03  3.483352055393763E+22  8.625054749373432E+21
  0.000000000000000E+00  1.602226061420512E+00 -1.118371325321331E+00  4.669953082279692E+00  1.729085323345039E+02  5.763617744483135E+01  5.763617744483135E+01  1.729085323344941E+02  9.805489753489383E-12  3.000000000000170E+00  5.125713953561943E+03  1.264097918743388E+03  6.389811872305331E+03  3.469156657897303E+22  8.555595865811618E+21
  0.000000000000000E+00  1.602267180991336E+00 -1.118224074376419E+00  4.669984631337474E+00  1.725509417138208E+02  5.751698057127079E+01  5.751698057127079E+01  1.725509417138124E+02  8.441247700829990E-12  3.000000000000147E+00  5.117722203538760E+03  1.257575055762455E+03  6.375297259301215E+03  3.455038909413953E+22  8.490048065061600E+21
  0.000000000000000E+00  1.602308300562159E+00 -1.118076823431508E+00  4.670016188903106E+00  1.721952093675044E+02  5.739840312249960E+01  5.739840312249960E+01  1.721952093674988E+02  5.570655048359185E-12  3.000000000000097E+00  5.109763216475412E+03  1.251058043501208E+03  6.360821259976620E+03  3.440781093944910E+22  8.424298115472920E+21
  0.000000000000000E+00  1.602349420132983E+00 -1.117929572486597E+00  4.670047754979965E+00  1.718413335408511E+02  5.728044451361615E+01  5.728044451361615E+01  1.718413335408485E+02  2.643218977027573E-12  3.000000000000046E+00  5.101831555203473E+03  1.244546882436184E+03  6.346378437639656E+03  3.426594240647616E+22  8.358874912720813E+21
  0.000000000000000E+00  1.602390539703806E+00 -1.117782321541685E+00  4.670079329571434E+00  1.714893124791577E+02  5.716310415971879E+01  5.716310415971879E+01  1.714893124791564E+02  1.307398633798584E-12  3.000000000000024E+00  5.093921799486787E+03  1.238041573043410E+03  6.331963372530197E+03  3.412688095247368E+22  8.294296426325676E+21
  0.000000000000000E+00  1.602431659274629E+00 -1.117635070596774E+00  4.670110912680893E+00  1.711390625872951E+02  5.704635419576376E+01  5.704635419576376E+01  1.711390625872913E+02  3.751665644813329E-12  3.000000000000065E+00  5.086037301006303E+03  1.232116646302395E+03  6.318153947308698E+03  3.398866442367053E+22  8.233915078386199E+21
  0.000000000000000E+00  1.602472778845453E+00 -1.117487819651863E+00  4.670142504311727E+00  1.707905032894546E+02  5.693016776314857E+01  5.693016776314857E+01  1.707905032894458E+02  8.839151632855646E-12  3.000000000000155E+00  5.078181346232701E+03  1.226181630591949E+03  6.304362976824650E+03  3.384930167549693E+22  8.173278796680000E+21
  0.000000000000000E+00  1.602513898416277E+00 -1.117340568706952E+00  4.670174104467323E+00  1.704436373599144E+02  5.681454578663342E+01  5.681454578663342E+01  1.704436373599003E+02  1.412558958691079E-11  3.000000000000249E+00  5.070348442388010E+03  1.220236525158624E+03  6.290584967546633E+03  3.371082783222653E+22  8.112890836126255E+21
  0.000000000000000E+00  1.602555017987100E+00 -1.117193317762040E+00  4.670205713151069E+00  1.700984675729521E+02  5.669948919097854E+01  5.669948919097854E+01  1.700984675729356E+02  1.645616976020392E-11  3.000000000000290E+00  5.062533113877115E+03  1.214281329249556E+03  6.276814443126672E+03  3.357526573178718E+22  8.053244766132154E+21
  0.000000000000000E+00  1.602596137557923E+00 -1.117046066817129E+00  4.670237330366354E+00  1.697549096215469E+02  5.658496987384416E+01  5.658496987384416E+01  1.697549096215325E+02  1.435296326235402E-11  3.000000000000254E+00  5.054738529953355E+03  1.208924438722543E+03  6.263662968675899E+03  3.344090578142573E+22  7.997946483802912E+21
  0.000000000000000E+00  1.602637257128747E+00 -1.116898815872217E+00  4.670268956116569E+00  1.694128858006494E+02  5.647096193354651E+01  5.647096193354651E+01  1.694128858006396E+02  9.833911462919787E-12  3.000000000000175E+00  5.046967922854179E+03  1.203522561885286E+03  6.250490484739466E+03  3.330592470883239E+22  7.942279888488715E+21
  0.000000000000000E+00  1.602678376699570E+00 -1.116751564927306E+00  4.670300590405108E+00  1.690724087874945E+02  5.635746959582971E+01  5.635746959582971E+01  1.690724087874892E+02  5.371703082346357E-12  3.000000000000095E+00  5.039215937288549E+03  1.198075695295194E+03  6.237291632583743E+03  3.317215735452986E+22  7.886694275767499E+21
  0.000000000000000E+00  1.602719496270394E+00 -1.116604313982395E+00  4.670332233235365E+00  1.687334912593170E+02  5.624449708643788E+01  5.624449708643788E+01  1.687334912593137E+02  3.325340003357269E-12  3.000000000000059E+00  5.031477234796751E+03  1.192583835511497E+03  6.224061070308248E+03  3.304142753802118E+22  7.831630860128555E+21
  0.000000000000000E+00  1.602760615841217E+00 -1.116457063037483E+00  4.670363884610737E+00  1.683960538495596E+02  5.613201794985205E+01  5.613201794985205E+01  1.683960538495562E+02  3.410605131648481E-12  3.000000000000060E+00  5.023755105688841E+03  1.187688466059986E+03  6.211443571748828E+03  3.291204134579489E+22  7.780883239436918E+21
  0.000000000000000E+00  1.602801735412041E+00 -1.116309812092572E+00  4.670395544534623E+00  1.680600260368973E+02  5.602000867896457E+01  5.602000867896457E+01  1.680600260368937E+02  3.637978807091713E-12  3.000000000000064E+00  5.016053046220470E+03  1.182701331861716E+03  6.198754378082186E+03  3.278214130983558E+22  7.729480097431450E+21
  0.000000000000000E+00  1.602842854982864E+00 -1.116162561147661E+00  4.670427213010422E+00  1.677254337664141E+02  5.590847792213673E+01  5.590847792213673E+01  1.677254337664102E+02  3.893774191965349E-12  3.000000000000070E+00  5.008366051475112E+03  1.177622425874533E+03  6.185988477349645E+03  3.265329063058866E+22  7.677802886203645E+21
  0.000000000000000E+00  1.602883974553688E+00 -1.116015310202749E+00  4.670458890041537E+00  1.673923029831933E+02  5.579743432772978E+01  5.579743432772978E+01  1.673923029831894E+02  3.950617610826157E-12  3.000000000000071E+00  5.000689132310642E+03  1.172451741054153E+03  6.173140873364794E+03  3.252704314866303E+22  7.626226578370017E+21
  0.000000000000000E+00  1.602925094124511E+00 -1.115868059257838E+00  4.670490575631371E+00  1.670605605102409E+02  5.568685350341220E+01  5.568685350341220E+01  1.670605605102366E+02  4.320099833421409E-12  3.000000000000078E+00  4.993025869787573E+03  1.167880760018819E+03  6.160906629806393E+03  3.240171871457159E+22  7.578839938976684E+21
  0.000000000000000E+00  1.602966213695335E+00 -1.115720808312927E+00  4.670522269783330E+00  1.667301420149064E+02  5.557671400496712E+01  5.557671400496712E+01  1.667301420149014E+02  4.973799150320701E-12  3.000000000000089E+00  4.985380083098044E+03  1.163171223857402E+03  6.148551306955446E+03  3.227556831130837E+22  7.530421285357274E+21
  0.000000000000000E+00  1.603007333266158E+00 -1.115573557368016E+00  4.670553972500822E+00  1.664010867087891E+02  5.546702890292780E+01  5.546702890292780E+01  1.664010867087835E+02  5.655920176650397E-12  3.000000000000102E+00  4.977747161726887E+03  1.158323121924478E+03  6.136070283651366E+03  3.215002899269521E+22  7.481320513648149E+21
  0.000000000000000E+00  1.603048452836982E+00 -1.115426306423104E+00  4.670585683787254E+00  1.660734338034885E+02  5.535781126782751E+01  5.535781126782751E+01  1.660734338034825E+02  5.996980689815246E-12  3.000000000000109E+00  4.970122509746953E+03  1.153336443576251E+03  6.123458953323205E+03  3.202652921450929E+22  7.431881856415986E+21
  0.000000000000000E+00  1.603089572407805E+00 -1.115279055478193E+00  4.670617403646039E+00  1.657471131859257E+02  5.524903772863927E+01  5.524903772863927E+01  1.657471131859178E+02  7.872813512221910E-12  3.000000000000142E+00  4.962509949129174E+03  1.148975529302113E+03  6.111485478431286E+03  3.190354614479292E+22  7.386664045834371E+21
  0.000000000000000E+00  1.603130691978629E+00 -1.115131804533282E+00  4.670649132080588E+00  1.654220626739787E+02  5.514068755798887E+01  5.514068755798887E+01  1.654220626739666E+02  1.205080479849130E-11  3.000000000000218E+00  4.954913467981179E+03  1.144434087507376E+03  6.099347555488555E+03  3.177952919083306E+22  7.340103258300375E+21
  0.000000000000000E+00  1.603171811549452E+00 -1.114984553588370E+00  4.670680869094316E+00  1.650983333756825E+02  5.503277779188873E+01  5.503277779188873E+01  1.650983333756662E+02  1.625721779419109E-11  3.000000000000295E+00  4.947328740765360E+03  1.139712104317850E+03  6.087040845083209E+03  3.165585254343290E+22  7.292533042926531E+21
  0.000000000000000E+00  1.603212931120276E+00 -1.114837302643459E+00  4.670712614690640E+00  1.647759763990721E+02  5.492532546635130E+01  5.492532546635130E+01  1.647759763990539E+02  1.818989403545856E-11  3.000000000000331E+00  4.939751455671480E+03  1.134809565859607E+03  6.074561021531087E+03  3.153388217210059E+22  7.244281713101915E+21
  0.000000000000000E+00  1.603254050691099E+00 -1.114690051698548E+00  4.670744368872976E+00  1.644549202753501E+02  5.481830675844473E+01  5.481830675844473E+01  1.644549202753342E+02  1.583089215273503E-11  3.000000000000289E+00  4.932185494636959E+03  1.130584695709104E+03  6.062770190346063E+03  3.141228125214423E+22  7.200508675028726E+21
  0.000000000000000E+00  1.603295170261923E+00 -1.114542800753636E+00  4.670776131644745E+00  1.641351011298892E+02  5.471170037662618E+01  5.471170037662618E+01  1.641351011298785E+02  1.065814103640150E-11  3.000000000000195E+00  4.924634819475321E+03  1.126139095622916E+03  6.050773915098237E+03  3.128966831510329E+22  7.155153644969269E+21
  0.000000000000000E+00  1.603336289832746E+00 -1.114395549808725E+00  4.670807903009369E+00  1.638165814619797E+02  5.460552715399140E+01  5.460552715399140E+01  1.638165814619742E+02  5.513811629498377E-12  3.000000000000101E+00  4.917095259565130E+03  1.121472748634226E+03  6.038568008199356E+03  3.116733042746912E+22  7.108528486221808E+21
  0.000000000000000E+00  1.603377409403570E+00 -1.114248298863814E+00  4.670839682970270E+00  1.634994237709119E+02  5.449980792363623E+01  5.449980792363623E+01  1.634994237709087E+02  3.154809746774845E-12  3.000000000000058E+00  4.909562657564412E+03  1.116585637777059E+03  6.026148295341472E+03  3.104654696096966E+22  7.060940221585289E+21
  0.000000000000000E+00  1.603418528974393E+00 -1.114101047918903E+00  4.670871471530873E+00  1.631835519847727E+02  5.439451732825628E+01  5.439451732825628E+01  1.631835519847689E+02  3.893774191965349E-12  3.000000000000071E+00  4.902040768476949E+03  1.112448267891859E+03  6.014489036368807E+03  3.092611475959254E+22  7.018240855557535E+21
  0.000000000000000E+00  1.603459648545216E+00 -1.113953796973991E+00  4.670903268694606E+00  1.628688983920805E+02  5.428963279735831E+01  5.428963279735831E+01  1.628688983920750E+02  5.513811629498377E-12  3.000000000000102E+00  4.894533396116396E+03  1.108045899189103E+03  6.002579295305498E+03  3.080476307817062E+22  6.973717133351670E+21
  0.000000000000000E+00  1.603500768116040E+00 -1.113806546029080E+00  4.670935074464897E+00  1.625555380327716E+02  5.418517934425479E+01  5.418517934425479E+01  1.625555380327644E+02  7.190692485892214E-12  3.000000000000133E+00  4.887036476088885E+03  1.103378511298067E+03  5.990414987386952E+03  3.068365890257169E+22  6.927652381304116E+21
  0.000000000000000E+00  1.603541887686863E+00 -1.113659295084168E+00  4.670966888845177E+00  1.622435459467825E+02  5.408118198225818E+01  5.408118198225818E+01  1.622435459467746E+02  7.929656931082718E-12  3.000000000000147E+00  4.879545956972498E+03  1.098446083847665E+03  5.977992040820163E+03  3.056396225153102E+22  6.880325533995444E+21
  0.000000000000000E+00  1.603583007257687E+00 -1.113512044139257E+00  4.670998711838877E+00  1.619328401642485E+02  5.397761338807992E+01  5.397761338807992E+01  1.619328401642398E+02  8.697043085703626E-12  3.000000000000161E+00  4.872065385372788E+03  1.094348050726095E+03  5.966413436098883E+03  3.044455666961112E+22  6.838360861624563E+21
  0.000000000000000E+00  1.603624126828511E+00 -1.113364793194346E+00  4.671030543449431E+00  1.616233485511230E+02  5.387444951703750E+01  5.387444951703750E+01  1.616233485511125E+02  1.045918907038867E-11  3.000000000000194E+00  4.864598376365067E+03  1.089932928498766E+03  5.954531304863833E+03  3.032426903686147E+22  6.794275045708423E+21
  0.000000000000000E+00  1.603665246399334E+00 -1.113217542249435E+00  4.671062383680277E+00  1.613151609010698E+02  5.377172030035258E+01  5.377172030035258E+01  1.613151609010578E+02  1.207922650792170E-11  3.000000000000225E+00  4.857141000399202E+03  1.085200692789363E+03  5.942341693188566E+03  3.020416438042854E+22  6.748327896610560E+21
  0.000000000000000E+00  1.603706365970157E+00 -1.113070291304523E+00  4.671094232534850E+00  1.610083670077533E+02  5.366945566924679E+01  5.366945566924679E+01  1.610083670077404E+02  1.293187779083382E-11  3.000000000000241E+00  4.849689340519654E+03  1.080151319222533E+03  5.929840659742187E+03  3.008530137543901E+22  6.700775181283232E+21
  0.000000000000000E+00  1.603747485540981E+00 -1.112923040359612E+00  4.671126090016591E+00  1.607028792301976E+02  5.356762641006197E+01  5.356762641006197E+01  1.607028792301859E+02  1.162447915703524E-11  3.000000000000217E+00  4.842246794375519E+03  1.076027391625658E+03  5.918274186001177E+03  2.996667001571727E+22  6.659090117045043E+21
  0.000000000000000E+00  1.603788605111804E+00 -1.112775789414700E+00  4.671157956128939E+00  1.603986210399539E+02  5.346620701331496E+01  5.346620701331496E+01  1.603986210399449E+02  8.952838470577262E-12  3.000000000000167E+00  4.834816860794312E+03  1.071527511752491E+03  5.906344372546802E+03  2.984721090821565E+22  6.614957413708071E+21
  0.000000000000000E+00  1.603829724682628E+00 -1.112628538469789E+00  4.671189830875340E+00  1.600956988994764E+02  5.336523296649006E+01  5.336523296649006E+01  1.600956988994702E+02  6.167510946397670E-12  3.000000000000116E+00  4.827395793033738E+03  1.066651650701537E+03  5.894047443735275E+03  2.972789951648440E+22  6.568616796846491E+21
  0.000000000000000E+00  1.603870844253451E+00 -1.112481287524878E+00  4.671221714259237E+00  1.597942192712195E+02  5.326473975707152E+01  5.326473975707152E+01  1.597942192712146E+02  4.973799150320701E-12  3.000000000000093E+00  4.819979856398159E+03  1.061399779572642E+03  5.881379635970800E+03  2.960970548772388E+22  6.520304195081442E+21
  0.000000000000000E+00  1.603911963824275E+00 -1.112334036579967E+00  4.671253606284075E+00  1.594940895583953E+02  5.316469651946353E+01  5.316469651946353E+01  1.594940895583906E+02  4.661160346586257E-12  3.000000000000087E+00  4.812572413856242E+03  1.057167150008877E+03  5.869739563865119E+03  2.949169828466580E+22  6.478376207858375E+21
  0.000000000000000E+00  1.603953083395098E+00 -1.112186785635055E+00  4.671285506953306E+00  1.591952283978293E+02  5.306507613260842E+01  5.306507613260842E+01  1.591952283978253E+02  4.035882739117369E-12  3.000000000000076E+00  4.805176959595487E+03  1.052499047591043E+03  5.857676007186530E+03  2.937289150378777E+22  6.433673638386495E+21
  0.000000000000000E+00  1.603994202965922E+00 -1.112039534690144E+00  4.671317416270378E+00  1.588977591023960E+02  5.296591970079754E+01  5.296591970079754E+01  1.588977591023927E+02  3.353761712787673E-12  3.000000000000064E+00  4.797789973298723E+03  1.047395438844883E+03  5.845185412143606E+03  2.925416270297492E+22  6.386414735294263E+21
  0.000000000000000E+00  1.604035322536745E+00 -1.111892283745233E+00  4.671349334238743E+00  1.586018049849701E+02  5.286726832832232E+01  5.286726832832232E+01  1.586018049849670E+02  3.097966327914037E-12  3.000000000000059E+00  4.790407945984934E+03  1.041856290294458E+03  5.832264236279391E+03  2.913638420912764E+22  6.336814214363198E+21
  0.000000000000000E+00  1.604076442107569E+00 -1.111745032800321E+00  4.671381260861855E+00  1.583072687036022E+02  5.276908956786656E+01  5.276908956786656E+01  1.583072687035997E+02  2.472688720445149E-12  3.000000000000047E+00  4.783034228749021E+03  1.037430787343444E+03  5.820465016092465E+03  2.901868941769456E+22  6.294097087853688E+21
  0.000000000000000E+00  1.604117561678392E+00 -1.111597781855410E+00  4.671413196143169E+00  1.580140626397527E+02  5.267135421325053E+01  5.267135421325053E+01  1.580140626397516E+02  1.080024958355352E-12  3.000000000000021E+00  4.775672349062632E+03  1.032518271064859E+03  5.808190620127491E+03  2.890015558767771E+22  6.248322016218596E+21
  0.000000000000000E+00  1.604158681249216E+00 -1.111450530910499E+00  4.671445140086143E+00  1.577223246914105E+02  5.257410823047027E+01  5.257410823047027E+01  1.577223246914108E+02 -2.842170943040401E-13  2.999999999999995E+00  4.768319078885737E+03  1.027118704024463E+03  5.795437782910200E+03  2.878156342526163E+22  6.199686228225459E+21
  0.000000000000000E+00  1.604199800820039E+00 -1.111303279965588E+00  4.671477092694236E+00  1.574321927565646E+02  5.247739758552184E+01  5.247739758552184E+01  1.574321927565655E+02 -9.379164112033322E-13  2.999999999999982E+00  4.760971200602035E+03  1.021232048787578E+03  5.782203249389614E+03  2.866368898503087E+22  6.148383721433029E+21
  0.000000000000000E+00  1.604240920390863E+00 -1.111156029020676E+00  4.671509053970908E+00  1.571435642900337E+02  5.238118809666632E+01  5.238118809666634E+01  1.571435642899990E+02  3.467448550509289E-11  3.000000000000662E+00  4.753631951145506E+03  1.016549931832157E+03  5.770181882977663E+03  2.854570442884156E+22  6.104413254847620E+21
  0.000000000000000E+00  1.604282039961686E+00 -1.111008778075765E+00  4.671541023919624E+00  1.568563435601266E+02  5.228544785333784E+01  5.228544785333784E+01  1.568563435600136E+02  1.130047166952863E-10  3.000000000002161E+00  4.746304801264802E+03  1.011344657020545E+03  5.757649458285347E+03  2.842674470047597E+22  6.057182918731288E+21
  0.000000000000000E+00  1.604323159532510E+00 -1.110861527130854E+00  4.671573002543846E+00  1.565706786850672E+02  5.219022622829196E+01  5.219022622829196E+01  1.565706786848759E+02  1.913065261760494E-10  3.000000000003666E+00  4.738986898757543E+03  1.005616184143590E+03  5.744603082901132E+03  2.830752334351682E+22  6.006875354461576E+21
  0.000000000000000E+00  1.604364279103333E+00 -1.110714276185942E+00  4.671604989847043E+00  1.562867177830797E+02  5.209557259428424E+01  5.209557259428424E+01  1.562867177828527E+02  2.269473498017760E-10  3.000000000004357E+00  4.731675400656613E+03  9.993644729927140E+02  5.731039873649327E+03  2.818874964760961E+22  5.953670222601844E+21
  0.000000000000000E+00  1.604405398674156E+00 -1.110567025241031E+00  4.671636985832682E+00  1.560043527237573E+02  5.200145090785921E+01  5.200145090785921E+01  1.560043527235777E+02  1.796252036001533E-10  3.000000000003455E+00  4.724373352442276E+03  9.943961979613482E+02  5.718769550403625E+03  2.806966812999107E+22  5.908163725474952E+21
  0.000000000000000E+00  1.604446518244980E+00 -1.110419774296119E+00  4.671668990504231E+00  1.557234784860816E+02  5.190782616200201E+01  5.190782616200201E+01  1.557234784860061E+02  7.551648195658345E-11  3.000000000001455E+00  4.717084037310628E+03  9.888882290870982E+02  5.705972266397726E+03  2.794950175412187E+22  5.859326031693561E+21
  0.000000000000000E+00  1.604487637815804E+00 -1.110272523351208E+00  4.671701003865165E+00  1.554442478523586E+02  5.181474928412904E+01  5.181474928412904E+01  1.554442478523872E+02 -2.856381797755603E-11  2.999999999999449E+00  4.709804981787833E+03  9.828405248947823E+02  5.692645506682616E+03  2.782892128100418E+22  5.807329964795102E+21
  0.000000000000000E+00  1.604528757386627E+00 -1.110125272406297E+00  4.671733025918956E+00  1.551668136048943E+02  5.172227120165671E+01  5.172227120165671E+01  1.551668136049701E+02 -7.588596417917870E-11  2.999999999998532E+00  4.702533720415154E+03  9.762530439092192E+02  5.678786764324373E+03  2.770859346691579E+22  5.752345506228828E+21
  0.000000000000000E+00  1.604569876957450E+00 -1.109978021461386E+00  4.671765056669079E+00  1.548910625557295E+02  5.163035418526469E+01  5.163035418526469E+01  1.548910625557941E+02 -6.463096724473871E-11  2.999999999998748E+00  4.695273232270716E+03  9.710048692474063E+02  5.666278101518123E+03  2.758785247284182E+22  5.705299299536906E+21
  0.000000000000000E+00  1.604610996528274E+00 -1.109830770516474E+00  4.671797096119013E+00  1.546168805822097E+02  5.153896019408317E+01  5.153896019408317E+01  1.546168805822495E+02 -3.979039320256561E-11  2.999999999999228E+00  4.688026603613831E+03  9.652218819381615E+02  5.653248485551993E+03  2.746600886631022E+22  5.655000495695558E+21
  0.000000000000000E+00  1.604652116099097E+00 -1.109683519571563E+00  4.671829144272236E+00  1.543444190645986E+02  5.144813968820453E+01  5.144813968820451E+01  1.543444190646136E+02 -1.492139745096210E-11  2.999999999999710E+00  4.680791541333654E+03  9.589040408883490E+02  5.639695582222002E+03  2.734368820880837E+22  5.601610942226845E+21
  0.000000000000000E+00  1.604693235669921E+00 -1.109536268626652E+00  4.671861201132229E+00  1.540738293831596E+02  5.135794312772106E+01  5.135794312772106E+01  1.540738293831632E+02 -3.666400516522117E-12  2.999999999999929E+00  4.673565759747416E+03  9.520513050021819E+02  5.625617064749598E+03  2.722151233147953E+22  5.545289757668613E+21
  0.000000000000000E+00  1.604734355240744E+00 -1.109389017681740E+00  4.671893266702474E+00  1.538049948255572E+02  5.126833160852054E+01  5.126833160852054E+01  1.538049948255616E+02 -4.433786671143025E-12  2.999999999999913E+00  4.666352459311049E+03  9.465616800593037E+02  5.612914139370352E+03  2.709891489011300E+22  5.496968913050470E+21
  0.000000000000000E+00  1.604775474811568E+00 -1.109241766736829E+00  4.671925340986457E+00  1.535377935084013E+02  5.117926450280245E+01  5.117926450280245E+01  1.535377935084074E+02 -6.082245818106458E-12  2.999999999999881E+00  4.659154705928305E+03  9.405645676201883E+02  5.599719273548493E+03  2.697529005844753E+22  5.445623429925938E+21
  0.000000000000000E+00  1.604816594382391E+00 -1.109094515791918E+00  4.671957423987664E+00  1.532723690553727E+02  5.109078968512680E+01  5.109078968512681E+01  1.532723690553805E+02 -7.787548383930698E-12  2.999999999999847E+00  4.651970023760324E+03  9.340599286949919E+02  5.586029952455317E+03  2.685119517428094E+22  5.391398766922998E+21
  0.000000000000000E+00  1.604857713953215E+00 -1.108947264847006E+00  4.671989515709582E+00  1.530088650901524E+02  5.100295503005363E+01  5.100295503005363E+01  1.530088650901609E+02 -8.526512829121202E-12  2.999999999999833E+00  4.644795945028071E+03  9.270477242960116E+02  5.571843669324083E+03  2.672718428200917E+22  5.334437865241244E+21
  0.000000000000000E+00  1.604898833524038E+00 -1.108800013902095E+00  4.672021616155702E+00  1.527471634015285E+02  5.091572113386358E+01  5.091572113386358E+01  1.527471634015908E+02 -6.227196536201518E-11  2.999999999998777E+00  4.637636026478353E+03  9.213857510170799E+02  5.559021777495433E+03  2.660278589611427E+22  5.285328068457950E+21
  0.000000000000000E+00  1.604939953094861E+00 -1.108652762957184E+00  4.672053725329515E+00  1.524871363084576E+02  5.082904543621273E+01  5.082904543621273E+01  1.524871363086382E+02 -1.806199634302175E-10  2.999999999996446E+00  4.630493528111346E+03  9.152663984835336E+02  5.545759926594880E+03  2.647745907848567E+22  5.233551988495078E+21
  0.000000000000000E+00  1.604981072665685E+00 -1.108505512012273E+00  4.672085843234516E+00  1.522289132298736E+02  5.074297107672418E+01  5.074297107672418E+01  1.522289132301726E+02 -2.989679614984198E-10  2.999999999994108E+00  4.623365550244159E+03  9.086896315626940E+02  5.532055181806852E+03  2.635164929472646E+22  5.179229335960629E+21
  0.000000000000000E+00  1.605022192236508E+00 -1.108358261067361E+00  4.672117969874200E+00  1.519726235847104E+02  5.065754119502107E+01  5.065754119502107E+01  1.519726235850632E+02 -3.527702574501745E-10  2.999999999993036E+00  4.616249202643042E+03  9.016554151218586E+02  5.517904617764900E+03  2.622579943917608E+22  5.122477804424855E+21
  0.000000000000000E+00  1.605063311807332E+00 -1.108211010122450E+00  4.672150105252063E+00  1.517181498874927E+02  5.057271662926279E+01  5.057271662926279E+01  1.517181498877884E+02 -2.956994649139233E-10  2.999999999994153E+00  4.609148072475644E+03  8.959197872732092E+02  5.505067859748852E+03  2.609951009155366E+22  5.073186446058418E+21
  0.000000000000000E+00  1.605104431378156E+00 -1.108063759177539E+00  4.672182249371606E+00  1.514653611969302E+02  5.048845373236674E+01  5.048845373236674E+01  1.514653611971003E+02 -1.701323526503984E-10  2.999999999996631E+00  4.602065579807024E+03  8.897980227443910E+02  5.491863602551414E+03  2.597229023011117E+22  5.021678220818714E+21
  0.000000000000000E+00  1.605145550948979E+00 -1.107916508232627E+00  4.672214402236330E+00  1.512143667482346E+02  5.040478891609304E+01  5.040478891609304E+01  1.512143667482791E+02 -4.453681867744308E-11  2.999999999999116E+00  4.594998598481945E+03  8.832900918817171E+02  5.478288690363662E+03  2.584444216929152E+22  4.968040622664605E+21
  0.000000000000000E+00  1.605186670519802E+00 -1.107769257287716E+00  4.672246563849736E+00  1.509652757766178E+02  5.032175859220176E+01  5.032175859220176E+01  1.509652757766053E+02  1.253397385880817E-11  3.000000000000249E+00  4.587944012561098E+03  8.763959650318575E+02  5.464339977592956E+03  2.571626655882346E+22  4.912359912442684E+21
  0.000000000000000E+00  1.605227790090626E+00 -1.107622006342805E+00  4.672278734215331E+00  1.507179743884874E+02  5.023932479613653E+01  5.023932479613653E+01  1.507179743884096E+02  7.784706212987658E-11  3.000000000001549E+00  4.580904919821926E+03  8.707067469582252E+02  5.451611666780151E+03  2.558742104774903E+22  4.863480149333036E+21
  0.000000000000000E+00  1.605268909661449E+00 -1.107474755397893E+00  4.672310913336619E+00  1.504723320016386E+02  5.015744400047237E+01  5.015744400047237E+01  1.504723320014171E+02  2.214903815911384E-10  3.000000000004416E+00  4.573884509228770E+03  8.647197856726455E+02  5.438604294901415E+03  2.545748349899508E+22  4.812887083309363E+21
  0.000000000000000E+00  1.605310029232273E+00 -1.107327504452982E+00  4.672343101217111E+00  1.502284328183648E+02  5.007614427266651E+01  5.007614427266651E+01  1.502284328179996E+02  3.651905444712611E-10  3.000000000007293E+00  4.566879816638097E+03  8.584350583178367E+02  5.425314874955933E+03  2.532663295855512E+22  4.760639761432680E+21
  0.000000000000000E+00  1.605351148803096E+00 -1.107180253508071E+00  4.672375297860315E+00  1.499863610409590E+02  4.999545368017618E+01  4.999545368017618E+01  1.499863610405285E+02  4.304752110328991E-10  3.000000000008610E+00  4.559887887605159E+03  8.518525420351839E+02  5.411740429640343E+03  2.519504757028344E+22  4.706796712652372E+21
  0.000000000000000E+00  1.605392268373920E+00 -1.107033002563160E+00  4.672407503269744E+00  1.497460110876318E+02  4.991533702908964E+01  4.991533702908964E+01  1.497460110872690E+02  3.628315425885376E-10  3.000000000007269E+00  4.552913026408165E+03  8.463303733345085E+02  5.399243399742673E+03  2.506246887786192E+22  4.658803829340671E+21
  0.000000000000000E+00  1.605433387944743E+00 -1.106885751618248E+00  4.672439717448911E+00  1.495072578967781E+02  4.983575263218805E+01  4.983575263218805E+01  1.495072578965642E+02  2.139302068826510E-10  3.000000000004293E+00  4.545958215155724E+03  8.406136708907803E+02  5.386571886046505E+03  2.492860550934595E+22  4.609661064973425E+21
  0.000000000000000E+00  1.605474507515567E+00 -1.106738500673337E+00  4.672471940401333E+00  1.492701564509686E+02  4.975671881696785E+01  4.975671881696785E+01  1.492701564509036E+02  6.500044946733397E-11  3.000000000001307E+00  4.539018535592066E+03  8.347024197773536E+02  5.373720955369419E+03  2.479358522916419E+22  4.559414204515895E+21
  0.000000000000000E+00  1.605515627086390E+00 -1.106591249728425E+00  4.672504172130526E+00  1.490347617327735E+02  4.967825391092541E+01  4.967825391092541E+01  1.490347617327762E+02 -2.700062395888381E-12  2.999999999999946E+00  4.532089085675151E+03  8.285966050688626E+02  5.360685690744014E+03  2.465753536880346E+22  4.508108669031666E+21
  0.000000000000000E+00  1.605556746657214E+00 -1.106443998783514E+00  4.672536412640010E+00  1.488009861674387E+02  4.960032872247890E+01  4.960032872247890E+01  1.488009861674367E+02  2.017941369558685E-12  3.000000000000041E+00  4.525196512164366E+03  8.233248129307676E+02  5.348521325095133E+03  2.452042516517811E+22  4.461303372756129E+21
  0.000000000000000E+00  1.605597866228037E+00 -1.106296747838603E+00  4.672568661933307E+00  1.485687181423015E+02  4.952290604742966E+01  4.952290604742966E+01  1.485687181422890E+02  1.247713043994736E-11  3.000000000000252E+00  4.518349553811290E+03  8.179858795645589E+02  5.336335433375849E+03  2.438217822956864E+22  4.414062539271729E+21
  0.000000000000000E+00  1.605638985798861E+00 -1.106149496893692E+00  4.672600920013940E+00  1.483379765830700E+02  4.944599219434902E+01  4.944599219434902E+01  1.483379765830471E+02  2.293631951033603E-11  3.000000000000464E+00  4.511516541046344E+03  8.125797998333774E+02  5.324096340879722E+03  2.424285461079350E+22  4.366437265119604E+21
  0.000000000000000E+00  1.605680105369684E+00 -1.106002245948780E+00  4.672633186885433E+00  1.481087804154526E+02  4.936959347180831E+01  4.936959347180831E+01  1.481087804154249E+02  2.765432327578310E-11  3.000000000000560E+00  4.444089842353792E+03  7.962101394414334E+02  5.240299981795226E+03  2.377840007758388E+22  4.260175629446700E+21
  0.000000000000000E+00  1.605918649973619E+00 -1.105095110047088E+00  4.672818630290902E+00  1.467520347705272E+02  4.891734492350052E+01  4.891734492350052E+01  1.467520347705016E+02  2.563638190622441E-11  3.000000000000524E+00  4.402868823166634E+03  7.676136653316969E+02  5.170482488498330E+03  2.302720000528943E+22  4.014653651587410E+21
  0.000000000000000E+00  1.606157237917398E+00 -1.104187985530066E+00  4.673004425474900E+00  1.454403775951748E+02  4.848012586505124E+01  4.848012586505124E+01  1.454403775951537E+02  2.103206497849897E-11  3.000000000000434E+00  4.361581904729349E+03  7.444951950867448E+02  5.106077099816094E+03  2.227860199612706E+22  3.802820284397661E+21
  0.000000000000000E+00  1.606395739181488E+00 -1.103280838243704E+00  4.673190452784707E+00  1.441642855022027E+02  4.805476183406206E+01  4.805476183406206E+01  1.441642855021862E+02  1.645616976020392E-11  3.000000000000342E+00  4.320218147585454E+03  7.268571030586936E+02  5.047075250644149E+03  2.156855800370737E+22  3.628812030357788E+21
  0.000000000000000E+00  1.606634023746357E+00 -1.102373634033996E+00  4.673376592184574E+00  1.429142351044181E+02  4.763807836813459E+01  4.763807836813459E+01  1.429142351044038E+02  1.432454155292362E-11  3.000000000000301E+00  4.664384334559151E+03  7.818677735782036E+02  5.446252108137355E+03  2.281808802904045E+22  3.824883715604776E+21
  0.000000000000000E+00  1.606691888657198E+00 -1.102219564643197E+00  4.673424213124529E+00  1.426764285295537E+02  4.755880950984672E+01  4.755880950984672E+01  1.426764285295402E+02  1.355715539830271E-11  3.000000000000285E+00  4.657266078476414E+03  7.803141175479038E+02  5.437580196024317E+03  2.258760288420803E+22  3.784500416149573E+21
  0.000000000000000E+00  1.606749753568040E+00 -1.102065495252397E+00  4.673471847740482E+00  1.424390486079651E+02  4.747968286931775E+01  4.747968286931775E+01  1.424390486079533E+02  1.185185283247847E-11  3.000000000000250E+00  4.650166366292983E+03  7.791213098271159E+02  5.429287676120099E+03  2.236213223091904E+22  3.746707619015772E+21
  0.000000000000000E+00  1.606807618478881E+00 -1.101911425861598E+00  4.673519496038105E+00  1.422019854448147E+02  4.740066181493483E+01  4.740066181493484E+01  1.422019854448045E+02  1.014655026665423E-11  3.000000000000214E+00  4.643080711012930E+03  7.782893894143903E+02  5.421370100427320E+03  2.214151250784350E+22  3.711437582716750E+21
  0.000000000000000E+00  1.606865483389722E+00 -1.101757356470798E+00  4.673567158023080E+00  1.419651291452649E+02  4.732170971508516E+01  4.732170971508516E+01  1.419651291452555E+02  9.350742402602918E-12  3.000000000000198E+00  4.312271352228800E+03  7.210982857526808E+02  5.033369637981481E+03  2.039451326100022E+22  3.410371785547896E+21
  0.000000000000000E+00  1.607120708323909E+00 -1.100843385046214E+00  4.673769216698661E+00  1.406996386491891E+02  4.689987954972707E+01  4.689987954972707E+01  1.406996386491813E+02  7.844391802791506E-12  3.000000000000167E+00  4.272110028507796E+03  7.214826440872043E+02  4.993592672595000E+03  1.983370756350957E+22  3.349556935445197E+21
  0.000000000000000E+00  1.607375933258095E+00 -1.099929413621630E+00  4.673971618988679E+00  1.394307247350147E+02  4.647690824500337E+01  4.647690824500337E+01  1.394307247350101E+02  4.575895218295045E-12  3.000000000000099E+00  4.232038867544671E+03  7.252292543918682E+02  4.957268121936540E+03  1.934896135691276E+22  3.315761801184070E+21
  0.000000000000000E+00  1.607631158192280E+00 -1.099015442197046E+00  4.674174365753764E+00  1.381524876592352E+02  4.605082921974464E+01  4.605082921974464E+01  1.381524876592339E+02  1.250555214937776E-12  3.000000000000028E+00  4.191814699590339E+03  7.323397182370560E+02  4.924154417827394E+03  1.892078635619130E+22  3.305595390528794E+21
  0.000000000000000E+00  1.607886383126466E+00 -1.098101470772461E+00  4.674377457857364E+00  1.368590276783441E+02  4.561967589278145E+01  4.561967589278145E+01  1.368590276783444E+02 -2.273736754432321E-13  2.999999999999995E+00  4.151199597971286E+03  7.428156371934799E+02  4.894015235164765E+03  1.853040000567168E+22  3.315829692792883E+21
  0.000000000000000E+00  1.608141608060652E+00 -1.097187499347877E+00  4.674580896165757E+00  1.355528122602209E+02  4.518427075340684E+01  4.518427075340684E+01  1.355528122602205E+02  3.694822225952521E-13  3.000000000000008E+00  4.110056911341663E+03  7.457443909331207E+02  4.855801302274784E+03  1.814716485602170E+22  3.292690756999556E+21
  0.000000000000000E+00  1.608396832994838E+00 -1.096273527923293E+00  4.674784681548062E+00  1.342459414003388E+02  4.474864713344571E+01  4.474864713344571E+01  1.342459414003371E+02  1.620037437533028E-12  3.000000000000036E+00  4.068566598617803E+03  7.437989815027000E+02  4.812365580120502E+03  1.774733990892942E+22  3.244497301120365E+21
  0.000000000000000E+00  1.608652057929024E+00 -1.095359556498709E+00  4.674988814876253E+00  1.329469641465824E+02  4.431565471552648E+01  4.431565471552648E+01  1.329469641465795E+02  2.927436071331613E-12  3.000000000000066E+00  4.026965822502817E+03  7.369770881395880E+02  4.763942910642405E+03  1.732324606391239E+22  3.170336179653235E+21
  0.000000000000000E+00  1.608907282863210E+00 -1.094445585074125E+00  4.675193297025164E+00  1.316644295468364E+02  4.388814318227762E+01  4.388814318227762E+01  1.316644295468329E+02  3.495870259939693E-12  3.000000000000079E+00  3.985486749992986E+03  7.252763900813545E+02  4.710763140074341E+03  1.686751817165625E+22  3.069540424188343E+21
  0.000000000000000E+00  1.609162507797397E+00 -1.093531613649540E+00  4.675398128872507E+00  1.304061810400377E+02  4.346872701334487E+01  4.346872701334487E+01  1.304061810400347E+02  3.069544618483633E-12  3.000000000000071E+00  3.944447576112999E+03  7.104382217631805E+02  4.654885797876180E+03  1.639728854685320E+22  2.953331307408008E+21
  0.000000000000000E+00  1.609417732731583E+00 -1.092617642224956E+00  4.675603311298882E+00  1.291734818457106E+02  4.305782728190278E+01  4.305782728190278E+01  1.291734818457084E+02  2.245315045001917E-12  3.000000000000052E+00  3.903992661310352E+03  6.963492428748191E+02  4.600341904185171E+03  1.594090749815897E+22  2.843355464545040E+21
  0.000000000000000E+00  1.609672957665769E+00 -1.091703670800372E+00  4.675808845187788E+00  1.279650106826202E+02  4.265500356087292E+01  4.265500356087292E+01  1.279650106826188E+02  1.435296326235402E-12  3.000000000000033E+00  3.864090108471164E+03  6.830098120971504E+02  4.547099920568314E+03  1.550776697388161E+22  2.741125778525906E+21
  0.000000000000000E+00  1.609928182599955E+00 -1.090789699375788E+00  4.676014731425633E+00  1.267794462695318E+02  4.225981542317685E+01  4.225981542317685E+01  1.267794462695306E+02  1.236344360222574E-12  3.000000000000029E+00  3.824708599394303E+03  6.704202881110555E+02  4.495128887505358E+03  1.510687495219051E+22  2.648033227814834E+21
  0.000000000000000E+00  1.610183407534141E+00 -1.089875727951204E+00  4.676220970901747E+00  1.256126327761380E+02  4.187087759204554E+01  4.187087759204555E+01  1.256126327761366E+02  1.335820343228988E-12  3.000000000000032E+00  3.785721740821021E+03  6.618008597905771E+02  4.447522600611598E+03  1.473117678759488E+22  2.575230334187997E+21
  0.000000000000000E+00  1.610438632468327E+00 -1.088961756526619E+00  4.676427564508397E+00  1.244605302492376E+02  4.148684341641216E+01  4.148684341641216E+01  1.244605302492365E+02  1.151079231931362E-12  3.000000000000028E+00  3.747009305048912E+03  6.538338329437818E+02  4.400843137992693E+03  1.436552596120013E+22  2.506710321964968E+21
  0.000000000000000E+00  1.610693857402513E+00 -1.088047785102035E+00  4.676634513140792E+00  1.233219912232556E+02  4.110733040775156E+01  4.110733040775156E+01  1.233219912232547E+02  8.526512829121202E-13  3.000000000000021E+00  3.708549996959586E+03  6.465195190666382E+02  4.355069516026224E+03  1.400661371573658E+22  2.441803176625441E+21
  0.000000000000000E+00  1.610949082336699E+00 -1.087133813677451E+00  4.676841817697102E+00  1.221958682326166E+02  4.073195607753860E+01  4.073195607753860E+01  1.221958682326158E+02  7.389644451905042E-13  3.000000000000018E+00  3.670322978419931E+03  6.398582296553301E+02  4.310181208075261E+03  1.365126512714431E+22  2.379865311082365E+21
  0.000000000000000E+00  1.611204307270885E+00 -1.086219842252867E+00  4.677049479078464E+00  1.210824156821326E+02  4.036080522737789E+01  4.036080522737789E+01  1.210824156821337E+02 -1.094235813070554E-12  2.999999999999973E+00  3.632391728157664E+03  6.321282286136334E+02  4.264519956771297E+03  1.329984046542605E+22  2.314509343549738E+21
  0.000000000000000E+00  1.611459532205071E+00 -1.085305870828283E+00  4.677257498189000E+00  1.199827313093007E+02  3.999424376976863E+01  3.999424376976863E+01  1.199827313093059E+02 -5.243805389909539E-12  2.999999999999869E+00  3.594836281584689E+03  6.243285959562064E+02  4.219164877540895E+03  1.295740119626758E+22  2.250360089428298E+21
  0.000000000000000E+00  1.611714757139257E+00 -1.084391899403699E+00  4.677465875935823E+00  1.188969326475734E+02  3.963231088252760E+01  3.963231088252760E+01  1.188969326475828E+02 -9.407585821463726E-12  2.999999999999762E+00  3.557662735888971E+03  6.164592997768872E+02  4.174122035665859E+03  1.262780359890168E+22  2.188101442492082E+21
  0.000000000000000E+00  1.611969982073443E+00 -1.083477927979114E+00  4.677674613229053E+00  1.178251372304035E+02  3.927504574347159E+01  3.927504574347159E+01  1.178251372304148E+02 -1.131184035330079E-11  2.999999999999712E+00  3.520876976048387E+03  6.085203081695344E+02  4.129397284217922E+03  1.231473844148695E+22  2.128381219343650E+21
  0.000000000000000E+00  1.612225207007629E+00 -1.082563956554530E+00  4.677883710981829E+00  1.167676061613565E+02  3.892253538712340E+01  3.892253538712340E+01  1.167676061613702E+02 -1.369926394545473E-11  2.999999999999648E+00  3.484466644268745E+03  6.002742062502335E+02  4.084740850518979E+03  1.201883575125352E+22  2.070502555248223E+21
  0.000000000000000E+00  1.612480431941815E+00 -1.081649985129946E+00  4.678093170110318E+00  1.157251131576226E+02  3.857503771921386E+01  3.857503771921386E+01  1.157251131576416E+02 -1.904254531837068E-11  2.999999999999506E+00  3.448424826641045E+03  5.915186833262478E+02  4.039943509967292E+03  1.173396839087849E+22  2.012762893696319E+21
  0.000000000000000E+00  1.612735656876002E+00 -1.080736013705362E+00  4.678302991533733E+00  1.146985446730909E+02  3.823284822437176E+01  3.823284822437176E+01  1.146985446731153E+02 -2.444267011014745E-11  2.999999999999361E+00  3.412763171968601E+03  5.822534987568823E+02  3.995016670725483E+03  1.145375892025676E+22  1.954132434390530E+21
  0.000000000000000E+00  1.612990881810188E+00 -1.079822042280778E+00  4.678513176174338E+00  1.136887871616506E+02  3.789626238722590E+01  3.789626238722590E+01  1.136887871616777E+02 -2.707167823245982E-11  2.999999999999285E+00  3.377492977554736E+03  5.724784119013904E+02  3.949971389456126E+03  1.117208576114010E+22  1.893646546911280E+21
  0.000000000000000E+00  1.613246106744374E+00 -1.078908070856193E+00  4.678723724957469E+00  1.126964088544441E+02  3.756546961815314E+01  3.756546961815314E+01  1.126964088544595E+02 -1.533351223770296E-11  2.999999999999592E+00  3.342675985529951E+03  5.628395750791686E+02  3.905515560609120E+03  1.087630232304335E+22  1.831351110437875E+21
  0.000000000000000E+00  1.613501331678560E+00 -1.077994099431609E+00  4.678934638811537E+00  1.117200032550595E+02  3.724000108501619E+01  3.724000108501619E+01  1.117200032550486E+02  1.087130385712953E-11  3.000000000000292E+00  3.308350576897766E+03  5.543850389055941E+02  3.862735615803360E+03  1.057527245516146E+22  1.772113533684044E+21
  0.000000000000000E+00  1.613756556612746E+00 -1.077080128007025E+00  4.679145918668050E+00  1.107574947260546E+02  3.691916490867251E+01  3.691916490867251E+01  1.107574947260176E+02  3.707611995196203E-11  3.000000000001005E+00  3.274493073427731E+03  5.471153668423158E+02  3.821608440270047E+03  1.029452831199734E+22  1.720050862099140E+21
  0.000000000000000E+00  1.614011781546932E+00 -1.076166156582441E+00  4.679357565461618E+00  1.098068076299877E+02  3.660226920997960E+01  3.660226920997960E+01  1.098068076299388E+02  4.889955107501009E-11  3.000000000001336E+00  3.241080238223424E+03  5.410311223511619E+02  3.782111360574586E+03  1.005856484671382E+22  1.679068775922226E+21
  0.000000000000000E+00  1.614267006481118E+00 -1.075252185157856E+00  4.679569580129970E+00  1.088656711960537E+02  3.628855706534321E+01  3.628855706534321E+01  1.088656711960296E+02  2.405897703283699E-11  3.000000000000663E+00  3.208031687198828E+03  5.358983506579584E+02  3.743930037856786E+03  9.847774462993641E+21  1.645060462908941E+21
  0.000000000000000E+00  1.614522231415304E+00 -1.074338213733272E+00  4.679781963613965E+00  1.079350147720238E+02  3.597833825735135E+01  3.597833825735135E+01  1.079350147720541E+02 -3.026912054338027E-11  2.999999999999158E+00  3.175259974079861E+03  5.292043552536303E+02  3.704464329333492E+03  9.632294668391741E+21  1.605365334243660E+21
  0.000000000000000E+00  1.614777456349490E+00 -1.073424242308688E+00  4.679994716857604E+00  1.070175628983203E+02  3.567252096613497E+01  3.567252096613497E+01  1.070175628984049E+02 -8.456879641016712E-11  2.999999999997629E+00  3.142732171160358E+03  5.209483965223345E+02  3.663680567682692E+03  9.420232586075250E+21  1.561525065870128E+21
  0.000000000000000E+00  1.615032681283676E+00 -1.072510270884104E+00  4.680207840808047E+00  1.061160401153656E+02  3.537201337182499E+01  3.537201337182499E+01  1.061160401154750E+02 -1.093383161787642E-10  2.999999999996909E+00  3.110416120635164E+03  5.111297348482206E+02  3.621545855483384E+03  9.219370098045230E+21  1.515004427355911E+21
  0.000000000000000E+00  1.615287906217862E+00 -1.071596299459520E+00  4.680421336415620E+00  1.052362807970511E+02  3.507876026570473E+01  3.507876026570473E+01  1.052362807971142E+02 -6.311040579021210E-11  2.999999999998201E+00  3.078439091048627E+03  4.967780922024249E+02  3.575217183251053E+03  9.003337014857779E+21  1.452898840422720E+21
  0.000000000000000E+00  1.615543131152048E+00 -1.070682328034936E+00  4.680635204633830E+00  1.043799816834951E+02  3.479332722781879E+01  3.479332722781880E+01  1.043799816834564E+02  3.868194653477985E-11  3.000000000001112E+00  3.046959955151670E+03  4.844162541046829E+02  3.531376209256353E+03  8.741636631182444E+21  1.389775689195394E+21
  0.000000000000000E+00  1.615798356086234E+00 -1.069768356610351E+00  4.680849446419384E+00  1.035436608644605E+02  3.451455362143999E+01  3.451455362143999E+01  1.035436608643200E+02  1.405595639880630E-10  3.000000000004072E+00  3.015994798371727E+03  4.740451657698258E+02  3.490039964141553E+03  8.435587683650226E+21  1.325880788660766E+21
  0.000000000000000E+00  1.616053581020420E+00 -1.068854385185767E+00  4.681064062732192E+00  1.027238364297102E+02  3.424127880984112E+01  3.424127880984112E+01  1.027238364295234E+02  1.868443177954759E-10  3.000000000005457E+00  2.985559135060134E+03  4.656657724126364E+02  3.451224907472771E+03  8.086460342309429E+21  1.261267196876282E+21
  0.000000000000000E+00  1.616308805954606E+00 -1.067940413761183E+00  4.681279054535386E+00  1.019102915851818E+02  3.397009719502063E+01  3.397009719502063E+01  1.019102915850619E+02  1.198827703774441E-10  3.000000000003529E+00  2.955380495402076E+03  4.663095608927974E+02  3.421690056294873E+03  7.821689023943218E+21  1.234131571169743E+21
  0.000000000000000E+00  1.616564030888792E+00 -1.067026442336599E+00  4.681494422795335E+00  1.010976141119892E+02  3.369920470400549E+01  3.369920470400549E+01  1.010976141120165E+02 -2.731326276261825E-11  2.999999999999190E+00  2.925128540081645E+03  4.648186063058759E+02  3.389947146387522E+03  7.707888387670734E+21  1.224824785928332E+21
  0.000000000000000E+00  1.616819255822978E+00 -1.066112470912015E+00  4.681710168481652E+00  1.002895289626598E+02  3.342984298761143E+01  3.342984298761143E+01  1.002895289628343E+02 -1.745519284668262E-10  2.999999999994778E+00  2.894731997950329E+03  4.611918974597655E+02  3.355923895410095E+03  7.657641431596363E+21  1.220023886288987E+21
  0.000000000000000E+00  1.617074480757164E+00 -1.065198499487431E+00  4.681926292567212E+00  9.948976108972101E+01  3.316325369665416E+01  3.316325369665416E+01  9.948976108996249E+01 -2.414708433207124E-10  2.999999999992719E+00  2.864121571250582E+03  4.554284231622577E+02  3.319549994412840E+03  7.586985139760105E+21  1.206418300619726E+21
  0.000000000000000E+00  1.617329705691350E+00 -1.064284528062846E+00  4.682142796028166E+00  9.871015172917122E+01  3.290338390978459E+01  3.290338390978459E+01  9.871015172935375E+01 -1.825384288167697E-10  2.999999999994452E+00  2.833607152377245E+03  4.389446481900589E+02  3.272551800567304E+03  7.374765364933481E+21  1.142400345044016E+21
  0.000000000000000E+00  1.617584930625536E+00 -1.063370556638262E+00  4.682359679843950E+00  9.795748165673322E+01  3.265249388559540E+01  3.265249388559540E+01  9.795748165678620E+01 -5.297806637827307E-11  2.999999999998378E+00  2.803541737683404E+03  4.246726602795688E+02  3.228214397962972E+03  7.030485664080521E+21  1.064958302525406E+21
  0.000000000000000E+00  1.617840155559722E+00 -1.062456585213678E+00  4.682576944997304E+00  9.722788513452133E+01  3.240929504481490E+01  3.240929504481490E+01  9.722788513444470E+01  7.662492862436920E-11  3.000000000002364E+00  2.773920890556517E+03  4.126135088411644E+02  3.186534399397682E+03  6.665209741990121E+21  9.914325921000245E+20
  0.000000000000000E+00  1.618095380493908E+00 -1.061542613789094E+00  4.682794592474280E+00  9.651749642464971E+01  3.217249880817139E+01  3.217249880817139E+01  9.651749642451419E+01  1.355147105641663E-10  3.000000000004212E+00  2.744740139443829E+03  4.027682432851901E+02  3.147508382729019E+03  6.385378836446322E+21  9.370022974878233E+20
  0.000000000000000E+00  1.618350605428094E+00 -1.060628642364509E+00  4.683012623264261E+00  9.581782450428054E+01  3.193927483472524E+01  3.193927483472524E+01  9.581782450417575E+01  1.047908426698996E-10  3.000000000003281E+00  2.715758987063058E+03  3.999177390989083E+02  3.115676726161966E+03  6.226632533590448E+21  9.169226050232639E+20
  0.000000000000000E+00  1.618605830362281E+00 -1.059714670939925E+00  4.683231038359972E+00  9.512405864427069E+01  3.170801954807784E+01  3.170801954807784E+01  9.512405864423353E+01  3.716138508025324E-11  3.000000000001172E+00  2.686769173171945E+03  3.961167399411253E+02  3.082885913113070E+03  6.107352417071092E+21  9.004214255836741E+20
  0.000000000000000E+00  1.618861055296467E+00 -1.058800699515341E+00  4.683449838757492E+00  9.443785354727633E+01  3.147928451576896E+01  3.147928451576896E+01  9.443785354730690E+01 -3.056754849239951E-11  2.999999999999029E+00  2.657813754260286E+03  3.913647966189791E+02  3.049178550879265E+03  5.956993933442568E+21  8.771712146817070E+20
  0.000000000000000E+00  1.619116280230653E+00 -1.057886728090757E+00  4.683669025456272E+00  9.376086391595379E+01  3.125362130533842E+01  3.125362130533842E+01  9.376086391601527E+01 -6.147615749796387E-11  2.999999999998033E+00  2.628934685374506E+03  3.856614599394780E+02  3.014596145313983E+03  5.708028250063747E+21  8.373606695298221E+20
  0.000000000000000E+00  1.619371505164839E+00 -1.056972756666173E+00  4.683888599459144E+00  9.309516255232680E+01  3.103172085079400E+01  3.103172085079400E+01  9.309516255238201E+01 -5.520917056855978E-11  2.999999999998221E+00  2.600255492041983E+03  3.788564617804256E+02  2.979111953822409E+03  5.435339883741135E+21  7.919274252973862E+20
  0.000000000000000E+00  1.619626730099025E+00 -1.056058785241589E+00  4.684108561772343E+00  9.244052124978012E+01  3.081350708327374E+01  3.081350708327374E+01  9.244052124982123E+01 -4.111200269107940E-11  2.999999999998666E+00  2.571831348182201E+03  3.730810762244138E+02  2.944912424406615E+03  5.229263813896644E+21  7.585798240342970E+20
  0.000000000000000E+00  1.619881955033211E+00 -1.055144813817004E+00  4.684328913405508E+00  9.179514319801129E+01  3.059838106601276E+01  3.059838106601276E+01  9.179514319803830E+01 -2.701483481359901E-11  2.999999999999118E+00  2.543602109418921E+03  3.683357910415067E+02  2.911937900460428E+03  5.049030305125632E+21  7.311436661199505E+20
  0.000000000000000E+00  1.620137179967397E+00 -1.054230842392420E+00  4.684549655371713E+00  9.115723158671794E+01  3.038574386224620E+01  3.038574386224620E+01  9.115723158673862E+01 -2.067679361061892E-11  2.999999999999319E+00  2.515509270642946E+03  3.646210940018621E+02  2.880130364644808E+03  4.855615537825169E+21  7.038176603506361E+20
  0.000000000000000E+00  1.620392404901583E+00 -1.053316870967836E+00  4.684770788687465E+00  9.052510137453837E+01  3.017503379151682E+01  3.017503379151682E+01  9.052510137455047E+01 -1.210764821735211E-11  2.999999999999599E+00  2.487464535215906E+03  3.614888638738796E+02  2.848953399089785E+03  4.653424741446829E+21  6.762553592597084E+20
  0.000000000000000E+00  1.620647629835769E+00 -1.052402899543252E+00  4.684992314372728E+00  8.989929685183861E+01  2.996643228394389E+01  2.996643228394389E+01  8.989929685183168E+01  6.920686246303376E-12  3.000000000000231E+00  2.459440692887124E+03  3.574666323857335E+02  2.816907325272858E+03  4.470321903683518E+21  6.497375282158381E+20
  0.000000000000000E+00  1.620902854769955E+00 -1.051488928118667E+00  4.685214233450936E+00  8.928136520590796E+01  2.976045506862732E+01  2.976045506862732E+01  8.928136520588197E+01  2.599165327410446E-11  3.000000000000874E+00  2.431471441620212E+03  3.525539795310115E+02  2.784025421151224E+03  4.303826320871158E+21  6.240382143342653E+20
  0.000000000000000E+00  1.621158079704141E+00 -1.050574956694083E+00  4.685436546949004E+00  8.867285362403574E+01  2.955761787466701E+01  2.955761787466701E+01  8.867285362400105E+01  3.467448550509289E-11  3.000000000001173E+00  2.403589577235139E+03  3.467504853034323E+02  2.750340062538572E+03  4.151542824759516E+21  5.989165134004557E+20
  0.000000000000000E+00  1.621413304638327E+00 -1.049660985269499E+00  4.685659255897345E+00  8.807718095297230E+01  2.935906031764767E+01  2.935906031764767E+01  8.807718095294301E+01  2.928857156803133E-11  3.000000000000998E+00  2.375897988931292E+03  3.380558875686189E+02  2.713953876499911E+03  3.994800507526263E+21  5.684022788532331E+20
  0.000000000000000E+00  1.621668529572513E+00 -1.048747013844915E+00  4.685882361329886E+00  8.749670808953113E+01  2.916556936317122E+01  2.916556936317122E+01  8.749670808951366E+01  1.746514044498326E-11  3.000000000000599E+00  2.348508801935895E+03  3.293813826073647E+02  2.677890184543259E+03  3.824563198679775E+21  5.363999118129666E+20
  0.000000000000000E+00  1.621923754506699E+00 -1.047833042420331E+00  4.686105864284080E+00  8.693139529609604E+01  2.897713176536346E+01  2.897713176536346E+01  8.693139529609040E+01  5.641709321935195E-12  3.000000000000195E+00  2.321467744944162E+03  3.207269812070847E+02  2.642194726151247E+03  3.652542585679030E+21  5.046242661723184E+20
  0.000000000000000E+00  1.622178979440885E+00 -1.046919070995747E+00  4.686329765800918E+00  8.638120283505090E+01  2.879373427835021E+01  2.879373427835021E+01  8.638120283505063E+01  2.700062395888381E-13  3.000000000000009E+00  2.294819078082935E+03  3.120926941550711E+02  2.606911772238006E+03  3.489913013408113E+21  4.746240630138329E+20
  0.000000000000000E+00  1.622434204375071E+00 -1.046005099571162E+00  4.686554066924952E+00  8.584434832806245E+01  2.861478277601709E+01  2.861478277601709E+01  8.584434832805127E+01  1.118394266086398E-11  3.000000000000391E+00  2.268583424396546E+03  3.058206650945936E+02  2.574404089491140E+03  3.345341482308578E+21  4.509750649175644E+20
  0.000000000000000E+00  1.622689429309257E+00 -1.045091128146578E+00  4.686778768704301E+00  8.531670372004052E+01  2.843890124000179E+01  2.843890124000179E+01  8.531670372000536E+01  3.515765456540976E-11  3.000000000001236E+00  2.242731912140946E+03  3.015937554686712E+02  2.544325667609618E+03  3.209390873378106E+21  4.315862457876113E+20
  0.000000000000000E+00  1.622944654243443E+00 -1.044177156721994E+00  4.687003872190675E+00  8.479471075823372E+01  2.826490358605814E+01  2.826490358605814E+01  8.479471075817443E+01  5.928768587182276E-11  3.000000000002097E+00  2.217233754507796E+03  2.994129312163457E+02  2.516646685724142E+03  3.066239201367586E+21  4.140617403218898E+20
  0.000000000000000E+00  1.623199879177629E+00 -1.043263185297410E+00  4.687229378439380E+00  8.427481118989054E+01  2.809160372993998E+01  2.809160372993998E+01  8.427481118981994E+01  7.059952622512355E-11  3.000000000002514E+00  2.192058942133334E+03  2.992791582767414E+02  2.491338100410076E+03  2.900781569668025E+21  3.960402021261551E+20
  0.000000000000000E+00  1.623455104111815E+00 -1.042349213872826E+00  4.687455288509338E+00  8.375255332223806E+01  2.791751777405657E+01  2.791751777405657E+01  8.375255332216972E+01  6.832578947069123E-11  3.000000000002447E+00  2.167144952077429E+03  3.017657001337722E+02  2.468910652211202E+03  2.775754386325699E+21  3.865119705011021E+20
  0.000000000000000E+00  1.623710329046002E+00 -1.041435242448241E+00  4.687681603463107E+00  8.322665582328092E+01  2.774221860773945E+01  2.774221860773945E+01  8.322665582321837E+01  6.255618245631922E-11  3.000000000002255E+00  2.142432379306698E+03  3.035637603618515E+02  2.445996139668550E+03  2.724316942563707E+21  3.860116676213433E+20
  0.000000000000000E+00  1.623965553980187E+00 -1.040521271023657E+00  4.687908324366886E+00  8.269831598143431E+01  2.756610532712589E+01  2.756610532712589E+01  8.269831598137768E+01  5.663025604007998E-11  3.000000000002054E+00  2.117897025365670E+03  3.046730139397978E+02  2.422570039305468E+03  2.689463262463508E+21  3.868964676947132E+20
  0.000000000000000E+00  1.624220778914373E+00 -1.039607299599073E+00  4.688135452290537E+00  8.216873108511331E+01  2.738957702835314E+01  2.738957702835314E+01  8.216873108505942E+01  5.388756108004600E-11  3.000000000001967E+00  2.093515404708784E+03  3.050931358463271E+02  2.398608540555111E+03  2.616732826800683E+21  3.813428943512825E+20
  0.000000000000000E+00  1.624476003848560E+00 -1.038693328174489E+00  4.688362988307599E+00  8.164104796608518E+01  2.721368265535249E+01  2.721368265535249E+01  8.164104796605749E+01  2.769695583992871E-11  3.000000000001017E+00  2.069301840948942E+03  3.023884510224913E+02  2.371690291971434E+03  2.532012879443071E+21  3.700047220915219E+20
  0.000000000000000E+00  1.624731228782746E+00 -1.037779356749905E+00  4.688590933495306E+00  8.111973084299925E+01  2.703991028100971E+01  2.703991028100971E+01  8.111973084302915E+01 -2.989963832078502E-11  2.999999999998894E+00  2.045330273940722E+03  2.978549245323088E+02  2.343185198473031E+03  2.479248398472305E+21  3.610450370937099E+20
  0.000000000000000E+00  1.624986453716932E+00 -1.036865385325320E+00  4.688819288934594E+00  8.060795308459366E+01  2.686931769489372E+01  2.686931769489372E+01  8.060795308468118E+01 -8.752465419092914E-11  2.999999999996743E+00  2.021665527336603E+03  2.914916949189953E+02  2.313157222255598E+03  2.433800594160712E+21  3.509149514071153E+20
  0.000000000000000E+00  1.625241678651118E+00 -1.035951413900736E+00  4.689048055710127E+00  8.010888805960663E+01  2.670296268657344E+01  2.670296268657344E+01  8.010888805972031E+01 -1.136868377216160E-10  2.999999999995743E+00  1.998370205233546E+03  2.832979007257833E+02  2.281668105959329E+03  2.372143879630863E+21  3.362857290200644E+20
  0.000000000000000E+00  1.625496903585304E+00 -1.035037442476152E+00  4.689277234910305E+00  7.962546459049615E+01  2.654182153019309E+01  2.654182153019309E+01  7.962546459057928E+01 -8.313350008393172E-11  2.999999999996868E+00  1.975528719708977E+03  2.740055451449601E+02  2.249534264853937E+03  2.294626262279919E+21  3.182643277352978E+20
  0.000000000000000E+00  1.625752128519490E+00 -1.034123471051568E+00  4.689506827627286E+00  7.915748125313425E+01  2.638582708438340E+01  2.638582708438340E+01  7.915748125315019E+01 -1.594457899045665E-11  2.999999999999396E+00  1.953185430528818E+03  2.655875368868767E+02  2.218772967415695E+03  2.216260374531546E+21  3.013595763984661E+20
  0.000000000000000E+00  1.626007353453676E+00 -1.033209499626984E+00  4.689736834956993E+00  7.870341604638031E+01  2.623447201544303E+01  2.623447201544303E+01  7.870341604632910E+01  5.120170953887282E-11  3.000000000001952E+00  1.931340953141592E+03  2.580442891206768E+02  2.189385242262269E+03  2.136351809737050E+21  2.854355587285333E+20
  0.000000000000000E+00  1.626262578387862E+00 -1.032295528202400E+00  4.689967257999142E+00  7.826174696909368E+01  2.608724898967064E+01  2.608724898967064E+01  7.826174696901194E+01  8.174083632184193E-11  3.000000000003133E+00  1.909995554079687E+03  2.513762150155757E+02  2.161371769095262E+03  2.054234634355664E+21  2.703596487621394E+20
  0.000000000000000E+00  1.626517803322048E+00 -1.031381556777815E+00  4.690198097857246E+00  7.782883774260878E+01  2.594294591418117E+01  2.594294591418117E+01  7.782883774254353E+01  6.525624485220760E-11  3.000000000002516E+00  1.889095464106862E+03  2.481553601847871E+02  2.137250824291650E+03  1.993375818560772E+21  2.618538362075125E+20
  0.000000000000000E+00  1.626773028256234E+00 -1.030467585353231E+00  4.690429355638638E+00  7.740012850099944E+01  2.580004283365681E+01  2.580004283365681E+01  7.740012850097042E+01  2.901856532844249E-11  3.000000000001124E+00  1.868526963997654E+03  2.466103454720914E+02  2.115137309469746E+03  1.964059960452630E+21  2.592189006140205E+20
  0.000000000000000E+00  1.627028253190420E+00 -1.029553613928647E+00  4.690661032454487E+00  7.697271186223422E+01  2.565757062074715E+01  2.565757062074715E+01  7.697271186224145E+01 -7.233325050037820E-12  2.999999999999718E+00  1.848202463174174E+03  2.467419601283000E+02  2.094944423302474E+03  1.946519753466170E+21  2.598676871005965E+20
  0.000000000000000E+00  1.627283478124606E+00 -1.028639642504063E+00  4.690893129419809E+00  7.654368044428169E+01  2.551456014810179E+01  2.551456014810179E+01  7.654368044430538E+01 -2.368949481024174E-11  2.999999999999071E+00  1.828037213633226E+03  2.485509934042763E+02  2.076588207037502E+03  1.921828075134051E+21  2.613033660717564E+20
  0.000000000000000E+00  1.627538703058792E+00 -1.027725671079479E+00  4.691125647653489E+00  7.611008956583701E+01  2.537002985528890E+01  2.537002985528889E+01  7.611008956586670E+01 -2.968647550005699E-11  2.999999999998830E+00  1.807934446503928E+03  2.518577027948556E+02  2.059792149298784E+03  1.889266968489139E+21  2.631878824865576E+20
  0.000000000000000E+00  1.627793927992979E+00 -1.026811699654894E+00  4.691358588278296E+00  7.567054439028882E+01  2.522351479677725E+01  2.522351479677726E+01  7.567054439033177E+01 -4.294520294934046E-11  2.999999999998297E+00  1.787827833062538E+03  2.555016772821693E+02  2.043329510344707E+03  1.859115512577312E+21  2.656895272242846E+20
  0.000000000000000E+00  1.628049152927165E+00 -1.025897728230310E+00  4.691591952420898E+00  7.522446230264579E+01  2.507482076756732E+01  2.507482076756732E+01  7.522446230270197E+01 -5.617550868919352E-11  2.999999999997760E+00  1.767681685308965E+03  2.594830750254518E+02  2.027164760334417E+03  1.829615869569503E+21  2.685745719361688E+20
  0.000000000000000E+00  1.628304377861351E+00 -1.024983756805726E+00  4.691825741211876E+00  7.477126068791650E+01  2.492375356265957E+01  2.492375356265957E+01  7.477126068797871E+01 -6.221512194315437E-11  2.999999999997504E+00  1.747461683593736E+03  2.638020541839625E+02  2.011263737777699E+03  1.799087379537534E+21  2.715956240038411E+20
  0.000000000000000E+00  1.628559602795537E+00 -1.024069785381142E+00  4.692059955785750E+00  7.431193514817579E+01  2.477064504941534E+01  2.477064504941534E+01  7.431193514824602E+01 -7.023004400252830E-11  2.999999999997164E+00  1.727172240737483E+03  2.662886662208350E+02  1.993460906958318E+03  1.768133090896507E+21  2.726038500217630E+20
  0.000000000000000E+00  1.628814827729723E+00 -1.023155813956558E+00  4.692294597280982E+00  7.384988935097272E+01  2.461662978368686E+01  2.461662978368686E+01  7.384988935106060E+01 -8.787992555880919E-11  2.999999999996430E+00  1.706896358849961E+03  2.670265651837576E+02  1.973922924033719E+03  1.738350324466141E+21  2.719472180144634E+20
  0.000000000000000E+00  1.629070052663909E+00 -1.022241842531973E+00  4.692529666840004E+00  7.338815277952737E+01  2.446271759321096E+01  2.446271759321096E+01  7.338815277963289E+01 -1.055155962603749E-10  2.999999999995687E+00  1.686716374133640E+03  2.660149286757883E+02  1.952731302809428E+03  1.709610823019457E+21  2.696256514273003E+20
  0.000000000000000E+00  1.629325277598095E+00 -1.021327871107389E+00  4.692765165609234E+00  7.292975491705984E+01  2.430991830572445E+01  2.430991830572445E+01  7.292975491717336E+01 -1.135163074650336E-10  2.999999999995331E+00  1.666711600211474E+03  2.632529342999285E+02  1.929964534511403E+03  1.681790412451971E+21  2.656345950308940E+20
  0.000000000000000E+00  1.629580502532281E+00 -1.020413899682805E+00  4.693001094739082E+00  7.247861055305088E+01  2.415953685105146E+01  2.415953685105146E+01  7.247861055315438E+01 -1.034976548908162E-10  2.999999999995716E+00  1.646995333894541E+03  2.579606370907467E+02  1.904955970985288E+03  1.652905276575229E+21  2.588862818377024E+20
  0.000000000000000E+00  1.629835727466467E+00 -1.019499928258221E+00  4.693237455383983E+00  7.203694615630950E+01  2.401231538546366E+01  2.401231538546366E+01  7.203694615639098E+01 -8.148504093696829E-11  2.999999999996606E+00  1.627617430875881E+03  2.523794782551307E+02  1.879996909131012E+03  1.623626781235628E+21  2.517606853772713E+20
  0.000000000000000E+00  1.630090952400653E+00 -1.018585956833637E+00  4.693474248702400E+00  7.160525872904812E+01  2.386841957636920E+01  2.386841957636920E+01  7.160525872910762E+01 -5.950084869255079E-11  2.999999999997507E+00  1.608560095357901E+03  2.465093228746231E+02  1.855069418232524E+03  1.597682125080199E+21  2.448422909153292E+20
  0.000000000000000E+00  1.630346177334839E+00 -1.017671985409053E+00  4.693711475856850E+00  7.118404527347919E+01  2.372801509117622E+01  2.372801509117622E+01  7.118404527352868E+01 -4.949640697304858E-11  2.999999999997915E+00  1.589805935311493E+03  2.403500360308082E+02  1.830155971342301E+03  1.578624883024299E+21  2.386596622182566E+20
  0.000000000000000E+00  1.630601402269025E+00 -1.016758013984468E+00  4.693949138013918E+00  7.077143128347774E+01  2.359047709449782E+01  2.359047709449782E+01  7.077143128349348E+01 -1.574562702444382E-11  2.999999999999333E+00  1.571260241408607E+03  2.371795748961912E+02  1.808439816304798E+03  1.502546572483074E+21  2.268073409684077E+20
  0.000000000000000E+00  1.630856627203211E+00 -1.015844042559884E+00  4.694187236344274E+00  7.036183318713064E+01  2.345394439569071E+01  2.345394439569071E+01  7.036183318707214E+01  5.850608886248665E-11  3.000000000002494E+00  1.552773935977387E+03  2.369376579963153E+02  1.789711593973702E+03  1.361493132912083E+21  2.077501346564029E+20
  0.000000000000000E+00  1.631111852137397E+00 -1.014930071135300E+00  4.694425772022692E+00  6.995018438796805E+01  2.331672812927842E+01  2.331672812927842E+01  6.995018438783526E+01  1.327862264588475E-10  3.000000000005695E+00  1.534251306194399E+03  2.396256607319536E+02  1.773876966926353E+03  1.239864591177531E+21  1.936471363456181E+20
  0.000000000000000E+00  1.631367077071583E+00 -1.014016099710716E+00  4.694664746228064E+00  6.953141828952000E+01  2.317713942978449E+01  2.317713942978449E+01  6.953141828935348E+01  1.665227955527371E-10  3.000000000007185E+00  1.515600521404637E+03  2.452449585038793E+02  1.760845479908517E+03  1.218118325824318E+21  1.971082577833465E+20
  0.000000000000000E+00  1.631622302005769E+00 -1.013102128286132E+00  4.694904160143425E+00  6.910218944598755E+01  2.303406314861099E+01  2.303406314861099E+01  6.910218944583299E+01  1.545572558825370E-10  3.000000000006710E+00  1.496759804631616E+03  2.513721680528216E+02  1.748131972684438E+03  1.248089410279074E+21  2.096094109521035E+20
  0.000000000000000E+00  1.631877526939955E+00 -1.012188156861547E+00  4.695144014955961E+00  6.866214962396832E+01  2.288738320794671E+01  2.288738320794671E+01  6.866214962384014E+01  1.281819095311221E-10  3.000000000005600E+00  1.477728807751953E+03  2.578315176253770E+02  1.735560325377330E+03  1.238739777250557E+21  2.161331328427643E+20
  0.000000000000000E+00  1.632132751874141E+00 -1.011274185436963E+00  4.695384311857035E+00  6.821072804558763E+01  2.273690934849527E+01  2.273690934849527E+01  6.821072804548584E+01  1.017923523249920E-10  3.000000000004477E+00  1.458510344387551E+03  2.646231621674544E+02  1.723133506555005E+03  1.202803097846702E+21  2.182292093037288E+20
  0.000000000000000E+00  1.632387976808327E+00 -1.010360214012379E+00  4.695625052042200E+00  6.774735393297074E+01  2.258245131096031E+01  2.258245131096031E+01  6.774735393288094E+01  8.979839094536146E-11  3.000000000003976E+00  1.439107451872380E+03  2.717472566249314E+02  1.710854708497311E+03  1.152442619998133E+21  2.176162176039605E+20
  0.000000000000000E+00  1.632643201742513E+00 -1.009446242587795E+00  4.695866236711220E+00  6.727165599709308E+01  2.242388533234019E+01  2.242388533234019E+01  6.727165599702059E+01  7.248956990224542E-11  3.000000000003233E+00  1.419521218874276E+03  2.785327237161451E+02  1.698053942590421E+03  1.149033847306528E+21  2.254587834806252E+20
  0.000000000000000E+00  1.632898426676699E+00 -1.008532271163211E+00  4.696107867068084E+00  6.678630548848182E+01  2.226210182948249E+01  2.226210182948249E+01  6.678630548844747E+01  3.434763584664324E-11  3.000000000001543E+00  1.399793949832935E+03  2.830086042161221E+02  1.682802554049057E+03  1.210117041174830E+21  2.446599621336458E+20
  0.000000000000000E+00  1.633153651610885E+00 -1.007618299738626E+00  4.696349944321030E+00  6.629529543858986E+01  2.209843181286455E+01  2.209843181286455E+01  6.629529543859366E+01 -3.794298208958935E-12  2.999999999999829E+00  1.379989006325141E+03  2.851738141587837E+02  1.665162820483924E+03  1.283754520333760E+21  2.652870213669678E+20
  0.000000000000000E+00  1.633408876545071E+00 -1.006704328314042E+00  4.696592469682555E+00  6.580261887887009E+01  2.193420629296373E+01  2.193420629296373E+01  6.580261887889121E+01 -2.111733010679018E-11  2.999999999999037E+00  1.360167295252676E+03  2.850272695780832E+02  1.645194564830759E+03  1.320832556596092E+21  2.767845532607709E+20
  0.000000000000000E+00  1.633664101479257E+00 -1.005790356889458E+00  4.696835444369444E+00  6.531294787990633E+01  2.177098262664284E+01  2.177098262664284E+01  6.531294787992853E+01 -2.219735506514553E-11  2.999999999998980E+00  1.340406494360351E+03  2.820011725704638E+02  1.622407666930815E+03  1.317788001477889E+21  2.772425851259327E+20
  0.000000000000000E+00  1.633919326413443E+00 -1.004876385464874E+00  4.697078869602780E+00  6.482943594422508E+01  2.160981198141656E+01  2.160981198141656E+01  6.482943594424970E+01 -2.461320036672987E-11  2.999999999998861E+00  1.320767778681475E+03  2.779805226079382E+02  1.598748301289413E+03  1.305696185498826E+21  2.748084211855144E+20
  0.000000000000000E+00  1.634174551347629E+00 -1.003962414040290E+00  4.697322746607963E+00  6.435379825119337E+01  2.145126608374014E+01  2.145126608374014E+01  6.435379825122044E+01 -2.707167823245982E-11  2.999999999998738E+00  1.301283536775049E+03  2.729648540803095E+02  1.574248390855359E+03  1.289328812910547E+21  2.704571612039887E+20
  0.000000000000000E+00  1.634429776281815E+00 -1.003048442615706E+00  4.697567076614734E+00  6.388774998017812E+01  2.129591666006882E+01  2.129591666006882E+01  6.388774998020646E+01 -2.833644430211280E-11  2.999999999998669E+00  1.281984644557635E+03  2.669537013773518E+02  1.548938345934986E+03  1.273192236204441E+21  2.651228167689670E+20
  0.000000000000000E+00  1.634685001216001E+00 -1.002134471191121E+00  4.697811860857190E+00  6.343251928158079E+01  2.114417309386858E+01  2.114417309386858E+01  6.343251928160576E+01 -2.497557716196752E-11  2.999999999998819E+00  1.262892436602423E+03  2.606582790944146E+02  1.523550715696837E+03  1.257336561115552E+21  2.595115583593005E+20
  0.000000000000000E+00  1.634940226150187E+00 -1.001220499766537E+00  4.698057100573799E+00  6.298831872021211E+01  2.099610624007645E+01  2.099610624007645E+01  6.298831872022935E+01 -1.723776676954003E-11  2.999999999999179E+00  1.244011372145275E+03  2.542496993490933E+02  1.498261071494368E+03  1.239658211944630E+21  2.533600051734494E+20
  0.000000000000000E+00  1.635195451084374E+00 -1.000306528341953E+00  4.698302797007431E+00  6.255534009705301E+01  2.085178003235415E+01  2.085178003235415E+01  6.255534009706246E+01 -9.443112958251731E-12  2.999999999999547E+00  1.225345787444043E+03  2.477279100742028E+02  1.473073697518245E+03  1.221191814792716E+21  2.468881022632460E+20
  0.000000000000000E+00  1.635450676018560E+00 -9.993925569173687E-01  4.698548951405360E+00  6.213377521308441E+01  2.071125840436343E+01  2.071125840436343E+01  6.213377521309029E+01 -5.883293852093630E-12  2.999999999999716E+00  1.206899624180442E+03  2.410928592026275E+02  1.447992483383070E+03  1.202912901733973E+21  2.402964629703234E+20
  0.000000000000000E+00  1.635798896790259E+00 -9.981455634141890E-01  4.698885537557469E+00  6.157625809238569E+01  2.052541936413092E+01  2.052541936413092E+01  6.157625809239276E+01 -7.069900220812997E-12  2.999999999999656E+00  1.182065997941828E+03  2.329188206511984E+02  1.414984818593026E+03  1.178438678712425E+21  2.322040797496675E+20
  0.000000000000000E+00  1.636147117561958E+00 -9.968985699110093E-01  4.699222981733415E+00  6.103746785186545E+01  2.034582261729170E+01  2.034582261729170E+01  6.103746785187509E+01 -9.642064924264560E-12  2.999999999999526E+00  1.157578943683682E+03  2.252714298855782E+02  1.382850373569260E+03  1.153995051011904E+21  2.245739840386811E+20
  0.000000000000000E+00  1.636495338333657E+00 -9.956515764078296E-01  4.699561287141149E+00  6.051615756983526E+01  2.017205252328249E+01  2.017205252328249E+01  6.051615756984749E+01 -1.222133505507372E-11  2.999999999999394E+00  1.133411812618995E+03  2.181510254006612E+02  1.351562838019656E+03  1.129869752050489E+21  2.174692748344082E+20
  0.000000000000000E+00  1.636843559105356E+00 -9.944045829046499E-01  4.699900457004226E+00  6.001108032460673E+01  2.000369344154004E+01  2.000369344154004E+01  6.001108032462012E+01 -1.339373056907789E-11  2.999999999999331E+00  1.109539182185860E+03  2.115579456913580E+02  1.321097127877217E+03  1.106326390707229E+21  2.109453566309026E+20
  0.000000000000000E+00  1.637200787375126E+00 -9.931253331649442E-01  4.700249301924940E+00  5.950845624390588E+01  1.983615208130606E+01  1.983615208130606E+01  5.950845624391818E+01 -1.230660018336494E-11  2.999999999999380E+00  1.085324518407136E+03  2.053054788161763E+02  1.290629997223312E+03  1.082507801701225E+21  2.047726544284576E+20
  0.000000000000000E+00  1.637558015644897E+00 -9.918460834252384E-01  4.700599063525037E+00  5.902087577584265E+01  1.967362525861751E+01  1.967362525861751E+01  5.902087577585255E+01 -9.897860309138196E-12  2.999999999999496E+00  1.061370052102789E+03  1.991699965322652E+02  1.260540048635054E+03  1.058604202662560E+21  1.986509747054029E+20
  0.000000000000000E+00  1.637915243914667E+00 -9.905668336855324E-01  4.700949745336573E+00  5.854805026999711E+01  1.951601675666820E+01  1.951601675666820E+01  5.854805027000462E+01 -7.510436716984259E-12  2.999999999999615E+00  1.037668484689131E+03  1.931515771979163E+02  1.230820061887048E+03  1.034634765066441E+21  1.925868807283357E+20
  0.000000000000000E+00  1.638272472184438E+00 -9.892875839458267E-01  4.701301350909306E+00  5.808969107594937E+01  1.936323035865193E+01  1.936323035865193E+01  5.808969107595580E+01 -6.430411758628907E-12  2.999999999999668E+00  1.014212628976607E+03  1.872502991714792E+02  1.201462928148086E+03  1.010617932840984E+21  1.865866238162383E+20
  0.000000000000000E+00  1.638629319216968E+00 -9.880096994330126E-01  4.701653507088938E+00  5.764636460671613E+01  1.921545486890702E+01  1.921545486890702E+01  5.764636460672107E+01 -4.945377440890297E-12  2.999999999999743E+00  9.910193163930470E+02  1.811119257899248E+02  1.172131242182972E+03  9.865860225841790E+20  1.803017272740785E+20
  0.000000000000000E+00  1.638986166249498E+00 -9.867318149201989E-01  4.702006592193103E+00  5.721803656957897E+01  1.907267885652687E+01  1.907267885652687E+01  5.721803656958062E+01 -1.648459146963432E-12  2.999999999999913E+00  9.680566245436891E+02  1.748649072699987E+02  1.142921531813688E+03  9.625634708963374E+20  1.738726514671764E+20
  0.000000000000000E+00  1.639343013282029E+00 -9.854539304073848E-01  4.702360609813772E+00  5.680496190092939E+01  1.893498730030925E+01  1.893498730030925E+01  5.680496190092775E+01  1.641353719605831E-12  3.000000000000087E+00  9.453190784783768E+02  1.685091744055103E+02  1.113828252883887E+03  9.386283300851527E+20  1.673165056933629E+20
  0.000000000000000E+00  1.639699860314559E+00 -9.841760458945709E-01  4.702715563560976E+00  5.640739553715888E+01  1.880246517905191E+01  1.880246517905191E+01  5.640739553715575E+01  3.133493464702042E-12  3.000000000000167E+00  9.228012055039457E+02  1.620446579903220E+02  1.084845863494268E+03  9.148520667778953E+20  1.606487826289791E+20
  0.000000000000000E+00  1.640060738829594E+00 -9.828837244701737E-01  4.703075483155274E+00  5.602152222301336E+01  1.867384074100350E+01  1.867384074100350E+01  5.602152222301049E+01  2.863487225113204E-12  3.000000000000153E+00  9.002410597252322E+02  1.552820524556338E+02  1.055523112180866E+03  8.910271105207402E+20  1.536927437607692E+20
  0.000000000000000E+00  1.640421617344630E+00 -9.815914030457766E-01  4.703436367629662E+00  5.565223303600494E+01  1.855074434533423E+01  1.855074434533423E+01  5.565223303600271E+01  2.231104190286715E-12  3.000000000000120E+00  8.778802817835749E+02  1.484730211850159E+02  1.026353302968591E+03  8.674749850651180E+20  1.467132073787677E+20
  0.000000000000000E+00  1.640782495859666E+00 -9.802990816213795E-01  4.703798220774971E+00  5.529963357110751E+01  1.843321119036863E+01  1.843321119036863E+01  5.529963357110590E+01  1.605826582817826E-12  3.000000000000087E+00  8.557096669084538E+02  1.416175355131925E+02  9.973272024216461E+02  8.442490359534243E+20  1.397208334259750E+20
  0.000000000000000E+00  1.641143374374701E+00 -9.790067601969823E-01  4.704161046401398E+00  5.496382942329490E+01  1.832127647443119E+01  1.832127647443119E+01  5.496382942329357E+01  1.321609488513786E-12  3.000000000000072E+00  8.337204269487335E+02  1.347155667748862E+02  9.684359937236197E+02  8.213965447589985E+20  1.327242292468696E+20
  0.000000000000000E+00  1.641509199117952E+00 -9.776967261174234E-01  4.704529841435812E+00  5.464048172825769E+01  1.821349390941874E+01  1.821349390941874E+01  5.464048172825622E+01  1.470823463023407E-12  3.000000000000080E+00  8.115998982468038E+02  1.278598598508445E+02  9.394597580976484E+02  7.986009984443174E+20  1.258120065791137E+20
  0.000000000000000E+00  1.641875023861203E+00 -9.763866920378647E-01  4.704899643737135E+00  5.433390476043184E+01  1.811130158681003E+01  1.811130158681003E+01  5.433390476043009E+01  1.755040557327447E-12  3.000000000000097E+00  7.896366943973986E+02  1.211536337398279E+02  9.107903281372265E+02  7.761219300760150E+20  1.190800690001314E+20
  0.000000000000000E+00  1.642240848604453E+00 -9.750766579583059E-01  4.705270457336082E+00  5.404372289590556E+01  1.801457429863450E+01  1.801457429863450E+01  5.404372289590350E+01  2.060573933704291E-12  3.000000000000114E+00  7.678236447827203E+02  1.145969904103614E+02  8.824206351930818E+02  7.539355131881283E+20  1.125241992245499E+20
  0.000000000000000E+00  1.642606673347704E+00 -9.737666238787470E-01  4.705642286284326E+00  5.376956051076704E+01  1.792318683692162E+01  1.792318683692162E+01  5.376956051076485E+01  2.195577053498710E-12  3.000000000000123E+00  7.461540495504001E+02  1.081900318309837E+02  8.543440813813837E+02  7.320193612117306E+20  1.061405456930968E+20
  0.000000000000000E+00  1.643015935257057E+00 -9.724176547990018E-01  4.706060244648350E+00  5.346987877101129E+01  1.782329292366977E+01  1.782329292366977E+01  5.346987877100931E+01  1.982414232770680E-12  3.000000000000111E+00  8.646285986879935E+02  1.258078695652819E+02  9.904364682532754E+02  8.474819965514039E+20  1.233129515295366E+20
  0.000000000000000E+00  1.643473940803965E+00 -9.710837260127535E-01  4.706530460714837E+00  5.313264995522973E+01  1.771088331840941E+01  1.771088331840941E+01  5.313264995522825E+01  1.485034317738609E-12  3.000000000000084E+00  9.405014003036056E+02  1.376045225098478E+02  1.078105922813453E+03  9.209347330387293E+20  1.347417283606598E+20
  0.000000000000000E+00  1.643963677602869E+00 -9.697603035654782E-01  4.707035287896923E+00  5.277251608145735E+01  1.759083869381877E+01  1.759083869381877E+01  5.277251608145633E+01  1.023181539494544E-12  3.000000000000058E+00  9.753307659184135E+02  1.437234035838079E+02  1.119054169502221E+03  9.540511217700656E+20  1.405876644162108E+20
  0.000000000000000E+00  1.644468133268211E+00 -9.684428535026516E-01  4.707556987599210E+00  5.240411916772910E+01  1.746803972257609E+01  1.746803972257609E+01  5.240411916772830E+01  8.029132914089132E-13  3.000000000000046E+00  9.704523548992239E+02  1.442642278150199E+02  1.114716582714244E+03  9.483010292388514E+20  1.409712852245467E+20
  0.000000000000000E+00  1.644989138652189E+00 -9.670882395043079E-01  4.708097348526904E+00  5.202759906918650E+01  1.734253302306188E+01  1.734253302306188E+01  5.202759906918565E+01  8.526512829121202E-13  3.000000000000049E+00  9.485342365554003E+02  1.427693428316812E+02  1.091303579387082E+03  9.259410386964584E+20  1.393687106916109E+20
  0.000000000000000E+00  1.645510144036168E+00 -9.657336255059641E-01  4.708639251860103E+00  5.165570554323027E+01  1.721856851440977E+01  1.721856851440977E+01  5.165570554322932E+01  9.521272659185342E-13  3.000000000000056E+00  9.268515145918699E+02  1.408260576761952E+02  1.067677572268065E+03  9.039058313078401E+20  1.373396846523573E+20
  0.000000000000000E+00  1.646031149420146E+00 -9.643790115076203E-01  4.709182703892569E+00  5.128961155629728E+01  1.709653718543208E+01  1.709653718543207E+01  5.128961155629623E+01  1.051603248924948E-12  3.000000000000062E+00  9.053962017384576E+02  1.384339473548746E+02  1.043830149093332E+03  8.821890656217605E+20  1.348856052552859E+20
  0.000000000000000E+00  1.646552154804124E+00 -9.630243975092766E-01  4.709727710950429E+00  5.093049007482442E+01  1.697683002494110E+01  1.697683002494110E+01  5.093049007482331E+01  1.101341240428155E-12  3.000000000000065E+00  8.841605707780271E+02  1.355925868740628E+02  1.019753157652090E+03  8.607842208851307E+20  1.320076500894900E+20
  0.000000000000000E+00  1.647083279450591E+00 -9.616434734284628E-01  4.710284910655180E+00  5.057309399289299E+01  1.685769799763067E+01  1.685769799763067E+01  5.057309399289203E+01  9.592326932761353E-13  3.000000000000057E+00  8.627191452135054E+02  1.320203420997641E+02  9.947394873132696E+02  8.392557780631915E+20  1.284297856884650E+20
  0.000000000000000E+00  1.647614404097058E+00 -9.602625493476491E-01  4.710843739756788E+00  5.022582859214983E+01  1.674194286404972E+01  1.674194286404972E+01  5.022582859214918E+01  6.536993168992922E-13  3.000000000000039E+00  8.414702968141729E+02  1.280889855814457E+02  9.695592823956188E+02  8.179848294588468E+20  1.245140172185230E+20
  0.000000000000000E+00  1.648145528743525E+00 -9.588816252668352E-01  4.711404205062319E+00  4.988964615418102E+01  1.662988205139355E+01  1.662988205139355E+01  4.988964615418067E+01  3.481659405224491E-13  3.000000000000021E+00  8.204096036899334E+02  1.237981722848137E+02  9.442077759747472E+02  7.969509155811572E+20  1.202583030548533E+20
  0.000000000000000E+00  1.648676653389992E+00 -9.575007011860215E-01  4.711966313414647E+00  4.956549896057257E+01  1.652183298685745E+01  1.652183298685745E+01  4.956549896057237E+01  1.989519660128281E-13  3.000000000000012E+00  7.995327865251552E+02  1.191475571755720E+02  9.186803437007271E+02  7.761350901767369E+20  1.156607978951104E+20
  0.000000000000000E+00  1.649259182704275E+00 -9.560726269782023E-01  4.712584704626726E+00  4.920836324384271E+01  1.640278774794754E+01  1.640278774794754E+01  4.920836324384261E+01  9.947598300641403E-14  3.000000000000006E+00  9.011904430653896E+02  1.365347325011234E+02  1.037725175566513E+03  8.741189108151251E+20  1.324332637798031E+20
  0.000000000000000E+00  1.649885192359860E+00 -9.546624869711848E-01  4.713251234143577E+00  4.881309460289795E+01  1.627103153429935E+01  1.627103153429935E+01  4.881309460289805E+01 -9.947598300641403E-14  2.999999999999993E+00  9.541288827543947E+02  1.466189710881505E+02  1.100747853842545E+03  9.246353520259891E+20  1.420867624868637E+20
  0.000000000000000E+00  1.650533692133903E+00 -9.532618243486968E-01  4.713943721998518E+00  4.839977285747272E+01  1.613325761915767E+01  1.613325761915767E+01  4.839977285747304E+01 -3.197442310920451E-13  2.999999999999980E+00  9.601103790021430E+02  1.495346483053521E+02  1.109645027307495E+03  9.295892449634478E+20  1.447810625258709E+20
  0.000000000000000E+00  1.651183691803561E+00 -9.518621822944660E-01  4.714639877655330E+00  4.798847782730144E+01  1.599615927576728E+01  1.599615927576728E+01  4.798847782730186E+01 -4.192202140984591E-13  2.999999999999974E+00  9.203870915260284E+02  1.453324827351258E+02  1.065719574261154E+03  8.903983970585246E+20  1.405971583688082E+20
  0.000000000000000E+00  1.651845100216438E+00 -9.504217817508686E-01  4.715350439688032E+00  4.757644799926681E+01  1.585881599975573E+01  1.585881599975573E+01  4.757644799926721E+01 -3.979039320256561E-13  2.999999999999975E+00  8.996683531551485E+02  1.434476354509259E+02  1.043115988606074E+03  8.697196732736568E+20  1.386724676918174E+20
  0.000000000000000E+00  1.652506508629314E+00 -9.489813812072712E-01  4.716063190491422E+00  4.717082057812141E+01  1.572360685937394E+01  1.572360685937394E+01  4.717082057812182E+01 -4.121147867408581E-13  2.999999999999974E+00  8.792003511573895E+02  1.409573808568201E+02  1.020157732014210E+03  8.493690810648663E+20  1.361746965752010E+20
  0.000000000000000E+00  1.653167917042191E+00 -9.475409806636739E-01  4.716778139466795E+00  4.677331707057137E+01  1.559110569019058E+01  1.559110569019058E+01  4.677331707057175E+01 -3.765876499528531E-13  2.999999999999975E+00  8.589797034884288E+02  1.378609938864151E+02  9.968406973748438E+02  8.293311681210783E+20  1.331025851179423E+20
  0.000000000000000E+00  1.653829325455067E+00 -9.461005801200765E-01  4.717495296064537E+00  4.638565898332276E+01  1.546188632777438E+01  1.546188632777438E+01  4.638565898332313E+01 -3.765876499528531E-13  2.999999999999975E+00  8.390029144402930E+02  1.341577494732914E+02  9.731606639135845E+02  8.095911969891304E+20  1.294547743661970E+20
  0.000000000000000E+00  1.654505731278812E+00 -9.446275185483660E-01  4.718231007337530E+00  4.600167655718339E+01  1.533389218572804E+01  1.533389218572804E+01  4.600167655718413E+01 -7.389644451905042E-13  2.999999999999952E+00  8.188059206430153E+02  1.294488824839399E+02  9.482548031269552E+02  7.896784120489206E+20  1.248439775339538E+20
  0.000000000000000E+00  1.655182137102556E+00 -9.431544569766555E-01  4.718969047633554E+00  4.563211443681330E+01  1.521070481227160E+01  1.521070481227160E+01  4.563211443681480E+01 -1.499245172453811E-12  2.999999999999901E+00  7.988266827276897E+02  1.243593809195173E+02  9.231860636472070E+02  7.700177374569674E+20  1.198744748988799E+20
  0.000000000000000E+00  1.655858542926301E+00 -9.416813954049449E-01  4.719709427221682E+00  4.527806923898509E+01  1.509268974632912E+01  1.509268974632912E+01  4.527806923898737E+01 -2.280842181789922E-12  2.999999999999849E+00  7.790622379888300E+02  1.188887829055607E+02  8.979510208943908E+02  7.506038966743026E+20  1.145458980917242E+20
  0.000000000000000E+00  1.656534948750045E+00 -9.402083338332344E-01  4.720452156425926E+00  4.494063758047137E+01  1.498021252682467E+01  1.498021252682467E+01  4.494063758047400E+01 -2.629008122312371E-12  2.999999999999825E+00  7.595095661686887E+02  1.130366265676123E+02  8.725461927363010E+02  7.314316482396153E+20  1.088578337450874E+20
  0.000000000000000E+00  1.657248933572079E+00 -9.386811077839681E-01  4.721238444723605E+00  4.459642715098097E+01  1.486547571699438E+01  1.486547571699438E+01  4.459642715098314E+01 -2.174260771425907E-12  2.999999999999853E+00  7.852510759347844E+02  1.150464659227396E+02  9.002975418575239E+02  7.558594156550766E+20  1.107403188235371E+20
  0.000000000000000E+00  1.657987091108680E+00 -9.371651043380780E-01  4.722053420992768E+00  4.424210081778557E+01  1.474736693926224E+01  1.474736693926224E+01  4.424210081778674E+01 -1.172395514004165E-12  2.999999999999921E+00  8.217150540157163E+02  1.197872495678560E+02  9.415023035835723E+02  7.905493372118723E+20  1.152440012988864E+20
  0.000000000000000E+00  1.658753805527696E+00 -9.356635511687347E-01  4.722901919633770E+00  4.386953586532795E+01  1.462317862177604E+01  1.462317862177604E+01  4.386953586532812E+01 -1.776356839400250E-13  2.999999999999988E+00  8.686047815631674E+02  1.272470530670057E+02  9.958518346301731E+02  8.351925666708033E+20  1.223523000426860E+20
  0.000000000000000E+00  1.659553460996979E+00 -9.341796759491083E-01  4.723788791267804E+00  4.347060957805085E+01  1.449020319268352E+01  1.449020319268352E+01  4.347060957805058E+01  2.700062395888381E-13  3.000000000000019E+00  9.255618123185154E+02  1.374090819804902E+02  1.062970894299006E+03  8.894183321056085E+20  1.320432140616370E+20
  0.000000000000000E+00  1.660409085141702E+00 -9.326371422797487E-01  4.724740284250974E+00  4.303731635644142E+01  1.434577211881368E+01  1.434577211881368E+01  4.303731635644105E+01  3.765876499528531E-13  3.000000000000026E+00  9.062795738617540E+02  1.369350543495057E+02  1.043214628211260E+03  8.703444486975715E+20  1.315054071861633E+20
  0.000000000000000E+00  1.661264709286425E+00 -9.310946086103890E-01  4.725694959173623E+00  4.260598642873943E+01  1.420199547624629E+01  1.420199547624629E+01  4.260598642873888E+01  5.542233338928781E-13  3.000000000000039E+00  8.873038952977262E+02  1.363066133299187E+02  1.023610508627645E+03  8.516424112991011E+20  1.308283367936248E+20
  0.000000000000000E+00  1.662120333431148E+00 -9.295520749410292E-01  4.726652830274885E+00  4.217710535444094E+01  1.405903511814673E+01  1.405903511814673E+01  4.217710535444020E+01  7.389644451905042E-13  3.000000000000053E+00  8.686239658125480E+02  1.355235212004077E+02  1.004147487012956E+03  8.332868990446778E+20  1.300101990889278E+20
  0.000000000000000E+00  1.662975957575871E+00 -9.280095412716695E-01  4.727613911865929E+00  4.175115869304195E+01  1.391705289768037E+01  1.391705289768037E+01  4.175115869304113E+01  8.242295734817162E-13  3.000000000000059E+00  8.502292874613654E+02  1.345855402396633E+02  9.848148277010287E+02  8.152539503805710E+20  1.290491811592347E+20
  0.000000000000000E+00  1.663856206018215E+00 -9.264254244969428E-01  4.728605968326331E+00  4.131730185222838E+01  1.377243395074253E+01  1.377243395074253E+01  4.131730185222760E+01  7.744915819785092E-13  3.000000000000056E+00  8.372848244822609E+02  1.335316166092076E+02  9.708164410914686E+02  8.024726407569877E+20  1.279797099764714E+20
  0.000000000000000E+00  1.664740712662740E+00 -9.248436618903413E-01  4.729606081814071E+00  4.088552366971624E+01  1.362850788990518E+01  1.362850788990518E+01  4.088552366971555E+01  6.821210263296962E-13  3.000000000000050E+00  8.304500110888185E+02  1.334405781200907E+02  9.638905892089092E+02  7.955728768628177E+20  1.278363576466783E+20
  0.000000000000000E+00  1.665632245820517E+00 -9.232658791006483E-01  4.730617298422199E+00  4.045271982498527E+01  1.348423994166155E+01  1.348423994166156E+01  4.045271982498468E+01  5.897504706808832E-13  3.000000000000044E+00  8.296048699385539E+02  1.343116341231010E+02  9.639165040616548E+02  7.944280550559559E+20  1.286165669154103E+20
  0.000000000000000E+00  1.666533573802619E+00 -9.216937017766468E-01  4.731642677405728E+00  4.001578599751520E+01  1.333859533250488E+01  1.333859533250488E+01  4.001578599751466E+01  5.400124791776761E-13  3.000000000000040E+00  8.346235472110048E+02  1.361427859651692E+02  9.707663331761740E+02  7.989068008033474E+20  1.303167133869405E+20
  0.000000000000000E+00  1.667467982615012E+00 -9.200777241834498E-01  4.732709096157723E+00  3.956668666573469E+01  1.318889555524473E+01  1.318889555524473E+01  3.956668666573421E+01  4.831690603168681E-13  3.000000000000036E+00  8.167257017406448E+02  1.336606212283906E+02  9.503863229690354E+02  7.814712798779048E+20  1.278910857317374E+20
  0.000000000000000E+00  1.668402391427405E+00 -9.184617465902528E-01  4.733779283510760E+00  3.912669396047805E+01  1.304223132015922E+01  1.304223132015922E+01  3.912669396047767E+01  3.836930773104541E-13  3.000000000000029E+00  7.990917763236652E+02  1.308186855797638E+02  9.299104619034290E+02  7.643416717295100E+20  1.251297733152915E+20
  0.000000000000000E+00  1.669336800239798E+00 -9.168457689970558E-01  4.734853257012483E+00  3.869699478120445E+01  1.289899826040138E+01  1.289899826040138E+01  3.869699478120415E+01  2.913225216616411E-13  3.000000000000023E+00  7.817206674122191E+02  1.276163793550504E+02  9.093370467672694E+02  7.475089966485912E+20  1.220313030783873E+20
  0.000000000000000E+00  1.670271209052191E+00 -9.152297914038588E-01  4.735931034299988E+00  3.827877602737301E+01  1.275959200912425E+01  1.275959200912425E+01  3.827877602737277E+01  2.344791028008331E-13  3.000000000000019E+00  7.646110189799638E+02  1.240531028900208E+02  8.886641218699846E+02  7.309645527726277E+20  1.185941853088008E+20
  0.000000000000000E+00  1.671223498453042E+00 -9.135702518096792E-01  4.737033714173926E+00  3.787122742917239E+01  1.262374247639073E+01  1.262374247639073E+01  3.787122742917219E+01  1.989519660128281E-13  3.000000000000016E+00  7.298836129955603E+02  1.162752594066973E+02  8.461588724022575E+02  6.976174948768936E+20  1.111350546021295E+20
  0.000000000000000E+00  1.672173750036189E+00 -9.119094389199355E-01  4.738138180401770E+00  3.748146421716737E+01  1.249382140572242E+01  1.249382140572242E+01  3.748146421716727E+01  9.947598300641403E-14  3.000000000000008E+00  7.220095196907498E+02  1.137246310561075E+02  8.357341507468574E+02  6.899634226769622E+20  1.086770098540461E+20
  0.000000000000000E+00  1.673135147243636E+00 -9.102552741555325E-01  4.739258923406521E+00  3.709174296372053E+01  1.236391432124017E+01  1.236391432124017E+01  3.709174296372052E+01  1.421085471520200E-14  3.000000000000001E+00  7.404463647590281E+02  1.164026141553107E+02  8.568489789143388E+02  7.074381546730509E+20  1.112135253496065E+20
  0.000000000000000E+00  1.674120873517389E+00 -9.086156789373753E-01  4.740410497085404E+00  3.668432024119441E+01  1.222810674706481E+01  1.222810674706481E+01  3.668432024119443E+01 -2.842170943040401E-14  2.999999999999998E+00  7.845007481860684E+02  1.242896128197771E+02  9.087903610058455E+02  7.493301597348740E+20  1.187174845186249E+20
  0.000000000000000E+00  1.675161121829393E+00 -9.069242828270176E-01  4.741629002645992E+00  3.624860535270147E+01  1.208286845090050E+01  1.208286845090050E+01  3.624860535270149E+01 -1.421085471520200E-14  2.999999999999999E+00  7.678700585033606E+02  1.229741792727173E+02  8.908442377760779E+02  7.332199152402593E+20  1.174249683323049E+20
  0.000000000000000E+00  1.676201370141397E+00 -9.052328867166599E-01  4.742852051266648E+00  3.581773323567570E+01  1.193924441189190E+01  1.193924441189190E+01  3.581773323567569E+01  1.421085471520200E-14  3.000000000000001E+00  7.515170751913166E+02  1.216933504391392E+02  8.732104256304557E+02  7.174040823693106E+20  1.161694248663777E+20
  0.000000000000000E+00  1.677241618453401E+00 -9.035414906063023E-01  4.744079664722722E+00  3.539157595353525E+01  1.179719198451173E+01  1.179719198451174E+01  3.539157595353521E+01  4.263256414560601E-14  3.000000000000004E+00  7.354357706221679E+02  1.204471939661884E+02  8.558829645883561E+02  7.018722927459238E+20  1.149502805830933E+20
  0.000000000000000E+00  1.678281866765405E+00 -9.018500944959446E-01  4.745311864897378E+00  3.497000556969825E+01  1.165666852323273E+01  1.165666852323273E+01  3.497000556969820E+01  4.973799150320701E-14  3.000000000000004E+00  7.196201663390350E+02  1.192357775010317E+02  8.388559438400667E+02  6.866145415137964E+20  1.137669878227689E+20
  0.000000000000000E+00  1.679345321809444E+00 -9.001209653022020E-01  4.746576318276079E+00  3.454467126271691E+01  1.151489042090561E+01  1.151489042090561E+01  3.454467126271684E+01  7.105427357601002E-14  3.000000000000006E+00  7.036951890345518E+02  1.174190365783728E+02  8.211142256129248E+02  6.712685083313570E+20  1.120082995619277E+20
  0.000000000000000E+00  1.680408776853483E+00 -8.983918361084597E-01  4.747845611901965E+00  3.412649345978046E+01  1.137549781992679E+01  1.137549781992679E+01  3.412649345978036E+01  9.237055564881302E-14  3.000000000000008E+00  6.879914408904084E+02  1.154006756481501E+02  8.033921165385585E+02  6.561544801234992E+20  1.100604830749256E+20
  0.000000000000000E+00  1.681472231897521E+00 -8.966627069147173E-01  4.749119769507057E+00  3.371618749834320E+01  1.123872916611436E+01  1.123872916611436E+01  3.371618749834308E+01  1.136868377216160E-13  3.000000000000010E+00  6.725151275956910E+02  1.131803164718279E+02  7.856954440675189E+02  6.412776294486038E+20  1.079232303766569E+20
  0.000000000000000E+00  1.682535686941560E+00 -8.949335777209748E-01  4.750398814942441E+00  3.331446871585943E+01  1.110482290528643E+01  1.110482290528643E+01  3.331446871585931E+01  1.278976924368180E-13  3.000000000000011E+00  6.572717619535111E+02  1.107575808108589E+02  7.680293427643700E+02  6.266424596790504E+20  1.055962037090022E+20
  0.000000000000000E+00  1.683621507366152E+00 -8.931658632297463E-01  4.751709927135857E+00  3.291532343806353E+01  1.097177447935447E+01  1.097177447935447E+01  3.291532343806340E+01  1.207922650792170E-13  3.000000000000011E+00  6.388067371122767E+02  1.072393969693648E+02  7.460461340816415E+02  6.089548766170668E+20  1.022280291613305E+20
  0.000000000000000E+00  1.684706703872518E+00 -8.913977634654330E-01  4.753025499668819E+00  3.252817753764976E+01  1.084272584588321E+01  1.084272584588321E+01  3.252817753764964E+01  1.207922650792170E-13  3.000000000000011E+00  6.244135226237802E+02  1.043435206939813E+02  7.287570433177614E+02  5.951673917294701E+20  9.945630388393153E+19
  0.000000000000000E+00  1.685793309672768E+00 -8.896305335541769E-01  4.754347816695262E+00  3.215073721208568E+01  1.071691240402853E+01  1.071691240402853E+01  3.215073721208558E+01  9.947598300641403E-14  3.000000000000009E+00  6.140280204271598E+02  1.020711900095573E+02  7.160992104367170E+02  5.852119023729196E+20  9.728102512554100E+19
  0.000000000000000E+00  1.686883357979011E+00 -8.878654286221196E-01  4.755679172151494E+00  3.178070865883885E+01  1.059356955294625E+01  1.059356955294625E+01  3.178070865883875E+01  9.592326932761353E-14  3.000000000000009E+00  6.075854761668089E+02  1.004232481465839E+02  7.080087243133927E+02  5.790204533668419E+20  9.570194968656878E+19
  0.000000000000000E+00  1.688001181030037E+00 -8.860608384678483E-01  4.757049613256012E+00  3.141143096657337E+01  1.047047698885777E+01  1.047047698885777E+01  3.141143096657330E+01  7.105427357601002E-14  3.000000000000007E+00  5.927774015216389E+02  9.703020474956715E+01  6.898076062712061E+02  5.648636269107377E+20  9.246107094170532E+19
  0.000000000000000E+00  1.689119004081064E+00 -8.842562483135771E-01  4.758425575845124E+00  3.105586029333962E+01  1.035195343111320E+01  1.035195343111320E+01  3.105586029333960E+01  2.131628207280301E-14  3.000000000000002E+00  5.781688502634087E+02  9.321727781898534E+01  6.713861280823941E+02  5.509084168411966E+20  8.882211990858152E+19
  0.000000000000000E+00  1.690236827132090E+00 -8.824516581593059E-01  4.759807088113384E+00  3.071554793976041E+01  1.023851597992014E+01  1.023851597992014E+01  3.071554793976044E+01 -3.197442310920451E-14  2.999999999999997E+00  5.637680758641901E+02  8.898364284165707E+01  6.527517187058472E+02  5.371598201342258E+20  8.478386703688979E+19
  0.000000000000000E+00  1.691354650183116E+00 -8.806470680050347E-01  4.761194178398496E+00  3.039204520645855E+01  1.013068173548620E+01  1.013068173548620E+01  3.039204520645859E+01 -4.263256414560601E-14  2.999999999999996E+00  5.495823949359752E+02  8.432847530439658E+01  6.339108702403718E+02  5.236221737206667E+20  8.034511285715726E+19
  0.000000000000000E+00  1.692495558977777E+00 -8.788052087090795E-01  4.762615697023614E+00  3.008127578748458E+01  1.002709192916154E+01  1.002709192916154E+01  3.008127578748463E+01 -4.973799150320701E-14  2.999999999999995E+00  5.353122266282612E+02  7.888557218869197E+01  6.141977988169532E+02  5.100067945257370E+20  7.515647094349293E+19
  0.000000000000000E+00  1.693636467772437E+00 -8.769633494131244E-01  4.764043086550798E+00  2.979236134000632E+01  9.930787113335461E+00  9.930787113335461E+00  2.979236134000638E+01 -5.684341886080801E-14  2.999999999999994E+00  5.212343737967257E+02  7.294668977097281E+01  5.941810635676985E+02  4.965746341889539E+20  6.949556209131096E+19
  0.000000000000000E+00  1.694777376567098E+00 -8.751214901171691E-01  4.765476377573105E+00  2.952715954981670E+01  9.842386516605590E+00  9.842386516605590E+00  2.952715954981677E+01 -6.750155989720952E-14  2.999999999999993E+00  5.073521660433989E+02  6.651084069495467E+01  5.738630067383535E+02  4.833261184187092E+20  6.336116925754440E+19
  0.000000000000000E+00  1.695918285361758E+00 -8.732796308212140E-01  4.766915600840100E+00  2.928752810270865E+01  9.762509367569573E+00  9.762509367569573E+00  2.928752810270872E+01 -7.815970093361102E-14  2.999999999999992E+00  4.936683603310331E+02  5.957703760434113E+01  5.532453979353742E+02  4.702614274753657E+20  5.675223490074214E+19
  0.000000000000000E+00  1.697082257342647E+00 -8.714005387997784E-01  4.768390063046087E+00  2.907055284657257E+01  9.690184282190879E+00  9.690184282190879E+00  2.907055284657264E+01 -7.105427357601002E-14  2.999999999999993E+00  4.798975088376005E+02  5.243553523222245E+01  5.323330440698230E+02  4.571077866263792E+20  4.994543836792834E+19
  0.000000000000000E+00  1.698246229323537E+00 -8.695214467783426E-01  4.769870764914780E+00  2.888184950786307E+01  9.627283169287711E+00  9.627283169287711E+00  2.888184950786313E+01 -6.394884621840902E-14  2.999999999999993E+00  4.662775651150314E+02  4.504297764641788E+01  5.113205427614493E+02  4.440936726498009E+20  4.289998676034468E+19
  0.000000000000000E+00  1.699410201304426E+00 -8.676423547569070E-01  4.771357739603680E+00  2.872235122052388E+01  9.574117073507978E+00  9.574117073507976E+00  2.872235122052393E+01 -5.684341886080801E-14  2.999999999999994E+00  4.527748119616559E+02  3.739886888809808E+01  4.901736808497540E+02  4.311867988764515E+20  3.561571476909978E+19
  0.000000000000000E+00  1.700574173285315E+00 -8.657632627354713E-01  4.772851020440859E+00  2.859299111849871E+01  9.530997039499589E+00  9.530997039499589E+00  2.859299111849877E+01 -5.684341886080801E-14  2.999999999999994E+00  4.393588827876597E+02  2.950271299843555E+01  4.688615957860953E+02  4.183581536549007E+20  2.809252531671497E+19
  0.000000000000000E+00  1.701905492677273E+00 -8.637652075500609E-01  4.774555720301228E+00  2.842348451111051E+01  9.474494837046299E+00  9.474494837046299E+00  2.842348451113889E+01 -2.838973500729480E-11  2.999999999997003E+00  6.383502756631580E+02  5.044476952588623E+01  6.887950451890441E+02  6.076424342060971E+20  4.801812377355277E+19
  0.000000000000000E+00  1.703342391973384E+00 -8.618385792101179E-01  4.776386900080944E+00  2.817686184154251E+01  9.392287280544418E+00  9.392287280544418E+00  2.817686184163325E+01 -9.074341278392239E-11  2.999999999990339E+00  7.677784740160888E+02  6.625481799090792E+01  8.340332920069967E+02  7.304257871137313E+20  6.303149830177685E+19
  0.000000000000000E+00  1.704844139320008E+00 -8.599583466309089E-01  4.778298812230315E+00  2.787436401210033E+01  9.291454670751136E+00  9.291454670751138E+00  2.787436401225342E+01 -1.530935378468712E-10  2.999999999983523E+00  8.310769779059367E+02  7.706594383318576E+01  9.081429217391224E+02  7.901125139203473E+20  7.326730042878703E+19
  0.000000000000000E+00  1.706370002863504E+00 -8.580994787276999E-01  4.780245527481805E+00  2.753723192508953E+01  9.179077308423652E+00  9.179077308423652E+00  2.753723192527096E+01 -1.814299821489840E-10  2.999999999980234E+00  8.318397218332328E+02  8.301765159462464E+01  9.148573734278575E+02  7.903453603856811E+20  7.887651195993324E+19
  0.000000000000000E+00  1.707973438904555E+00 -8.561466221356048E-01  4.782299881031538E+00  2.715309335256419E+01  9.051031117572371E+00  9.051031117572370E+00  2.715309335271711E+01 -1.529265603039676E-10  2.999999999983104E+00  8.198271714621703E+02  9.116083783125417E+01  9.109880092934244E+02  7.785224342529927E+20  8.656794974281372E+19
  0.000000000000000E+00  1.709576874945606E+00 -8.541937655435098E-01  4.784363201217512E+00  2.673957344682795E+01  8.913191148972725E+00  8.913191148972725E+00  2.673957344691818E+01 -9.022826930049632E-11  2.999999999989877E+00  8.081298168586827E+02  9.654972033528227E+01  9.046795371939651E+02  7.670821859055529E+20  9.164563536492955E+19
  0.000000000000000E+00  1.711180310986657E+00 -8.522409089514147E-01  4.786435529189371E+00  2.630883873602598E+01  8.769612912017834E+00  8.769612912017834E+00  2.630883873605350E+01 -2.752642558334628E-11  2.999999999996861E+00  7.967384400929475E+02  9.917650659809779E+01  8.959149466910453E+02  7.560059953482427E+20  9.410620827722274E+19
  0.000000000000000E+00  1.712783747027708E+00 -8.502880523593196E-01  4.788516906147353E+00  2.587305574830344E+01  8.624351916100821E+00  8.624351916100821E+00  2.587305574830247E+01  9.698908343125368E-13  3.000000000000113E+00  7.856440154093568E+02  9.903340411107961E+01  8.846774195204364E+02  7.452759561909073E+20  9.394485733499594E+19
  0.000000000000000E+00  1.714417675110815E+00 -8.482980589037572E-01  4.790647215445816E+00  2.543273272968737E+01  8.477577576562187E+00  8.477577576562187E+00  2.543273272968656E+01  8.135714324453147E-13  3.000000000000096E+00  7.746145083563612E+02  9.806542310822772E+01  8.726799314645890E+02  7.346572908922654E+20  9.300687928472198E+19
  0.000000000000000E+00  1.716051603193922E+00 -8.463080654481947E-01  4.792787007688942E+00  2.499826127397639E+01  8.332753757991970E+00  8.332753757991970E+00  2.499826127397591E+01  4.725109192804666E-13  3.000000000000056E+00  7.638549833948437E+02  9.659820205811944E+01  8.604531854529631E+02  7.243359042125424E+20  9.160056235033544E+19
  0.000000000000000E+00  1.717685531277029E+00 -8.443180719926322E-01  4.794936326610800E+00  2.457185884914500E+01  8.190619616381625E+00  8.190619616381625E+00  2.457185884914488E+01  1.207922650792170E-13  3.000000000000015E+00  7.533765730854115E+02  9.463032070034298E+01  8.480068937857544E+02  7.143127815748211E+20  8.972358580775241E+19
  0.000000000000000E+00  1.719319459360136E+00 -8.423280785370698E-01  4.797095215983668E+00  2.415574292316774E+01  8.051914307722589E+00  8.051914307722589E+00  2.415574292316777E+01 -3.197442310920451E-14  2.999999999999996E+00  7.431900684465688E+02  9.216035877448248E+01  8.353504272210513E+02  7.045890868834578E+20  8.737358825514628E+19
  0.000000000000000E+00  1.720984034299242E+00 -8.403007596670649E-01  4.799304485401471E+00  2.374298103489438E+01  7.914327011631493E+00  7.914327011631493E+00  2.374298103489448E+01 -9.947598300641403E-14  2.999999999999988E+00  7.330516550889854E+02  8.995933846970603E+01  8.230109935586916E+02  6.949236254433009E+20  8.528030623470921E+19
  0.000000000000000E+00  1.722648609238348E+00 -8.382734407970599E-01  4.801523779468334E+00  2.334072493836586E+01  7.780241646122039E+00  7.780241646122039E+00  2.334072493836612E+01 -2.629008122312371E-13  2.999999999999967E+00  7.230955057062469E+02  8.769642186967687E+01  8.107919275759236E+02  6.854404924445942E+20  8.312965316147297E+19
  0.000000000000000E+00  1.724313184177453E+00 -8.362461219270551E-01  4.803753144559686E+00  2.294923472605755E+01  7.649744908685988E+00  7.649744908685987E+00  2.294923472605796E+01 -4.121147867408581E-13  2.999999999999946E+00  7.133383407426560E+02  8.537144238843339E+01  7.987097831310895E+02  6.761540365917901E+20  8.092127127290819E+19
  0.000000000000000E+00  1.725977759116559E+00 -8.342188030570501E-01  4.805992627072374E+00  2.256877049044481E+01  7.522923496815096E+00  7.522923496815096E+00  2.256877049044529E+01 -4.867217739956686E-13  2.999999999999935E+00  7.037963998909776E+02  8.298423344000382E+01  7.867806333309813E+02  6.670782210838411E+20  7.865481384920284E+19
  0.000000000000000E+00  1.727673828082576E+00 -8.321531269863269E-01  4.808284935362911E+00  2.219228353359058E+01  7.397427844530342E+00  7.397427844530342E+00  2.219228353359103E+01 -4.511946372076636E-13  2.999999999999940E+00  6.942786458787813E+02  8.069191168950772E+01  7.749705575682890E+02  6.580340148592695E+20  7.647941202124646E+19
  0.000000000000000E+00  1.729369897048593E+00 -8.300874509156037E-01  4.810587844837915E+00  2.182663856591670E+01  7.275546188639019E+00  7.275546188639019E+00  2.182663856591706E+01 -3.659295089164516E-13  2.999999999999950E+00  6.849734025399611E+02  7.842699196422176E+01  7.634003945041827E+02  6.492040412995207E+20  7.433152870073292E+19
  0.000000000000000E+00  1.731065966014610E+00 -8.280217748448805E-01  4.812901404611838E+00  2.147168829881130E+01  7.157229432937192E+00  7.157229432937192E+00  2.147168829881158E+01 -2.806643806252396E-13  2.999999999999961E+00  6.759233094019407E+02  7.618956860065047E+01  7.521128780025912E+02  6.406288189961484E+20  7.221120010737213E+19
  0.000000000000000E+00  1.732762034980627E+00 -8.259560987741572E-01  4.815225663798405E+00  2.112728544366251E+01  7.042428481220917E+00  7.042428481220917E+00  2.112728544366276E+01 -2.486899575160351E-13  2.999999999999965E+00  6.671698430353798E+02  7.397973593530473E+01  7.411495789706845E+02  6.323477587216960E+20  7.011845738811680E+19
  0.000000000000000E+00  1.734490432241502E+00 -8.238510272831140E-01  4.817605286001902E+00  2.078688580911209E+01  6.928961936370792E+00  6.928961936370790E+00  2.078688580911237E+01 -2.877698079828406E-13  2.999999999999959E+00  6.584869167552228E+02  7.181405765225573E+01  7.303009744074785E+02  6.241458570815946E+20  6.806884908927644E+19
  0.000000000000000E+00  1.736218813741427E+00 -8.217459428513526E-01  4.819996104876664E+00  2.045682259042319E+01  6.818940863474519E+00  6.818940863474519E+00  2.045682259042356E+01 -3.730349362740526E-13  2.999999999999945E+00  6.500378905433465E+02  6.969381399068629E+01  7.197317045340328E+02  6.161745216356642E+20  6.606315281218592E+19
  0.000000000000000E+00  1.737947188425979E+00 -8.196408528237521E-01  4.822398182349845E+00  2.013686311798551E+01  6.712287705995324E+00  6.712287705995324E+00  2.013686311798598E+01 -4.654054919228656E-13  2.999999999999930E+00  6.418337709183168E+02  6.761915438290168E+01  7.094529253012184E+02  6.084415911739067E+20  6.410118593121324E+19
  0.000000000000000E+00  1.739675565240733E+00 -8.175357645451917E-01  4.824811580316519E+00  1.982677472218879E+01  6.608924907396431E+00  6.608924907396431E+00  1.982677472218930E+01 -5.009326287108706E-13  2.999999999999924E+00  6.338852550478292E+02  6.559022821125417E+01  6.994754832590835E+02  6.009547477264428E+20  6.218279843887505E+19
  0.000000000000000E+00  1.741437640866822E+00 -8.153896409832312E-01  4.827283737030744E+00  1.952052615340869E+01  6.506842051136344E+00  6.506842051136344E+00  1.952052615340903E+01 -3.410605131648481E-13  2.999999999999948E+00  6.259784312666176E+02  6.358543936964661E+01  6.895638706362641E+02  5.935100617964171E+20  6.028737759106211E+19
  0.000000000000000E+00  1.743199716492910E+00 -8.132435174212707E-01  4.829767766277144E+00  1.922395013236320E+01  6.407983377454396E+00  6.407983377454396E+00  1.922395013236319E+01  7.105427357601002E-15  3.000000000000001E+00  6.182371905969325E+02  6.163730812068619E+01  6.798744987176186E+02  5.862236723721227E+20  5.844560901739450E+19
  0.000000000000000E+00  1.744961792118999E+00 -8.110973938593101E-01  4.832263722911733E+00  1.893675855506628E+01  6.312252851688638E+00  6.312252851688638E+00  1.893675855506591E+01  3.623767952376511E-13  3.000000000000057E+00  6.106829563275041E+02  5.974601898844831E+01  6.704289753159525E+02  5.791161615084435E+20  5.665768926985599E+19
  0.000000000000000E+00  1.746723867745088E+00 -8.089512702973497E-01  4.834771661724127E+00  1.865866331753190E+01  6.219554439177125E+00  6.219554439177125E+00  1.865866331753138E+01  5.222489107836736E-13  3.000000000000083E+00  6.033365737256588E+02  5.791175649701297E+01  6.612483302226717E+02  5.722075599067956E+20  5.492381254205248E+19
  0.000000000000000E+00  1.748521631438972E+00 -8.067616803812528E-01  4.837342800312216E+00  1.838397728618884E+01  6.127992428729464E+00  6.127992428729464E+00  1.838397728618840E+01  4.440892098500626E-13  3.000000000000073E+00  5.960165639739683E+02  5.611338110257288E+01  6.521299450765413E+02  5.653284466225553E+20  5.322417612347178E+19
  0.000000000000000E+00  1.750319395132857E+00 -8.045720904651559E-01  4.839926526320821E+00  1.811808707160604E+01  6.039362357201922E+00  6.039362357201922E+00  1.811808707160577E+01  2.735589532676386E-13  3.000000000000045E+00  5.888516392052832E+02  5.437439863502051E+01  6.432260378403038E+02  5.586003334333181E+20  5.158100136861451E+19
  0.000000000000000E+00  1.752117158826742E+00 -8.023825005490591E-01  4.842522897662003E+00  1.786068855527261E+01  5.953562851757501E+00  5.953562851757501E+00  1.786068855527250E+01  1.101341240428155E-13  3.000000000000018E+00  5.818709879671313E+02  5.269500387537524E+01  6.345659918425066E+02  5.520499568416168E+20  4.999437197720018E+19
  0.000000000000000E+00  1.753914922520627E+00 -8.001929106329622E-01  4.845131972134116E+00  1.761147761867768E+01  5.870492539559215E+00  5.870492539559215E+00  1.761147761867765E+01  2.842170943040401E-14  3.000000000000005E+00  5.751030384170397E+02  5.107539160465485E+01  6.261784300216946E+02  5.457033937858148E+20  4.846438407683753E+19
  0.000000000000000E+00  1.755750389479185E+00 -7.979573999496291E-01  4.847808930396686E+00  1.736517671015507E+01  5.788392236718352E+00  5.788392236718352E+00  1.736517671015506E+01  7.105427357601002E-15  3.000000000000002E+00  5.683872724393350E+02  4.947953656042424E+01  6.178668089997592E+02  5.394080708733027E+20  4.695682443630391E+19
  0.000000000000000E+00  1.757585856437744E+00 -7.957218892662958E-01  4.850499251555223E+00  1.712681778439023E+01  5.708939261463424E+00  5.708939261463424E+00  1.712681778439028E+01 -4.618527782440651E-14  2.999999999999992E+00  5.618392396462232E+02  4.793507418693829E+01  6.097743138331615E+02  5.332703244476202E+20  4.549762772031609E+19
  0.000000000000000E+00  1.759421323396302E+00 -7.934863785829626E-01  4.853202996680957E+00  1.689613258303219E+01  5.632044194344093E+00  5.632044194344092E+00  1.689613258303228E+01 -9.237055564881302E-14  2.999999999999984E+00  5.554860357615103E+02  4.644217629759591E+01  6.019282120591062E+02  5.273152688635112E+20  4.408692047028822E+19
  0.000000000000000E+00  1.761256790354861E+00 -7.912508678996294E-01  4.855920226671023E+00  1.667285284772995E+01  5.557617615910020E+00  5.557617615910020E+00  1.667285284773006E+01 -1.136868377216160E-13  2.999999999999979E+00  5.493540771553786E+02  4.500101470579369E+01  5.943550918611724E+02  5.215674181868101E+20  4.272483637042156E+19
  0.000000000000000E+00  1.763133172592358E+00 -7.889655355389665E-01  4.858712027994097E+00  1.645196941089185E+01  5.483989803635295E+00  5.483989803635295E+00  1.645196941090588E+01 -1.402966631758318E-11  2.999999999997441E+00  5.432939907079951E+02  4.358111022049045E+01  5.868751009284856E+02  5.158875195860923E+20  4.138266065331992E+19
  0.000000000000000E+00  1.765009564362737E+00 -7.866802110053257E-01  4.861518060667037E+00  1.623827986728868E+01  5.412759955777783E+00  5.412759955777783E+00  1.623827986733335E+01 -4.466826908355870E-11  2.999999999991747E+00  5.373744205291579E+02  4.220752758664118E+01  5.795819481157990E+02  5.103398096936147E+20  4.008412156089160E+19
  0.000000000000000E+00  1.766885963532069E+00 -7.843948925466784E-01  4.864338386707803E+00  1.603153799846973E+01  5.343845999515016E+00  5.343845999515016E+00  1.603153799854505E+01 -7.532108270424942E-11  2.999999999985905E+00  5.316135832502141E+02  4.088042443090850E+01  5.724940076811225E+02  5.049406761137934E+20  3.882931099269172E+19
  0.000000000000000E+00  1.768762367966425E+00 -7.821095784109959E-01  4.867173067886516E+00  1.583149758598428E+01  5.277165862024528E+00  5.277165862024528E+00  1.583149758607359E+01 -8.930811645768699E-11  2.999999999983077E+00  5.260292542372562E+02  3.959995838778750E+01  5.656292126250437E+02  4.997061382337078E+20  3.761833038900083E+19
  0.000000000000000E+00  1.770682983952603E+00 -7.797704220658306E-01  4.870089465665417E+00  1.563343005128502E+01  5.211143350453478E+00  5.211143350453478E+00  1.563343005136043E+01 -7.540990054621943E-11  2.999999999985529E+00  5.204567733999464E+02  3.833583403695163E+01  5.587926074368980E+02  4.944788637858317E+20  3.642235172200760E+19
  0.000000000000000E+00  1.772603599938781E+00 -7.774312657206651E-01  4.873021031982917E+00  1.544188419866775E+01  5.147294732904162E+00  5.147294732904162E+00  1.544188419871249E+01 -4.473932335713471E-11  2.999999999991308E+00  5.150230418687332E+02  3.711585752012743E+01  5.521388993888606E+02  4.893740135660985E+20  3.526742433827197E+19
  0.000000000000000E+00  1.774524215924959E+00 -7.750921093754997E-01  4.875967834704819E+00  1.525662158523422E+01  5.085540528416089E+00  5.085540528416089E+00  1.525662158524827E+01 -1.404387717229838E-11  2.999999999997239E+00  5.097623969312305E+02  3.594018155699959E+01  5.457025784882301E+02  4.844215977930361E+20  3.415355914760083E+19
  0.000000000000000E+00  1.776444831911138E+00 -7.727529530303343E-01  4.878929941345715E+00  1.507740376808622E+01  5.025801256028767E+00  5.025801256028767E+00  1.507740376808630E+01 -8.171241461241152E-14  2.999999999999984E+00  5.047083976868554E+02  3.480895886725251E+01  5.395173565541080E+02  4.796510011030329E+20  3.308078891604064E+19
  0.000000000000000E+00  1.778413745139748E+00 -7.703549745146244E-01  4.881982491632449E+00  1.489970579319125E+01  4.966568597730443E+00  4.966568597730443E+00  1.489970579319133E+01 -8.171241461241152E-14  2.999999999999984E+00  4.997031843870803E+02  3.369405587983093E+01  5.333972402669112E+02  4.749104683235584E+20  3.202232916974057E+19
  0.000000000000000E+00  1.780382658368359E+00 -7.679569959989145E-01  4.885051267674086E+00  1.472787613595466E+01  4.909292045318244E+00  4.909292045318244E+00  1.472787613595473E+01 -7.283063041541027E-14  2.999999999999985E+00  4.948383490402986E+02  3.262032897284114E+01  5.274586780131398E+02  4.702871393739696E+20  3.100188420688863E+19
  0.000000000000000E+00  1.782351571596970E+00 -7.655590174832045E-01  4.888136340924453E+00  1.456168827720993E+01  4.853896092403335E+00  4.853896092403335E+00  1.456168827721001E+01 -7.815970093361102E-14  2.999999999999984E+00  4.901342169116623E+02  3.158792322896607E+01  5.217221401406284E+02  4.658024100761490E+20  3.001979919309458E+19
  0.000000000000000E+00  1.784320484825580E+00 -7.631610389674947E-01  4.891237782357410E+00  1.440091569779055E+01  4.800305232596875E+00  4.800305232596875E+00  1.440091569779063E+01 -7.993605777301127E-14  2.999999999999983E+00  4.856106889064516E+02  3.059698373088975E+01  5.162076726373414E+02  4.614771812746751E+20  2.907639829641012E+19
  0.000000000000000E+00  1.786342515702084E+00 -7.606983674137163E-01  4.894440005477460E+00  1.424117983247376E+01  4.747059944157930E+00  4.747059944157930E+00  1.424117983247379E+01 -3.552713678800501E-14  2.999999999999992E+00  4.811196948022659E+02  2.963131966470734E+01  5.107510144669732E+02  4.571732305559710E+20  2.815649885693918E+19
  0.000000000000000E+00  1.788364546578587E+00 -7.582356958599379E-01  4.897659641926843E+00  1.408663331330896E+01  4.695544437769633E+00  4.695544437769633E+00  1.408663331330890E+01  6.217248937900877E-14  3.000000000000013E+00  4.767526588673221E+02  2.870658185812466E+01  5.054592407254468E+02  4.529826515244331E+20  2.727532468762871E+19
  0.000000000000000E+00  1.790386577455091E+00 -7.557730243061594E-01  4.900896766833977E+00  1.393704740424157E+01  4.645682468080468E+00  4.645682468080469E+00  1.393704740424141E+01  1.616484723854228E-13  3.000000000000035E+00  4.725413587552146E+02  2.782291681371593E+01  5.003642755689305E+02  4.489389608529161E+20  2.643322352809592E+19
  0.000000000000000E+00  1.792408608331594E+00 -7.533103527523810E-01  4.904151454679550E+00  1.379219336921697E+01  4.597397789738920E+00  4.597397789738920E+00  1.379219336921676E+01  2.025046796916286E-13  3.000000000000044E+00  4.685169645146487E+02  2.698047103405316E+01  4.954974355487018E+02  4.450749668354832E+20  2.563051748430653E+19
  0.000000000000000E+00  1.794488949165123E+00 -7.507766643441435E-01  4.907518406713082E+00  1.364786802230896E+01  4.549289340769598E+00  4.549289340769598E+00  1.364786802230880E+01  1.669775429036235E-13  3.000000000000037E+00  4.645468207088242E+02  2.615118101540816E+01  4.906980017242323E+02  4.412672731589305E+20  2.484068305310340E+19
  0.000000000000000E+00  1.796569289998652E+00 -7.482429759359059E-01  4.910904106933217E+00  1.350813417921511E+01  4.502711393071673E+00  4.502711393071673E+00  1.350813417921502E+01  9.059419880941277E-14  3.000000000000020E+00  4.607064848462554E+02  2.534999563390731E+01  4.860564804801627E+02  4.375917124589508E+20  2.407812428333911E+19
  0.000000000000000E+00  1.798649630832180E+00 -7.457092875276685E-01  4.914308634099260E+00  1.337282858436435E+01  4.457609528121444E+00  4.457609528121444E+00  1.337282858436433E+01  1.421085471520200E-14  3.000000000000003E+00  4.570223678287614E+02  2.457701945269523E+01  4.815993872814567E+02  4.340752231672370E+20  2.334300453257340E+19
  0.000000000000000E+00  1.800729971665709E+00 -7.431755991194310E-01  4.917732066103080E+00  1.324178798218563E+01  4.413929327395216E+00  4.413929327395216E+00  1.324178798218565E+01 -1.953992523340276E-14  2.999999999999996E+00  4.535204473366701E+02  2.383235703491603E+01  4.773528043715862E+02  4.307442797467611E+20  2.263547658315804E+19
  0.000000000000000E+00  1.802874807128356E+00 -7.405633614217908E-01  4.921281505667810E+00  1.311098359160259E+01  4.370327863867534E+00  4.370327863867534E+00  1.311098359160260E+01 -8.881784197001252E-15  2.999999999999998E+00  4.500695659639304E+02  2.309090598057348E+01  4.731604719445039E+02  4.274762685390798E+20  2.193175249390967E+19
  0.000000000000000E+00  1.805019642591003E+00 -7.379511237241505E-01  4.924851205563585E+00  1.298440110125259E+01  4.328133700417527E+00  4.328133700417527E+00  1.298440110125258E+01  8.881784197001252E-15  3.000000000000002E+00  4.467442886052401E+02  2.237202634725578E+01  4.691163149524958E+02  4.243422612069057E+20  2.125017933103048E+19
  0.000000000000000E+00  1.807164478053649E+00 -7.353388860265104E-01  4.928441247999539E+00  1.286190468970834E+01  4.287301563236101E+00  4.287301563236102E+00  1.286190468970830E+01  3.552713678800501E-14  3.000000000000008E+00  4.435760207891287E+02  2.167580512688300E+01  4.652518259160117E+02  4.213715093607428E+20  2.059075850555505E+19
  0.000000000000000E+00  1.809309313516296E+00 -7.327266483288701E-01  4.932051714026944E+00  1.274335853554253E+01  4.247786178514162E+00  4.247786178514162E+00  1.274335853554249E+01  4.263256414560601E-14  3.000000000000010E+00  4.405957422045587E+02  2.100232931137510E+01  4.615980715159338E+02  4.185929075592555E+20  1.995349761660615E+19
  0.000000000000000E+00  1.811524838691523E+00 -7.300283162266681E-01  4.935802703288390E+00  1.262490571094587E+01  4.208301903648604E+00  4.208301903648604E+00  1.262490571094581E+01  5.861977570020827E-14  3.000000000000014E+00  4.376790885855461E+02  2.033023102242440E+01  4.580093196079706E+02  4.158896426541479E+20  1.931810939909634E+19
  0.000000000000000E+00  1.813740363866751E+00 -7.273299841244658E-01  4.939575656359708E+00  1.251040115681481E+01  4.170133718938238E+00  4.170133718938238E+00  1.251040115681472E+01  9.237055564881302E-14  3.000000000000022E+00  4.348888279934148E+02  1.967361969832762E+01  4.545624476917424E+02  4.133166469485592E+20  1.869773147443794E+19
  0.000000000000000E+00  1.815955889041978E+00 -7.246316520222637E-01  4.943370658355906E+00  1.239974649803908E+01  4.133248832679649E+00  4.133248832679649E+00  1.239974649803895E+01  1.314504061156185E-13  3.000000000000032E+00  4.322505569953460E+02  1.903255834710766E+01  4.512831153424536E+02  4.108946525753146E+20  1.809222989558440E+19
  0.000000000000000E+00  1.818171414217206E+00 -7.219333199200616E-01  4.947187792849279E+00  1.229284335950841E+01  4.097614453169421E+00  4.097614453169421E+00  1.229284335950827E+01  1.456612608308205E-13  3.000000000000036E+00  4.297896138776305E+02  1.840710997678859E+01  4.481967238544190E+02  4.086442677035831E+20  1.750149313553618E+19
  0.000000000000000E+00  1.820464505676177E+00 -7.191405183007392E-01  4.951161962186508E+00  1.218605524337426E+01  4.062018414458041E+00  4.062018414458041E+00  1.218605524337412E+01  1.385558334732195E-13  3.000000000000034E+00  4.273880878725951E+02  1.777171352791391E+01  4.451598014005090E+02  4.064518083692866E+20  1.690113811359854E+19
  0.000000000000000E+00  1.822757597135147E+00 -7.163477166814171E-01  4.955160017688374E+00  1.208310880645007E+01  4.027702935483317E+00  4.027702935483317E+00  1.208310880644995E+01  1.172395514004165E-13  3.000000000000029E+00  4.251117052528080E+02  1.714962918103054E+01  4.422613344338386E+02  4.043719117589236E+20  1.631295551781125E+19
  0.000000000000000E+00  1.825050688594117E+00 -7.135549150620947E-01  4.959182046380741E+00  1.198391582963262E+01  3.994638609877509E+00  3.994638609877508E+00  1.198391582963252E+01  9.769962616701378E-14  3.000000000000024E+00  4.230049294349651E+02  1.654091343936614E+01  4.395458428743312E+02  4.024435469795127E+20  1.573689432818548E+19
  0.000000000000000E+00  1.827343780053088E+00 -7.107621134427724E-01  4.963228133233760E+00  1.188838809381870E+01  3.962796031272871E+00  3.962796031272871E+00  1.188838809381862E+01  8.704148513061227E-14  3.000000000000022E+00  4.211119691517522E+02  1.594562280615003E+01  4.370575919579022E+02  4.007055247179665E+20  1.517292221915116E+19
  0.000000000000000E+00  1.829721161894745E+00 -7.078666528927131E-01  4.967448437218664E+00  1.179309141703185E+01  3.931030472343930E+00  3.931030472343930E+00  1.179309141703179E+01  6.394884621840902E-14  3.000000000000016E+00  4.193462689738845E+02  1.535464861426501E+01  4.347009175881495E+02  3.990748044627922E+20  1.461239516528118E+19
  0.000000000000000E+00  1.832098543736401E+00 -7.049711923426539E-01  4.971694779382689E+00  1.170144813768065E+01  3.900482712560211E+00  3.900482712560211E+00  1.170144813768063E+01  2.131628207280301E-14  3.000000000000005E+00  4.177464291916497E+02  1.478494264938635E+01  4.325313718410360E+02  3.975857979362494E+20  1.407141464278363E+19
  0.000000000000000E+00  1.834475925578058E+00 -7.020757317925947E-01  4.975967246887686E+00  1.161331932568904E+01  3.871106441896356E+00  3.871106441896356E+00  1.161331932568907E+01 -2.842170943040401E-14  2.999999999999993E+00  4.163452415572036E+02  1.423659389448503E+01  4.305818354516886E+02  3.962701482240306E+20  1.355014206880949E+19
  0.000000000000000E+00  1.836853307419715E+00 -6.991802712425355E-01  4.980265924156151E+00  1.152856605098096E+01  3.842855350327001E+00  3.842855350327001E+00  1.152856605098101E+01 -4.973799150320701E-14  2.999999999999988E+00  4.151755476979494E+02  1.370969133253093E+01  4.288852390304803E+02  3.951595066620524E+20  1.304873298413353E+19
  0.000000000000000E+00  1.839321139245023E+00 -6.961746498614186E-01  4.984755960972772E+00  1.144397920398976E+01  3.814659734663269E+00  3.814659734663269E+00  1.144397920398981E+01 -4.973799150320701E-14  2.999999999999987E+00  4.141660660940246E+02  1.319506815565651E+01  4.273611342496811E+02  3.941868220235296E+20  1.255854211262518E+19
  0.000000000000000E+00  1.841788971070332E+00 -6.931690284803019E-01  4.989274415652318E+00  1.136266963776685E+01  3.787556545922300E+00  3.787556545922300E+00  1.136266963776690E+01 -4.796163466380676E-14  2.999999999999988E+00  4.133221892544285E+02  1.270215250276144E+01  4.260243417571899E+02  3.933599620587759E+20  1.208867647673114E+19
  0.000000000000000E+00  1.844256802895641E+00 -6.901634070991852E-01  4.993821372581841E+00  1.128449213773113E+01  3.761497379243723E+00  3.761497379243723E+00  1.128449213773117E+01 -4.440892098500626E-14  2.999999999999988E+00  4.126801485413707E+02  1.223103738196314E+01  4.249111859233337E+02  3.927160797125952E+20  1.163934119060549E+19
  0.000000000000000E+00  1.846724634720950E+00 -6.871577857180685E-01  4.998396912502119E+00  1.120930148930145E+01  3.736433829767166E+00  3.736433829767166E+00  1.120930148930150E+01 -4.618527782440651E-14  2.999999999999988E+00  4.122764373375944E+02  1.178181580137827E+01  4.240582531389727E+02  3.922925218621702E+20  1.121072613968857E+19
  0.000000000000000E+00  1.849288244979597E+00 -6.840355138812201E-01  5.003180383646932E+00  1.113419582775230E+01  3.711398609251056E+00  3.711398609251056E+00  1.113419582775317E+01 -8.757439218243235E-13  2.999999999999765E+00  4.120722505089830E+02  1.133802531852886E+01  4.234102758275118E+02  3.920548788704893E+20  1.078725426765778E+19
  0.000000000000000E+00  1.851851855238244E+00 -6.809132420443716E-01  5.007994864360858E+00  1.106202888362538E+01  3.687342961209358E+00  3.687342961209358E+00  1.106202888362807E+01 -2.694733325370180E-12  2.999999999999269E+00  4.120404669039291E+02  1.090810258949360E+01  4.229485694934227E+02  3.919819096718790E+20  1.037708484327926E+19
  0.000000000000000E+00  1.854415465496891E+00 -6.777909702075232E-01  5.012840431792569E+00  1.099270246327566E+01  3.664234154426726E+00  3.664234154426726E+00  1.099270246328018E+01 -4.520828156273637E-12  2.999999999998766E+00  4.122161608536663E+02  1.049211050606989E+01  4.227082713597363E+02  3.921077750281338E+20  9.980293100019499E+18
  0.000000000000000E+00  1.856979075755538E+00 -6.746686983706748E-01  5.017717158251045E+00  1.092611837305809E+01  3.642039457687814E+00  3.642039457687814E+00  1.092611837306344E+01 -5.350386800273554E-12  2.999999999998531E+00  4.126349050502635E+02  1.009011196005563E+01  4.227250170103190E+02  3.924671005905395E+20  9.596951050746866E+18
  0.000000000000000E+00  1.859641461072044E+00 -6.714260919389442E-01  5.022814853747442E+00  1.085980695218964E+01  3.619935650731377E+00  3.619935650731377E+00  1.085980695219413E+01 -4.490630090003833E-12  2.999999999998760E+00  4.132397870989635E+02  9.674376505037717E+00  4.229141636040013E+02  3.930028647655242E+20  9.200608944243742E+18
  0.000000000000000E+00  1.862303821890504E+00 -6.681834653927995E-01  5.027946273478729E+00  1.079634368243451E+01  3.598781227479037E+00  3.598781227479037E+00  1.079634368243711E+01 -2.602362769721367E-12  2.999999999999277E+00  4.140218103508000E+02  9.268378224097669E+00  4.232901885748977E+02  3.937036091291624E+20  8.813530752183325E+18
  0.000000000000000E+00  1.864966172210711E+00 -6.649408302269462E-01  5.033111495249829E+00  1.073565511155489E+01  3.578551703851864E+00  3.578551703851864E+00  1.073565511155560E+01 -7.087663789206999E-13  2.999999999999802E+00  4.150198275159404E+02  8.872164245583580E+00  4.238919917615240E+02  3.946026803760789E+20  8.435692851107515E+18
  0.000000000000000E+00  1.867628526032458E+00 -6.616981979360896E-01  5.038310590223659E+00  1.067766778731297E+01  3.559222595770938E+00  3.559222595770938E+00  1.067766778731281E+01  1.527666881884215E-13  3.000000000000043E+00  4.162734917255211E+02  8.485781684427106E+00  4.247592734099482E+02  3.957341163536029E+20  8.067084220367781E+18
  0.000000000000000E+00  1.870390157449916E+00 -6.583346633824608E-01  5.043739391392192E+00  1.062028225157334E+01  3.540094083857204E+00  3.540094083857204E+00  1.062028225157161E+01  1.730171561575844E-12  3.000000000000488E+00  4.177731970040794E+02  8.099301053921222E+00  4.258724980580007E+02  3.970826064532273E+20  7.698175938532038E+18
  0.000000000000000E+00  1.873151788867373E+00 -6.549711288288320E-01  5.049204737739469E+00  1.056560511870844E+01  3.521868372901082E+00  3.521868372901082E+00  1.056560511870325E+01  5.192291041566932E-12  3.000000000001474E+00  4.194581075046663E+02  7.726485463905800E+00  4.271845929685721E+02  3.985916303024300E+20  7.342121614688253E+18
  0.000000000000000E+00  1.875913420284831E+00 -6.516075942752031E-01  5.054706669726748E+00  1.051353388425389E+01  3.504511294748410E+00  3.504511294748410E+00  1.051353388424523E+01  8.663292305755022E-12  3.000000000002472E+00  4.213804866515421E+02  7.367400566168524E+00  4.287478872177106E+02  4.003108340957529E+20  6.999019554029104E+18
  0.000000000000000E+00  1.878675051702288E+00 -6.482440597215743E-01  5.060245219499038E+00  1.046396604374532E+01  3.487988681245023E+00  3.487988681245023E+00  1.046396604373507E+01  1.025490803385765E-11  3.000000000002939E+00  4.235941548051970E+02  7.022112012497026E+00  4.306162668176941E+02  4.022912484915215E+20  6.668964093364020E+18
  0.000000000000000E+00  1.881532189925450E+00 -6.447641924665639E-01  5.066013880984196E+00  1.041521781628570E+01  3.471739272092332E+00  3.471739272092332E+00  1.041521781627700E+01  8.697043085703626E-12  3.000000000002505E+00  4.261283286560248E+02  6.676884076175233E+00  4.328052127322001E+02  4.045565347161107E+20  6.338881747378618E+18
  0.000000000000000E+00  1.884389326773027E+00 -6.412843240820749E-01  5.071821777055115E+00  1.036894976475405E+01  3.456316588249598E+00  3.456316588249598E+00  1.036894976474879E+01  5.252687174106541E-12  3.000000000001520E+00  4.288693049456002E+02  6.345023528422042E+00  4.352143284740222E+02  4.070033692005489E+20  6.021521997364898E+18
  0.000000000000000E+00  1.887246474886929E+00 -6.378044649479274E-01  5.077668925729161E+00  1.032505927778768E+01  3.441686425928627E+00  3.441686425928627E+00  1.032505927778588E+01  1.799449478312454E-12  3.000000000000523E+00  4.318621816398989E+02  6.026596130337893E+00  4.378887777702368E+02  4.096740033533191E+20  5.716962189034256E+18
  0.000000000000000E+00  1.890103646909060E+00 -6.343246254439414E-01  5.083555334029468E+00  1.028344374402390E+01  3.427814581341223E+00  3.427814581341223E+00  1.028344374402367E+01  2.291500322826323E-13  3.000000000000067E+00  4.351538130059582E+02  5.721667634352389E+00  4.408754806403106E+02  4.126122381994371E+20  5.425277265836789E+18
  0.000000000000000E+00  1.893048043378753E+00 -6.307385865197992E-01  5.089662459898418E+00  1.024283553281714E+01  3.414278510938956E+00  3.414278510938956E+00  1.024283553281687E+01  2.735589532676386E-13  3.000000000000080E+00  4.387591613354833E+02  5.421492881198811E+00  4.441806542166821E+02  4.158260053016883E+20  5.138121152156840E+18
  0.000000000000000E+00  1.895992439848446E+00 -6.271525475956566E-01  5.095811207205630E+00  1.020439098012493E+01  3.401463660041516E+00  3.401463660041516E+00  1.020439098012455E+01  3.765876499528531E-13  3.000000000000111E+00  4.425757133338837E+02  5.144587952594187E+00  4.477203012864779E+02  4.192238230325420E+20  4.873140943878750E+18
  0.000000000000000E+00  1.898936836318139E+00 -6.235665086715144E-01  5.102001533207481E+00  1.016793382854375E+01  3.389311276181089E+00  3.389311276181089E+00  1.016793382854327E+01  4.760636329592671E-13  3.000000000000141E+00  4.466660404521418E+02  4.891065739193758E+00  4.515571061913355E+02  4.228646667792263E+20  4.630436829058786E+18
  0.000000000000000E+00  1.901881232787832E+00 -6.199804697473721E-01  5.108233381834543E+00  1.013328782067011E+01  3.377762606889860E+00  3.377762606889860E+00  1.013328782066958E+01  5.222489107836736E-13  3.000000000000155E+00  4.510956697726053E+02  4.661039131653031E+00  4.557567089042583E+02  4.268101489614478E+20  4.410103974393727E+18
  0.000000000000000E+00  1.904899910079525E+00 -6.163039627352034E-01  5.114665480710291E+00  1.009942837495202E+01  3.366476124983875E+00  3.366476124983875E+00  1.009942837495163E+01  3.943512183468556E-13  3.000000000000117E+00  4.559544955711665E+02  4.461424854151222E+00  4.604159204253178E+02  4.311376933659993E+20  4.218597336856995E+18
  0.000000000000000E+00  1.907918587371216E+00 -6.126274557230349E-01  5.121141059947647E+00  1.006696065086312E+01  3.355653550287668E+00  3.355653550287668E+00  1.006696065086301E+01  1.119104808822158E-13  3.000000000000034E+00  4.610929316380820E+02  4.300244433975494E+00  4.653931760720574E+02  4.357097483152884E+20  4.063515815272445E+18
  0.000000000000000E+00  1.910937264662908E+00 -6.089509487108662E-01  5.127660013339661E+00  1.003559495894984E+01  3.345198319649999E+00  3.345198319649999E+00  1.003559495895000E+01 -1.616484723854228E-13  2.999999999999952E+00  4.665795066823031E+02  4.177683413586215E+00  4.707571900958893E+02  4.405886110267106E+20  3.944964804797097E+18
  0.000000000000000E+00  1.913955941954600E+00 -6.052744416986976E-01  5.134222218506752E+00  1.000504160975860E+01  3.335013869919628E+00  3.335013869919628E+00  1.000504160975889E+01 -2.806643806252396E-13  2.999999999999916E+00  4.724865882341801E+02  4.093927335443207E+00  4.765805155696233E+02  4.458398910160445E+20  3.863043232365692E+18
  0.000000000000000E+00  1.917031671397666E+00 -6.015284669357089E-01  5.140952778237856E+00  9.974425539244354E+00  3.324808513081507E+00  3.324808513081507E+00  9.974425539244523E+00 -1.687538997430238E-13  2.999999999999949E+00  4.788785285159794E+02  4.051041266215624E+00  4.829295697821950E+02  4.515122789244054E+20  3.819538286241604E+18
  0.000000000000000E+00  1.920107416870052E+00 -5.977825053340129E-01  5.147727944439177E+00  9.944101279710027E+00  3.314700426569991E+00  3.314700426569991E+00  9.944101279709974E+00  5.329070518200751E-14  3.000000000000016E+00  4.854816137854913E+02  4.029299594364099E+00  4.895109133798553E+02  4.573524514384373E+20  3.795839007564481E+18
  0.000000000000000E+00  1.923183177113276E+00 -5.940365558604344E-01  5.154547532032904E+00  9.913908995143812E+00  3.304636331714514E+00  3.304636331714514E+00  9.913908995143544E+00  2.682298827494378E-13  3.000000000000081E+00  4.922630661486563E+02  4.028804690335074E+00  4.962918708389914E+02  4.633332204375321E+20  3.792035559952154E+18
  0.000000000000000E+00  1.926258950868854E+00 -5.902906174817976E-01  5.161411337034269E+00  9.883688849533899E+00  3.294562949844511E+00  3.294562949844511E+00  9.883688849533534E+00  3.641531520770513E-13  3.000000000000111E+00  4.991882187534745E+02  4.049658925604224E+00  5.032378776790787E+02  4.694259649963744E+20  3.808212969859301E+18
  0.000000000000000E+00  1.929372281174279E+00 -5.864989526267905E-01  5.168403734791210E+00  9.853020182754751E+00  3.284340060918141E+00  3.284340060918141E+00  9.853020182754424E+00  3.268496584496461E-13  3.000000000000100E+00  5.062042402527907E+02  4.064702061185363E+00  5.102689423139760E+02  4.755883235010943E+20  3.818863385745675E+18
  0.000000000000000E+00  1.932485611479704E+00 -5.827072877717836E-01  5.175440946199213E+00  9.822163925755119E+00  3.274054641918299E+00  3.274054641918299E+00  9.822163925754900E+00  2.184918912462308E-13  3.000000000000067E+00  5.132346404526788E+02  4.112469262348234E+00  5.173471097150270E+02  4.817657663742755E+20  3.860314074120887E+18
  0.000000000000000E+00  1.935598941785129E+00 -5.789156229167765E-01  5.182522699774120E+00  9.790873352858497E+00  3.263624450952820E+00  3.263624450952820E+00  9.790873352858460E+00  3.730349362740526E-14  3.000000000000011E+00  5.204255763723675E+02  4.193118556828473E+00  5.246186949291960E+02  4.880991467850414E+20  3.932661427254888E+18
  0.000000000000000E+00  1.938712272090554E+00 -5.751239580617694E-01  5.189648702715334E+00  9.758901738388376E+00  3.252967246129530E+00  3.252967246129530E+00  9.758901738388591E+00 -2.149391775674303E-13  2.999999999999934E+00  5.279329252938228E+02  4.306807972361628E+00  5.322397332661844E+02  4.947381604529970E+20  4.036009408741882E+18
  0.000000000000000E+00  1.941843100531365E+00 -5.713110201727699E-01  5.196859034107410E+00  9.725730684600924E+00  3.241910228200415E+00  3.241910228200415E+00  9.725730684601245E+00 -3.215205879314453E-13  2.999999999999901E+00  5.357881383029262E+02  4.480265719061008E+00  5.402684040219873E+02  5.017085628381073E+20  4.195291971492049E+18
  0.000000000000000E+00  1.944973940153357E+00 -5.674980914642939E-01  5.204113461355243E+00  9.691098912971267E+00  3.230366304323812E+00  3.230366304323812E+00  9.691098912971437E+00 -1.705302565824240E-13  2.999999999999947E+00  5.437588467521053E+02  4.708199764419430E+00  5.484670465165248E+02  5.087878087388781E+20  4.405398929235149E+18
  0.000000000000000E+00  1.948104752395222E+00 -5.636851402746962E-01  5.211411589198875E+00  9.654599745142955E+00  3.218199915047629E+00  3.218199915047629E+00  9.654599745142889E+00  6.572520305780927E-14  3.000000000000020E+00  5.519235497553309E+02  4.990870493128019E+00  5.569144202484589E+02  5.160443321741302E+20  4.666426050737554E+18
  0.000000000000000E+00  1.951235498695655E+00 -5.598721349423308E-01  5.218753001153825E+00  9.615826502759536E+00  3.205275500919774E+00  3.205275500919774E+00  9.615826502759324E+00  2.113864638886298E-13  3.000000000000066E+00  5.603663532083154E+02  5.328538264024022E+00  5.656948914723395E+02  5.235512919106745E+20  4.978462886204286E+18
  0.000000000000000E+00  1.954364966251290E+00 -5.560605936224803E-01  5.226134387037591E+00  9.574350684832760E+00  3.191450228277482E+00  3.191450228277482E+00  9.574350684832448E+00  3.126388037344441E-13  3.000000000000098E+00  5.691447612581127E+02  5.732760357916079E+00  5.748775216160287E+02  5.313538438173617E+20  5.352108038610331E+18
  0.000000000000000E+00  1.957494433806924E+00 -5.522490523026296E-01  5.233558230864171E+00  9.529678510688493E+00  3.176559503562672E+00  3.176559503562672E+00  9.529678510688017E+00  4.760636329592671E-13  3.000000000000150E+00  5.780418196948543E+02  6.199315738776936E+00  5.842411354336313E+02  5.392434335685217E+20  5.783215315663796E+18
  0.000000000000000E+00  1.960623901362559E+00 -5.484375109827792E-01  5.241024074695234E+00  9.481352694532342E+00  3.160450898177239E+00  3.160450898177239E+00  9.481352694531719E+00  6.235012506294879E-13  3.000000000000197E+00  5.870835304180290E+02  6.728497287800308E+00  5.938120277058293E+02  5.472429700290620E+20  6.271889175611003E+18
  0.000000000000000E+00  1.963753368918193E+00 -5.446259696629285E-01  5.248531436670794E+00  9.428915950569921E+00  3.142971983523076E+00  3.142971983523076E+00  9.428915950569230E+00  6.910028105266974E-13  3.000000000000220E+00  5.962980630124714E+02  7.320597886180210E+00  6.036186608986517E+02  5.553772535504159E+20  6.818223637745932E+18
  0.000000000000000E+00  1.966866037449886E+00 -5.408348887481627E-01  5.256039182509646E+00  9.372142573357070E+00  3.124047524452152E+00  3.124047524452152E+00  9.372142573356458E+00  6.128431095930864E-13  3.000000000000197E+00  6.055194726653174E+02  8.002918073346777E+00  6.135223907386642E+02  5.634978546992759E+20  7.447534504241339E+18
  0.000000000000000E+00  1.969978705981579E+00 -5.370438078333967E-01  5.263586979808007E+00  9.310014394907897E+00  3.103338131635820E+00  3.103338131635820E+00  9.310014394907460E+00  4.369837824924616E-13  3.000000000000141E+00  6.146996300653817E+02  8.790858374383065E+00  6.234904884397647E+02  5.715678110288326E+20  8.174027496284938E+18
  0.000000000000000E+00  1.973091374513271E+00 -5.332527269186307E-01  5.271174283105960E+00  9.241765435046565E+00  3.080588478348760E+00  3.080588478348760E+00  9.241765435046283E+00  2.824407374646398E-13  3.000000000000092E+00  6.239081008664045E+02  9.684909382242644E+00  6.335930102486473E+02  5.796606343350495E+20  8.998057098781512E+18
  0.000000000000000E+00  1.976204043044964E+00 -5.294616460038648E-01  5.278800523027670E+00  9.166629713597226E+00  3.055543237865658E+00  3.055543237865658E+00  9.166629713596974E+00  2.522426711948356E-13  3.000000000000083E+00  6.332200550851113E+02  1.068556168987875E+01  6.439056167749900E+02  5.878553450144901E+20  9.920034123102728E+18
  0.000000000000000E+00  1.979287863735024E+00 -5.257057060529107E-01  5.286393892539635E+00  9.084817106807655E+00  3.028272368935791E+00  3.028272368935791E+00  9.084817106807373E+00  2.824407374646398E-13  3.000000000000093E+00  6.424361989225778E+02  1.184304371803809E+01  6.542792426406158E+02  5.959817535301268E+20  1.098667536799387E+19
  0.000000000000000E+00  1.982371689666312E+00 -5.219497704052750E-01  5.294024300880736E+00  8.991955814763829E+00  2.997318604921187E+00  2.997318604921187E+00  8.991955814763564E+00  2.646771690706373E-13  3.000000000000089E+00  6.515123579034927E+02  1.375154123316656E+01  6.652638991366592E+02  6.040039682553035E+20  1.274877655611466E+19
  0.000000000000000E+00  1.985455520348162E+00 -5.181938386581111E-01  5.301691124174749E+00  8.882599438916580E+00  2.960866479638783E+00  2.960866479638783E+00  8.882599438916349E+00  2.309263891220326E-13  3.000000000000078E+00  6.605300465545018E+02  1.641454255019741E+01  6.769445891046992E+02  6.120049613364540E+20  1.520866693527506E+19
  0.000000000000000E+00  1.988539355289910E+00 -5.144379104085708E-01  5.309393715484198E+00  8.751301580716749E+00  2.917100526905511E+00  2.917100526905511E+00  8.751301580716536E+00  2.131628207280301E-13  3.000000000000073E+00  6.695774289406476E+02  1.983553599257738E+01  6.894129649332250E+02  6.200739598577838E+20  1.836904712913987E+19
  0.000000000000000E+00  1.991510611624051E+00 -5.107761292024088E-01  5.316888849791879E+00  8.607426100635049E+00  2.869142033544845E+00  2.869142033544845E+00  8.607426100634536E+00  5.133671265866724E-13  3.000000000000179E+00  6.282455589272537E+02  2.089761782280452E+01  6.491431767500583E+02  5.815797780739033E+20  1.934535272547339E+19
  0.000000000000000E+00  1.994440363255261E+00 -5.070806852878148E-01  5.324392661959117E+00  8.458857226252132E+00  2.819619075416985E+00  2.819619075416985E+00  8.458857226250958E+00  1.174171870843566E-12  3.000000000000417E+00  5.881375822012775E+02  2.122758028426770E+01  6.093651624855452E+02  5.443192241995854E+20  1.964604946468579E+19
  0.000000000000000E+00  1.997329363265391E+00 -5.033532547526921E-01  5.331905689683908E+00  8.310765211265084E+00  2.770255070421082E+00  2.770255070421082E+00  8.310765211263249E+00  1.834976615100459E-12  3.000000000000662E+00  5.493898214967636E+02  2.082253933973375E+01  5.702123608364973E+02  5.083916429333296E+20  1.926865873876312E+19
  0.000000000000000E+00  2.000178364736292E+00 -4.995955136849433E-01  5.339428391056351E+00  8.168320309371001E+00  2.722773436456289E+00  2.722773436456289E+00  8.168320309368866E+00  2.135180920959101E-12  3.000000000000784E+00  5.121059297858441E+02  1.967942370602002E+01  5.317853534918640E+02  4.738700958793911E+20  1.821008087588961E+19
  0.000000000000000E+00  2.002874245748877E+00 -4.959625251088500E-01  5.346655236775881E+00  8.044188725746855E+00  2.681396241914996E+00  2.681396241914996E+00  8.044188725744990E+00  1.865174681370263E-12  3.000000000000696E+00  4.776032227804839E+02  1.742209743755187E+01  4.950253202180357E+02  4.419532087571293E+20  1.612164972627157E+19
  0.000000000000000E+00  2.005539956550776E+00 -4.923071992895895E-01  5.353896184791196E+00  7.932375400124025E+00  2.644125133374249E+00  2.644125133374249E+00  7.932375400122748E+00  1.276312389109080E-12  3.000000000000483E+00  4.556935811638039E+02  1.605716489706642E+01  4.717507460608703E+02  4.217042488072474E+20  1.485949098426615E+19
  0.000000000000000E+00  2.008185842035437E+00 -4.886373384277236E-01  5.361157819391254E+00  7.826850434474936E+00  2.608950144824748E+00  2.608950144824749E+00  7.826850434474247E+00  6.892264536872972E-13  3.000000000000264E+00  4.462232957105003E+02  1.558932480024300E+01  4.618126205107433E+02  4.129711382926556E+20  1.442762238067254E+19
  0.000000000000000E+00  2.010822247096304E+00 -4.849607447238141E-01  5.368446174556806E+00  7.721583930772016E+00  2.573861310257197E+00  2.573861310257197E+00  7.721583930771592E+00  4.236611061969597E-13  3.000000000000165E+00  4.490147172598881E+02  1.602272002433265E+01  4.650374372842208E+02  4.155819753869336E+20  1.482970019205379E+19
  0.000000000000000E+00  2.013381601436123E+00 -4.813785848392633E-01  5.375565823994060E+00  7.612707228652763E+00  2.537569076217461E+00  2.537569076217461E+00  7.612707228652384E+00  3.792521852119535E-13  3.000000000000149E+00  4.432202964221511E+02  1.722958723118289E+01  4.604498836533340E+02  4.102424809745495E+20  1.594761943202073E+19
  0.000000000000000E+00  2.015925930888888E+00 -4.777856374911901E-01  5.382706959068683E+00  7.500626253004843E+00  2.500208751001522E+00  2.500208751001522E+00  7.500626253004566E+00  2.771116669464391E-13  3.000000000000111E+00  4.281781815770615E+02  1.704996205962107E+01  4.452281436366825E+02  3.963475984943594E+20  1.578247516457008E+19
  0.000000000000000E+00  2.018447415597831E+00 -4.741767537331750E-01  5.389864769334074E+00  7.394365915869382E+00  2.464788638623069E+00  2.464788638623069E+00  7.394365915869209E+00  1.731947918415244E-13  3.000000000000070E+00  4.041476927697272E+02  1.547794123958407E+01  4.196256340093113E+02  3.741372432016605E+20  1.432860899471908E+19
  0.000000000000000E+00  2.020938235706184E+00 -4.705467846187982E-01  5.397034836311009E+00  7.302951129287502E+00  2.434317043095794E+00  2.434317043095794E+00  7.302951129287383E+00  1.190159082398168E-13  3.000000000000049E+00  3.713678525241022E+02  1.250746960105753E+01  3.838753221251598E+02  3.438312169597454E+20  1.158005052076910E+19
  0.000000000000000E+00  2.023353507477709E+00 -4.670074646591279E-01  5.404037437204833E+00  7.212633762467573E+00  2.404211254155769E+00  2.404211254155769E+00  7.212633762467308E+00  2.646771690706373E-13  3.000000000000110E+00  3.957614159491070E+02  1.581634070248818E+01  4.115777566515952E+02  3.664545617403089E+20  1.464511184488750E+19
  0.000000000000000E+00  2.025773320043665E+00 -4.634711495257561E-01  5.411071024224027E+00  7.108347316027032E+00  2.369449105342148E+00  2.369449105342148E+00  7.108347316026444E+00  5.879741138414829E-13  3.000000000000248E+00  3.977020842042226E+02  1.698074500436288E+01  4.146828292085855E+02  3.682817284626814E+20  1.572457970217598E+19
  0.000000000000000E+00  2.028179145011372E+00 -4.599254971220542E-01  5.418124464768277E+00  7.003628893225650E+00  2.334542964408243E+00  2.334542964408243E+00  7.003628893224731E+00  9.192646643896296E-13  3.000000000000394E+00  3.776618123985891E+02  1.599262015052636E+01  3.936544325491155E+02  3.497549498415884E+20  1.481086483978283E+19
  0.000000000000000E+00  2.030552453988148E+00 -4.563581653513932E-01  5.425187565909193E+00  6.912015597323186E+00  2.304005199107368E+00  2.304005199107368E+00  6.912015597322107E+00  1.078248601515952E-12  3.000000000000468E+00  3.360835271681996E+02  1.284246512047415E+01  3.489259922886738E+02  3.112879426502320E+20  1.189497319191438E+19
  0.000000000000000E+00  2.032843516343924E+00 -4.528670227140202E-01  5.432085999070731E+00  6.832847797158319E+00  2.277615932385806E+00  2.277615932385806E+00  6.832847797157420E+00  8.988365607365267E-13  3.000000000000395E+00  3.438272396498647E+02  1.323789110295213E+01  3.570651307528169E+02  3.185019728331226E+20  1.226282838071220E+19
  0.000000000000000E+00  2.035134578699700E+00 -4.493758800766471E-01  5.439010909132333E+00  6.748389476321756E+00  2.249463158773758E+00  2.249463158773758E+00  6.748389476321274E+00  4.813927034774679E-13  3.000000000000214E+00  3.516090349498301E+02  1.460641382192558E+01  3.662154487717557E+02  3.257445154686966E+20  1.353195942145604E+19
  0.000000000000000E+00  2.037425641055477E+00 -4.458847374392740E-01  5.445961780882643E+00  6.652711252641576E+00  2.217570417547171E+00  2.217570417547172E+00  6.652711252641517E+00  5.950795411990839E-14  3.000000000000027E+00  3.593923777593914E+02  1.695131678224526E+01  3.763436945416366E+02  3.329863102481001E+20  1.570583233945352E+19
  0.000000000000000E+00  2.039716703411252E+00 -4.423935948019010E-01  5.452938085206945E+00  6.539883743945857E+00  2.179961247981996E+00  2.179961247981996E+00  6.539883743945989E+00 -1.323385845353187E-13  2.999999999999939E+00  3.671373029158194E+02  2.027588348876168E+01  3.874131864045811E+02  3.401953505613811E+20  1.878796089805829E+19
  0.000000000000000E+00  2.041922685368612E+00 -4.389838828876019E-01  5.459735543473006E+00  6.432530552618493E+00  2.144176850872855E+00  2.144176850872855E+00  6.432530552618566E+00 -7.283063041541027E-14  2.999999999999966E+00  3.228297042719236E+02  1.623608826505756E+01  3.390657925369812E+02  2.991815891861875E+20  1.504675259131534E+19
  0.000000000000000E+00  2.044092544222420E+00 -4.355508713458717E-01  5.466538618476461E+00  6.345387261969577E+00  2.115129087323172E+00  2.115129087323172E+00  6.345387261969517E+00  6.039613253960852E-14  3.000000000000028E+00  2.942084790798305E+02  1.347397151997807E+01  3.076824505998086E+02  2.727121069917716E+20  1.248949443691356E+19
  0.000000000000000E+00  2.046238697637869E+00 -4.321027682802130E-01  5.473353971725063E+00  6.270851068406169E+00  2.090283689468659E+00  2.090283689468659E+00  6.270851068405976E+00  1.918465386552271E-13  3.000000000000091E+00  2.810154332554764E+02  1.199526542070922E+01  2.930106986761856E+02  2.605442200699578E+20  1.112144282385214E+19
  0.000000000000000E+00  2.048373563280156E+00 -4.286477817941279E-01  5.480187627085590E+00  6.201319168335332E+00  2.067106389445026E+00  2.067106389445026E+00  6.201319168335079E+00  2.531308496145357E-13  3.000000000000123E+00  2.829867620427789E+02  1.180456535751586E+01  2.947913274002947E+02  2.624348195860501E+20  1.094725759441391E+19
  0.000000000000000E+00  2.050459021301635E+00 -4.252750999016344E-01  5.486883336155747E+00  6.123476036193023E+00  2.041158678730891E+00  2.041158678730891E+00  6.123476036192674E+00  3.490541189421492E-13  3.000000000000171E+00  2.941817513202244E+02  1.485801506831680E+01  3.090397663885412E+02  2.728793005314849E+20  1.378210830866659E+19
  0.000000000000000E+00  2.052540881141342E+00 -4.219001254104793E-01  5.493599658010227E+00  6.035220790101857E+00  2.011740263367100E+00  2.011740263367100E+00  6.035220790101299E+00  5.577760475716786E-13  3.000000000000277E+00  2.896928207809222E+02  1.545464621202121E+01  3.051474669929434E+02  2.687806321589302E+20  1.433901457227010E+19
  0.000000000000000E+00  2.054606306302548E+00 -4.185152235405475E-01  5.500329868464226E+00  5.950701185510102E+00  1.983567061836445E+00  1.983567061836444E+00  5.950701185509335E+00  7.673861546209082E-13  3.000000000000387E+00  2.699449494986479E+02  1.358642570259330E+01  2.835313752012412E+02  2.505259869135072E+20  1.260906238138853E+19
  0.000000000000000E+00  2.056642460288526E+00 -4.151127595117243E-01  5.507067878775108E+00  5.884064977866027E+00  1.961354992621721E+00  1.961354992621721E+00  5.884064977865163E+00  8.641976023682219E-13  3.000000000000441E+00  2.353323334404064E+02  9.244745601168892E+00  2.445770790415753E+02  2.184713959140750E+20  8.582384098398137E+18
  0.000000000000000E+00  2.058612156576153E+00 -4.117794273326646E-01  5.513659699831139E+00  5.829894401604929E+00  1.943298133868061E+00  1.943298133868061E+00  5.829894401604182E+00  7.469580509678053E-13  3.000000000000385E+00  2.432910025525649E+02  1.023542188875106E+01  2.535264244413159E+02  2.259310733905615E+20  9.505077580627515E+18
  0.000000000000000E+00  2.060581852863778E+00 -4.084460951536050E-01  5.520272468995163E+00  5.768412946041479E+00  1.922804315346995E+00  1.922804315346995E+00  5.768412946040986E+00  4.929390229335695E-13  3.000000000000256E+00  2.512994701891445E+02  1.188053671746231E+01  2.631800069066068E+02  2.334369472037596E+20  1.103606076200306E+19
  0.000000000000000E+00  2.062551549151405E+00 -4.051127629745454E-01  5.526905705230484E+00  5.695976124148332E+00  1.898658708049364E+00  1.898658708049365E+00  5.695976124148095E+00  2.362554596402333E-13  3.000000000000124E+00  2.593049037505568E+02  1.418196141957264E+01  2.734868651701295E+02  2.409422950815810E+20  1.317766954564557E+19
  0.000000000000000E+00  2.064521245439031E+00 -4.017794307954858E-01  5.533558917314822E+00  5.608939448898145E+00  1.869646482966008E+00  1.869646482966008E+00  5.608939448898026E+00  1.190159082398168E-13  3.000000000000064E+00  2.672471428268368E+02  1.714156732735296E+01  2.843887101541897E+02  2.483938691177936E+20  1.593229467730267E+19
  0.000000000000000E+00  2.066424247986688E+00 -3.985133412856547E-01  5.540064626122363E+00  5.531242837631072E+00  1.843747612543617E+00  1.843747612543617E+00  5.531242837630851E+00  2.211564265053312E-13  3.000000000000120E+00  2.286499222132741E+02  1.182105290215955E+01  2.404709751154336E+02  2.125857680401600E+20  1.099054653473685E+19
  0.000000000000000E+00  2.068296122044825E+00 -3.952291671348909E-01  5.546575643296088E+00  5.476053540256943E+00  1.825351180085499E+00  1.825351180085499E+00  5.476053540256498E+00  4.458655666894629E-13  3.000000000000244E+00  2.070589930661358E+02  8.886135389486654E+00  2.159451284556225E+02  1.925772975550087E+20  8.264639529415057E+18
  0.000000000000000E+00  2.070150348601694E+00 -3.919348199081297E-01  5.553098133618401E+00  5.430355085290302E+00  1.810118361763210E+00  1.810118361763210E+00  5.430355085289632E+00  6.705747068735946E-13  3.000000000000370E+00  2.021429511963022E+02  8.344444437644967E+00  2.104873956339472E+02  1.880689137280571E+20  7.763469325863515E+18
  0.000000000000000E+00  2.072000408645549E+00 -3.886382111703067E-01  5.559637590830119E+00  5.381131001245693E+00  1.793710333748307E+00  1.793710333748307E+00  5.381131001244920E+00  7.727152251391090E-13  3.000000000000431E+00  2.136090064989779E+02  1.020274979109197E+01  2.238117562900698E+02  1.987979974020840E+20  9.495321661323864E+18
  0.000000000000000E+00  2.073820715829485E+00 -3.854095900131408E-01  5.566069889314244E+00  5.314612975607014E+00  1.771537658535451E+00  1.771537658535451E+00  5.314612975606353E+00  6.599165658371930E-13  3.000000000000373E+00  2.282346434012630E+02  1.421783210163826E+01  2.424524755029012E+02  2.124684780935759E+20  1.323568194296464E+19
  0.000000000000000E+00  2.075638318502949E+00 -3.821793450723362E-01  5.572518381282949E+00  5.236592321677398E+00  1.745530773892329E+00  1.745530773892329E+00  5.236592321676987E+00  4.112266083211580E-13  3.000000000000235E+00  2.230469288566462E+02  1.455454505810794E+01  2.376014739147542E+02  2.076980184984850E+20  1.355297821947957E+19
  0.000000000000000E+00  2.077437046864735E+00 -3.789387757211141E-01  5.578975872433792E+00  5.166635529556913E+00  1.722211843185583E+00  1.722211843185583E+00  5.166635529556750E+00  1.634248292248230E-13  3.000000000000095E+00  1.985744506335061E+02  1.120241795758618E+01  2.097768685910923E+02  1.849650468204164E+20  1.043465438487370E+19
  0.000000000000000E+00  2.079200731113640E+00 -3.756791813326959E-01  5.585435954965639E+00  5.124309089345622E+00  1.708103029781857E+00  1.708103029781857E+00  5.124309089345571E+00  5.062616992290714E-14  3.000000000000030E+00  1.552678015451044E+02  4.150258951218668E+00  1.594180604963231E+02  1.446735948081992E+20  3.867079174707634E+18
  0.000000000000000E+00  2.080901394127341E+00 -3.724825647421260E-01  5.591754929481186E+00  5.098967442801940E+00  1.699655814267300E+00  1.699655814267300E+00  5.098967442801899E+00  4.085620730620576E-14  3.000000000000024E+00  1.636451957087457E+02  5.698064994301973E+00  1.693432607030476E+02  1.525253067203707E+20  5.310874585742993E+18
  0.000000000000000E+00  2.082602057141044E+00 -3.692859481515560E-01  5.598090342277168E+00  5.064830569990567E+00  1.688276856663515E+00  1.688276856663515E+00  5.064830569990547E+00  2.042810365310288E-14  3.000000000000012E+00  1.720854810660202E+02  7.560960092294313E+00  1.796464411583146E+02  1.604312414849600E+20  7.048905037837816E+18
  0.000000000000000E+00  2.084302720154746E+00 -3.660893315609861E-01  5.604441747057164E+00  5.020283225313835E+00  1.673427741771278E+00  1.673427741771278E+00  5.020283225313836E+00 -8.881784197001252E-16  3.000000000000000E+00  1.805365046834358E+02  9.739709970645533E+00  1.902762146540813E+02  1.683439626409877E+20  9.081938161522642E+18
  0.000000000000000E+00  2.086003383168448E+00 -3.628927149704162E-01  5.610808690108589E+00  4.963710163174079E+00  1.654570054391362E+00  1.654570054391362E+00  4.963710163174088E+00 -9.769962616701378E-15  2.999999999999994E+00  1.889356464776261E+02  1.223508035480544E+01  2.011707268324315E+02  1.762066906599326E+20  1.141077959332531E+19
  0.000000000000000E+00  2.087656912897829E+00 -3.597517575130155E-01  5.617060052005824E+00  4.912305199586945E+00  1.637435066528928E+00  1.637435066528928E+00  4.912305199586785E+00  1.598721155460225E-13  3.000000000000098E+00  1.647946159878911E+02  8.329726408034682E+00  1.731243423959258E+02  1.537178801792629E+20  7.769840526891979E+18
  0.000000000000000E+00  2.089287281794094E+00 -3.565986333958822E-01  5.623317565248700E+00  4.877177108701576E+00  1.625725702900347E+00  1.625725702900347E+00  4.877177108701042E+00  5.337952302397753E-13  3.000000000000328E+00  1.487327808611689E+02  5.807679073951330E+00  1.545404599351202E+02  1.387586188168440E+20  5.418210579853207E+18
  0.000000000000000E+00  2.090900782753367E+00 -3.534367655869110E-01  5.629583621578066E+00  4.851308404879092E+00  1.617102801626061E+00  1.617102801626061E+00  4.851308404878184E+00  9.077183449335280E-13  3.000000000000561E+00  1.406119537595759E+02  4.672512859440270E+00  1.452844666190161E+02  1.312014716987138E+20  4.359804037272185E+18
  0.000000000000000E+00  2.092503708671768E+00 -3.502695770539968E-01  5.635860305375376E+00  4.827681602480607E+00  1.609227200826509E+00  1.609227200826509E+00  4.827681602479528E+00  1.079136779935652E-12  3.000000000000671E+00  1.403194319721998E+02  4.927526944807512E+00  1.452469589170073E+02  1.309426233721296E+20  4.598246271534100E+18
  0.000000000000000E+00  2.094077419517789E+00 -3.471524190320716E-01  5.642047583601365E+00  4.798064819753175E+00  1.599354939917473E+00  1.599354939917473E+00  4.798064819752419E+00  7.558398351648066E-13  3.000000000000473E+00  1.489120743043739E+02  7.043023255002562E+00  1.559550975593764E+02  1.389689787890047E+20  6.572749415432526E+18
  0.000000000000000E+00  2.095651130363810E+00 -3.440352610101464E-01  5.648248318784287E+00  4.757636853074221E+00  1.585878951024727E+00  1.585878951024727E+00  4.757636853074181E+00  3.996802888650564E-14  3.000000000000025E+00  1.574852097227651E+02  9.300792157817774E+00  1.667860018805829E+02  1.469724734234689E+20  8.679928931983264E+18
  0.000000000000000E+00  2.097224841209830E+00 -3.409181029882212E-01  5.654462076525765E+00  4.705708801643528E+00  1.568569600548066E+00  1.568569600548066E+00  4.705708801644198E+00 -6.696865284538944E-13  2.999999999999572E+00  1.659995416210561E+02  1.170114701775860E+01  1.777006886388147E+02  1.549181068789631E+20  1.092002740851938E+19
  0.000000000000000E+00  2.098798552055851E+00 -3.378009449662960E-01  5.660688416578982E+00  4.641591764660872E+00  1.547197254887287E+00  1.547197254887287E+00  4.641591764661862E+00 -9.903189379656396E-13  2.999999999999360E+00  1.744098503935414E+02  1.424440119933161E+01  1.886542515928730E+02  1.627658874454937E+20  1.329341546424904E+19
  0.000000000000000E+00  2.100305972702636E+00 -3.347397616316794E-01  5.666775009273413E+00  4.603978831309505E+00  1.534659610436786E+00  1.534659610436786E+00  4.603978831310359E+00 -8.535394613318203E-13  2.999999999999444E+00  1.125067552659436E+02  2.401167045209733E+00  1.149079223111534E+02  1.049958219284179E+20  2.240865509837900E+18
  0.000000000000000E+00  2.101769680594434E+00 -3.316571322820603E-01  5.672859956336840E+00  4.607986021373198E+00  1.535995340457911E+00  1.535995340457911E+00  4.607986021373733E+00 -5.355715870791755E-13  2.999999999999651E+00  8.324224276516370E+01 -2.984110263893235E+00  8.025813250127045E+01  7.768353690357105E+19 -2.784838948458615E+18
  0.000000000000000E+00  2.103215548401454E+00 -3.285657554846705E-01  5.678952091889703E+00  4.622367470191647E+00  1.540789156730605E+00  1.540789156730605E+00  4.622367470191817E+00 -1.696420781627239E-13  2.999999999999890E+00  8.615122077174158E+01 -1.897830704115119E+00  8.425339006762646E+01  8.039108563454008E+19 -1.770940322002054E+18
  0.000000000000000E+00  2.104669448793907E+00 -3.254783298067417E-01  5.685059028279841E+00  4.615877313104565E+00  1.538625771034814E+00  1.538625771034814E+00  4.615877313104441E+00  1.234568003383174E-13  3.000000000000080E+00  1.209967545277378E+02  5.673429276605543E+00  1.266701838043434E+02  1.128832550815683E+20  5.292994565994616E+18
  0.000000000000000E+00  2.106116081915724E+00 -3.224402734039289E-01  5.691096132230577E+00  4.583474338905361E+00  1.527824779634912E+00  1.527824779634912E+00  4.583474338904738E+00  6.235012506294879E-13  3.000000000000409E+00  1.291626337224847E+02  7.577139792253833E+00  1.367397735147385E+02  1.204657909801235E+20  7.066952044366129E+18
  0.000000000000000E+00  2.107557459835992E+00 -3.193996710690832E-01  5.697142672702424E+00  4.547638417421081E+00  1.515879472473208E+00  1.515879472473208E+00  4.547638417419625E+00  1.455724429888505E-12  3.000000000000960E+00  1.253976518382318E+02  7.127846752275389E+00  1.325254985905072E+02  1.169155341062938E+20  6.645706660800574E+18
  0.000000000000000E+00  2.108984034946903E+00 -3.163521984815468E-01  5.703195485677135E+00  4.519549787138042E+00  1.506516595711936E+00  1.506516595711936E+00  4.519549787135810E+00  2.231992368706415E-12  3.000000000001482E+00  1.099183297972570E+02  4.320414186160845E+00  1.142387439834179E+02  1.024453169439764E+20  4.026682369054198E+18
  0.000000000000000E+00  2.110386259640653E+00 -3.132935313206613E-01  5.709251851425925E+00  4.510388686542568E+00  1.503462895513330E+00  1.503462895513330E+00  4.510388686539991E+00  2.577493773969763E-12  3.000000000001715E+00  8.289825365146206E+01 -8.502551513610843E-01  8.204799850010097E+01  7.723035448894369E+19 -7.921217137064371E+17
  0.000000000000000E+00  2.111749600378940E+00 -3.102798307412893E-01  5.715211705097672E+00  4.508762859317008E+00  1.502920953104942E+00  1.502920953104942E+00  4.508762859314825E+00  2.182254377203208E-12  3.000000000001452E+00  9.181137324598392E+01  1.531993394820649E+00  9.334336664080456E+01  8.549283310499291E+19  1.426560250552427E+18
  0.000000000000000E+00  2.113112941117228E+00 -3.072661301619175E-01  5.721181815018661E+00  4.496284340600952E+00  1.498761446866547E+00  1.498761446866547E+00  4.496284340599640E+00  1.311839525897085E-12  3.000000000000875E+00  1.007600803159179E+02  3.813804393425871E+00  1.045738847093438E+02  9.377126913791430E+19  3.549275438189584E+18
  0.000000000000000E+00  2.114476281855515E+00 -3.042524295825455E-01  5.727161781040349E+00  4.473434746541536E+00  1.491144915513698E+00  1.491144915513698E+00  4.473434746541094E+00  4.423128530106624E-13  3.000000000000297E+00  1.097190332092872E+02  5.994977488197742E+00  1.157140106974849E+02  1.020411601744165E+20  5.575463438037535E+18
  0.000000000000000E+00  2.115839622593802E+00 -3.012387290031736E-01  5.733151198872638E+00  4.440695693285893E+00  1.480231897761948E+00  1.480231897761948E+00  4.440695693285846E+00  4.618527782440651E-14  3.000000000000032E+00  1.186576557511216E+02  8.075312322879391E+00  1.267329680740010E+02  1.102737026488071E+20  7.504737762198983E+18
  0.000000000000000E+00  2.117169856181660E+00 -2.982685034110281E-01  5.739050348784446E+00  4.412435435813295E+00  1.470811811937737E+00  1.470811811937737E+00  4.412435435813212E+00  8.348877145181177E-14  3.000000000000057E+00  9.961208882281751E+01  4.411894301819419E+00  1.040239831246369E+02  9.250277722314590E+19  4.097017546326011E+18
  0.000000000000000E+00  2.118479271400024E+00 -2.952889653168698E-01  5.744953225348241E+00  4.399265604226581E+00  1.466421868075474E+00  1.466421868075474E+00  4.399265604226422E+00  1.589839371263224E-13  3.000000000000108E+00  8.364509502856353E+01  1.475628979479319E+00  8.512072400804286E+01  7.761127905105199E+19  1.369183123805165E+18
  0.000000000000000E+00  2.119770105476223E+00 -2.923012989074714E-01  5.750860369895616E+00  4.397845451299872E+00  1.465948483766546E+00  1.465948483766546E+00  4.397845451299637E+00  2.353672812205332E-13  3.000000000000161E+00  7.070672677697047E+01 -7.321312730367046E-01  6.997459550393377E+01  6.554683167513507E+19 -6.787032508124736E+17
  0.000000000000000E+00  2.121044595637589E+00 -2.893066883696059E-01  5.756772216411204E+00  4.404834229807284E+00  1.468278076602339E+00  1.468278076602339E+00  4.404834229807017E+00  2.673417043297377E-13  3.000000000000182E+00  6.075734195320412E+01 -2.210150220764055E+00  5.854719173244006E+01  5.626666065757413E+19 -2.046794156495114E+18
  0.000000000000000E+00  2.122293245293911E+00 -2.863525660119646E-01  5.762604836231414E+00  4.409023196280399E+00  1.469674398760053E+00  1.469674398760053E+00  4.409023196280160E+00  2.398081733190338E-13  3.000000000000163E+00  6.983012943760319E+01  3.038041468660957E-01  7.013393358446928E+01  6.459617992059552E+19  2.810332372234956E+17
  0.000000000000000E+00  2.123541894950234E+00 -2.833984436543233E-01  5.768445718410958E+00  4.402486324183386E+00  1.467495441394399E+00  1.467495441394399E+00  4.402486324183197E+00  1.882938249764265E-13  3.000000000000129E+00  7.893683326378691E+01  2.565906657535311E+00  8.150273992132223E+01  7.292892043572607E+19  2.370614512081520E+18
  0.000000000000000E+00  2.124790544606558E+00 -2.804443212966820E-01  5.774294481163787E+00  4.386367477326717E+00  1.462122492442193E+00  1.462122492442193E+00  4.386367477326578E+00  1.385558334732195E-13  3.000000000000095E+00  8.805047605177866E+01  4.575707821133645E+00  9.262618387291229E+01  8.123828017364876E+19  4.221699309693874E+18
  0.000000000000000E+00  2.126039194262880E+00 -2.774901989390406E-01  5.780150739516593E+00  4.361810519520865E+00  1.453936839840249E+00  1.453936839840249E+00  4.361810519520748E+00  1.163513729807164E-13  3.000000000000080E+00  9.713868866349330E+01  6.332758147551687E+00  1.034714468110450E+02  8.949347718207590E+19  5.834344220363299E+18
  0.000000000000000E+00  2.127244819844362E+00 -2.745760639260346E-01  5.785911789707721E+00  4.355555835710787E+00  1.451851945238562E+00  1.451851945238562E+00  4.355555835715686E+00 -4.899192163065891E-12  2.999999999996626E+00  5.261631756909371E+01 -2.660919685423621E+00  4.995539788367009E+01  4.840194079340645E+19 -2.447789640556980E+18
  0.000000000000000E+00  2.128417878381300E+00 -2.716485042592172E-01  5.791673342792004E+00  4.377886981685410E+00  1.459295660567114E+00  1.459295660567114E+00  4.377886981701343E+00 -1.593303267100055E-11  2.999999999989082E+00  3.135931109036066E+01 -6.640880191291528E+00  2.471843089906914E+01  2.880042441153688E+19 -6.098991378485811E+18
  0.000000000000000E+00  2.129576250566552E+00 -2.687149105237258E-01  5.797439466856083E+00  4.406680232638050E+00  1.468893410888340E+00  1.468893410888340E+00  4.406680232665020E+00 -2.697042589261400E-11  2.999999999981639E+00  3.320976992703897E+01 -5.599475269475473E+00  2.761029465756350E+01  3.044519185190984E+19 -5.133341761287092E+18
  0.000000000000000E+00  2.130737817092975E+00 -2.657826733046971E-01  5.803213422944342E+00  4.419811863762021E+00  1.473270621264672E+00  1.473270621264672E+00  4.419811863794016E+00 -3.199485121285761E-11  2.999999999978283E+00  5.811700835212370E+01  4.713674676201774E-01  5.858837581974387E+01  5.317290765306987E+19  4.312675331560355E+17
  0.000000000000000E+00  2.131895841438458E+00 -2.628813865036476E-01  5.808940549278543E+00  4.413635606502162E+00  1.471211868843049E+00  1.471211868843049E+00  4.413635606529148E+00 -2.698552492574890E-11  2.999999999981657E+00  6.731164608559651E+01  2.346832806136625E+00  6.965847889173313E+01  6.145252980937893E+19  2.142553649532568E+18
  0.000000000000000E+00  2.133053865783941E+00 -2.599800997025980E-01  5.814673898595995E+00  4.399524054675672E+00  1.466508018230540E+00  1.466508018230540E+00  4.399524054691621E+00 -1.594901988255515E-11  2.999999999989125E+00  7.647963395842406E+01  4.117825081397492E+00  8.059745903982156E+01  6.966225486542544E+19  3.750762987012919E+18
  0.000000000000000E+00  2.134211890129424E+00 -2.570788129015485E-01  5.820413103529368E+00  4.377940841261825E+00  1.459313613755576E+00  1.459313613755576E+00  4.377940841266730E+00 -4.904521233584092E-12  2.999999999996639E+00  8.559181094114433E+01  5.784170821741745E+00  9.137598176288608E+01  7.777345691643358E+19  5.255817761717396E+18
  0.000000000000000E+00  2.135369914474908E+00 -2.541775261004989E-01  5.826157794417748E+00  4.349349599239895E+00  1.449783199746591E+00  1.449783199746591E+00  4.349349599239773E+00  1.225686219186173E-13  3.000000000000085E+00  9.461823564012316E+01  7.345696555508585E+00  1.019639321956317E+02  8.575754265725534E+19  6.657795735087131E+18
  0.000000000000000E+00  2.136484893103478E+00 -2.513134381317521E-01  5.831811140386298E+00  4.343146632101029E+00  1.447715544033642E+00  1.447715544033643E+00  4.343146632100929E+00  1.003641614261142E-13  3.000000000000069E+00  4.420882323270317E+01 -3.477824950478414E+00  4.073099828222475E+01  3.996516697042791E+19 -3.143984496220921E+18
  0.000000000000000E+00  2.137564116905762E+00 -2.484354899120300E-01  5.837464252601350E+00  4.370791278563785E+00  1.456930426187915E+00  1.456930426187915E+00  4.370791278563747E+00  3.819167204710538E-14  3.000000000000026E+00  1.967641388838864E+01 -8.485508286220522E+00  1.119090560216811E+01  1.773905906828169E+19 -7.650018624709186E+18
  0.000000000000000E+00  2.138627204526869E+00 -2.455513106972708E-01  5.843120656565503E+00  4.407383183521100E+00  1.469127727840374E+00  1.469127727840374E+00  4.407383183521123E+00 -2.309263891220326E-14  2.999999999999984E+00  2.070842403592836E+01 -7.669573810754874E+00  1.303885022517349E+01  1.861403720176544E+19 -6.893896512230515E+18
  0.000000000000000E+00  2.139693774611906E+00 -2.426685297434122E-01  5.848783006948588E+00  4.428021991865909E+00  1.476007330621984E+00  1.476007330621984E+00  4.428021991865953E+00 -4.440892098500626E-14  2.999999999999970E+00  4.705681277852337E+01 -1.021668059724777E+00  4.603514471879859E+01  4.215814891597328E+19 -9.153113366876479E+17
  0.000000000000000E+00  2.140770447388101E+00 -2.398181796081970E-01  5.854403716873000E+00  4.417423713474467E+00  1.472474571158165E+00  1.472474571158165E+00  4.417423713474496E+00 -2.842170943040401E-14  2.999999999999980E+00  8.000706687737450E+01  5.019028677406470E+00  8.502609555478097E+01  7.143507835564030E+19  4.481287976589082E+18
  0.000000000000000E+00  2.141854322257862E+00 -2.369704212623452E-01  5.860029808489190E+00  4.394128946077095E+00  1.464709648692368E+00  1.464709648692368E+00  4.394128946077104E+00 -8.881784197001252E-15  2.999999999999994E+00  8.315217054445812E+01  4.982753052464753E+00  8.813492359692287E+01  7.398812011719375E+19  4.433612844332979E+18
  0.000000000000000E+00  2.142922574023920E+00 -2.341170245481344E-01  5.865657486102816E+00  4.383859922097894E+00  1.461286640699296E+00  1.461286640699296E+00  4.383859922097889E+00  5.329070518200751E-15  3.000000000000004E+00  5.718246454823674E+01 -1.140118054554322E+00  5.604234649368242E+01  5.068925002935869E+19 -1.010654745066809E+18
  0.000000000000000E+00  2.143952377489009E+00 -2.312497593078422E-01  5.871283956756578E+00  4.412338873960974E+00  1.470779624653654E+00  1.470779624653654E+00  4.412338873960962E+00  1.154631945610163E-14  3.000000000000008E+00  3.269849261511397E+00 -1.335888953221129E+01 -1.008904027069989E+01  2.885898500579689E+18 -1.179026804819696E+19
  0.000000000000000E+00  2.144940238927914E+00 -2.284161567594067E-01  5.876826697971617E+00  4.472938687631449E+00  1.490979562543825E+00  1.490979562543825E+00  4.472938687631475E+00 -2.575717417130363E-14  2.999999999999983E+00  1.014850093047880E+01 -1.568870623038407E+01 -5.540205299905267E+00  8.931822357123184E+18 -1.380782620239371E+19
  0.000000000000000E+00  2.145928100366817E+00 -2.255825542109712E-01  5.882373806906988E+00  4.542052064417375E+00  1.514017354805828E+00  1.514017354805828E+00  4.542052064417486E+00 -1.110223024625157E-13  2.999999999999927E+00  1.037119260362563E+01 -1.746773791789562E+01 -7.096545314269986E+00  9.136513355091288E+18 -1.538822263452091E+19
  0.000000000000000E+00  2.146915961805722E+00 -2.227489516625356E-01  5.887924946970871E+00  4.617380788009606E+00  1.539126929336604E+00  1.539126929336604E+00  4.617380788009811E+00 -2.051692149507289E-13  2.999999999999867E+00  4.626696214776118E+00 -1.869522098998701E+01 -1.406852477521089E+01  4.094614117316745E+18 -1.654522195502765E+19
  0.000000000000000E+00  2.147903823244626E+00 -2.199153491141001E-01  5.893479780088427E+00  4.696626642098993E+00  1.565542214033089E+00  1.565542214033089E+00  4.696626642099266E+00 -2.744471316873387E-13  2.999999999999825E+00  1.806311344990531E-01 -1.937039184189869E+01 -1.918976070739964E+01  1.611508941429200E+17 -1.728138382055648E+19
  0.000000000000000E+00  2.148893074446375E+00 -2.171063206303301E-01  5.898996673052745E+00  4.750956225749899E+00  1.583652075250024E+00  1.583652075250024E+00  4.750956225750073E+00 -1.740829702612245E-13  2.999999999999891E+00  4.739654021699958E-01 -8.219430257750686E+00 -7.745464855580691E+00  4.266040878047535E+17 -7.398098112918536E+18
  0.000000000000000E+00  2.149886467049001E+00 -2.142986335830318E-01  5.904516872095410E+00  4.774396034008805E+00  1.591465344669568E+00  1.591465344669568E+00  4.774396034008705E+00  1.003641614261142E-13  3.000000000000063E+00  3.105733069679040E-01 -4.382595637906527E+00 -4.072022330938623E+00  2.816532695268289E+17 -3.974496077855001E+18
  0.000000000000000E+00  2.150863433647298E+00 -2.114854335581903E-01  5.910037840274064E+00  4.797096617953731E+00  1.599032205984450E+00  1.599032205984450E+00  4.797096617953349E+00  3.819167204710538E-13  3.000000000000238E+00  3.032391566292422E-02 -7.868743572740889E+00 -7.838419657077965E+00  2.768547943531892E+16 -7.184096565446918E+18
  0.000000000000000E+00  2.151803406836058E+00 -2.086598661417908E-01  5.915557925473700E+00  4.849208528662700E+00  1.616402842887396E+00  1.616402842887396E+00  4.849208528662190E+00  5.098144129078719E-13  3.000000000000315E+00  6.056584013225453E-03 -1.868673076457067E+01 -1.868067418055744E+01  5.564900768569890E+15 -1.716971186509436E+19
  0.000000000000000E+00  2.152705587538327E+00 -2.058643766418057E-01  5.921003762396608E+00  4.922663365768512E+00  1.640887788589360E+00  1.640887788589360E+00  4.922663365768081E+00  4.316547119742609E-13  3.000000000000263E+00 -7.271142790577668E-04 -1.744296773850717E+01 -1.744369485278623E+01 -6.721327813702281E+14 -1.612399970555736E+19
  0.000000000000000E+00  2.153607768240594E+00 -2.030688871418206E-01  5.926452569490798E+00  4.990017597474758E+00  1.663339199158167E+00  1.663339199158167E+00  4.990017597474501E+00  2.566835632933362E-13  3.000000000000155E+00 -8.547562519500758E-03 -1.569283647230589E+01 -1.570138403482539E+01 -7.946076963475297E+15 -1.458854335369728E+19
  0.000000000000000E+00  2.154509948942863E+00 -2.002733976418356E-01  5.931904025396514E+00  5.049222586095282E+00  1.683074195365066E+00  1.683074195365066E+00  5.049222586095198E+00  8.437694987151190E-14  3.000000000000050E+00  2.865030049081196E-04 -1.343570190714330E+01 -1.343541540413839E+01  2.677705286568188E+14 -1.255723305137743E+19
  0.000000000000000E+00  2.155412129645130E+00 -1.974779081418505E-01  5.937357807811804E+00  5.098229693943928E+00  1.699409897981307E+00  1.699409897981307E+00  5.098229693943923E+00  5.329070518200751E-15  3.000000000000003E+00  9.997132371415179E-02 -1.067092898419485E+01 -1.057095766048070E+01  9.391308839499403E+16 -1.002427355883389E+19
  0.000000000000000E+00  2.156315347015944E+00 -1.947039117482231E-01  5.942776586921924E+00  5.122295355971255E+00  1.707431785323752E+00  1.707431785323752E+00  5.122295355971256E+00 -2.664535259100376E-15  2.999999999999998E+00  2.878040308450334E-01 -2.363755709419623E+00 -2.075951678574590E+00  2.716727514874076E+17 -2.231268323576295E+18
  0.000000000000000E+00  2.157221157449371E+00 -1.919306665578223E-01  5.948197137944803E+00  5.125844185962467E+00  1.708614728654160E+00  1.708614728654160E+00  5.125844185962481E+00 -1.421085471520200E-14  2.999999999999992E+00  1.649554071713904E-01 -4.710484317734051E-01 -3.060930246020148E-01  1.564321786461267E+17 -4.467094088864479E+17
  0.000000000000000E+00  2.158111670950257E+00 -1.891526694698734E-01  5.953617978082191E+00  5.134685317268868E+00  1.711561772422960E+00  1.711561772422960E+00  5.134685317268881E+00 -1.243449787580175E-14  2.999999999999992E+00 -1.121492644577900E-02 -5.000482724959271E+00 -5.011697651405051E+00 -1.068378599009652E+16 -4.763659176806012E+18
  0.000000000000000E+00  2.158968997523449E+00 -1.863644173836021E-01  5.959038377791591E+00  5.174627883241765E+00  1.724875961080581E+00  1.724875961080581E+00  5.174627883241746E+00  1.953992523340276E-14  3.000000000000012E+00  1.970794847619413E-02 -1.595951479853179E+01 -1.593980685005559E+01  1.886012137193773E+16 -1.527294362988272E+19
  0.000000000000000E+00  2.159794006822598E+00 -1.836018862455413E-01  5.964396051270104E+00  5.235277638492213E+00  1.745092546164054E+00  1.745092546164054E+00  5.235277638492164E+00  4.884981308350689E-14  3.000000000000028E+00  4.848764871752874E-03 -1.453199220992193E+01 -1.452714344505018E+01  4.661284368910614E+15 -1.397010371277336E+19
  0.000000000000000E+00  2.160619016121748E+00 -1.808393551074804E-01  5.969755366344059E+00  5.289357422346022E+00  1.763119140781992E+00  1.763119140781992E+00  5.289357422345977E+00  4.529709940470639E-14  3.000000000000026E+00 -7.344886528799869E-03 -1.265872551325237E+01 -1.266607039978117E+01 -7.092965617301505E+15 -1.222454621624052E+19
  0.000000000000000E+00  2.161444025420897E+00 -1.780768239694196E-01  5.975116015780944E+00  5.335103671757087E+00  1.778367890585686E+00  1.778367890585686E+00  5.335103671757059E+00  2.842170943040401E-14  3.000000000000016E+00 -8.436969669585598E-03 -1.033920535526144E+01 -1.034764232493102E+01 -8.184308644289276E+15 -1.002957828202130E+19
  0.000000000000000E+00  2.162269034720047E+00 -1.753142928313587E-01  5.980477691888511E+00  5.370752823679303E+00  1.790250941226429E+00  1.790250941226429E+00  5.370752823679288E+00  1.509903313490213E-14  3.000000000000009E+00  7.039129500015502E-02 -7.572922382687503E+00 -7.502531087687347E+00  6.858663073586718E+16 -7.378770784819732E+18
  0.000000000000000E+00  2.163096569323657E+00 -1.725704481558274E-01  5.985808230231231E+00  5.381088827244723E+00  1.793696275748242E+00  1.793696275748242E+00  5.381088827244726E+00 -3.552713678800501E-15  2.999999999999997E+00  2.391503201567099E-01  1.139731070569336E+00  1.378881390726046E+00  2.341104704731885E+17  1.115712397830180E+18
  0.000000000000000E+00  2.163926904865376E+00 -1.698273524606642E-01  5.991139187659363E+00  5.371119939055904E+00  1.790373313018649E+00  1.790373313018649E+00  5.371119939055947E+00 -4.263256414560601E-14  2.999999999999976E+00  1.151218740578928E-01  2.737714185084730E+00  2.852836059142623E+00  1.132459482323301E+17  2.693102778392141E+18
  0.000000000000000E+00  2.164741804890566E+00 -1.670798348379377E-01  5.996469807619909E+00  5.368878399215052E+00  1.789626133071710E+00  1.789626133071710E+00  5.368878399215133E+00 -8.082423619271140E-14  2.999999999999956E+00 -3.533463797563049E-02 -2.787007104953053E+00 -2.822341742928684E+00 -3.491380256940694E+16 -2.753813860749738E+18
  0.000000000000000E+00  2.165523032944590E+00 -1.643227243797167E-01  6.001800085296857E+00  5.402396447824369E+00  1.800798815941488E+00  1.800798815941488E+00  5.402396447824466E+00 -9.681144774731365E-14  2.999999999999946E+00  4.726053705299318E-02 -1.544240867323513E+01 -1.539514813618214E+01  4.685752122570389E+16 -1.531072301126721E+19
  0.000000000000000E+00  2.166273335323407E+00 -1.615882890435838E-01  6.007074397640576E+00  5.458808285833662E+00  1.819602761944582E+00  1.819602761944582E+00  5.458808285833746E+00 -8.437694987151190E-14  2.999999999999954E+00  1.844907863143888E-02 -1.350098153525118E+01 -1.348253245661974E+01  1.838720443316473E+16 -1.345570217875344E+19
  0.000000000000000E+00  2.167023637702224E+00 -1.588538537074509E-01  6.012349172465569E+00  5.507054420127407E+00  1.835684806709155E+00  1.835684806709155E+00  5.507054420127467E+00 -6.039613253960852E-14  2.999999999999967E+00  1.361709254971194E-03 -1.125394122566684E+01 -1.125257951641187E+01  1.366632517512806E+15 -1.129462987273269E+19
  0.000000000000000E+00  2.167773940081041E+00 -1.561194183713180E-01  6.017624116287645E+00  5.545951504618210E+00  1.848650501539414E+00  1.848650501539414E+00  5.545951504618243E+00 -3.286260152890463E-14  2.999999999999983E+00 -6.631914396836545E-03 -8.700971702063278E+00 -8.707603616460116E+00 -6.681666494855022E+15 -8.766245704572044E+18
  0.000000000000000E+00  2.168524242459858E+00 -1.533849830351851E-01  6.022898935566186E+00  5.574316193218672E+00  1.858105397739564E+00  1.858105397739564E+00  5.574316193218694E+00 -2.220446049250313E-14  2.999999999999988E+00  4.161779153323323E-02 -5.841756922021956E+00 -5.800139130488723E+00  4.176041885071645E+16 -5.861777064573529E+18
  0.000000000000000E+00  2.169276307199037E+00 -1.506665338067815E-01  6.028145388856530E+00  5.577405246848750E+00  1.859135082282912E+00  1.859135082282912E+00  5.577405246848736E+00  1.421085471520200E-14  3.000000000000008E+00  1.498378456650259E-01  3.039320937259228E+00  3.189158782924254E+00  1.520348104307242E+17  3.083884318300726E+18
  0.000000000000000E+00  2.170029505855484E+00 -1.479483238180181E-01  6.033391114282187E+00  5.560141448959193E+00  1.853380482986364E+00  1.853380482986364E+00  5.560141448959094E+00  9.947598300641403E-14  3.000000000000054E+00  5.424026590449838E-02  4.690779969914662E+00  4.745020235819162E+00  5.894137092175045E+16  5.097338619354515E+18
  0.000000000000000E+00  2.170768297002332E+00 -1.452263237464206E-01  6.038636062083365E+00  5.550478723971818E+00  1.850159574657212E+00  1.850159574657212E+00  5.550478723971637E+00  1.803002191991254E-13  3.000000000000098E+00 -3.780315897492568E-02 -8.948658135890390E-01 -9.326689725639646E-01 -4.717914397646805E+16 -1.116811510036497E+18
  0.000000000000000E+00  2.171477139212712E+00 -1.424965042695149E-01  6.043880808974017E+00  5.576370996308444E+00  1.858790332102741E+00  1.858790332102741E+00  5.576370996308225E+00  2.193800696659309E-13  3.000000000000118E+00  5.489210214435619E-02 -1.372522703164023E+01 -1.367033492949587E+01  8.383537247435379E+16 -2.096220540919718E+19
  0.000000000000000E+00  2.172159741163620E+00 -1.397855993787668E-01  6.049079212926396E+00  5.613888759414207E+00  1.871296253138020E+00  1.871296253138020E+00  5.613888759414062E+00  1.456612608308205E-13  3.000000000000078E+00 -2.292366284398462E+00 -5.956006671833083E+00 -8.248372956231544E+00 -3.770461002446063E+18 -9.796379853993581E+18
  0.000000000000000E+00  2.172842343114527E+00 -1.370746944880188E-01  6.054276937860554E+00  5.622472943749815E+00  1.874157647916610E+00  1.874157647916610E+00  5.622472943749832E+00 -1.687538997430238E-14  2.999999999999991E+00 -8.766077749241590E-01  1.398401523052333E+00  5.217937481281741E-01 -1.273619053016602E+18  2.031730580624812E+18
  0.000000000000000E+00  2.173524945065435E+00 -1.343637895972707E-01  6.059473703132654E+00  5.603728512799492E+00  1.867909504266557E+00  1.867909504266557E+00  5.603728512799672E+00 -1.803002191991254E-13  2.999999999999903E+00  9.452327544416626E+00  8.337602006744559E+00  1.778992955116119E+01  1.104885457735894E+19  9.745848486897963E+18
  0.000000000000000E+00  2.174207547016343E+00 -1.316528847065227E-01  6.064669228409796E+00  5.559260430047462E+00  1.853086810015905E+00  1.853086810015905E+00  5.559260430047716E+00 -2.540190280342358E-13  2.999999999999863E+00  2.394510055970626E+01  1.486119923297234E+01  3.880629979267861E+01  2.418757622467126E+19  1.501168843877907E+19
  0.000000000000000E+00  2.174893865864766E+00 -1.289499321136615E-01  6.069850250591386E+00  5.489887781518489E+00  1.829962593839692E+00  1.829962593839692E+00  5.489887781519077E+00 -5.897504706808832E-13  2.999999999999678E+00  5.414997963126042E+01  2.108045779079801E+01  7.523043742205844E+01  5.388372375035052E+19  2.097680501202887E+19
  0.000000000000000E+00  2.175588417198332E+00 -1.262490733508759E-01  6.075028730811419E+00  5.402069914019955E+00  1.800689971340428E+00  1.800689971340428E+00  5.402069914021284E+00 -1.329603094291087E-12  2.999999999999261E+00  7.693347271989582E+01  2.455310316586144E+01  1.014865758857573E+02  7.629811018096969E+19  2.435032898429324E+19
  0.000000000000000E+00  2.176287423580991E+00 -1.235493519981570E-01  6.080204473722569E+00  5.306286159189322E+00  1.768762053063797E+00  1.768762053063797E+00  5.306286159191391E+00 -2.068567539481592E-12  2.999999999998830E+00  9.266112929491926E+01  2.527672179828336E+01  1.179378510932026E+02  9.189777569225923E+19  2.506848910357118E+19
  0.000000000000000E+00  2.176987107576696E+00 -1.208498116354962E-01  6.085377434670631E+00  5.213015848664055E+00  1.737671949555486E+00  1.737671949555486E+00  5.213015848666458E+00 -2.403410803708539E-12  2.999999999998617E+00  1.016562175588755E+02  2.324874090240060E+01  1.249049584612761E+02  1.003148382304350E+20  2.294196792571881E+19
  0.000000000000000E+00  2.177642032166945E+00 -1.181695484988593E-01  6.090496362422487E+00  5.176170426025201E+00  1.725390142009094E+00  1.725390142009094E+00  5.176170426027282E+00 -2.081002037357393E-12  2.999999999998794E+00 -2.038903886294004E+00 -1.360824895710922E+00 -3.399728782004925E+00 -1.996325557167080E+18 -1.332406856644348E+18
  0.000000000000000E+00  2.178244755572143E+00 -1.154766383958775E-01  6.095617824268550E+00  5.205715902725008E+00  1.735238634242125E+00  1.735238634242125E+00  5.205715902726377E+00 -1.368682944757893E-12  2.999999999999211E+00 -5.143379427670894E+01 -1.199984781314351E+01 -6.343364208985246E+01 -5.014243647802880E+19 -1.169856541167201E+19
  0.000000000000000E+00  2.178826480627260E+00 -1.127786428969655E-01  6.100739785886237E+00  5.249002051354911E+00  1.749667350451855E+00  1.749667350451855E+00  5.249002051355567E+00 -6.554756737386924E-13  2.999999999999625E+00 -4.816646424027003E+01 -8.660108308371461E+00 -5.682657254864149E+01 -4.681948936053008E+19 -8.417928432161012E+18
  0.000000000000000E+00  2.179418410167259E+00 -1.100831235725382E-01  6.105858994968192E+00  5.253378644506347E+00  1.751126214835558E+00  1.751126214835558E+00  5.253378644506675E+00 -3.286260152890463E-13  2.999999999999813E+00  6.715232126670705E+00  8.669995814542689E+00  1.538522794121340E+01  6.503343616339721E+18  8.396427833113860E+18
  0.000000000000000E+00  2.180024003635462E+00 -1.073995133016783E-01  6.110958741757618E+00  5.217690698047861E+00  1.739230232682712E+00  1.739230232682712E+00  5.217690698048138E+00 -2.779998453661392E-13  2.999999999999840E+00  1.844159219140749E+01  1.033451703335770E+01  2.877610922476520E+01  1.778583097269419E+19  9.967033823975938E+18
  0.000000000000000E+00  2.180629597103665E+00 -1.047159030308185E-01  6.116055901596565E+00  5.176015870076574E+00  1.725338623358915E+00  1.725338623358915E+00  5.176015870076745E+00 -1.714184350021242E-13  2.999999999999901E+00  3.003199070875561E+01  1.186792435415959E+01  4.189991506291520E+01  2.887265809281312E+19  1.140978383591202E+19
  0.000000000000000E+00  2.181235190571868E+00 -1.020322927599586E-01  6.121150211809105E+00  5.128849284058989E+00  1.709616428019684E+00  1.709616428019684E+00  5.128849284059052E+00 -6.306066779870889E-14  2.999999999999963E+00  4.149720847838209E+01  1.327010777071222E+01  5.476731624909431E+01  3.978980440874206E+19  1.272410873022064E+19
  0.000000000000000E+00  2.181840784040071E+00 -9.934868248909880E-02  6.126241410604501E+00  5.076686063461592E+00  1.692228687820535E+00  1.692228687820535E+00  5.076686063461607E+00 -1.509903313490213E-14  2.999999999999991E+00  5.284188724126381E+01  1.454095727677958E+01  6.738284451804340E+01  5.053573731959094E+19  1.390635413833021E+19
  0.000000000000000E+00  2.182425113584704E+00 -9.667752675680331E-02  6.131300458482393E+00  5.043928163102256E+00  1.681309387700755E+00  1.681309387700755E+00  5.043928163102265E+00 -8.881784197001252E-15  2.999999999999995E+00  1.132512113598403E+01  4.060098196896194E+00  1.538521933288022E+01  1.080343006372859E+19  3.873070000343744E+18
  0.000000000000000E+00  2.182983584248437E+00 -9.400074489157433E-02  6.136359557261792E+00  5.038907079206894E+00  1.679635693068964E+00  1.679635693068964E+00  5.038907079206892E+00  2.664535259100376E-15  3.000000000000001E+00 -7.383684123899647E+00 -3.512700822928373E-01 -7.734954206192485E+00 -7.027803673413482E+18 -3.343394886987734E+17
  0.000000000000000E+00  2.183530173862110E+00 -9.132139270155518E-02  6.141417245176756E+00  5.039004427116699E+00  1.679668142372228E+00  1.679668142372228E+00  5.039004427116684E+00  1.509903313490213E-14  3.000000000000009E+00 -3.656625699404558E+00  1.311773253111826E+00 -2.344852446292732E+00 -3.473146331982512E+18  1.245952098181664E+18
  0.000000000000000E+00  2.184078860256565E+00 -8.864252599488927E-02  6.146471527352629E+00  5.021601822172862E+00  1.673867274057613E+00  1.673867274057613E+00  5.021601822172841E+00  2.042810365310288E-14  3.000000000000012E+00  2.225085632514117E+01  9.054003980333034E+00  3.130486030547420E+01  2.109076515843217E+19  8.581956078560165E+18
  0.000000000000000E+00  2.184631770885588E+00 -8.597208529726585E-02  6.151508034654447E+00  4.984084833961808E+00  1.661361611320592E+00  1.661361611320592E+00  4.984084833961775E+00  3.286260152890463E-14  3.000000000000020E+00  3.357419249767216E+01  1.110314674449329E+01  4.467733924216545E+01  3.175904956430356E+19  1.050287025674697E+19
  0.000000000000000E+00  2.185184681514611E+00 -8.330164459964245E-02  6.156540860788064E+00  4.939680425330174E+00  1.646560141776706E+00  1.646560141776706E+00  4.939680425330120E+00  5.417888360170764E-14  3.000000000000033E+00  4.481416543518458E+01  1.277208777384556E+01  5.758625320903013E+01  4.230999716892006E+19  1.205839698909877E+19
  0.000000000000000E+00  2.185737592143635E+00 -8.063120390201906E-02  6.161569755123693E+00  4.889802758305356E+00  1.629934252768426E+00  1.629934252768426E+00  4.889802758305279E+00  7.727152251391090E-14  3.000000000000048E+00  5.596173130470263E+01  1.406053767805941E+01  7.002226898276204E+01  5.273807842040069E+19  1.325058609536233E+19
  0.000000000000000E+00  2.186290502772658E+00 -7.796076320439564E-02  6.166594468218388E+00  4.835865994914747E+00  1.611955331638220E+00  1.611955331638220E+00  4.835865994914659E+00  8.792966355031240E-14  3.000000000000055E+00  6.700666957488313E+01  1.496820706680342E+01  8.197487664168656E+01  6.303569775066435E+19  1.408115613741909E+19
  0.000000000000000E+00  2.186820398250025E+00 -7.530177473947783E-02  6.171588983591897E+00  4.804677539451867E+00  1.601559179817239E+00  1.601559179817239E+00  4.804677539451717E+00  1.501021529293212E-13  3.000000000000094E+00  1.972208736542903E+01  2.947037409866201E+00  2.266912477529523E+01  1.852193150996888E+19  2.767700195798744E+18
  0.000000000000000E+00  2.187319720038139E+00 -7.263674146866091E-02  6.176584339828022E+00  4.806828144887362E+00  1.602276048295691E+00  1.602276048295691E+00  4.806828144887074E+00  2.877698079828406E-13  3.000000000000180E+00 -6.000382760078820E+00 -3.121921626218761E+00 -9.122304386297580E+00 -5.625879717533040E+18 -2.927072531693158E+18
  0.000000000000000E+00  2.187802090813467E+00 -6.996842309197776E-02  6.181578627762622E+00  4.820366746380972E+00  1.606788915460182E+00  1.606788915460182E+00  4.820366746380545E+00  4.272138198757602E-13  3.000000000000266E+00 -1.044144575924189E+01 -3.234497040349452E+00 -1.367594279959134E+01 -9.773332961863696E+18 -3.027532514979332E+18
  0.000000000000000E+00  2.188281133252476E+00 -6.729957930946126E-02  6.186569430571588E+00  4.823342279092443E+00  1.607780759697317E+00  1.607780759697317E+00  4.823342279091952E+00  4.902744876744691E-13  3.000000000000305E+00  6.262618920378633E+00  2.612968451802217E+00  8.875587372180851E+00  5.851675031231912E+18  2.441509285684479E+18
  0.000000000000000E+00  2.188761766127723E+00 -6.463851436602137E-02  6.191542168958992E+00  4.809059571850097E+00  1.603019857283281E+00  1.603019857283281E+00  4.809059571849844E+00  2.531308496145357E-13  3.000000000000158E+00  1.745931213761265E+01  5.118582875433990E+00  2.257789501304664E+01  1.628424294952834E+19  4.774085396027514E+18
  0.000000000000000E+00  2.189242399002969E+00 -6.197744942258145E-02  6.196510595193588E+00  4.786093466133265E+00  1.595364488711175E+00  1.595364488711175E+00  4.786093466133527E+00 -2.620126338115369E-13  2.999999999999836E+00  2.860366344115771E+01  7.344472128245329E+00  3.594813556940304E+01  2.662969403404847E+19  6.837622251398367E+18
  0.000000000000000E+00  2.189723031878216E+00 -5.931638447914154E-02  6.201474469918970E+00  4.755474970352119E+00  1.585158323450960E+00  1.585158323450960E+00  4.755474970352880E+00 -7.611689056830073E-13  2.999999999999520E+00  3.967716245863484E+01  9.290451250511007E+00  4.896761370914584E+01  3.687051578742640E+19  8.633271844008453E+18
  0.000000000000000E+00  2.190203664753463E+00 -5.665531953570165E-02  6.206433555114182E+00  4.718235092916832E+00  1.572745030972594E+00  1.572745030972594E+00  4.718235092917782E+00 -9.494627306594339E-13  2.999999999999396E+00  5.066089130582230E+01  1.095633528250558E+01  6.161722658832787E+01  4.698916514490792E+19  1.016225800025489E+19
  0.000000000000000E+00  2.190672381580186E+00 -5.400120043586641E-02  6.211373281188601E+00  4.688660620018288E+00  1.562886873339685E+00  1.562886873339685E+00  4.688660620019055E+00 -7.673861546209082E-13  2.999999999999509E+00  3.134134549054014E+01  5.598392312712293E+00  3.693973780325243E+01  2.901531289707913E+19  5.182901439983781E+18
  0.000000000000000E+00  2.191123786971062E+00 -5.134403850146939E-02  6.216311427740591E+00  4.674494377556687E+00  1.558164792519045E+00  1.558164792519045E+00  4.674494377557136E+00 -4.485301019485632E-13  2.999999999999712E+00  1.984758392376877E+01  2.532085981869353E+00  2.237966990563812E+01  1.833969025131302E+19  2.339714132235693E+18
  0.000000000000000E+00  2.191562904050115E+00 -4.868477429098311E-02  6.221247077775369E+00  4.667349448536346E+00  1.555783149512163E+00  1.555783149512163E+00  4.667349448536489E+00 -1.438849039914203E-13  2.999999999999907E+00  1.607252037752851E+01  1.758983247000318E+00  1.783150362452883E+01  1.482249602814525E+19  1.622180067582247E+18
  0.000000000000000E+00  2.191994755941369E+00 -4.602434836288009E-02  6.226179131748765E+00  4.658838915961574E+00  1.552946305320527E+00  1.552946305320527E+00  4.658838915961582E+00 -8.881784197001252E-15  2.999999999999994E+00  1.992831442253703E+01  3.280478253366821E+00  2.320879267590385E+01  1.834118494101531E+19  3.019214624189972E+18
  0.000000000000000E+00  2.192423778038588E+00 -4.336904943685008E-02  6.231096436125395E+00  4.642486639798389E+00  1.547495546599394E+00  1.547495546599394E+00  4.642486639798184E+00  2.051692149507289E-13  3.000000000000133E+00  3.083720520660332E+01  5.643160810145526E+00  3.648036601674885E+01  2.832214472897740E+19  5.182908636597539E+18
  0.000000000000000E+00  2.192852800135806E+00 -4.071375051082006E-02  6.236008498047656E+00  4.618007121010084E+00  1.539335707003136E+00  1.539335707003136E+00  4.618007121009408E+00  6.759037773917953E-13  3.000000000000439E+00  4.164051140078265E+01  7.740169756999657E+00  4.938068115778231E+01  3.816301202707725E+19  7.093769542956323E+18
  0.000000000000000E+00  2.193281822233025E+00 -3.805845158479004E-02  6.240915089244822E+00  4.586372324131630E+00  1.528790774710161E+00  1.528790774710161E+00  4.586372324130483E+00  1.146638339832862E-12  3.000000000000750E+00  5.230188434534055E+01  9.571348617696165E+00  6.187323296303671E+01  4.782896468693800E+19  8.752795444605159E+18
  0.000000000000000E+00  2.193710844330244E+00 -3.540315265876003E-02  6.245815983007900E+00  4.548554213697999E+00  1.516184737898879E+00  1.516184737898879E+00  4.548554213696638E+00  1.360689338980592E-12  3.000000000000898E+00  6.277425568574319E+01  1.113654091600143E+01  7.391079660174462E+01  5.727488253868275E+19  1.016091813249613E+19
  0.000000000000000E+00  2.194131131265126E+00 -3.275323821672041E-02  6.250700565823204E+00  4.516359292509652E+00  1.505453097502841E+00  1.505453097502841E+00  4.516359292508525E+00  1.127098414599459E-12  3.000000000000749E+00  5.036909783593129E+01  6.652387796399871E+00  5.702148563233116E+01  4.585525303735554E+19  6.056231674034947E+18
  0.000000000000000E+00  2.194535424425512E+00 -3.010078270742807E-02  6.255583015200565E+00  4.499649103690143E+00  1.499883034563176E+00  1.499883034563176E+00  4.499649103689527E+00  6.163958232718869E-13  3.000000000000411E+00  3.673836028831204E+01  2.618176610651364E+00  3.935653689896341E+01  3.337417382871196E+19  2.378426272496039E+18
  0.000000000000000E+00  2.194922710196103E+00 -2.744580250744106E-02  6.260463461124337E+00  4.496783584908017E+00  1.498927861635971E+00  1.498927861635971E+00  4.496783584907914E+00  1.030286966852145E-13  3.000000000000068E+00  2.186145018150944E+01 -9.660914639756977E-01  2.089535871753375E+01  1.981228258058600E+19 -8.755355625569469E+17
  0.000000000000000E+00  2.195291974961604E+00 -2.478831399331740E-02  6.265342069117673E+00  4.506122673831822E+00  1.502040891277317E+00  1.502040891277317E+00  4.506122673831952E+00 -1.296740492762183E-13  2.999999999999913E+00  5.811039667175843E+00 -4.100265646132187E+00  1.710774021043655E+00  5.251063982948406E+18 -3.705147183307617E+18
  0.000000000000000E+00  2.195651110091127E+00 -2.213534803651587E-02  6.270206419976413E+00  4.524974102559444E+00  1.508324700853138E+00  1.508324700853138E+00  4.524974102559415E+00  2.842170943040401E-14  3.000000000000019E+00  1.369088327897351E+01 -6.202996305335299E+00  7.487886973638205E+00  1.235428511532700E+19 -5.597417154459739E+18
  0.000000000000000E+00  2.196010245220650E+00 -1.948238207971435E-02  6.275064995867923E+00  4.550363851089682E+00  1.516787950363102E+00  1.516787950363102E+00  4.550363851089307E+00  3.756994715331530E-13  3.000000000000247E+00  1.333056981003979E+01 -7.710400786395295E+00  5.620169023644493E+00  1.205723756020167E+19 -6.973905488714918E+18
  0.000000000000000E+00  2.196369380350173E+00 -1.682941612291282E-02  6.279917578108144E+00  4.580132234229802E+00  1.526710744743025E+00  1.526710744743025E+00  4.580132234229076E+00  7.247535904753022E-13  3.000000000000474E+00  5.900004148407155E+00 -8.622186673320270E+00 -2.722182524913115E+00  5.368823342068789E+18 -7.845926190389826E+18
  0.000000000000000E+00  2.196728515479697E+00 -1.417645016611129E-02  1.578642501630382E-03  4.612119566787065E+00  1.537373188928728E+00  1.537373188928728E+00  4.612119566786184E+00  8.810729923425242E-13  3.000000000000573E+00  2.754475780704806E-01 -8.938061550118551E+00 -8.662613972048071E+00  2.530957181373165E+17 -8.212760927612692E+18
  0.000000000000000E+00  2.197085841135389E+00 -1.152690427093136E-02  6.412368698594980E-03  4.633174335947313E+00  1.544391445315517E+00  1.544391445315517E+00  4.633174335946550E+00  7.620570841027074E-13  3.000000000000493E+00  1.933846657274989E-01 -3.700293496876920E+00 -3.506908831149421E+00  1.795961248056147E+17 -3.436458470905602E+18
  0.000000000000000E+00  2.197432350643110E+00 -8.875817327971412E-03  1.124252809658396E-02  4.646097908735363E+00  1.548699302911620E+00  1.548699302911620E+00  4.646097908734860E+00  5.027089855502709E-13  3.000000000000325E+00 -1.038315126503595E-01 -4.443207963195160E+00 -4.547039475845519E+00 -9.735317063102906E+16 -4.165983639732591E+18
  0.000000000000000E+00  2.197755706488161E+00 -6.222006372951621E-03  1.607170471869949E-02  4.672520930399734E+00  1.557506976799832E+00  1.557506976799832E+00  4.672520930399498E+00  2.353672812205332E-13  3.000000000000151E+00 -5.508655735722268E-02 -1.116943993640215E+01 -1.122452649375937E+01 -5.213053437738831E+16 -1.057007191073707E+19
  0.000000000000000E+00  2.198043571155841E+00 -3.564288441592174E-03  2.090290883668722E-02  4.734074046188944E+00  1.578024682062946E+00  1.578024682062946E+00  4.734074046188840E+00  1.039168751049147E-13  3.000000000000066E+00  2.095512911457676E-01 -2.388049380075389E+01 -2.367094250960812E+01  2.002585895972613E+17 -2.282149626125893E+19
  0.000000000000000E+00  2.198322620805178E+00 -9.080257294933920E-04  2.572583981223390E-02  4.787851504125030E+00  1.595950501374984E+00  1.595950501374984E+00  4.787851504124952E+00  7.727152251391090E-14  3.000000000000048E+00  8.941024894596612E-01 -6.533004857782966E+00 -5.638902368323305E+00  8.609230307924666E+17 -6.290570050580506E+18
  0.000000000000000E+00  2.198622241372617E+00  1.746054640690877E-03  3.053756772089244E-02  4.785834618825774E+00  1.595278206275243E+00  1.595278206275243E+00  4.785834618825730E+00  4.440892098500626E-14  3.000000000000028E+00  2.218317379759142E+01  7.017190973573127E+00  2.920036477116455E+01  2.140983670089012E+19  6.772561681839820E+18
  0.000000000000000E+00  2.198933438713569E+00  4.398875282450245E-03  3.533960834037562E-02  4.741750549806994E+00  1.580583516602327E+00  1.580583516602326E+00  4.741750549806980E+00  1.421085471520200E-14  3.000000000000009E+00  5.706087907288305E+01  1.676865152243443E+01  7.382953059531748E+01  5.493611786014139E+19  1.614424157776216E+19
  0.000000000000000E+00  2.199247218683444E+00  7.051358809274321E-03  4.013378946268843E-02  4.669326456584511E+00  1.556442152194836E+00  1.556442152194836E+00  4.669326456584510E+00  1.776356839400250E-15  3.000000000000001E+00  7.549012227573306E+01  2.272120762353803E+01  9.821132989927109E+01  7.217839876944600E+19  2.172443672014411E+19
  0.000000000000000E+00  2.199564676308322E+00  9.705369730541005E-03  4.492313257115929E-02  4.584127889529458E+00  1.528042629843147E+00  1.528042629843148E+00  4.584127889529444E+00  1.421085471520200E-14  3.000000000000010E+00  9.786718641612359E+01  2.379865673039076E+01  1.216658431465143E+02  9.281888153695540E+19  2.257104531854488E+19
  0.000000000000000E+00  2.199882549291689E+00  1.235939952869807E-02  4.970489405748101E-02  4.502117017378736E+00  1.500705672459564E+00  1.500705672459564E+00  4.502117017378692E+00  4.352074256530614E-14  3.000000000000029E+00  9.681841276402601E+01  2.096131300911224E+01  1.177797257731382E+02  9.122239141868415E+19  1.974976706783269E+19
  0.000000000000000E+00  2.200185973251951E+00  1.501497012537172E-02  5.448308281263586E-02  4.437440957098728E+00  1.479146985699551E+00  1.479146985699551E+00  4.437440957098653E+00  7.371880883511039E-14  3.000000000000050E+00  7.359947515684817E+01  1.420571044837861E+01  8.780518560522677E+01  6.895770473360991E+19  1.330978494809689E+19
  0.000000000000000E+00  2.200460083807514E+00  1.767360344218817E-02  5.926220610103269E-02  4.404246825655810E+00  1.468082275218574E+00  1.468082275218574E+00  4.404246825655723E+00  8.704148513061227E-14  3.000000000000060E+00  2.911731945255514E+01  3.528042433832268E+00  3.264536188638740E+01  2.713907907363415E+19  3.288346056130809E+18
  0.000000000000000E+00  2.200714324207241E+00  2.033157125751517E-02  6.403497418768259E-02  4.385566234620688E+00  1.461855411540189E+00  1.461855411540189E+00  4.385566234620567E+00  1.207922650792170E-13  3.000000000000083E+00  3.983159405954660E+01  6.718433321843708E+00  4.655002738139031E+01  3.694115713497298E+19  6.230900542720885E+18
  0.000000000000000E+00  2.200968564606968E+00  2.298953907284217E-02  6.880042950794728E-02  4.356606433046005E+00  1.452202144348603E+00  1.452202144348603E+00  4.356606433045809E+00  1.962874307537277E-13  3.000000000000135E+00  5.030150876258480E+01  9.230272519505997E+00  5.953178128209080E+01  4.643714169565106E+19  8.521165337223345E+18
  0.000000000000000E+00  2.201222805006695E+00  2.564750688816917E-02  7.355837291925503E-02  4.319816831202942E+00  1.439938943734223E+00  1.439938943734223E+00  4.319816831202670E+00  2.726707748479384E-13  3.000000000000190E+00  6.051320154335418E+01  1.106332462685310E+01  7.157652617020727E+01  5.562129388701996E+19  1.016896172642320E+19
  0.000000000000000E+00  2.201477045406421E+00  2.830547470349616E-02  7.830860726668916E-02  4.277646839362676E+00  1.425882279787454E+00  1.425882279787454E+00  4.277646839362363E+00  3.126388037344441E-13  3.000000000000219E+00  7.042324581400163E+01  1.221735424391867E+01  8.264060005792030E+01  6.445541794244289E+19  1.118202753707910E+19
  0.000000000000000E+00  2.201731586683460E+00  3.096658805435142E-02  8.305654491165164E-02  4.231522047379461E+00  1.410507349126370E+00  1.410507349126370E+00  4.231522047379110E+00  3.508304757815495E-13  3.000000000000249E+00  8.007127286008988E+01  1.327896957898238E+01  9.335024243907225E+01  7.298908012921247E+19  1.210446318653204E+19
  0.000000000000000E+00  2.201986127960498E+00  3.362770140520668E-02  8.779636590962099E-02  4.182266469137607E+00  1.394088823045725E+00  1.394088823045725E+00  4.182266469137176E+00  4.316547119742609E-13  3.000000000000309E+00  8.941061471105880E+01  1.395543476457748E+01  1.033660494756363E+02  8.119044650932088E+19  1.267241013194380E+19
  0.000000000000000E+00  2.202240669237537E+00  3.628881475606193E-02  9.252787864188626E-02  4.131270782157221E+00  1.377090260718904E+00  1.377090260718904E+00  4.131270782156712E+00  5.098144129078719E-13  3.000000000000370E+00  9.821213706027351E+01  1.424661614998620E+01  1.124587532102597E+02  8.883894422601602E+19  1.288694427636109E+19
  0.000000000000000E+00  2.202495210514575E+00  3.894992810691719E-02  9.725089364877963E-02  4.079925663958410E+00  1.359975221319288E+00  1.359975221319288E+00  4.079925663957865E+00  5.453415496958769E-13  3.000000000000401E+00  1.061554620323602E+02  1.415238008449048E+01  1.203078421168507E+02  9.562681215046087E+19  1.274872687576776E+19
  0.000000000000000E+00  2.202747516254620E+00  4.194777625924228E-02  1.025674780469985E-01  4.066501444048328E+00  1.355500481349285E+00  1.355500481349285E+00  4.066501444047856E+00  4.725109192804666E-13  3.000000000000349E+00  3.565686993706677E+01 -6.106130813042156E+00  2.955073912402461E+01  3.202836593048046E+19 -5.484760508835186E+18
  0.000000000000000E+00  2.202950953328641E+00  4.494965656938945E-02  1.078900543590387E-01  4.117851166299809E+00  1.372617055433164E+00  1.372617055433164E+00  4.117851166299491E+00  3.170796958329447E-13  3.000000000000231E+00  6.925918361730037E+00 -1.775546763340033E+01 -1.082954927167029E+01  6.228258549529981E+18 -1.596692847257371E+19
  0.000000000000000E+00  2.203134744312103E+00  4.795315657920242E-02  1.132094650821617E-01  4.199020067042434E+00  1.399673355680757E+00  1.399673355680757E+00  4.199020067042270E+00  1.634248292248230E-13  3.000000000000117E+00  3.013603627067304E+00 -2.079644362696820E+01 -1.778283999990090E+01  2.723569384109448E+18 -1.879495918177154E+19
  0.000000000000000E+00  2.203328111780469E+00  5.095586383052486E-02  1.185154889056139E-01  4.275053382605789E+00  1.425017794201895E+00  1.425017794201895E+00  4.275053382605686E+00  1.039168751049147E-13  3.000000000000073E+00  5.011526690039879E-01 -1.522977382742347E+01 -1.472862115841948E+01  4.568299037507871E+17 -1.388282761330112E+19
  0.000000000000000E+00  2.203561643282234E+00  5.416927810873364E-02  1.241764374021097E-01  4.310721108322123E+00  1.436907036107341E+00  1.436907036107341E+00  4.310721108322025E+00  9.769962616701378E-14  3.000000000000068E+00  1.112700916630704E+00 -2.592480671438569E+00 -1.479779754807865E+00  1.024527281463986E+18 -2.387045013497021E+18
  0.000000000000000E+00  2.203797814617407E+00  5.738270061526465E-02  1.298240447813421E-01  4.309826969612667E+00  1.436608989870868E+00  1.436608989870868E+00  4.309826969612605E+00  6.217248937900877E-14  3.000000000000044E+00  7.346135320810515E-01  1.596205706551557E+00  2.330819238632608E+00  6.823053968438214E+17  1.482547925530005E+18
  0.000000000000000E+00  2.204007808021627E+00  6.059750866294041E-02  1.354673032849355E-01  4.309087173181831E+00  1.436362391060603E+00  1.436362391060603E+00  4.309087173181811E+00  2.042810365310288E-14  3.000000000000014E+00  1.106547035135952E-01 -2.664626453846679E+00 -2.553971750333084E+00  1.036331886211975E+17 -2.495544492264608E+18
  0.000000000000000E+00  2.204162805730534E+00  6.381507956458345E-02  1.411163077230818E-01  4.345217925734031E+00  1.448405975244676E+00  1.448405975244676E+00  4.345217925734029E+00  1.776356839400250E-15  3.000000000000001E+00  3.693670208468438E-03 -1.537765433049091E+01 -1.537396066028244E+01  3.490085375045806E+15 -1.453008077394377E+19
  0.000000000000000E+00  2.204280968631098E+00  6.704183569538297E-02  1.467789009328546E-01  4.394224469750761E+00  1.464741489916923E+00  1.464741489916923E+00  4.394224469750771E+00 -9.769962616701378E-15  2.999999999999994E+00  1.130122961362887E+00 -7.211522526978500E+00 -6.081399565615613E+00  1.074897856254518E+18 -6.859120971431417E+18
  0.000000000000000E+00  2.204399131531662E+00  7.026859182618246E-02  1.524296252815122E-01  4.408700602080993E+00  1.469566867360341E+00  1.469566867360341E+00  4.408700602081024E+00 -3.108624468950438E-14  2.999999999999979E+00  1.059078470785896E+01  4.831854328550877E-01  1.107397014071405E+01  1.008374781075381E+19  4.600527897734610E+17
  0.000000000000000E+00  2.204517294432227E+00  7.349534795698198E-02  1.580681583376013E-01  4.390702581944302E+00  1.463567527314783E+00  1.463567527314783E+00  4.390702581944349E+00 -4.707345624410664E-14  2.999999999999968E+00  2.922132012888596E+01  7.706393598691754E+00  3.692771372757771E+01  2.770298070769260E+19  7.305969485594986E+18
  0.000000000000000E+00  2.204635457332792E+00  7.672210408778149E-02  1.636941821598694E-01  4.342286668560269E+00  1.447428889520103E+00  1.447428889520103E+00  4.342286668560311E+00 -4.174438572590589E-14  2.999999999999971E+00  4.689862853013949E+01  1.445802602021310E+01  6.135665455035259E+01  4.404077559344270E+19  1.357699999843613E+19
  0.000000000000000E+00  2.204754280110371E+00  7.996687993707133E-02  1.693386935444140E-01  4.296294193341165E+00  1.432098064447060E+00  1.432098064447060E+00  4.296294193341181E+00 -1.598721155460225E-14  2.999999999999989E+00  4.938990210638806E+01  6.991438337901922E+00  5.638134044428998E+01  4.597317747475599E+19  6.507780372186768E+18
  0.000000000000000E+00  2.204873102887951E+00  8.321165578636117E-02  1.749699248261992E-01  4.277259465459468E+00  1.425753155153151E+00  1.425753155153151E+00  4.277259465459452E+00  1.509903313490213E-14  3.000000000000010E+00  3.563511451597105E+01  2.141931245053355E+00  3.777704576102441E+01  3.308224362127126E+19  1.988485016292280E+18
  0.000000000000000E+00  2.204991925665531E+00  8.645643163565100E-02  1.805875669553687E-01  4.273723760779847E+00  1.424574586926602E+00  1.424574586926602E+00  4.273723760779808E+00  3.907985046680551E-14  3.000000000000028E+00  1.395658888002285E+01 -9.007201707158315E-02  1.386651686295126E+01  1.299083952279864E+19 -8.383933419050459E+16
  0.000000000000000E+00  2.205110748443111E+00  8.970120748494083E-02  1.861913158022243E-01  4.274228355166970E+00  1.424742785055640E+00  1.424742785055640E+00  4.274228355166922E+00  4.884981308350689E-14  3.000000000000035E+00  1.570979092159991E+00  2.958517927881912E-01  1.866830884948183E+00  1.472432994112076E+18  2.772932773214638E+17
  0.000000000000000E+00  2.205221996894009E+00  9.296103322049365E-02  1.918094982432474E-01  4.264676403765469E+00  1.421558801255140E+00  1.421558801255140E+00  4.264676403765421E+00  4.796163466380676E-14  3.000000000000034E+00  1.198661445617291E+00  3.373759152182453E+00  4.572420597799744E+00  1.132595818048993E+18  3.187810470452359E+18
  0.000000000000000E+00  2.205309746656186E+00  9.622174396571027E-02  1.974228631884216E-01  4.250503338895772E+00  1.416834446298574E+00  1.416834446298574E+00  4.250503338895723E+00  4.884981308350689E-14  3.000000000000034E+00  5.060235334926465E-01  2.398121743319143E+00  2.904145276811789E+00  4.816284598112122E+17  2.282509814716675E+18
  0.000000000000000E+00  2.205363064548511E+00  9.948298792449414E-02  2.030350291886028E-01  4.249531505303766E+00  1.416510501767903E+00  1.416510501767903E+00  4.249531505303711E+00  5.506706202140776E-14  3.000000000000039E+00  5.264709323757174E-02 -2.631957528321706E+00 -2.579310435084134E+00  5.047620082080938E+16 -2.523429283206806E+18
  0.000000000000000E+00  2.205371017389855E+00  1.027444133007488E-01  2.086500211556880E-01  4.279583247735335E+00  1.426527749245087E+00  1.426527749245087E+00  4.279583247735263E+00  7.194245199571014E-14  3.000000000000051E+00  3.235273791665535E-03 -1.171712149962842E+01 -1.171388622583676E+01  3.127155498235376E+15 -1.132555180196723E+19
  0.000000000000000E+00  2.205352579125405E+00  1.060172052406069E-01  2.142808997095876E-01  4.308742306529742E+00  1.436247435509894E+00  1.436247435509894E+00  4.308742306529681E+00  6.039613253960852E-14  3.000000000000042E+00  1.236469196553667E+00 -1.633710639400437E+00 -3.972414428467698E-01  1.202180949251081E+18 -1.588406579597927E+18
  0.000000000000000E+00  2.205334140860955E+00  1.092899971804649E-01  2.198983838761311E-01  4.295140916291204E+00  1.431713638763733E+00  1.431713638763733E+00  4.295140916291200E+00  3.552713678800501E-15  3.000000000000002E+00  1.106813891143768E+01  7.670843867052772E+00  1.873898277849045E+01  1.076455177529416E+19  7.460440876989458E+18
  0.000000000000000E+00  2.205315702596505E+00  1.125627891203230E-01  2.255021681428022E-01  4.242213926790778E+00  1.414071308930278E+00  1.414071308930277E+00  4.242213926790833E+00 -5.506706202140776E-14  2.999999999999961E+00  3.033517576081400E+01  1.619656155098995E+01  4.653173731180396E+01  2.936197960502931E+19  1.567695251484535E+19
  0.000000000000000E+00  2.205297264332055E+00  1.158355810601811E-01  2.310919519267262E-01  4.153396187799513E+00  1.384465395933197E+00  1.384465395933197E+00  4.153396187799592E+00 -7.904787935331115E-14  2.999999999999943E+00  4.883346025751668E+01  2.394346194367000E+01  7.277692220118668E+01  4.681875157290099E+19  2.295563309715175E+19
  0.000000000000000E+00  2.205278686882438E+00  1.191330783672947E-01  2.367094722929949E-01  4.046370357814757E+00  1.348790119271639E+00  1.348790119271639E+00  4.046370357814919E+00 -1.616484723854228E-13  2.999999999999880E+00  6.060347947552024E+01  2.415734402709373E+01  8.476082350261397E+01  5.748534782767777E+19  2.291441573996253E+19
  0.000000000000000E+00  2.205260109432820E+00  1.224305756744082E-01  2.423121828232267E-01  3.939200869500732E+00  1.313066956500361E+00  1.313066956500361E+00  3.939200869501084E+00 -3.517186542012496E-13  2.999999999999732E+00  7.190069821751339E+01  2.400770366707618E+01  9.590840188458958E+01  6.760507736386160E+19  2.257339224761537E+19
  0.000000000000000E+00  2.205241531983203E+00  1.257280729815218E-01  2.478997916729179E-01  3.833503390241499E+00  1.277834463414014E+00  1.277834463414014E+00  3.833503390242043E+00 -5.448974604860268E-13  2.999999999999574E+00  8.277974345558019E+01  2.349455005063283E+01  1.062742935062130E+02  7.724749377557094E+19  2.192438672837850E+19
  0.000000000000000E+00  2.205222954533585E+00  1.290255702886354E-01  2.534720123402883E-01  3.730893587421116E+00  1.243631195807249E+00  1.243631195807249E+00  3.730893587421749E+00 -6.328271240363392E-13  2.999999999999491E+00  9.317594886909377E+01  2.261789236477899E+01  1.157938412338728E+02  8.633592366549210E+19  2.095751803314979E+19
  0.000000000000000E+00  2.205170920683439E+00  1.323349151027560E-01  2.590633665676951E-01  3.662769952063317E+00  1.220923317354624E+00  1.220923317354624E+00  3.662769952063872E+00 -5.551115123125783E-13  2.999999999999545E+00  3.889806138166312E+01  8.947747253239291E+00  4.784580863490240E+01  3.580246228117295E+19  8.235664507604097E+18
  0.000000000000000E+00  2.205065211144168E+00  1.356433007041895E-01  2.646620059139513E-01  3.641905543063252E+00  1.213968514354546E+00  1.213968514354546E+00  3.641905543063638E+00 -3.863576125695545E-13  2.999999999999682E+00  6.311714382402627E+00  1.431027934650561E+00  7.742742317053189E+00  5.773711966821686E+18  1.309048954145309E+18
  0.000000000000000E+00  2.204925472858845E+00  1.389507944103001E-01  2.702600865289146E-01  3.640848415299364E+00  1.213616138433193E+00  1.213616138433193E+00  3.640848415299580E+00 -2.162714451969805E-13  2.999999999999821E+00 -5.877170558375116E+00  6.815169148808305E-02 -5.809018866887033E+00 -5.343339322600596E+18  6.196138250762259E+16
  0.000000000000000E+00  2.204771352770540E+00  1.422574635384518E-01  2.758490679141357E-01  3.632146623650100E+00  1.210715541216746E+00  1.210715541216746E+00  3.632146623650238E+00 -1.385558334732195E-13  2.999999999999886E+00  1.486948293663294E+00  4.857466162259946E+00  6.344414455923239E+00  1.342992854425001E+18  4.387201878052348E+18
  0.000000000000000E+00  2.204615592269036E+00  1.455850742524203E-01  2.814590833047937E-01  3.623411645222935E+00  1.207803881741018E+00  1.207803881741018E+00  3.623411645223055E+00 -1.203481758693670E-13  2.999999999999901E+00  1.088142641414972E+01 -7.980999632074887E-01  1.008332645094223E+01  9.779154976122374E+18 -7.172536880362172E+17
  0.000000000000000E+00  2.204459831767530E+00  1.489126849663888E-01  2.870540896810676E-01  3.637795216000939E+00  1.212598405333673E+00  1.212598405333673E+00  3.637795216001020E+00 -8.126832540256146E-14  2.999999999999933E+00  1.199651048760489E+01 -5.437393413564672E+00  6.559117074040220E+00  1.077118528003881E+19 -4.882017313157932E+18
  0.000000000000000E+00  2.204304071266026E+00  1.522402956803574E-01  2.926337983250111E-01  3.670736255628444E+00  1.223578751876162E+00  1.223578751876162E+00  3.670736255628487E+00 -4.352074256530614E-14  2.999999999999965E+00  5.480007447205376E+00 -9.060629439736353E+00 -3.580621992530978E+00  4.934656601846095E+18 -8.158947832174439E+18
  0.000000000000000E+00  2.204148310764521E+00  1.555679063943259E-01  2.981979259050556E-01  3.717673683749783E+00  1.239224561249936E+00  1.239224561249936E+00  3.717673683749808E+00 -2.486899575160351E-14  2.999999999999980E+00  3.256193075246209E-01 -1.166802329264730E+01 -1.134240398512268E+01  2.951393825583448E+17 -1.057582615861292E+19
  0.000000000000000E+00  2.204007031283696E+00  1.589254449536177E-01  3.037878523687941E-01  3.740390602826837E+00  1.246796867608931E+00  1.246796867608931E+00  3.740390602826793E+00  4.352074256530614E-14  3.000000000000035E+00  8.952043338100101E-01  1.826977727741418E-01  1.077902106584152E+00  8.174734666184358E+17  1.668340690638812E+17
  0.000000000000000E+00  2.203871056887670E+00  1.622835543577116E-01  3.093592485168035E-01  3.729227903832577E+00  1.243075967944129E+00  1.243075967944129E+00  3.729227903832386E+00  1.909583602355269E-13  3.000000000000153E+00  4.438966547199245E-01  3.285707212246244E+00  3.729603866966169E+00  4.079043841885737E+17  3.019293708984785E+18
  0.000000000000000E+00  2.203700874049547E+00  1.656393620317082E-01  3.149280024359723E-01  3.723816690086753E+00  1.241272230028804E+00  1.241272230028804E+00  3.723816690086413E+00  3.401723347451480E-13  3.000000000000274E+00 -8.592726225663376E-02 -2.355723215827075E+00 -2.441650478083709E+00 -7.943500941340422E+16 -2.177736039881243E+18
  0.000000000000000E+00  2.203456969242431E+00  1.689899954007078E-01  3.205113759157913E-01  3.763788064909115E+00  1.254596021636236E+00  1.254596021636236E+00  3.763788064908709E+00  4.067857162226574E-13  3.000000000000324E+00  1.697917929960985E-01 -1.674029321814519E+01 -1.657050142514909E+01  1.580013136442485E+17 -1.557783372555363E+19
  0.000000000000000E+00  2.203162136945842E+00  1.723472792941288E-01  3.261176784134503E-01  3.818885335820916E+00  1.272961778606858E+00  1.272961778606858E+00  3.818885335820574E+00  3.423927807943983E-13  3.000000000000269E+00 -4.116994463966128E+00 -7.453795731553219E+00 -1.157079019551935E+01 -3.848347587758575E+18 -6.967412046392294E+18
  0.000000000000000E+00  2.202867304649252E+00  1.757045631875498E-01  3.317087377540380E-01  3.831170170619791E+00  1.277056723539863E+00  1.277056723539863E+00  3.831170170619589E+00  2.016165012719284E-13  3.000000000000158E+00 -6.586355467825988E+00  2.093671839282957E+00 -4.492683628543030E+00 -6.152005124415796E+18  1.955600475412132E+18
  0.000000000000000E+00  2.202572472352662E+00  1.790618470809708E-01  3.372842679112185E-01  3.799444538792689E+00  1.266481512930876E+00  1.266481512930876E+00  3.799444538792629E+00  5.995204332975845E-14  3.000000000000048E+00  1.148481527234177E-02  1.190200371173270E+01  1.191348852700504E+01  1.066577382396913E+16  1.105321040270402E+19
  0.000000000000000E+00  2.202277640056073E+00  1.824191309743919E-01  3.428439883069049E-01  3.722510409826558E+00  1.240836803275521E+00  1.240836803275521E+00  3.722510409826563E+00 -4.884981308350689E-15  2.999999999999996E+00  1.238589816428830E+01  2.197109410316554E+01  3.435699226745384E+01  1.138077645401403E+19  2.018812904171823E+19
  0.000000000000000E+00  2.201979788294866E+00  1.858107978036183E-01  3.484443137224366E-01  3.639985673519713E+00  1.213328557839906E+00  1.213328557839906E+00  3.639985673519717E+00 -3.552713678800501E-15  2.999999999999997E+00  2.009807942764418E+01  1.419650198569368E+01  3.429458141333785E+01  1.828067202130166E+19  1.291275604639423E+19
  0.000000000000000E+00  2.201681936533659E+00  1.892024646328446E-01  3.540279452864688E-01  3.589709496918706E+00  1.196569832306236E+00  1.196569832306236E+00  3.589709496918708E+00 -1.776356839400250E-15  2.999999999999999E+00  1.764956761781549E+01  7.933138838533575E+00  2.558270645634907E+01  1.598024029650123E+19  7.182808536188045E+18
  0.000000000000000E+00  2.201384084772452E+00  1.925941314620710E-01  3.595946109430327E-01  3.564745290240324E+00  1.188248430080108E+00  1.188248430080108E+00  3.564745290240326E+00 -1.776356839400250E-15  2.999999999999998E+00  7.628806509335667E+00  3.180392180862406E+00  1.080919869019807E+01  6.908100706804509E+18  2.879935340560153E+18
  0.000000000000000E+00  2.201086233011246E+00  1.959857982912974E-01  3.651440444923882E-01  3.558156463701356E+00  1.186052154567119E+00  1.186052154567119E+00  3.558156463701357E+00 -4.440892098500626E-16  3.000000000000000E+00  5.106603347014632E-01 -6.235046814263570E-02  4.483098665588276E-01  4.642141924050813E+17 -5.667949955782897E+16
  0.000000000000000E+00  2.200766391851301E+00  1.993971667118269E-01  3.707204678320610E-01  3.562682084913338E+00  1.187560694971298E+00  1.187560694971298E+00  3.562682084913895E+00 -5.564437799421285E-13  2.999999999999531E+00  1.088346162546896E-01 -2.013617661402646E+00 -1.904783045147956E+00  9.942044757806917E+16 -1.839440207877149E+18
  0.000000000000000E+00  2.200407550173237E+00  2.028048657535732E-01  3.762976677342630E-01  3.577904802045212E+00  1.192634934015663E+00  1.192634934015663E+00  3.577904802046990E+00 -1.777689107029801E-12  2.999999999998510E+00 -1.354694456654702E-02 -4.684440201553541E+00 -4.697987146120088E+00 -1.242673758037957E+16 -4.297080334958808E+18
  0.000000000000000E+00  2.200011537914238E+00  2.062084811258547E-01  3.818745593264826E-01  3.607158821934981E+00  1.202386273979325E+00  1.202386273979325E+00  3.607158821937977E+00 -2.995825809648522E-12  2.999999999997508E+00  4.989841881046850E-02 -8.074728237311488E+00 -8.024829818501019E+00  4.595906190890718E+16 -7.437248389889715E+18
  0.000000000000000E+00  2.199580185011487E+00  2.096075985379895E-01  3.874500040743231E-01  3.653778351420648E+00  1.217926117141397E+00  1.217926117141397E+00  3.653778351424191E+00 -3.542943716183800E-12  2.999999999997091E+00  1.323454146113281E-01 -1.218478748609485E+01 -1.205244207148352E+01  1.224603261822137E+17 -1.127468642861775E+19
  0.000000000000000E+00  2.199128746417158E+00  2.130272458900237E-01  3.930536449714270E-01  3.685998199799184E+00  1.228666066600722E+00  1.228666066600722E+00  3.685998199802165E+00 -2.980726776513620E-12  2.999999999997574E+00 -3.433651752469138E+00 -1.605840664217901E+00 -5.039492416687039E+00 -3.184973324759733E+18 -1.489539431501923E+18
  0.000000000000000E+00  2.198677307822831E+00  2.164468932420580E-01  3.986405087900943E-01  3.668433521588795E+00  1.222811173863518E+00  1.222811173863518E+00  3.668433521590554E+00 -1.758593271006248E-12  2.999999999998562E+00 -4.535438040873962E+00  9.173233671678149E+00  4.637795630804187E+00 -4.195549544237885E+18  8.485785938105470E+18
  0.000000000000000E+00  2.198225869228502E+00  2.198665405940922E-01  4.042103235789138E-01  3.600130874880509E+00  1.200043624960349E+00  1.200043624960349E+00  3.600130874881049E+00 -5.400124791776761E-13  2.999999999999550E+00  3.090162305934853E+00  2.015230957465815E+01  2.324247188059300E+01  2.836735878166156E+18  1.849960420802224E+19
  0.000000000000000E+00  2.197774430634174E+00  2.232861879461264E-01  4.097628232745690E-01  3.480136817765356E+00  1.160045605921780E+00  1.160045605921780E+00  3.480136817765342E+00  1.465494392505207E-14  3.000000000000012E+00  1.538658587081881E+01  3.133126109778670E+01  4.671784696860551E+01  1.394942957615673E+19  2.840482117898818E+19
  0.000000000000000E+00  2.197317487650615E+00  2.267475310465852E-01  4.153651255385478E-01  3.350369158367767E+00  1.116789719455919E+00  1.116789719455919E+00  3.350369158367757E+00  9.769962616701378E-15  3.000000000000009E+00  2.207462900588482E+01  2.378431868710368E+01  4.585894769298851E+01  1.977117610861798E+19  2.130246235444587E+19
  0.000000000000000E+00  2.196860544667057E+00  2.302088741470440E-01  4.209491578136265E-01  3.254016334648494E+00  1.084672111549498E+00  1.084672111549498E+00  3.254016334648495E+00 -8.881784197001252E-16  3.000000000000000E+00  1.873961203349284E+01  1.717066081386343E+01  3.591027284735627E+01  1.666866134851609E+19  1.527309795554923E+19
  0.000000000000000E+00  2.196403601683498E+00  2.336702172475028E-01  4.265146628087579E-01  3.186684552975172E+00  1.062228184325060E+00  1.062228184325060E+00  3.186684552975182E+00 -1.021405182655144E-14  2.999999999999991E+00  8.238334191250360E+00  1.148970707055792E+01  1.972804126180828E+01  7.308981539820085E+18  1.019357250229522E+19
  0.000000000000000E+00  2.195946658699939E+00  2.371315603479616E-01  4.320613895279815E-01  3.143980019715433E+00  1.047993339905149E+00  1.047993339905149E+00  3.143980019715449E+00 -1.554312234475219E-14  2.999999999999985E+00  5.457117571541781E-01  6.740877049679314E+00  7.286588806833493E+00  4.845089635825002E+17  5.984872618484653E+18
  0.000000000000000E+00  2.195433632262883E+00  2.405962392211090E-01  4.376335013197604E-01  3.142323312659665E+00  1.047441104219892E+00  1.047441104219892E+00  3.142323312659677E+00 -1.154631945610163E-14  2.999999999999989E+00  9.416101385668428E-02 -4.979724989356932E+00 -4.885563975500247E+00  8.374587479641438E+16 -4.428918173226078E+18
  0.000000000000000E+00  2.194839706047456E+00  2.440487057776196E-01  4.432262634294500E-01  3.181141620489456E+00  1.060380540163153E+00  1.060380540163153E+00  3.181141620489460E+00 -3.552713678800501E-15  2.999999999999996E+00  5.150359432697392E-01 -1.032443402639381E+01 -9.809398083124075E+00  4.585680315296252E+17 -9.192475690305991E+18
  0.000000000000000E+00  2.194207216998640E+00  2.474952046152384E-01  4.488203409328395E-01  3.230232906948784E+00  1.076744302316260E+00  1.076744302316260E+00  3.230232906948779E+00  4.440892098500626E-15  3.000000000000004E+00  3.997644962251084E-01 -9.303373551788146E+00 -8.903609055563038E+00  3.561013288201876E+17 -8.287238400572772E+18
  0.000000000000000E+00  2.193578502061416E+00  2.509419803317104E-01  4.543950065775958E-01  3.259395135781624E+00  1.086465045260538E+00  1.086465045260538E+00  3.259395135781616E+00  7.993605777301127E-15  3.000000000000007E+00  9.685124921451885E-02 -1.923567709283802E+00 -1.826716460069283E+00  8.626119119163123E+16 -1.713238014855713E+18
  0.000000000000000E+00  2.192958838633225E+00  2.544300857581356E-01  4.600066539860593E-01  3.260224721768803E+00  1.086741573922965E+00  1.086741573922965E+00  3.260224721768895E+00 -9.281464485866309E-14  2.999999999999915E+00  2.960481601524966E-02  1.575150832213130E+00  1.604755648228379E+00  2.635036485460485E+16  1.401994834504983E+18
  0.000000000000000E+00  2.192339175205035E+00  2.579181911845608E-01  4.655999650986266E-01  3.244290626426001E+00  1.081430208808772E+00  1.081430208808772E+00  3.244290626426316E+00 -3.144151605738443E-13  2.999999999999709E+00  1.441737663374193E-03  5.057863251482460E+00  5.059304989145834E+00  1.281677840247129E+15  4.496345911678426E+18
  0.000000000000000E+00  2.191719511776845E+00  2.614062966109860E-01  4.711746813962563E-01  3.211660233386818E+00  1.070553411129119E+00  1.070553411129118E+00  3.211660233387356E+00 -5.382361223382759E-13  2.999999999999497E+00  5.714858467735778E-03  8.524581444532162E+00  8.530296302999899E+00  5.070379153812250E+15  7.563242431173533E+18
  0.000000000000000E+00  2.191099848348655E+00  2.648944020374112E-01  4.767305506985078E-01  3.162400926284849E+00  1.054133642095164E+00  1.054133642095164E+00  3.162400926285493E+00 -6.434852650727407E-13  2.999999999999390E+00  3.152469358920536E-02  1.197531730737018E+01  1.200684200095939E+01  2.788820042005656E+16  1.059391896123201E+19
  0.000000000000000E+00  2.190468385236512E+00  2.684153427634725E-01  4.823238847692802E-01  3.112267496423669E+00  1.037422498808081E+00  1.037422498808081E+00  3.112267496424244E+00 -5.759837051755312E-13  2.999999999999445E+00 -2.341246593785279E+00  7.917517124286536E+00  5.576270530501256E+00 -2.066569844993609E+18  6.988628271666662E+18
  0.000000000000000E+00  2.189814771303239E+00  2.719324409037105E-01  4.879090160332747E-01  3.092993523377261E+00  1.030997841125888E+00  1.030997841125888E+00  3.092993523377666E+00 -4.045652701734070E-13  2.999999999999608E+00 -1.190963381155762E+00 -7.444452585523444E-01 -1.935408639708106E+00 -1.052256085833237E+18 -6.577423506684216E+17
  0.000000000000000E+00  2.189123317611043E+00  2.754419710921641E-01  4.934929930851820E-01  3.126955660627312E+00  1.042318553542501E+00  1.042318553542501E+00  3.126955660627505E+00 -1.931788062847772E-13  2.999999999999815E+00  2.003278862897077E+01 -1.400999795024590E+01  6.022790678724865E+00  1.779125263002538E+19 -1.244237222762374E+19
  0.000000000000000E+00  2.188378335222135E+00  2.789402079628724E-01  4.990833816693114E-01  3.236530561655508E+00  1.078843520551838E+00  1.078843520551838E+00  3.236530561655513E+00 -5.329070518200751E-15  2.999999999999995E+00  6.621641994351403E+01 -3.187299115626071E+01  3.434342878725332E+01  5.941574566047140E+19 -2.859951561250687E+19
  0.000000000000000E+00  2.187596230461845E+00  2.824546007818373E-01  5.047073910164330E-01  3.376390229791337E+00  1.125463409930542E+00  1.125463409930543E+00  3.376390229791628E+00 -2.913225216616411E-13  2.999999999999741E+00  4.846308553069950E+01 -2.495160634592005E+01  2.351147918477945E+01  4.396760923447969E+19 -2.263707449858985E+19
  0.000000000000000E+00  2.186814125701556E+00  2.859689936008022E-01  5.103128781077269E-01  3.477054342058599E+00  1.159018114019906E+00  1.159018114019906E+00  3.477054342059718E+00 -1.119548898032008E-12  2.999999999999034E+00  2.322963568834773E+01 -1.583109960004551E+01  7.398536088302222E+00  2.121107486324657E+19 -1.445544145802152E+19
  0.000000000000000E+00  2.186032020941265E+00  2.894833864197671E-01  5.158995837853309E-01  3.527737096861795E+00  1.175912365621261E+00  1.175912365621261E+00  3.527737096863783E+00 -1.988187392498730E-12  2.999999999998309E+00  5.452752213660978E+00 -4.513835739692907E+00  9.389164739680708E-01  4.986924092592942E+18 -4.128219166806468E+18
  0.000000000000000E+00  2.185249916180976E+00  2.929977792387320E-01  5.214672553141796E-01  3.517652692605426E+00  1.172550897535938E+00  1.172550897535938E+00  3.517652692607815E+00 -2.388755859783487E-12  2.999999999997963E+00  4.670148731349388E-02  8.997820414082225E+00  9.044521901395719E+00  4.255982932416477E+16  8.199860928244509E+18
  0.000000000000000E+00  2.184456341228862E+00  2.965637134391402E-01  5.270968733296306E-01  3.463320962129299E+00  1.154440320710350E+00  1.154440320710350E+00  3.463320962131050E+00 -1.750599665228947E-12  2.999999999998484E+00 -1.491633519842468E-02  1.292481157675566E+01  1.290989524155724E+01 -1.351045055264974E+16  1.170663070970100E+19
  0.000000000000000E+00  2.183662766276748E+00  3.001296476395485E-01  5.327063907396049E-01  3.388577786606847E+00  1.129525928869067E+00  1.129525928869067E+00  3.388577786607200E+00 -3.534950110406498E-13  2.999999999999687E+00  2.429981584987494E-02  1.720096032233308E+01  1.722526013818295E+01  2.187677266904190E+16  1.548577573532628E+19
  0.000000000000000E+00  2.182869191324634E+00  3.036955818399567E-01  5.382955638854097E-01  3.291672768492763E+00  1.097224256163910E+00  1.097224256163910E+00  3.291672768491730E+00  1.033395591321096E-12  3.000000000000941E+00  1.406195763637007E-01  2.182588287062604E+01  2.196650244698974E+01  1.257664316100963E+17  1.952049263950948E+19
  0.000000000000000E+00  2.182075616372520E+00  3.072615160403649E-01  5.438641559562938E-01  3.170855510241744E+00  1.056951836746701E+00  1.056951836746701E+00  3.170855510240103E+00  1.640465541186131E-12  3.000000000001552E+00  7.534965807622060E-02  2.679919544144573E+01  2.687454509952195E+01  6.686975627455179E+16  2.378319574736206E+19
  0.000000000000000E+00  2.181222457107607E+00  3.108291781963334E-01  5.494641611745402E-01  3.080215336482463E+00  1.026738445493695E+00  1.026738445493695E+00  3.080215336481086E+00  1.376676550535194E-12  3.000000000001341E+00  7.279635143083219E+00  1.022364448688003E+01  1.750327962996325E+01  6.415617253055590E+18  9.010202938735987E+18
  0.000000000000000E+00  2.180287239211385E+00  3.143769900766548E-01  5.550860144276348E-01  3.061128568836518E+00  1.020376189611890E+00  1.020376189611890E+00  3.061128568835671E+00  8.468781231840694E-13  3.000000000000830E+00  4.044006895491903E+01 -1.834654486754853E+00  3.860541446816418E+01  3.551218696802101E+19 -1.611090060899413E+18
  0.000000000000000E+00  2.179315419338287E+00  3.179158636297891E-01  5.607075615251744E-01  3.091059838292641E+00  1.030353279430771E+00  1.030353279430771E+00  3.091059838292312E+00  3.286260152890463E-13  3.000000000000319E+00  6.843967306158433E+01 -9.375766704359556E+00  5.906390635722477E+01  6.008883928320793E+19 -8.231759642512700E+18
  0.000000000000000E+00  2.178352454142743E+00  3.214567108041964E-01  5.663052071666632E-01  3.147473775839562E+00  1.049157925279822E+00  1.049157925279822E+00  3.147473775839468E+00  9.370282327836321E-14  3.000000000000089E+00  4.687478739140325E+01 -1.241372578080872E+01  3.446106161059453E+01  4.128968140350231E+19 -1.093463695611423E+19
  0.000000000000000E+00  2.177395504763365E+00  3.250531579222989E-01  5.719527099611094E-01  3.206140611351486E+00  1.068713537117136E+00  1.068713537117136E+00  3.206140611351407E+00  7.904787935331115E-14  3.000000000000074E+00  3.681957797616437E+01 -1.054107054357772E+01  2.627850743258665E+01  3.258601204311898E+19 -9.329043692536451E+18
  0.000000000000000E+00  2.176438555383986E+00  3.286496050404015E-01  5.775797209029682E-01  3.253084905202620E+00  1.084361635067524E+00  1.084361635067524E+00  3.253084905202573E+00  4.707345624410664E-14  3.000000000000044E+00  2.599335627292136E+01 -7.789888693347472E+00  1.820346757957389E+01  2.310051881598919E+19 -6.922940940974156E+18
  0.000000000000000E+00  2.175481606004608E+00  3.322460521585040E-01  5.831859969363807E-01  3.283833230103919E+00  1.094611076701301E+00  1.094611076701301E+00  3.283833230103903E+00  1.509903313490213E-14  3.000000000000014E+00  1.480215753121537E+01 -4.161341222347605E+00  1.064081630886777E+01  1.320439900895687E+19 -3.712162216651294E+18
  0.000000000000000E+00  2.174524656625230E+00  3.358424992766066E-01  5.887713020066034E-01  3.293912158766341E+00  1.097970719588780E+00  1.097970719588780E+00  3.293912158766340E+00  8.881784197001252E-16  3.000000000000001E+00  3.486027836477314E+00  3.434108771922346E-01  3.829438713669548E+00  3.120722659332892E+18  3.074244257894828E+17
  0.000000000000000E+00  2.173536417302880E+00  3.394654135307533E-01  5.943977252091520E-01  3.298109314015774E+00  1.099369771338591E+00  1.099369771338591E+00  3.298109314015773E+00  1.332267629550188E-15  3.000000000000001E+00  2.835551868101491E+01 -2.127212625229125E+00  2.622830605578578E+01  2.546859794400433E+19 -1.910637703469138E+18
  0.000000000000000E+00  2.172505179018768E+00  3.430765734224481E-01  6.000256644300032E-01  3.317295872610304E+00  1.105765290870100E+00  1.105765290870100E+00  3.317295872610300E+00  3.552713678800501E-15  3.000000000000003E+00  5.078311926800059E+01 -5.491414356022598E+00  4.529170491197799E+01  4.575221351422745E+19 -4.947399169907894E+18
  0.000000000000000E+00  2.171434413672571E+00  3.466762825319289E-01  6.056531581280623E-01  3.356076458624892E+00  1.118692152874962E+00  1.118692152874962E+00  3.356076458624887E+00  4.884981308350689E-15  3.000000000000004E+00  7.081815666382440E+01 -9.748216687721625E+00  6.106993997610277E+01  6.398587641039630E+19 -8.807743911822886E+18
  0.000000000000000E+00  2.170327593163965E+00  3.502648444394336E-01  6.112781491736252E-01  3.419055696134502E+00  1.139685232044832E+00  1.139685232044832E+00  3.419055696134497E+00  4.884981308350689E-15  3.000000000000004E+00  8.851081891955737E+01 -1.489733260308999E+01  7.361348631646737E+01  8.019418779868902E+19 -1.349755321502008E+19
  0.000000000000000E+00  2.169192751570842E+00  3.538834902741081E-01  6.169466993533292E-01  3.491761488420541E+00  1.163920496140187E+00  1.163920496140186E+00  3.491761488420559E+00 -1.820765760385257E-14  2.999999999999984E+00  7.729125140660356E+01 -1.306628143145326E+01  6.422496997515030E+01  7.022136872889967E+19 -1.187109989314085E+19
  0.000000000000000E+00  2.168057909977719E+00  3.575021361087826E-01  6.225945235604089E-01  3.554576329425780E+00  1.184858776475282E+00  1.184858776475282E+00  3.554576329425847E+00 -6.705747068735946E-14  2.999999999999944E+00  6.581169379089744E+01 -1.107697999616643E+01  5.473471379473101E+01  5.995031880749640E+19 -1.009043292981294E+19
  0.000000000000000E+00  2.166923068384596E+00  3.611207819434570E-01  6.282213769410788E-01  3.606667520455422E+00  1.202222506818512E+00  1.202222506818512E+00  3.606667520455537E+00 -1.150191053511662E-13  2.999999999999905E+00  5.410835755087559E+01 -8.929679795053273E+00  4.517867775582231E+01  4.941437998436027E+19 -8.155017274670285E+18
  0.000000000000000E+00  2.165788226791473E+00  3.647394277781315E-01  6.338270217677374E-01  3.647202362814669E+00  1.215734120938269E+00  1.215734120938269E+00  3.647202362814807E+00 -1.376676550535194E-13  2.999999999999887E+00  4.223125008761467E+01 -6.624632325936957E+00  3.560661776167771E+01  3.866060811330161E+19 -6.064521266039186E+18
  0.000000000000000E+00  2.164646974322533E+00  3.684134968669783E-01  6.394863979994723E-01  3.654705787511416E+00  1.218235262503842E+00  1.218235262503842E+00  3.654705787511525E+00 -1.092459456231154E-13  2.999999999999910E+00  1.839384226150731E+01  2.445180258146586E+00  2.083902251965389E+01  1.687586855939549E+19  2.243388850129730E+18
  0.000000000000000E+00  2.163501766594022E+00  3.720866833607743E-01  6.451259247720169E-01  3.635458929502783E+00  1.211819643167609E+00  1.211819643167609E+00  3.635458929502828E+00 -4.618527782440651E-14  2.999999999999962E+00  2.444055552079806E+01  3.505459749085629E+00  2.794601526988369E+01  2.246696274789072E+19  3.222391304891483E+18
  0.000000000000000E+00  2.162317230045850E+00  3.757465971401491E-01  6.507633964340547E-01  3.631742202939304E+00  1.210580734313097E+00  1.210580734313097E+00  3.631742202939292E+00  1.199040866595169E-14  3.000000000000010E+00  6.076351867552720E+01 -3.431233730942187E+00  5.733228494458502E+01  5.595425851566958E+19 -3.159661313131794E+18
  0.000000000000000E+00  2.161057991117927E+00  3.793808480857330E-01  6.564177125158164E-01  3.685836021971519E+00  1.228612007323830E+00  1.228612007323830E+00  3.685836021971490E+00  2.930988785010413E-14  3.000000000000024E+00  1.284009162333682E+02 -1.835173984303067E+01  1.100491763903375E+02  1.184319647893183E+20 -1.692692443846998E+19
  0.000000000000000E+00  2.159742417113638E+00  3.830209907608544E-01  6.621113784556897E-01  3.781517047699211E+00  1.260505682566383E+00  1.260505682566383E+00  3.781517047699151E+00  5.995204332975845E-14  3.000000000000048E+00  1.155413396974192E+02 -1.744048018989822E+01  9.810085950752101E+01  1.067454454513972E+20 -1.611277687823571E+19
  0.000000000000000E+00  2.158428584390721E+00  3.866617626770651E-01  6.677830733616714E-01  3.870114098434349E+00  1.290038032811401E+00  1.290038032811401E+00  3.870114098434204E+00  1.452171716209705E-13  3.000000000000112E+00  1.025172481716530E+02 -1.567128330382251E+01  8.684596486783052E+01  9.486906830341962E+19 -1.450214546983587E+19
  0.000000000000000E+00  2.157116257350140E+00  3.903030777939298E-01  6.734326328973987E-01  3.947048404386408E+00  1.315682801462059E+00  1.315682801462059E+00  3.947048404386176E+00  2.327027459614328E-13  3.000000000000177E+00  8.938433842976960E+01 -1.304571353920073E+01  7.633862489056887E+01  8.285035801783622E+19 -1.209207402894351E+19
  0.000000000000000E+00  2.155805200392857E+00  3.939448500710133E-01  6.790599083082266E-01  4.007741195764867E+00  1.335913731921532E+00  1.335913731921532E+00  4.007741195764597E+00  2.700062395888381E-13  3.000000000000202E+00  7.619979717721810E+01 -9.565331265018974E+00  6.663446591219913E+01  7.074024935018025E+19 -8.879996323754267E+18
  0.000000000000000E+00  2.154470769562677E+00  3.976533264479087E-01  6.847671737266078E-01  4.054362240551018E+00  1.351454080183604E+00  1.351454080183604E+00  4.054362240550812E+00  2.060573933704291E-13  3.000000000000152E+00  6.360015824925715E+01 -7.326388790039798E+00  5.627376945921736E+01  5.913294242228462E+19 -6.811790071131703E+18
  0.000000000000000E+00  2.153136338732498E+00  4.013618028248041E-01  6.904515341491745E-01  4.084557491643666E+00  1.361519163881197E+00  1.361519163881197E+00  4.084557491643593E+00  7.371880883511039E-14  3.000000000000054E+00  5.086255256553889E+01 -3.515398223171117E+00  4.734715434236778E+01  4.735653602009409E+19 -3.273077621616885E+18
  0.000000000000000E+00  2.151801907902317E+00  4.050702792016994E-01  6.961127620658919E-01  4.089758819496964E+00  1.363252939832341E+00  1.363252939832341E+00  4.089758819497023E+00 -5.861977570020827E-14  2.999999999999957E+00  3.806479866288799E+01  1.864712408233270E+00  3.992951107112127E+01  3.548483918748007E+19  1.738325756641110E+18
  0.000000000000000E+00  2.150467477072137E+00  4.087787555785948E-01  7.017506377452071E-01  4.061398094565064E+00  1.353799364855060E+00  1.353799364855060E+00  4.061398094565181E+00 -1.181277298201167E-13  2.999999999999913E+00  2.526136179953814E+01  8.811015076819684E+00  3.407237687635783E+01  2.357305221858628E+19  8.222142580944265E+18
  0.000000000000000E+00  2.149067557989607E+00  4.124849837771720E-01  7.074270415390121E-01  4.078864345168459E+00  1.359621448389529E+00  1.359621448389529E+00  4.078864345168586E+00 -1.270095140171179E-13  2.999999999999907E+00  1.087415522167949E+02 -1.338389317296097E+01  9.535765904383388E+01  1.015666050080735E+20 -1.250080179707450E+19
  0.000000000000000E+00  2.147582893567586E+00  4.161589559573203E-01  7.131273826081648E-01  4.188384748544950E+00  1.396128249515031E+00  1.396128249515031E+00  4.188384748545094E+00 -1.447730824111204E-13  2.999999999999896E+00  1.517124492364962E+02 -2.476686699526828E+01  1.269455822412280E+02  1.418413938148943E+20 -2.315542958218797E+19
  0.000000000000000E+00  2.146061320824498E+00  4.198188096650199E-01  7.188263288546007E-01  4.330874720677825E+00  1.443624906892662E+00  1.443624906892662E+00  4.330874720677988E+00 -1.634248292248230E-13  2.999999999999887E+00  1.525074656544619E+02 -2.537171539979034E+01  1.271357502546716E+02  1.427378619029779E+20 -2.374640738691588E+19
  0.000000000000000E+00  2.144550676778766E+00  4.234826824462508E-01  7.244970869421402E-01  4.447249677550372E+00  1.482416559183515E+00  1.482416559183515E+00  4.447249677550545E+00 -1.723066134218243E-13  2.999999999999884E+00  1.084267420709981E+02 -1.522665397608863E+01  9.320008809490945E+01  1.016016209850733E+20 -1.426818418224171E+19
  0.000000000000000E+00  2.143034820209108E+00  4.272202524615127E-01  7.302337187653646E-01  4.523715907480941E+00  1.507905302493697E+00  1.507905302493697E+00  4.523715907481091E+00 -1.501021529293212E-13  2.999999999999901E+00  9.563243816570490E+01 -1.197637453321694E+01  8.365606363248797E+01  8.973041248967188E+19 -1.123724384328977E+19
  0.000000000000000E+00  2.141518963639450E+00  4.309578224767746E-01  7.359467998040061E-01  4.579602403980589E+00  1.526534134660229E+00  1.526534134660229E+00  4.579602403980689E+00 -1.003641614261142E-13  2.999999999999935E+00  8.256511444267642E+01 -7.852526184561933E+00  7.471258825811448E+01  7.757369447701393E+19 -7.377806852516161E+18
  0.000000000000000E+00  2.140003107069793E+00  4.346953924920364E-01  7.416361041545416E-01  4.609993321081747E+00  1.536664440360600E+00  1.536664440360600E+00  4.609993321081800E+00 -5.240252676230739E-14  2.999999999999966E+00  6.926266005243568E+01 -2.856973707675007E+00  6.640568634476067E+01  6.516063763523301E+19 -2.687771858000605E+18
  0.000000000000000E+00  2.138487250500136E+00  4.384329625072982E-01  7.473014139461789E-01  4.609972812816850E+00  1.536657604272293E+00  1.536657604272293E+00  4.609972812816881E+00 -3.108624468950438E-14  2.999999999999980E+00  5.575907806666713E+01  3.008418119892074E+00  5.876749618655921E+01  5.252022194298331E+19  2.833669293547352E+18
  0.000000000000000E+00  2.136914992082429E+00  4.421771284322138E-01  7.530074001811712E-01  4.650058063775587E+00  1.550019354591868E+00  1.550019354591868E+00  4.650058063775603E+00 -1.598721155460225E-14  2.999999999999990E+00  1.254525997942377E+02 -1.596525582486518E+01  1.094873439693726E+02  1.183151537659128E+20 -1.505693545553626E+19
  0.000000000000000E+00  2.135270234578407E+00  4.458906297640756E-01  7.587305472155162E-01  4.776399896332266E+00  1.592133298777417E+00  1.592133298777417E+00  4.776399896332252E+00  1.421085471520200E-14  3.000000000000009E+00  1.697613029832405E+02 -2.750736732875227E+01  1.422539356544883E+02  1.603418227772535E+20 -2.598107660454892E+19
  0.000000000000000E+00  2.133581960440559E+00  4.495852868559911E-01  7.644550904199039E-01  4.947182748454259E+00  1.649060916151406E+00  1.649060916151406E+00  4.947182748454219E+00  3.907985046680551E-14  3.000000000000024E+00  1.873988993907145E+02 -3.164225041122412E+01  1.557566489794904E+02  1.773000402049147E+20 -2.993706093431835E+19
  0.000000000000000E+00  2.131879152121377E+00  4.532729200610681E-01  7.701643963584314E-01  5.120591058108939E+00  1.706863686036297E+00  1.706863686036297E+00  5.120591058108893E+00  4.618527782440651E-14  3.000000000000028E+00  1.762495579902739E+02 -2.839588057552881E+01  1.478536774147451E+02  1.670622817097512E+20 -2.691570211124860E+19
  0.000000000000000E+00  2.130153857052067E+00  4.570149451776128E-01  7.759318818852232E-01  5.273315409502337E+00  1.757771803167467E+00  1.757771803167467E+00  5.273315409502403E+00 -6.572520305780927E-14  2.999999999999963E+00  1.640904860219266E+02 -2.470041773475443E+01  1.393900682871722E+02  1.558978285645537E+20 -2.346718315509803E+19
  0.000000000000000E+00  2.128428561982756E+00  4.607569702941575E-01  7.816756385991019E-01  5.404041791151345E+00  1.801347263717213E+00  1.801347263717213E+00  5.404041791151638E+00 -2.930988785010413E-13  2.999999999999837E+00  1.513639418267699E+02 -2.070422351338449E+01  1.306597183133854E+02  1.442153923440973E+20 -1.972641357728276E+19
  0.000000000000000E+00  2.126703266913446E+00  4.644989954107022E-01  7.873954360092564E-01  5.511005459907253E+00  1.837001819969255E+00  1.837001819969255E+00  5.511005459907766E+00 -5.133671265866724E-13  2.999999999999721E+00  1.380247805627560E+02 -1.640804369276399E+01  1.216167368699920E+02  1.319136823160806E+20 -1.568157148514014E+19
  0.000000000000000E+00  2.124977971844135E+00  4.682410205272469E-01  7.930910518140528E-01  5.592441672621350E+00  1.864147224207317E+00  1.864147224207317E+00  5.592441672621953E+00 -6.030731469763850E-13  2.999999999999676E+00  1.240554695264152E+02 -1.181262405423798E+01  1.122428454721772E+02  1.189294565425133E+20 -1.132452252588834E+19
  0.000000000000000E+00  2.123206356315131E+00  4.720079259122624E-01  7.988366329763219E-01  5.702650001973872E+00  1.900883333991491E+00  1.900883333991491E+00  5.702650001974474E+00 -6.021849685566849E-13  2.999999999999684E+00  1.712900999706696E+02 -2.562503412515090E+01  1.456650658455187E+02  1.647255170714531E+20 -2.464297117557816E+19
  0.000000000000000E+00  2.121383624279189E+00  4.757507119593375E-01  8.045870457565935E-01  5.886505389137264E+00  1.962168463045962E+00  1.962168463045962E+00  5.886505389137886E+00 -6.217248937900877E-13  2.999999999999683E+00  2.103553231520547E+02 -3.704243153409707E+01  1.733128916179576E+02  2.030287125661728E+20 -3.575225514617489E+19
  0.000000000000000E+00  2.119519228528210E+00  4.794731511425964E-01  8.103369927363877E-01  6.130191091862420E+00  2.043397030621023E+00  2.043397030621023E+00  6.130191091863071E+00 -6.510347816401918E-13  2.999999999999682E+00  2.408264106424431E+02 -4.607425320945405E+01  1.947521574329891E+02  2.335129853744565E+20 -4.467506859873492E+19
  0.000000000000000E+00  2.117622621854094E+00  4.831790159361631E-01  8.160809053900656E-01  6.419890367900234E+00  2.139963455966965E+00  2.139963455966965E+00  6.419890367900896E+00 -6.616929226765933E-13  2.999999999999691E+00  2.621015014407968E+02 -5.273217091264428E+01  2.093693305281525E+02  2.556875877067634E+20 -5.144175634659722E+19
  0.000000000000000E+00  2.115688549298846E+00  4.869253297045965E-01  8.218815701564479E-01  6.721275209596087E+00  2.240425069865568E+00  2.240425069865568E+00  6.721275209596705E+00 -6.172840016915870E-13  2.999999999999725E+00  2.500524528818785E+02 -4.927552135570497E+01  2.007769315261735E+02  2.446533346366713E+20 -4.821156711999363E+19
  0.000000000000000E+00  2.113754476743598E+00  4.906716434730297E-01  8.276581280643349E-01  7.005926829069112E+00  2.335308943023208E+00  2.335308943023208E+00  7.005926829069626E+00 -5.151434834260726E-13  2.999999999999779E+00  2.370969392503184E+02 -4.699090390819748E+01  1.901060353421209E+02  2.320665652223257E+20 -4.599392004447020E+19
  0.000000000000000E+00  2.111820404188350E+00  4.944179572414629E-01  8.334103459853800E-01  7.280756754822434E+00  2.426918918274282E+00  2.426918918274282E+00  7.280756754822846E+00 -4.121147867408581E-13  2.999999999999830E+00  2.233126689178687E+02 -4.587511846940777E+01  1.774375504484609E+02  2.199260755634765E+20 -4.517941064372417E+19
  0.000000000000000E+00  2.109886331633102E+00  4.981642710098962E-01  8.391379991940127E-01  7.552676515359178E+00  2.517558838453180E+00  2.517558838453180E+00  7.552676515359543E+00 -3.650413304967515E-13  2.999999999999855E+00  2.087587103057347E+02 -4.592496493862274E+01  1.628337453671120E+02  2.097485380160024E+20 -4.614271778267293E+19
  0.000000000000000E+00  2.107912877570643E+00  5.019956533739117E-01  8.449651707222197E-01  7.810276136891181E+00  2.603425378963822E+00  2.603425378963822E+00  7.810276136891468E+00 -2.868816295631405E-13  2.999999999999890E+00  1.840762486065732E+02 -3.928374944207414E+01  1.447924991644991E+02  1.847067890229892E+20 -3.941831319985979E+19
  0.000000000000000E+00  2.105944639798967E+00  5.058297215214083E-01  8.507630686002220E-01  8.034853484448531E+00  2.678284494816217E+00  2.678284494816217E+00  8.034853484448652E+00 -1.207922650792170E-13  2.999999999999955E+00  1.618671505553810E+02 -3.498145512585187E+01  1.268856954295291E+02  1.598281561569261E+20 -3.454080369777223E+19
  0.000000000000000E+00  2.103978692440336E+00  5.096649686522264E-01  8.565331284817502E-01  8.240560301164246E+00  2.746853433721400E+00  2.746853433721400E+00  8.240560301164201E+00  4.440892098500626E-14  3.000000000000016E+00  1.427402834856322E+02 -3.301156612155185E+01  1.097287173640804E+02  1.469107602663770E+20 -3.397607289317958E+19
  0.000000000000000E+00  2.102012109617014E+00  5.134998879662073E-01  8.622768829041451E-01  8.441548330171345E+00  2.813849443390407E+00  2.813849443390407E+00  8.441548330171223E+00  1.225686219186173E-13  3.000000000000043E+00  1.271694836263055E+02 -3.336752378908705E+01  9.380195983721843E+01  1.527826222333445E+20 -4.008805915191816E+19
  0.000000000000000E+00  2.099998741424714E+00  5.174227794015848E-01  8.681264188307084E-01  8.640470681153172E+00  2.880156893717639E+00  2.880156893717639E+00  8.640470681152918E+00  2.540190280342358E-13  3.000000000000088E+00  9.020584250080347E+01 -3.011023220120389E+01  6.009561029959958E+01  1.442562930699083E+20 -4.815198617297066E+19
  0.000000000000000E+00  2.097985373232413E+00  5.213456708369623E-01  8.739476463413298E-01  8.813622332106972E+00  2.937874110702142E+00  2.937874110702142E+00  8.813622332106426E+00  5.453415496958769E-13  3.000000000000186E+00  4.288578527854515E+01 -2.505298385784386E+01  1.783280142070129E+01  9.065659482108418E+19 -5.295969729615645E+19
  0.000000000000000E+00  2.095972005040113E+00  5.252685622723396E-01  8.797403787847921E-01  8.949720365958868E+00  2.983240121986003E+00  2.983240121986003E+00  8.949720365958012E+00  8.562039965909207E-13  3.000000000000287E+00  1.014762696730010E+01 -1.820097864387564E+01 -8.053351676575542E+00  2.567808480638527E+19 -4.605670613264517E+19
  0.000000000000000E+00  2.093958636847812E+00  5.291914537077171E-01  8.855044389815145E-01  9.037481865634996E+00  3.012493955211315E+00  3.012493955211315E+00  9.037481865633945E+00  1.051603248924948E-12  3.000000000000349E+00  9.267764461614768E-02 -9.559416444168543E+00 -9.466738799552395E+00  2.440863310616078E+17 -2.517676076697093E+19
  0.000000000000000E+00  2.091895441482008E+00  5.332114124314112E-01  8.913812130001614E-01  9.076064554056135E+00  3.025354851351710E+00  3.025354851351711E+00  9.076064554055133E+00  1.001865257421741E-12  3.000000000000331E+00 -3.182090082633132E+00 -2.345075084878914E+00 -5.527165167512046E+00 -7.534440990371454E+18 -5.552586314712314E+18
  0.000000000000000E+00  2.089832245085767E+00  5.372313706263387E-01  8.972275323461368E-01  9.066000002525040E+00  3.022000000841419E+00  3.022000000841419E+00  9.066000002524259E+00  7.815970093361102E-13  3.000000000000259E+00  5.647859222839587E-01  5.598931232484322E+00  6.163717154768280E+00  1.089116478592328E+18  1.079681349553553E+19
  0.000000000000000E+00  2.087769066936745E+00  5.412513381861828E-01  9.030432239207782E-01  9.002507664139824E+00  3.000835888046428E+00  3.000835888046428E+00  9.002507664139285E+00  5.382361223382759E-13  3.000000000000179E+00  1.874769901695514E+01  1.427039944092616E+01  3.301809845788131E+01  2.753414189744089E+19  2.095847617269021E+19
  0.000000000000000E+00  2.085705926312600E+00  5.452713250046264E-01  9.088281240779518E-01  8.880806991998584E+00  2.960268997332720E+00  2.960268997332720E+00  8.880806991998160E+00  4.245492846166599E-13  3.000000000000143E+00  4.244085589562670E+01  2.366712681667567E+01  6.610798271230237E+01  4.845874582365439E+19  2.702300079918182E+19
  0.000000000000000E+00  2.083588146905289E+00  5.493978380105852E-01  9.147341346495026E-01  8.710463035696517E+00  2.903487678565410E+00  2.903487678565410E+00  8.710463035696231E+00  2.859934511434403E-13  3.000000000000099E+00  6.181203705111464E+01  2.780558373577853E+01  8.961762078689317E+01  6.211185029418195E+19  2.794045200145808E+19
  0.000000000000000E+00  2.081470367497979E+00  5.535243510165441E-01  9.206074364244603E-01  8.513399528821624E+00  2.837799842940544E+00  2.837799842940544E+00  8.513399528821632E+00 -7.105427357601002E-15  2.999999999999997E+00  8.001820349948952E+01  3.168740797311724E+01  1.117056114726068E+02  7.838056339427585E+19  3.103889841082277E+19
  0.000000000000000E+00  2.079352588090667E+00  5.576508640225029E-01  9.264478985404293E-01  8.291260184305417E+00  2.763753394768574E+00  2.763753394768575E+00  8.291260184305726E+00 -3.090860900556436E-13  2.999999999999889E+00  9.699879505111775E+01  3.531335702921925E+01  1.323121520803370E+02  9.692492525616500E+19  3.528646401017228E+19
  0.000000000000000E+00  2.077234808683356E+00  5.617773770284618E-01  9.322554005552772E-01  8.045688715079418E+00  2.681896238359953E+00  2.681896238359953E+00  8.045688715079860E+00 -4.423128530106624E-13  2.999999999999835E+00  1.126232968131638E+02  3.868418840461117E+01  1.513074852177750E+02  1.123254898840162E+20  3.858189678572477E+19
  0.000000000000000E+00  2.075057134916440E+00  5.660205947549607E-01  9.381926610298914E-01  7.778481436016984E+00  2.592827145339139E+00  2.592827145339139E+00  7.778481436017417E+00 -4.325428903939610E-13  2.999999999999833E+00  1.272613298694436E+02  3.955043558555957E+01  1.668117654550032E+02  1.239262710910796E+20  3.851396183879719E+19
  0.000000000000000E+00  2.072879461149523E+00  5.702638124814595E-01  9.440948455352607E-01  7.505734006570617E+00  2.501911335523676E+00  2.501911335523676E+00  7.505734006571030E+00 -4.130029651605582E-13  2.999999999999835E+00  1.405440624269729E+02  4.022327858302458E+01  1.807673410099975E+02  1.359380803323822E+20  3.890506066801721E+19
  0.000000000000000E+00  2.070701787382606E+00  5.745070302079586E-01  9.499618564199117E-01  7.228756072559789E+00  2.409585357520059E+00  2.409585357520059E+00  7.228756072560179E+00 -3.899103262483550E-13  2.999999999999838E+00  1.524293790711563E+02  4.070332094363593E+01  1.931327000147922E+02  1.472836809828190E+20  3.932926167733874E+19
  0.000000000000000E+00  2.068524113615690E+00  5.787502479344575E-01  9.557936068781617E-01  6.948857279803973E+00  2.316285759934784E+00  2.316285759934784E+00  6.948857279804352E+00 -3.792521852119535E-13  2.999999999999837E+00  1.628557173053808E+02  4.099116621402280E+01  2.038468835194035E+02  1.562473856722306E+20  3.932783363440024E+19
  0.000000000000000E+00  2.066280829704882E+00  5.831212762056029E-01  9.617640845246267E-01  6.662165190775879E+00  2.220721730258655E+00  2.220721730258655E+00  6.662165190775967E+00 -8.881784197001252E-14  2.999999999999960E+00  1.720994850179398E+02  4.016879192931711E+01  2.122682769472569E+02  1.632238183163535E+20  3.809717150039587E+19
  0.000000000000000E+00  2.064037522534369E+00  5.874922925394707E-01  9.676970100653175E-01  6.381308065004615E+00  2.127102688334683E+00  2.127102688334683E+00  6.381308065004051E+00  5.639932965095795E-13  3.000000000000265E+00  1.799803763811133E+02  3.925280523093814E+01  2.192331816120515E+02  1.694902713408300E+20  3.696496664387797E+19
  0.000000000000000E+00  2.061794195523249E+00  5.918632986906572E-01  9.735923211477869E-01  6.106960160827153E+00  2.035653386941966E+00  2.035653386941966E+00  6.106960160825897E+00  1.255884285455977E-12  3.000000000000616E+00  1.865312170286252E+02  3.824351694731334E+01  2.247747339759385E+02  1.747510478433177E+20  3.582829065405763E+19
  0.000000000000000E+00  2.059550852090622E+00  5.962342964137588E-01  9.794499665489392E-01  5.839795736580468E+00  1.946598578859603E+00  1.946598578859603E+00  5.839795736578811E+00  1.657340931160434E-12  3.000000000000851E+00  1.917854661945368E+02  3.714123790615144E+01  2.289267041006883E+02  1.786249727257589E+20  3.459257231336651E+19
  0.000000000000000E+00  2.057235648528488E+00  6.007452906073610E-01  9.854556865580509E-01  5.573449115428932E+00  1.857816371809133E+00  1.857816371809133E+00  5.573449115427398E+00  1.533884130822116E-12  3.000000000000826E+00  1.960125294199978E+02  3.560607418896448E+01  2.316186036089622E+02  1.814024627548913E+20  3.295212589737928E+19
  0.000000000000000E+00  2.054920444966355E+00  6.052562848009633E-01  9.914212063991433E-01  5.318247107754103E+00  1.772749035917681E+00  1.772749035917681E+00  5.318247107753043E+00  1.059596854702249E-12  3.000000000000598E+00  1.992502359875153E+02  3.401858626993776E+01  2.332688222574530E+02  1.834966461735847E+20  3.132892895791334E+19
  0.000000000000000E+00  2.052605241404220E+00  6.097672789945655E-01  9.973465080191635E-01  5.074598113509953E+00  1.691532704503135E+00  1.691532704503135E+00  5.074598113509404E+00  5.488942633746774E-13  3.000000000000324E+00  2.016715044895012E+02  3.237896236571069E+01  2.340504668552119E+02  1.849836448502929E+20  2.969967666002827E+19
  0.000000000000000E+00  2.050290037842087E+00  6.142782731881677E-01  1.003231584903460E+00  4.842910532650462E+00  1.614303510883385E+00  1.614303510883385E+00  4.842910532650154E+00  3.081979116359435E-13  3.000000000000191E+00  2.034633701695307E+02  3.068739069292415E+01  2.341507608624548E+02  1.859391715143163E+20  2.804430102884901E+19
  0.000000000000000E+00  2.047896099224935E+00  6.189426671907815E-01  1.009274499053639E+00  4.616830040487964E+00  1.538943346829228E+00  1.538943346829228E+00  4.616830040487685E+00  2.779998453661392E-13  3.000000000000181E+00  2.049249672265153E+02  2.878272483477549E+01  2.337076920612908E+02  1.866068294700657E+20  2.620985181854314E+19
  0.000000000000000E+00  2.045502160183974E+00  6.236070609759061E-01  1.015274429143318E+00  4.404666471647901E+00  1.468222157215886E+00  1.468222157215886E+00  4.404666471647660E+00  2.406963517387339E-13  3.000000000000164E+00  2.061828259777489E+02  2.696220521444965E+01  2.331450311921985E+02  1.871699400971670E+20  2.447591990722196E+19
  0.000000000000000E+00  2.043108231449144E+00  6.282714600504481E-01  1.021231396488069E+00  4.205812056475007E+00  1.401937352158248E+00  1.401937352158248E+00  4.205812056474745E+00  2.620126338115369E-13  3.000000000000187E+00  2.072928196164879E+02  2.522555186591268E+01  2.325183714824007E+02  1.876512974536070E+20  2.283536663440350E+19
  0.000000000000000E+00  2.040714323750383E+00  6.329358699213136E-01  1.027145433973438E+00  4.019659025314017E+00  1.339886341771201E+00  1.339886341771201E+00  4.019659025313603E+00  4.138911435802584E-13  3.000000000000309E+00  2.082926877730251E+02  2.357248478856881E+01  2.318651725615939E+02  1.880557425508184E+20  2.128226957017676E+19
  0.000000000000000E+00  2.038234122699834E+00  6.377684540359434E-01  1.033227473969847E+00  3.839279835967917E+00  1.279759945322472E+00  1.279759945322472E+00  3.839279835967417E+00  5.004885395010206E-13  3.000000000000391E+00  2.091690271565204E+02  2.201902008910694E+01  2.311880472456274E+02  1.883409692008005E+20  1.982647068168008E+19
  0.000000000000000E+00  2.035753921649284E+00  6.426010381505732E-01  1.039263578077255E+00  3.670521005306605E+00  1.223507001768739E+00  1.223507001768739E+00  3.670521005306219E+00  3.859135233597044E-13  3.000000000000316E+00  2.098470521951482E+02  2.058475557427164E+01  2.304318077694198E+02  1.884614217172877E+20  1.848695161856455E+19
  0.000000000000000E+00  2.033273720598733E+00  6.474336222652028E-01  1.045253829873857E+00  3.512466608841254E+00  1.170822202946997E+00  1.170822202946997E+00  3.512466608840993E+00  2.606803661819868E-13  3.000000000000223E+00  2.102928658693293E+02  1.926926913514886E+01  2.295621350044782E+02  1.883809896993289E+20  1.726146997643582E+19
  0.000000000000000E+00  2.030793519548184E+00  6.522662063798327E-01  1.051198324835283E+00  3.364200722083033E+00  1.121400240694241E+00  1.121400240694241E+00  3.364200722082725E+00  3.086420008457935E-13  3.000000000000275E+00  2.104560268682808E+02  1.807213866282462E+01  2.285281655311054E+02  1.880489493738865E+20  1.614801314580726E+19
  0.000000000000000E+00  2.028218652978087E+00  6.572832429145046E-01  1.057321417014606E+00  3.219770729640719E+00  1.073256909880108E+00  1.073256909880108E+00  3.219770729640325E+00  3.939071291370055E-13  3.000000000000367E+00  2.103519753267196E+02  1.691526773362463E+01  2.272672430603442E+02  1.874562793672482E+20  1.507413062758799E+19
  0.000000000000000E+00  2.025643786407992E+00  6.623002794491766E-01  1.063395440409855E+00  3.084440070200407E+00  1.028146690066698E+00  1.028146690066698E+00  3.084440070200093E+00  3.139710713639943E-13  3.000000000000306E+00  2.100429675939409E+02  1.582697533530596E+01  2.258699429292469E+02  1.866748896332967E+20  1.406616421292829E+19
  0.000000000000000E+00  2.023068919837895E+00  6.673173159838485E-01  1.069420539685481E+00  2.957665106480805E+00  9.858883688268736E-01  9.858883688268736E-01  2.957665106480621E+00  1.834088436680759E-13  3.000000000000186E+00  2.095276608523561E+02  1.480701092959210E+01  2.243346717819482E+02  1.857020496199515E+20  1.312329010491769E+19
  0.000000000000000E+00  2.020494053267799E+00  6.723343525185204E-01  1.075396871393120E+00  2.838902201200622E+00  9.463007337335020E-01  9.463007337335020E-01  2.838902201200507E+00  1.150191053511662E-13  3.000000000000122E+00  2.087976113733955E+02  1.385512397820719E+01  2.226527353516027E+02  1.845288499386297E+20  1.224472864722373E+19
  0.000000000000000E+00  2.017815227870737E+00  6.775539316420658E-01  1.081562903758530E+00  2.723476670388652E+00  9.078255567961947E-01  9.078255567961947E-01  2.723476670388584E+00  6.750155989720952E-14  3.000000000000075E+00  2.078361584830395E+02  1.289859277600654E+01  2.207347512590461E+02  1.831187433362026E+20  1.136459659949156E+19
  0.000000000000000E+00  2.015136392146683E+00  6.827735054655241E-01  1.087676543520116E+00  2.615564997238301E+00  8.718549990794469E-01  8.718549990794469E-01  2.615564997238341E+00 -3.996802888650564E-14  2.999999999999954E+00  2.067040132917301E+02  1.208179310062349E+01  2.187858063923535E+02  1.815481554328424E+20  1.061144008192894E+19
  0.000000000000000E+00  2.012457551946961E+00  6.879930769919498E-01  1.093737999907888E+00  2.513979560840891E+00  8.379931869470127E-01  8.379931869470127E-01  2.513979560841038E+00 -1.474376176702208E-13  2.999999999999824E+00  2.053768161774227E+02  1.140417767228198E+01  2.167809938497047E+02  1.797967772436576E+20  9.983767548616737E+18
  0.000000000000000E+00  2.009778713122893E+00  6.932126492243966E-01  1.099747493766580E+00  2.417532740287744E+00  8.058442467626464E-01  8.058442467626464E-01  2.417532740287940E+00 -1.958433415438776E-13  2.999999999999758E+00  2.038243771757613E+02  1.086519920083223E+01  2.146895763765936E+02  1.778395955968454E+20  9.480036974620303E+18
  0.000000000000000E+00  2.007031734156196E+00  6.985377887925843E-01  1.105840858586812E+00  2.330561734330235E+00  7.768539114434668E-01  7.768539114434668E-01  2.330561734330401E+00 -1.665334536937735E-13  2.999999999999786E+00  1.926213904572805E+02  8.621661762280610E+00  2.012430522195612E+02  1.674789270306436E+20  7.496294454836893E+18
  0.000000000000000E+00  2.004231439448595E+00  7.038362436245326E-01  1.111925474665195E+00  2.266828285889890E+00  7.556094286299967E-01  7.556094286299967E-01  2.266828285889990E+00 -1.003641614261142E-13  2.999999999999867E+00  1.687364377885303E+02  5.601212075980624E+00  1.743376498645110E+02  1.461884834656307E+20  4.852731927310153E+18
  0.000000000000000E+00  2.001333608122073E+00  7.090799443608276E-01  1.118036220214252E+00  2.233345571918887E+00  7.444485239729737E-01  7.444485239729738E-01  2.233345571918922E+00 -3.508304757815495E-14  2.999999999999953E+00  1.326632773114880E+02  1.800692828245252E+00  1.344639701397333E+02  1.145059823592575E+20  1.554236450388349E+18
  0.000000000000000E+00  1.998294019298618E+00  7.142408216420556E-01  1.124208728007872E+00  2.237126769369402E+00  7.457089231231357E-01  7.457089231231357E-01  2.237126769369408E+00 -5.329070518200751E-15  2.999999999999993E+00  8.417464899776928E+01 -2.777982044922776E+00  8.139666695284650E+01  7.236275226779499E+19 -2.388158773628586E+18
  0.000000000000000E+00  1.995160434402388E+00  7.193646282460924E-01  1.130415682846347E+00  2.243879249219335E+00  7.479597497397846E-01  7.479597497397846E-01  2.243879249219354E+00 -1.953992523340276E-14  2.999999999999974E+00  8.768577612965316E+01  1.018988832119426E+00  8.870476496177260E+01  7.504548124274367E+19  8.720970568169862E+17
  0.000000000000000E+00  1.992026849506158E+00  7.244884348501293E-01  1.136572397267395E+00  2.223281382736351E+00  7.410937942454674E-01  7.410937942454674E-01  2.223281382736403E+00 -5.195843755245733E-14  2.999999999999930E+00  9.047307901668802E+01  3.334594856001550E+00  9.380767387268958E+01  7.704842680885089E+19  2.839798208397611E+18
  0.000000000000000E+00  1.988893264609929E+00  7.296122414541660E-01  1.142679017703500E+00  2.188501879407379E+00  7.295006264691523E-01  7.295006264691524E-01  2.188501879407458E+00 -7.815970093361102E-14  2.999999999999893E+00  9.269112974135589E+01  4.175770648870157E+00  9.686690039022605E+01  7.851497360198651E+19  3.537129423051030E+18
  0.000000000000000E+00  1.985759679713699E+00  7.347360480582029E-01  1.148735703158271E+00  2.152709448719349E+00  7.175698162398080E-01  7.175698162398080E-01  2.152709448719424E+00 -7.549516567451064E-14  2.999999999999894E+00  9.452729442473850E+01  3.549450832871627E+00  9.807674525761011E+01  7.961527079724181E+19  2.989512087067775E+18
  0.000000000000000E+00  1.982498468826964E+00  7.400685417423498E-01  1.154986226311520E+00  2.121491624796251E+00  7.071638749320972E-01  7.071638749320973E-01  2.121491624796292E+00 -4.085620730620576E-14  2.999999999999942E+00  9.624266863734849E+01  3.094037934572178E+00  9.933670657192067E+01  8.055341110265545E+19  2.589655017255869E+18
  0.000000000000000E+00  1.979237264945704E+00  7.454010397108777E-01  1.161183049864131E+00  2.095180072612270E+00  6.983933575374217E-01  6.983933575374217E-01  2.095180072612266E+00  3.996802888650564E-15  3.000000000000006E+00  9.782600898071203E+01  2.492449476926779E+00  1.003184584576388E+02  8.133563547042624E+19  2.072301264214321E+18
  0.000000000000000E+00  1.975976075259007E+00  7.507335463603224E-01  1.167326386967752E+00  2.075160814137642E+00  6.917202713791996E-01  6.917202713791997E-01  2.075160814137599E+00  4.263256414560601E-14  3.000000000000062E+00  9.928407072934623E+01  1.745415335132746E+00  1.010294860644790E+02  8.196890552390210E+19  1.441014491594347E+18
  0.000000000000000E+00  1.972714906955964E+00  7.560660660872200E-01  1.173416463063697E+00  2.062819871342609E+00  6.876066237808497E-01  6.876066237808497E-01  2.062819871342549E+00  5.950795411990839E-14  3.000000000000086E+00  1.006204473133580E+02  8.536653683069371E-01  1.014741126816649E+02  8.245768292654635E+19  6.995722056970220E+17
  0.000000000000000E+00  1.969313365819946E+00  7.616281480003421E-01  1.179712225062210E+00  2.054360654178113E+00  6.847868847260206E-01  6.847868847260206E-01  2.054360654178062E+00  5.151434834260726E-14  3.000000000000075E+00  1.018155719184039E+02  8.535131360272478E-01  1.026690850544311E+02  8.275888258721577E+19  6.937621827409036E+17
  0.000000000000000E+00  1.965911824683928E+00  7.671902299134643E-01  1.185950614508311E+00  2.046289553703899E+00  6.820965179012887E-01  6.820965179012887E-01  2.046289553703867E+00  3.241851231905457E-14  3.000000000000048E+00  1.027655244008343E+02  7.719749036999064E-01  1.035374993045342E+02  8.281621413598729E+19  6.221156297811933E+17
  0.000000000000000E+00  1.962510283547910E+00  7.727523118265865E-01  1.192131933128160E+00  2.039408776644826E+00  6.798029255482704E-01  6.798029255482704E-01  2.039408776644811E+00  1.421085471520200E-14  3.000000000000021E+00  1.034814119899673E+02  6.094731047966953E-01  1.040908850947640E+02  8.264326689944242E+19  4.867429570117238E+17
  0.000000000000000E+00  1.959108742411892E+00  7.783143937397087E-01  1.198256494597917E+00  2.034520529725755E+00  6.781735099085830E-01  6.781735099085830E-01  2.034520529725750E+00  5.773159728050814E-15  3.000000000000008E+00  1.039743370242200E+02  3.664301727894377E-01  1.043407671970094E+02  8.225373320970838E+19  2.898816240164034E+17
  0.000000000000000E+00  1.955552566169200E+00  7.841293154371898E-01  1.204599141362631E+00  2.031052434197913E+00  6.770174780659689E-01  6.770174780659689E-01  2.031052434197907E+00  6.217248937900877E-15  3.000000000000009E+00  1.042753286083669E+02  3.032426773694498E-01  1.045785712857364E+02  8.163830218719653E+19  2.374120289193245E+17
  0.000000000000000E+00  1.951996376166242E+00  7.899442287194404E-01  1.210880504132867E+00  2.028247768552572E+00  6.760825895175213E-01  6.760825895175213E-01  2.028247768552564E+00  7.549516567451064E-15  3.000000000000011E+00  1.043664043145279E+02  2.372582524819200E-01  1.046036625670098E+02  8.082199078157463E+19  1.837342621976004E+17
  0.000000000000000E+00  1.948440170684634E+00  7.957591325354703E-01  1.217100980204863E+00  2.026137922024752E+00  6.753793073415814E-01  6.753793073415814E-01  2.026137922024744E+00  7.549516567451064E-15  3.000000000000011E+00  1.042267306159732E+02  1.684934286888257E-01  1.043952240446621E+02  7.979495016494344E+19  1.289968961502166E+17
  0.000000000000000E+00  1.944883948005990E+00  8.015740258342886E-01  1.223260978094741E+00  2.024754283849477E+00  6.749180946164897E-01  6.749180946164897E-01  2.024754283849469E+00  7.993605777301127E-15  3.000000000000012E+00  1.038347541966386E+02  9.696473693228945E-02  1.039317189335709E+02  7.854793864650057E+19  7.335097257521222E+16
  0.000000000000000E+00  1.941157038693898E+00  8.076679927055611E-01  1.229652164560400E+00  2.023902103836480E+00  6.746340346121565E-01  6.746340346121565E-01  2.023902103836470E+00  1.065814103640150E-14  3.000000000000016E+00  1.031735532448021E+02  5.981972600654193E-02  1.032333729708087E+02  7.702774666806100E+19  4.466046341984322E+16
  0.000000000000000E+00  1.937430129381805E+00  8.137619595768339E-01  1.235977863106617E+00  2.023428723694523E+00  6.744762412315027E-01  6.744762412315027E-01  2.023428723694509E+00  1.465494392505207E-14  3.000000000000022E+00  1.022775370693844E+02  2.746171370166850E-02  1.023049987830860E+02  7.531379196540971E+19  2.022189673318022E+16
  0.000000000000000E+00  1.933703220069713E+00  8.198559264481066E-01  1.242238576634657E+00  2.023283238756437E+00  6.744277462521390E-01  6.744277462521390E-01  2.023283238756417E+00  1.953992523340276E-14  3.000000000000029E+00  1.011341900818262E+02 -1.361063017080148E-04  1.011340539755245E+02  7.340738093973596E+19 -9.879158699639697E+13
  0.000000000000000E+00  1.929976310757621E+00  8.259498933193792E-01  1.248434818144955E+00  2.023414744355053E+00  6.744715814516768E-01  6.744715814516768E-01  2.023414744355031E+00  2.176037128265307E-14  3.000000000000033E+00  9.973121163524759E+01 -2.300054032296770E-02  9.970821109492462E+01  7.131085676396893E+19 -1.644608753439988E+16
  0.000000000000000E+00  1.926060561686961E+00  8.323527010826923E-01  1.254876158368622E+00  2.024677344995699E+00  6.748924483318924E-01  6.748924483318924E-01  2.024677344995678E+00  2.131628207280301E-14  3.000000000000032E+00  9.804386401118293E+01 -1.792722219804900E-01  9.786459178920244E+01  6.895804736712566E+19 -1.260890979728262E+17
  0.000000000000000E+00  1.922144857202016E+00  8.387555361131228E-01  1.261247480856343E+00  2.027201494714672E+00  6.757338315715506E-01  6.757338315715506E-01  2.027201494714652E+00  1.998401444325282E-14  3.000000000000030E+00  9.616114284747742E+01 -2.403077269078891E-01  9.592083512056954E+01  6.647487397259444E+19 -1.661214227266396E+17
  0.000000000000000E+00  1.918229178635873E+00  8.451583869945200E-01  1.267549426713603E+00  2.029889281884207E+00  6.766297606280626E-01  6.766297606280626E-01  2.029889281884188E+00  1.909583602355269E-14  3.000000000000028E+00  9.404062068094134E+01 -2.066852051583912E-01  9.383393547578295E+01  6.384464099265274E+19 -1.403196047227341E+17
  0.000000000000000E+00  1.914313507321618E+00  8.515612423107337E-01  1.273782645685909E+00  2.031642794876537E+00  6.772142649588395E-01  6.772142649588395E-01  2.031642794876519E+00  1.776356839400250E-14  3.000000000000026E+00  9.164246877190170E+01 -7.898279857448709E-02  9.156348597332722E+01  6.105466804360030E+19 -5.262045657153226E+16
  0.000000000000000E+00  1.910199358811813E+00  8.582765899196575E-01  1.280254693814309E+00  2.035464088992232E+00  6.784880296640717E-01  6.784880296640717E-01  2.035464088992216E+00  1.598721155460225E-14  3.000000000000024E+00  8.707031306746256E+01 -4.756468770492390E-01  8.659466619041332E+01  5.682634913667074E+19 -3.104304389031510E+17
  0.000000000000000E+00  1.906073118142756E+00  8.649845333968653E-01  1.286662940222402E+00  2.041604108728601E+00  6.805347029095291E-01  6.805347029095291E-01  2.041604108728587E+00  1.332267629550188E-14  3.000000000000019E+00  8.207198875799629E+01 -4.562591873711687E-01  8.161572957062512E+01  5.241831902934737E+19 -2.914068491043179E+17
  0.000000000000000E+00  1.901932761924850E+00  8.716837625729376E-01  1.293009895814728E+00  2.044974446698725E+00  6.816581488995718E-01  6.816581488995718E-01  2.044974446698716E+00  9.325873406851315E-15  3.000000000000014E+00  7.650286780125222E+01 -2.351087731846144E-02  7.647935692393376E+01  4.774963462721415E+19 -1.467442769123767E+16
  0.000000000000000E+00  1.897776266768500E+00  8.783729672784547E-01  1.299298077450877E+00  2.040486695515686E+00  6.801622318385592E-01  6.801622318385592E-01  2.040486695515678E+00  8.437694987151190E-15  3.000000000000012E+00  7.025594691565541E+01  8.198914383325366E-01  7.107583835398795E+01  4.277644876547962E+19  4.992039200210667E+17
  0.000000000000000E+00  1.893270099868459E+00  8.860766256679068E-01  1.306160713412779E+00  2.038328272796192E+00  6.794427575987532E-01  6.794427575987532E-01  2.038328272796259E+00 -6.705747068735946E-14  2.999999999999901E+00  1.029677515599052E+02 -4.091297632374616E-01  1.025586217966678E+02  6.094836041579482E+19 -2.421708533872211E+17
  0.000000000000000E+00  1.889077638784320E+00  8.939619225028704E-01  1.312658607973052E+00  2.049122084175912E+00  6.830406947253821E-01  6.830406947253821E-01  2.049122084176147E+00 -2.344791028008331E-13  2.999999999999657E+00  7.784766638831104E+01 -1.026990384501287E+00  7.682067600380975E+01  4.489282539739297E+19 -5.922399752645690E+17
  0.000000000000000E+00  1.885020044553573E+00  9.019248749034303E-01  1.318949016980654E+00  2.064373006510455E+00  6.881243355036184E-01  6.881243355036184E-01  2.064373006510856E+00 -4.010125564946065E-13  2.999999999999417E+00  3.089026711171590E+01 -1.039409661011868E+00  2.985085745070403E+01  1.739261998741398E+19 -5.852347336410582E+17
  0.000000000000000E+00  1.880918478213710E+00  9.098614999896711E-01  1.325189038007486E+00  2.075585916655426E+00  6.918619722186342E-01  6.918619722186342E-01  2.075585916655903E+00 -4.765077221691172E-13  2.999999999999311E+00  6.717227154552737E+00 -4.508863306457589E-01  6.266340823906979E+00  3.700732355135940E+18 -2.484075041556913E+17
  0.000000000000000E+00  1.876610744330901E+00  9.178788221607324E-01  1.331570469055482E+00  2.080729340757034E+00  6.935764469191698E-01  6.935764469191698E-01  2.080729340757510E+00 -4.760636329592671E-13  2.999999999999313E+00 -1.165845524755435E+01 -2.663543618791575E-01 -1.192480960943350E+01 -6.296343301008054E+18 -1.438491177863306E+17
  0.000000000000000E+00  1.872163565317521E+00  9.258231508608645E-01  1.337985466480474E+00  2.083338272541815E+00  6.944460908474300E-01  6.944460908474300E-01  2.083338272542290E+00 -4.756195437494171E-13  2.999999999999315E+00 -3.375512137372033E+01 -9.770433295336221E-02 -3.385282570667369E+01 -1.791296634836995E+19 -5.184915227844772E+16
  0.000000000000000E+00  1.867507010902728E+00  9.336416011708100E-01  1.344492672546340E+00  2.083623893862112E+00  6.945412979541955E-01  6.945412979541955E-01  2.083623893862586E+00 -4.742872761198669E-13  2.999999999999317E+00 -2.817790028015426E+01  5.563930783314130E-02 -2.812226097232112E+01 -1.473015941271532E+19  2.908576813200451E+16
  0.000000000000000E+00  1.862571150815679E+00  9.412812881713107E-01  1.351150971492852E+00  2.081797386570265E+00  6.939324621902462E-01  6.939324621902462E-01  2.081797386570739E+00 -4.738431869100168E-13  2.999999999999317E+00  1.157946068041741E+01  1.937342455171888E-01  1.177319492593460E+01  5.978637807195365E+18  1.000277056734029E+17
  0.000000000000000E+00  1.857552358641710E+00  9.486957327351614E-01  1.357757018099163E+00  2.079249536060577E+00  6.930831786870191E-01  6.930831786870191E-01  2.079249536061058E+00 -4.809486142676178E-13  2.999999999999306E+00  1.630014641204835E+01  1.552969013060841E-01  1.645544331335443E+01  8.317811156872495E+18  7.924654574615864E+16
  0.000000000000000E+00  1.852533566467742E+00  9.561101772990120E-01  1.364280699753839E+00  2.077553323269577E+00  6.925177744233579E-01  6.925177744233579E-01  2.077553323270074E+00 -4.969358258222201E-13  2.999999999999283E+00  2.122540108467687E+01  7.412083456679130E-02  2.129952191924366E+01  1.068860629232924E+19  3.732548636337638E+16
  0.000000000000000E+00  1.847514774293773E+00  9.635246218628627E-01  1.370723002322869E+00  2.077325642709902E+00  6.924418809034718E-01  6.924418809034718E-01  2.077325642710416E+00 -5.133671265866724E-13  2.999999999999259E+00  2.636888394766958E+01 -4.944493264579317E-02  2.631943901502379E+01  1.308858951931634E+19 -2.454273106496894E+16
  0.000000000000000E+00  1.842495982119805E+00  9.709390664267133E-01  1.377084914253515E+00  2.079183388894189E+00  6.930611296315696E-01  6.930611296315696E-01  2.079183388894709E+00 -5.204725539442734E-13  2.999999999999249E+00  3.176736391679310E+01 -2.150513782767796E-01  3.155231253851632E+01  1.552950818424792E+19 -1.051280851546395E+17
  0.000000000000000E+00  1.837174188039011E+00  9.788011467489355E-01  1.383744202748780E+00  2.079191019783083E+00  6.930636732611107E-01  6.930636732611107E-01  2.079191019783333E+00 -2.500222251455853E-13  2.999999999999639E+00  3.773836564382345E+01  1.501638794413074E-01  3.788852952326475E+01  1.814035353183363E+19  7.218187153324152E+16
  0.000000000000000E+00  1.831852393958217E+00  9.866632270711575E-01  1.390315394691774E+00  2.076514118800631E+00  6.921713729334281E-01  6.921713729334281E-01  2.076514118800285E+00  3.463895836830488E-13  3.000000000000500E+00  4.390602951480532E+01  1.347301536219768E-01  4.404075966842729E+01  2.073893815765715E+19  6.363955827514810E+16
  0.000000000000000E+00  1.826530599877423E+00  9.945253073933797E-01  1.396799670396530E+00  2.076983845155929E+00  6.923279483849953E-01  6.923279483849953E-01  2.076983845154986E+00  9.423573033018329E-13  3.000000000001362E+00  5.030835338604328E+01 -2.580534452257509E-01  5.005029994081752E+01  2.333723220588959E+19 -1.197068233688975E+17
  0.000000000000000E+00  1.821208805796629E+00  1.002387387715602E+00  1.403198208400905E+00  2.086431358058071E+00  6.954771193522861E-01  6.954771193522861E-01  2.086431358056859E+00  1.212807632100521E-12  3.000000000001744E+00  5.700819209735426E+01 -1.024887806592870E+00  5.598330429076140E+01  2.595832834476703E+19 -4.666763358264874E+17
  0.000000000000000E+00  1.815547688980621E+00  1.010750745903813E+00  1.409911926709408E+00  2.085792661536313E+00  6.952642205117641E-01  6.952642205117640E-01  2.085792661535292E+00  1.021405182655144E-12  3.000000000001469E+00  6.429916192098436E+01  6.730124539654548E-01  6.497217437494983E+01  2.869575150489599E+19  3.003553633004691E+17
  0.000000000000000E+00  1.809886553697804E+00  1.019114091591946E+00  1.416531381786735E+00  2.078261551841335E+00  6.927538506135787E-01  6.927538506135787E-01  2.078261551840737E+00  5.981881656680343E-13  3.000000000000863E+00  7.181046405320686E+01 -1.873807277164957E-01  7.162308332549037E+01  3.140172560024979E+19 -8.193900808340133E+16
  0.000000000000000E+00  1.804225394495942E+00  1.027477421089224E+00  1.423057982217885E+00  2.106093406665649E+00  7.020311355551575E-01  7.020311355551575E-01  2.106093406665473E+00  1.758593271006248E-13  3.000000000000250E+00  8.010379306641883E+01 -3.582160267432609E+00  7.652163279898623E+01  3.430788627302943E+19 -1.534213828862535E+18
  0.000000000000000E+00  1.798564205922796E+00  1.035840730704869E+00  1.429493129084986E+00  2.211543603701766E+00  7.371812012339274E-01  7.371812012339274E-01  2.211543603701783E+00 -1.687538997430238E-14  2.999999999999977E+00  8.996606758636334E+01 -9.487418853278436E+00  8.047864873308490E+01  3.771832261862667E+19 -3.977605498678465E+18
  0.000000000000000E+00  1.793067284953172E+00  1.045214244058257E+00  1.435813089783522E+00  2.259773034628458E+00  7.532576782094927E-01  7.532576782094930E-01  2.259773034628479E+00 -2.131628207280301E-14  2.999999999999972E+00  2.504755271539090E+01  2.336085672888991E+00  2.738363838827989E+01  1.027093697652276E+19  9.579294628355922E+17
  0.000000000000000E+00  1.787889195501332E+00  1.054917005867138E+00  1.441778992105976E+00  2.183857892549210E+00  7.279526308497468E-01  7.279526308497468E-01  2.183857892549240E+00 -3.064215547965432E-14  2.999999999999958E+00  4.997748301556671E+01  4.430250224221687E+00  5.440773323978840E+01  2.008736562841228E+19  1.780643015807293E+18
  0.000000000000000E+00  1.782000432584320E+00  1.063911555802768E+00  1.448215420607057E+00  2.156313364035491E+00  7.187711213451773E-01  7.187711213451773E-01  2.156313364035532E+00 -4.174438572590589E-14  2.999999999999942E+00  1.679932339065916E+02 -3.064761819038764E+00  1.649284720875528E+02  6.638318635170275E+19 -1.211052672930604E+18
  0.000000000000000E+00  1.774371491219180E+00  1.071160433536406E+00  1.455951014837966E+00  2.349654635658769E+00  7.832182118862725E-01  7.832182118862725E-01  2.349654635658818E+00 -4.884981308350689E-14  2.999999999999937E+00  3.888478264941631E+02 -2.015172354468554E+01  3.686961029494776E+02  1.516604869131627E+20 -7.859681851590162E+18
  0.000000000000000E+00  1.767745189880057E+00  1.075679452541656E+00  1.462422784724419E+00  2.612795202957619E+00  8.709317343192244E-01  8.709317343192244E-01  2.612795202957674E+00 -5.462297281155770E-14  2.999999999999937E+00  4.051311972511077E+02 -1.898400176149066E+01  3.861471954896170E+02  1.565447360569869E+20 -7.335513940230883E+18
  0.000000000000000E+00  1.761118888540935E+00  1.080198471546906E+00  1.468850164238012E+00  2.862651472122530E+00  9.542171573741980E-01  9.542171573741980E-01  2.862651472122594E+00 -6.483702463810914E-14  2.999999999999932E+00  4.187214941455733E+02 -1.803848935791925E+01  4.006830047876541E+02  1.599888451587889E+20 -6.892306989569704E+18
  0.000000000000000E+00  1.754492587201812E+00  1.084717490552156E+00  1.475233082951053E+00  3.102120536488226E+00  1.034040178829434E+00  1.034040178829434E+00  3.102120536488301E+00 -7.460698725481052E-14  2.999999999999928E+00  4.303026381968039E+02 -1.731277055805199E+01  4.129898676387519E+02  1.624098984823368E+20 -6.534390122644845E+18
  0.000000000000000E+00  1.747866285862689E+00  1.089236509557406E+00  1.481571485897287E+00  3.334099489389437E+00  1.111366496463172E+00  1.111366496463172E+00  3.334099489389515E+00 -7.815970093361102E-14  2.999999999999930E+00  4.405312046014683E+02 -1.680442958597074E+01  4.237267750154976E+02  1.642249725877027E+20 -6.264498313132273E+18
  0.000000000000000E+00  1.741014164864118E+00  1.093909523089436E+00  1.488079036837375E+00  3.570929752537856E+00  1.190309917512646E+00  1.190309917512646E+00  3.570929752537938E+00 -8.215650382226158E-14  2.999999999999931E+00  4.501514094813823E+02 -1.674712226369121E+01  4.334042872176911E+02  1.656280466544528E+20 -6.161911501763704E+18
  0.000000000000000E+00  1.734162034317558E+00  1.098582522621084E+00  1.494538923687724E+00  3.809326186920547E+00  1.269775395640212E+00  1.269775395640212E+00  3.809326186920638E+00 -9.148237722911290E-14  2.999999999999928E+00  4.590463026029130E+02 -1.689302041777828E+01  4.421532821851347E+02  1.665883010754014E+20 -6.130491750990294E+18
  0.000000000000000E+00  1.727309894483242E+00  1.103255508533846E+00  1.500951135106832E+00  4.052178420291008E+00  1.350726140097036E+00  1.350726140097036E+00  4.052178420291107E+00 -9.947598300641403E-14  2.999999999999926E+00  4.675535870803648E+02 -1.723971449161546E+01  4.503138725887493E+02  1.673504369843266E+20 -6.170573455916998E+18
  0.000000000000000E+00  1.720457745621398E+00  1.107928481209218E+00  1.507315675587292E+00  4.302376080402736E+00  1.434125360134279E+00  1.434125360134279E+00  4.302376080402839E+00 -1.030286966852145E-13  2.999999999999929E+00  4.759984497606152E+02 -1.778479492224429E+01  4.582136548383709E+02  1.681567735194876E+20 -6.282864436500558E+18
  0.000000000000000E+00  1.713865887017151E+00  1.111552600046038E+00  1.513349171441706E+00  4.575046994887738E+00  1.525015664962616E+00  1.525015664962616E+00  4.575046994887847E+00 -1.092459456231154E-13  2.999999999999928E+00  5.910822053588669E+02 -2.356399086073661E+01  5.675182144981302E+02  2.065527721174013E+20 -8.234400545824591E+18
  0.000000000000000E+00  1.706779444156708E+00  1.114242146617473E+00  1.519742434710553E+00  4.909120131146052E+00  1.636373377048726E+00  1.636373377048726E+00  4.909120131146179E+00 -1.270095140171179E-13  2.999999999999922E+00  6.546553753391647E+02 -2.675297304580554E+01  6.279024022933592E+02  2.263883829285197E+20 -9.251527650303642E+18
  0.000000000000000E+00  1.699478139756024E+00  1.116512564286714E+00  1.526282442600162E+00  5.276151951470032E+00  1.758717317156726E+00  1.758717317156726E+00  5.276151951470178E+00 -1.456612608308205E-13  2.999999999999917E+00  6.749332813640601E+02 -2.796056013370831E+01  6.469727212303518E+02  2.308522049278627E+20 -9.563548184850809E+18
  0.000000000000000E+00  1.692241696531054E+00  1.118879296416952E+00  1.532746155028382E+00  5.647698918152038E+00  1.882566306050730E+00  1.882566306050730E+00  5.647698918152190E+00 -1.518785097687214E-13  2.999999999999919E+00  6.490557828445973E+02 -2.741274676793253E+01  6.216430360766648E+02  2.192459114646274E+20 -9.259809110002774E+18
  0.000000000000000E+00  1.685041380218555E+00  1.121498574084498E+00  1.539161369063156E+00  6.042933455558303E+00  2.014311151852823E+00  2.014311151852823E+00  6.042933455558472E+00 -1.687538997430238E-13  2.999999999999917E+00  6.535004959402258E+02 -3.101537587308704E+01  6.224851200671388E+02  2.177155558573234E+20 -1.033286101584015E+19
  0.000000000000000E+00  1.677841063804913E+00  1.124117851474004E+00  1.545549670686114E+00  6.481294008552443E+00  2.160431336184215E+00  2.160431336184215E+00  6.481294008552647E+00 -2.033928581113287E-13  2.999999999999906E+00  6.579423448870720E+02 -3.353407333420942E+01  6.244082715528625E+02  2.161380035000882E+20 -1.101614406795112E+19
  0.000000000000000E+00  1.670640747149202E+00  1.126737128198072E+00  1.551910710903973E+00  6.948499631634903E+00  2.316166543878381E+00  2.316166543878381E+00  6.948499631635142E+00 -2.389199948993337E-13  2.999999999999897E+00  6.616260677733102E+02 -3.498238474338738E+01  6.266436830299228E+02  2.142461646841144E+20 -1.132791183394356E+19
  0.000000000000000E+00  1.663440430110499E+00  1.129356403869304E+00  1.558244152527806E+00  7.430269379306128E+00  2.476756459768794E+00  2.476756459768794E+00  7.430269379306383E+00 -2.549072064539359E-13  2.999999999999897E+00  6.638652875214835E+02 -3.537385569290512E+01  6.284914318285785E+02  2.118087178689812E+20 -1.128616175786135E+19
  0.000000000000000E+00  1.656041860928656E+00  1.132071983023123E+00  1.564723014598352E+00  7.921346118501589E+00  2.640448706167283E+00  2.640448706167283E+00  7.921346118501850E+00 -2.611244553918368E-13  2.999999999999901E+00  6.608563427761637E+02 -3.415173053319519E+01  6.267046122429686E+02  2.075716220040948E+20 -1.072688516727025E+19
  0.000000000000000E+00  1.648660645982222E+00  1.134834954321703E+00  1.571156673489935E+00  8.394632649206919E+00  2.798210883069064E+00  2.798210883069064E+00  8.394632649207194E+00 -2.753353101070388E-13  2.999999999999902E+00  6.550816897439009E+02 -3.255357152591641E+01  6.225281182179846E+02  2.025056116373011E+20 -1.006329594620715E+19
  0.000000000000000E+00  1.641300056810853E+00  1.137652128529063E+00  1.577541248831829E+00  8.844621861621270E+00  2.948207287207185E+00  2.948207287207185E+00  8.844621861621556E+00 -2.859934511434403E-13  2.999999999999903E+00  6.466839803086369E+02 -3.058377186025443E+01  6.161002084483825E+02  1.967060570533897E+20 -9.302864081432566E+18
  0.000000000000000E+00  1.633963364954207E+00  1.140530316409223E+00  1.583872779533346E+00  9.265806645943789E+00  3.088602215314693E+00  3.088602215314693E+00  9.265806645944082E+00 -2.930988785010413E-13  2.999999999999905E+00  6.358048876970294E+02 -2.824668286007103E+01  6.075582048369583E+02  1.902645726598766E+20 -8.452818069544996E+18
  0.000000000000000E+00  1.626396574286251E+00  1.143537922520990E+00  1.590368174243101E+00  9.674884170085079E+00  3.224961390028457E+00  3.224961390028457E+00  9.674884170085374E+00 -2.948752353404416E-13  2.999999999999909E+00  6.271575898845430E+02 -2.685657169308278E+01  6.003010181914602E+02  1.845270096755551E+20 -7.901941943450065E+18
  0.000000000000000E+00  1.618829783618294E+00  1.146545528632757E+00  1.596828295401953E+00  1.006488232443474E+01  3.354960774811675E+00  3.354960774811676E+00  1.006488232443503E+01 -2.948752353404416E-13  2.999999999999913E+00  6.167557591140146E+02 -2.543272651613403E+01  5.913230325978807E+02  1.784297105649209E+20 -7.357781364975770E+18
  0.000000000000000E+00  1.611262992950338E+00  1.149553134744524E+00  1.603252894770207E+00  1.043512158205611E+01  3.478373860685467E+00  3.478373860685467E+00  1.043512158205640E+01 -2.966515921798418E-13  2.999999999999915E+00  6.046738842221185E+02 -2.397578468623626E+01  5.806980995358823E+02  1.720193171308946E+20 -6.820698259044901E+18
  0.000000000000000E+00  1.603696202282382E+00  1.152560740856291E+00  1.609641738558922E+00  1.078492241601255E+01  3.594974138670946E+00  3.594974138670946E+00  1.078492241601284E+01 -2.966515921798418E-13  2.999999999999917E+00  5.909884563238320E+02 -2.248638356040076E+01  5.685020727634313E+02  1.653403484033307E+20 -6.290996807846893E+18
  0.000000000000000E+00  1.595920147736369E+00  1.155651524017119E+00  1.616169786208437E+00  1.112322526510453E+01  3.707741755034943E+00  3.707741755034943E+00  1.112322526510483E+01 -2.984279490192421E-13  2.999999999999920E+00  5.751590122773956E+02 -2.119347273431767E+01  5.539655395430780E+02  1.581924429728030E+20 -5.829078837944459E+18
  0.000000000000000E+00  1.588144093190356E+00  1.158742307177946E+00  1.622659618738214E+00  1.145035137745823E+01  3.816783792486178E+00  3.816783792486178E+00  1.145035137745854E+01 -3.037570195374428E-13  2.999999999999921E+00  5.578910424365986E+02 -2.084096820651684E+01  5.370500742300817E+02  1.508798326897106E+20 -5.636372619207619E+18
  0.000000000000000E+00  1.580368038644343E+00  1.161833090338774E+00  1.629111028871783E+00  1.178084761322258E+01  3.926949204407629E+00  3.926949204407629E+00  1.178084761322289E+01 -3.055333763768431E-13  2.999999999999922E+00  5.399347797005590E+02 -2.141522586252929E+01  5.185195538380297E+02  1.436267731893014E+20 -5.696613560365484E+18
  0.000000000000000E+00  1.572591984098330E+00  1.164923873499602E+00  1.635523824571959E+00  1.212926083254649E+01  4.043086944182267E+00  4.043086944182267E+00  1.212926083254681E+01 -3.108624468950438E-13  2.999999999999923E+00  5.219214096674524E+02 -2.290260158788699E+01  4.990188080795655E+02  1.366106582516733E+20 -5.994656323047887E+18
  0.000000000000000E+00  1.564794760319585E+00  1.167974648038403E+00  1.641918029251482E+00  1.251540785449473E+01  4.171802618171944E+00  4.171802618171944E+00  1.251540785451584E+01 -2.110667196575378E-11  2.999999999994941E+00  5.067982987226261E+02 -2.540640756451644E+01  4.813918911581097E+02  1.306233681852965E+20 -6.548306373423446E+18
  0.000000000000000E+00  1.556928474573809E+00  1.170859347240239E+00  1.648342258699418E+00  1.292615687428252E+01  4.308718958116458E+00  4.308718958116458E+00  1.292615687434937E+01 -6.685141329398903E-11  2.999999999984484E+00  4.879590114073596E+02 -2.571537464329016E+01  4.622436367640695E+02  1.239881653148679E+20 -6.534159730363640E+18
  0.000000000000000E+00  1.548968108018036E+00  1.173442895452655E+00  1.654828721606740E+00  1.332592999960047E+01  4.441976666571023E+00  4.441976666571023E+00  1.332592999971307E+01 -1.126068127632607E-10  2.999999999974650E+00  4.648477737258264E+02 -2.382804694807533E+01  4.410197267777511E+02  1.166114487058435E+20 -5.977490334469771E+18
  0.000000000000000E+00  1.540888641809297E+00  1.175590217023196E+00  1.661412194971498E+00  1.367914933813916E+01  4.559716446090853E+00  4.559716446090853E+00  1.367914933827256E+01 -1.334043986389588E-10  2.999999999970743E+00  4.365546725970804E+02 -1.971914271281381E+01  4.168355298842666E+02  1.083042563083515E+20 -4.892095356222817E+18
  0.000000000000000E+00  1.532906344328455E+00  1.177436228185305E+00  1.667907819964745E+00  1.469884731725100E+01  4.899615772454530E+00  4.899615772454530E+00  1.469884731736359E+01 -1.125854964811879E-10  2.999999999977021E+00  3.411546077147582E+02 -9.364737072981022E+01  2.475072369849480E+02  8.383602523410652E+19 -2.301309481997791E+19
  0.000000000000000E+00  1.524924046847614E+00  1.179282239347413E+00  1.674375193317682E+00  1.617443174985739E+01  5.391477249974726E+00  5.391477249974726E+00  1.617443174992418E+01 -6.679456987512822E-11  2.999999999987611E+00  1.908926900898027E+02 -7.661006327784166E+01  1.142826268119610E+02  4.651833039721521E+19 -1.866898221002427E+19
  0.000000000000000E+00  1.516941749366772E+00  1.181128250509522E+00  1.680813961480016E+00  1.666555557822358E+01  5.555185192748195E+00  5.555185192748195E+00  1.666555557824459E+01 -2.100364326906856E-11  2.999999999996219E+00  6.410237302214988E+01  2.997639504718551E+01  9.407876806933538E+01  1.551277504164573E+19  7.254287961629914E+18
  0.000000000000000E+00  1.508959451885931E+00  1.182974261671631E+00  1.687223783508149E+00  1.473187174461486E+01  4.910623914871684E+00  4.910623914871684E+00  1.473187174461506E+01 -1.918465386552271E-13  2.999999999999961E+00  8.742505073123555E+00  2.246956196493632E+02  2.334381247224868E+02  2.104751435354350E+18  5.409529923279330E+19
  0.000000000000000E+00  1.501466940777126E+00  1.183179575668496E+00  1.693368169284474E+00  1.162862884247624E+01  3.876209614158797E+00  3.876209614158797E+00  1.162862884247639E+01 -1.598721155460225E-13  2.999999999999959E+00 -1.455373500570367E+01  1.805535343091943E+02  1.659997993034906E+02 -3.499854190835785E+18  4.341916652148728E+19
  0.000000000000000E+00  1.494005570353469E+00  1.181016752005244E+00  1.699727577899244E+00  9.519708707383954E+00  3.173236235794682E+00  3.173236235794682E+00  9.519708707384046E+00 -9.237055564881302E-14  2.999999999999971E+00 -7.605709338963359E+00  8.800047851787281E+01  8.039476917890944E+01 -1.834916655909545E+18  2.123056990006712E+19
  0.000000000000000E+00  1.486738629492744E+00  1.177488906928316E+00  1.706092418334187E+00  9.048174633054897E+00  3.016058211018307E+00  3.016058211018308E+00  9.048174633054925E+00 -2.842170943040401E-14  2.999999999999991E+00  3.749622244041861E+01 -3.466423052348325E+01  2.831991916935364E+00  9.098195705361136E+18 -8.411032705482390E+18
  0.000000000000000E+00  1.479829407072734E+00  1.173599156684150E+00  1.712231528378604E+00  1.085708991320593E+01  3.619029971068643E+00  3.619029971068643E+00  1.085708991320593E+01  3.552713678800501E-15  3.000000000000001E+00  9.156213279875588E+01 -2.058744301133099E+02 -1.143122973145540E+02  2.235984446729069E+19 -5.027537144906114E+19
  0.000000000000000E+00  1.472946575793582E+00  1.169747048920912E+00  1.718373714446840E+00  1.291588858282275E+01  4.305296194274248E+00  4.305296194274248E+00  1.291588858282275E+01  3.552713678800501E-15  3.000000000000001E+00  1.359497389728458E+02 -6.188500275035116E+01  7.406473622249459E+01  3.343071912325856E+19 -1.521783094634923E+19
  0.000000000000000E+00  1.466063746129929E+00  1.165894938270547E+00  1.724544663227281E+00  1.308489795932305E+01  4.361632653107682E+00  4.361632653107682E+00  1.308489795932305E+01 -1.776356839400250E-15  3.000000000000000E+00  1.684324941838337E+02  3.239591997840691E+01  2.008284141622406E+02  4.174904470444751E+19  8.029915593033047E+18
  0.000000000000000E+00  1.459180943215932E+00  1.162042779826472E+00  1.730744089201934E+00  1.213763553231777E+01  4.045878510772592E+00  4.045878510772592E+00  1.213763553231778E+01 -7.105427357601002E-15  2.999999999999999E+00  1.874077981616262E+02  7.764962261140570E+01  2.650574207730319E+02  4.685740227476404E+19  1.941466491190688E+19
  0.000000000000000E+00  1.452298192185750E+00  1.158190528682103E+00  1.736971696468051E+00  1.084761879141790E+01  3.615872930472634E+00  3.615872930472634E+00  1.084761879141790E+01 -5.329070518200751E-15  2.999999999999999E+00  1.956813269636646E+02  7.455738912836320E+01  2.702387160920279E+02  4.937501604962763E+19  1.881258851803896E+19
  0.000000000000000E+00  1.445518039831553E+00  1.154395622322109E+00  1.743133781819485E+00  9.683095742900434E+00  3.227698580966812E+00  3.227698580966812E+00  9.683095742900438E+00 -3.552713678800501E-15  2.999999999999999E+00  1.956850768095125E+02  7.114514883730997E+01  2.668302256468226E+02  4.983001672712443E+19  1.811668020074885E+19
  0.000000000000000E+00  1.438737887477356E+00  1.150600715962114E+00  1.749322669744227E+00  8.587813713845525E+00  2.862604571281842E+00  2.862604571281842E+00  8.587813713845529E+00 -3.552713678800501E-15  2.999999999999999E+00  1.878014617242053E+02  6.523414090849566E+01  2.530356026327010E+02  4.825943512329543E+19  1.676324966852853E+19
  0.000000000000000E+00  1.431957735123159E+00  1.146805809602120E+00  1.755538058323969E+00  7.602344302389307E+00  2.534114767463103E+00  2.534114767463103E+00  7.602344302389308E+00 -8.881784197001252E-16  3.000000000000000E+00  1.735475941528123E+02  5.686009857509316E+01  2.304076927279055E+02  4.499507724310009E+19  1.474191872221435E+19
  0.000000000000000E+00  1.425177582768963E+00  1.143010903242126E+00  1.761779634860180E+00  6.767259106667911E+00  2.255753035555971E+00  2.255753035555971E+00  6.767259106667913E+00 -1.776356839400250E-15  2.999999999999999E+00  1.543262786563688E+02  4.605875507027663E+01  2.003850337266454E+02  4.035557022529676E+19  1.204414012254539E+19
  0.000000000000000E+00  1.418488611724433E+00  1.139267078735030E+00  1.767962611692235E+00  6.160612314842026E+00  2.053537438280674E+00  2.053537438280674E+00  6.160612314842025E+00  8.881784197001252E-16  3.000000000000001E+00  1.129271641959091E+02  3.048445045587288E+01  1.434116146517820E+02  2.978231922726516E+19  8.039674434483360E+18
  0.000000000000000E+00  1.411799606278348E+00  1.135523315692241E+00  1.774170458676844E+00  5.762605778924439E+00  1.920868592974811E+00  1.920868592974811E+00  5.762605778924435E+00  4.440892098500626E-15  3.000000000000002E+00  5.629075190279571E+01  1.976976710812240E+01  7.606051901091811E+01  1.498030404359301E+19  5.261203877008246E+18
  0.000000000000000E+00  1.405110574835676E+00  1.131779599097650E+00  1.780402839314969E+00  5.497151319718997E+00  1.832383773239663E+00  1.832383773239663E+00  5.497151319718989E+00  7.993605777301127E-15  3.000000000000004E+00  1.398524524592010E+01  1.384769105334279E+01  2.783293629926290E+01  3.757371586861143E+18  3.720415337202640E+18
  0.000000000000000E+00  1.398421525801386E+00  1.128035913935148E+00  1.786659407161673E+00  5.288160758029550E+00  1.762720252676513E+00  1.762720252676513E+00  5.288160758029539E+00  1.065814103640150E-14  3.000000000000006E+00  2.845820441084967E-01  1.265120760020688E+01  1.293578964431538E+01  7.722170023065563E+16  3.432921300145373E+18
  0.000000000000000E+00  1.391812771915768E+00  1.124337181756268E+00  1.792864269112111E+00  5.115987052560284E+00  1.705329017520092E+00  1.705329017520092E+00  5.115987052560277E+00  7.105427357601002E-15  3.000000000000004E+00 -2.977282178458267E+00  8.144554394848070E+00  5.167272216389803E+00 -8.160579078487140E+17  2.232380950623061E+18
  0.000000000000000E+00  1.385204018030151E+00  1.120638449577388E+00  1.799092039663794E+00  5.042659161616147E+00  1.680886387205382E+00  1.680886387205382E+00  5.042659161616146E+00  8.881784197001252E-16  3.000000000000000E+00  6.668924158250976E+00  3.664629683269158E-01  7.035387126577892E+00  1.846860478875878E+18  1.014865302279920E+17
  0.000000000000000E+00  1.378595264144533E+00  1.116939717398508E+00  1.805342360181731E+00  5.122026276433489E+00  1.707342092144498E+00  1.707342092144498E+00  5.122026276433496E+00 -6.217248937900877E-15  2.999999999999996E+00  4.126525699804219E+01 -1.063563853482369E+01  3.062961846321851E+01  1.155197501969436E+19 -2.977386780327360E+18
  0.000000000000000E+00  1.371986510258915E+00  1.113240985219628E+00  1.811614862382378E+00  5.407937588248665E+00  1.802645862749558E+00  1.802645862749558E+00  5.407937588248675E+00 -9.769962616701378E-15  2.999999999999995E+00  8.888063397278043E+01 -2.481432197007104E+01  6.406631200270940E+01  2.517045940929176E+19 -7.027266300868748E+18
  0.000000000000000E+00  1.365447637954285E+00  1.109581335550306E+00  1.817842505031940E+00  5.865502807814472E+00  1.955167602604827E+00  1.955167602604827E+00  5.865502807814482E+00 -9.769962616701378E-15  2.999999999999995E+00  1.321523325801520E+02 -3.207369535148393E+01  1.000786372286681E+02  3.786792469861718E+19 -9.190638232887285E+18
  0.000000000000000E+00  1.358908782846397E+00  1.105921655154772E+00  1.824091110196265E+00  6.476009899750292E+00  2.158669966583433E+00  2.158669966583433E+00  6.476009899750302E+00 -9.769962616701378E-15  2.999999999999996E+00  1.768463792588477E+02 -4.324067615509190E+01  1.336057031037558E+02  5.125933522453392E+19 -1.253341076960995E+19
  0.000000000000000E+00  1.352369934636990E+00  1.102261962433403E+00  1.830360298622457E+00  7.304662468033768E+00  2.434887489344592E+00  2.434887489344592E+00  7.304662468033778E+00 -9.769962616701378E-15  2.999999999999996E+00  2.234405488146446E+02 -5.825783598210349E+01  1.651827128325411E+02  6.547893659797257E+19 -1.707237638308746E+19
  0.000000000000000E+00  1.345831083027803E+00  1.098602275786578E+00  1.836649681643180E+00  8.416664116642544E+00  2.805554705547517E+00  2.805554705547517E+00  8.416664116642551E+00 -7.105427357601002E-15  2.999999999999997E+00  2.723089904637066E+02 -7.706774615130142E+01  1.952412443124052E+02  8.062429621453968E+19 -2.281794950548141E+19
  0.000000000000000E+00  1.339212788874451E+00  1.094179658201985E+00  1.843203371129501E+00  9.926114686166731E+00  3.308704895388926E+00  3.308704895388926E+00  9.926114686166780E+00 -4.973799150320701E-14  2.999999999999985E+00  3.921222524923804E+02 -9.059948096434918E+01  3.015227715280312E+02  1.174352369321589E+20 -2.713330203871997E+19
  0.000000000000000E+00  1.333206421201750E+00  1.088869385571837E+00  1.849485893378066E+00  1.151471595432767E+01  3.838238651442604E+00  3.838238651442604E+00  1.151471595432781E+01 -1.403321903126198E-13  2.999999999999963E+00  4.732331801938140E+02 -8.430361942917062E+01  3.889295607646433E+02  1.436920028443217E+20 -2.559785837045868E+19
  0.000000000000000E+00  1.327739598686858E+00  1.082941180259815E+00  1.855505594056379E+00  1.283871086110360E+01  4.279570287034612E+00  4.279570287034611E+00  1.283871086110383E+01 -2.309263891220326E-13  2.999999999999946E+00  5.078986805235945E+02 -5.965621743668633E+01  4.482424630869082E+02  1.568087274818749E+20 -1.841827100827495E+19
  0.000000000000000E+00  1.322739940006936E+00  1.076664764629605E+00  1.861263996526819E+00  1.355434234647276E+01  4.518114115491009E+00  4.518114115491009E+00  1.355434234647303E+01 -2.753353101070388E-13  2.999999999999939E+00  4.897606826259036E+02 -1.659136624395810E+01  4.731693163819455E+02  1.542726182036787E+20 -5.226212721503120E+18
  0.000000000000000E+00  1.317659552413242E+00  1.069918834403932E+00  1.867257786509612E+00  1.362647451860763E+01  4.542158172869293E+00  4.542158172869293E+00  1.362647451860788E+01 -2.504663143554353E-13  2.999999999999945E+00  4.381835642401477E+02  6.831460133070656E+00  4.450150243732184E+02  1.414166160566984E+20  2.204742609231301E+18
  0.000000000000000E+00  1.312579164819547E+00  1.063172904178259E+00  1.873304296747093E+00  1.337495820867847E+01  4.458319402892886E+00  4.458319402892886E+00  1.337495820867866E+01 -1.936228954946273E-13  2.999999999999956E+00  3.816844789826265E+02  1.738433423769755E+01  3.990688132203241E+02  1.264296357243656E+20  5.758408229858262E+18
  0.000000000000000E+00  1.307498777225853E+00  1.056426973952586E+00  1.879403777903307E+00  1.304246725127563E+01  4.347489083758590E+00  4.347489083758590E+00  1.304246725127577E+01 -1.421085471520200E-13  2.999999999999968E+00  3.254868961482390E+02  1.521460541979038E+01  3.407015015680294E+02  1.108017842539790E+20  5.179334244120396E+18
  0.000000000000000E+00  1.302418389632158E+00  1.049681043726913E+00  1.885556469287475E+00  1.287167548098949E+01  4.290558493663202E+00  4.290558493663202E+00  1.287167548098961E+01 -1.154631945610163E-13  2.999999999999973E+00  2.725483468742074E+02  4.696230292169791E-01  2.730179699034244E+02  9.543714040386711E+19  1.644459762471291E+17
  0.000000000000000E+00  1.297490812522857E+00  1.043138275913357E+00  1.891575073526234E+00  1.295578943732413E+01  4.318596479108034E+00  4.318596479108034E+00  1.295578943732410E+01  3.197442310920451E-14  3.000000000000007E+00  1.901799432352735E+02 -7.801839908189154E+00  1.823781033270844E+02  6.844889187115184E+19 -2.808010598736093E+18
  0.000000000000000E+00  1.292565647097473E+00  1.036593687067313E+00  1.897642611786013E+00  1.310322308985040E+01  4.367741029950019E+00  4.367741029950019E+00  1.310322308985006E+01  3.410605131648481E-13  3.000000000000078E+00  9.038461655778136E+01 -6.257543599437494E+00  8.412707295834386E+01  3.341212289474544E+19 -2.313201335870839E+18
  0.000000000000000E+00  1.287646893526395E+00  1.030044289064266E+00  1.903756755662459E+00  1.313027881255527E+01  4.376759604184870E+00  4.376759604184870E+00  1.313027881255461E+01  6.608047442568932E-13  3.000000000000151E+00  2.217304955818465E+01  4.991064973938116E+00  2.716411453212277E+01  8.409255098361461E+18  1.892889765487841E+18
  0.000000000000000E+00  1.282738551980016E+00  1.023487093779698E+00  1.909915217028440E+00  1.285325897942571E+01  4.284419659808301E+00  4.284419659808301E+00  1.285325897942491E+01  8.029132914089132E-13  3.000000000000187E+00  5.922405919300466E-01  2.583289909841126E+01  2.642513969034130E+01  2.301011361330441E+17  1.003676464117952E+19
  0.000000000000000E+00  1.277970853273348E+00  1.017131992917070E+00  1.915941766012993E+00  1.224244815705511E+01  4.080816052351516E+00  4.080816052351516E+00  1.224244815705455E+01  5.595524044110789E-13  3.000000000000137E+00 -8.326672407152172E+00  3.968310270648962E+01  3.135643029933745E+01 -3.306666974043718E+18  1.575885284431558E+19
  0.000000000000000E+00  1.273184274833182E+00  1.010791065026554E+00  1.922028258831173E+00  1.141235059877959E+01  3.804116866259859E+00  3.804116866259859E+00  1.141235059877958E+01  1.421085471520200E-14  3.000000000000004E+00 -9.525411448926391E+00  4.928651546153063E+01  3.976110401260425E+01 -3.860165691584088E+18  1.997332262888998E+19
  0.000000000000000E+00  1.268389929977998E+00  1.004455968191211E+00  1.928167739957305E+00  1.043978243925399E+01  3.479927479751506E+00  3.479927479751506E+00  1.043978243925452E+01 -5.293543381412746E-13  2.999999999999848E+00  1.029319380586806E+01  5.469036227084887E+01  6.498355607671692E+01  4.249222108754467E+18  2.257720012661162E+19
  0.000000000000000E+00  1.263598932026280E+00  9.981183604941005E-01  1.934353387144737E+00  9.401559813133106E+00  3.133853271044626E+00  3.133853271044626E+00  9.401559813133879E+00 -7.727152251391090E-13  2.999999999999753E+00  3.808614931604844E+01  5.594200275966148E+01  9.402815207570993E+01  1.598561273487212E+19  2.348011567954119E+19
  0.000000000000000E+00  1.258943505256535E+00  9.919492704358912E-01  1.940413928228156E+00  8.490178105311461E+00  2.830059368437377E+00  2.830059368437377E+00  8.490178105312133E+00 -6.714628852932947E-13  2.999999999999762E+00  5.814507205051123E+01  4.495328876421326E+01  1.030983608147245E+02  2.477956752489665E+19  1.915765197489691E+19
  0.000000000000000E+00  1.254288043492596E+00  9.857802067855204E-01  1.946520351403385E+00  7.732077462782573E+00  2.577359154261007E+00  2.577359154261007E+00  7.732077462783023E+00 -4.503064587879635E-13  2.999999999999825E+00  7.462816188629554E+01  3.879102019663242E+01  1.134191820829280E+02  3.228668702973465E+19  1.678231778723173E+19
  0.000000000000000E+00  1.249632535543443E+00  9.796111779891683E-01  1.952672724971347E+00  7.040324462667494E+00  2.346774820889240E+00  2.346774820889240E+00  7.040324462667720E+00 -2.264854970235319E-13  2.999999999999904E+00  8.798984783768080E+01  3.740234313309696E+01  1.253921909707777E+02  3.861801965855462E+19  1.641558040939573E+19
  0.000000000000000E+00  1.244976970218056E+00  9.734421924930151E-01  1.958871104058443E+00  6.327985682087279E+00  2.109328560695802E+00  2.109328560695802E+00  6.327985682087405E+00 -1.261213355974178E-13  2.999999999999940E+00  9.810901934074737E+01  4.073440273142347E+01  1.388434220721709E+02  4.363025173078394E+19  1.811507501774607E+19
  0.000000000000000E+00  1.240431126796362E+00  9.664147006781478E-01  1.965330438672261E+00  5.809499816711411E+00  1.936499938903837E+00  1.936499938903837E+00  5.809499816711511E+00 -1.003641614261142E-13  2.999999999999948E+00  4.778040640165248E+01  1.316647641827993E+01  6.094688281993242E+01  2.154756392534730E+19  5.937695253354997E+18
  0.000000000000000E+00  1.236671296616221E+00  9.588946672897236E-01  1.971345233233972E+00  5.711362238397482E+00  1.903787412799174E+00  1.903787412799174E+00  5.711362238397522E+00 -4.085620730620576E-14  2.999999999999979E+00  1.921894015324559E+01 -1.197477886194671E+00  1.802146226705092E+01  8.796463934722301E+18 -5.480828263446183E+17
  0.000000000000000E+00  1.233343115934205E+00  9.511233364278009E-01  1.977140006792761E+00  5.770328773390488E+00  1.923442924463489E+00  1.923442924463489E+00  5.770328773390467E+00  2.042810365310288E-14  3.000000000000011E+00  8.846754728717238E+00 -2.441768045987525E+00  6.404986682729713E+00  4.112173993310158E+18 -1.134989650364319E+18
  0.000000000000000E+00  1.230092221006888E+00  9.433419521924383E-01  1.982935448552077E+00  5.723155247935426E+00  1.907718415978459E+00  1.907718415978459E+00  5.723155247935378E+00  4.796163466380676E-14  3.000000000000025E+00  1.567441137992679E+01  9.267634452411944E+00  2.494204583233873E+01  7.402655654729257E+18  4.376885671953788E+18
  0.000000000000000E+00  1.226764948569223E+00  9.356430272720916E-01  1.988830751942682E+00  5.541819358663916E+00  1.847273119554644E+00  1.847273119554644E+00  5.541819358663933E+00 -1.776356839400250E-14  2.999999999999990E+00  1.730143265820438E+01  8.822353468355800E+00  2.612378612656017E+01  8.302083937190257E+18  4.233401965305978E+18
  0.000000000000000E+00  1.223437699186307E+00  9.279440923874820E-01  1.994790829150799E+00  5.355743244633992E+00  1.785247748211385E+00  1.785247748211385E+00  5.355743244634155E+00 -1.634248292248230E-13  2.999999999999909E+00  1.869840097458617E+01  9.682766615128152E+00  2.838116758971433E+01  9.113039595388911E+18  4.719089919854797E+18
  0.000000000000000E+00  1.220110394221798E+00  9.202451815250475E-01  2.000816379433551E+00  5.138368113246680E+00  1.712789371082329E+00  1.712789371082329E+00  5.138368113246988E+00 -3.073097332162433E-13  2.999999999999821E+00  1.979388639181562E+01  1.183823891877819E+01  3.163212531059380E+01  9.794063852682912E+18  5.857589842577363E+18
  0.000000000000000E+00  1.216782955039356E+00  9.125463286712262E-01  2.006908096960468E+00  4.863135171903007E+00  1.621045057301127E+00  1.621045057301127E+00  4.863135171903380E+00 -3.730349362740526E-13  2.999999999999770E+00  2.049730060109066E+01  1.527813465105304E+01  3.577543525214371E+01  1.029192960786937E+19  7.671326553108218E+18
  0.000000000000000E+00  1.213582314720364E+00  9.051415307951809E-01  2.012830326914169E+00  4.633873605741264E+00  1.544624535247194E+00  1.544624535247194E+00  4.633873605741583E+00 -3.188560526723450E-13  2.999999999999793E+00  1.792754336892492E+01  8.292604755872578E+00  2.622014812479750E+01  9.130236319778522E+18  4.223302633805107E+18
  0.000000000000000E+00  1.210382927703722E+00  8.977361901423483E-01  2.018813939632157E+00  4.522690011341474E+00  1.507563337113891E+00  1.507563337113891E+00  4.522690011341673E+00 -1.989519660128281E-13  2.999999999999868E+00  1.106677089465381E+01  3.276552731562267E+00  1.434332362621607E+01  5.720734286663041E+18  1.693744971495055E+18
  0.000000000000000E+00  1.207187144039868E+00  8.903292962295097E-01  2.024857835232025E+00  4.491295467891478E+00  1.497098489297186E+00  1.497098489297186E+00  4.491295467891558E+00 -7.993605777301127E-14  2.999999999999947E+00  3.628091103117613E+00  2.146288839028469E-01  3.842719987020460E+00  1.905118465563616E+18  1.127020899820464E+17
  0.000000000000000E+00  1.203997313779239E+00  8.829198385734466E-01  2.030960920719589E+00  4.501401054579116E+00  1.500467018193047E+00  1.500467018193047E+00  4.501401054579141E+00 -2.486899575160351E-14  2.999999999999983E+00  5.098252543379900E-02 -9.085052646858049E-01 -8.575227392520058E-01  2.721779107163016E+16 -4.850192545640577E+17
  0.000000000000000E+00  1.200960630263811E+00  8.755305527677447E-01  2.036981630352517E+00  4.527456873668434E+00  1.509152291222818E+00  1.509152291222818E+00  4.527456873668455E+00 -2.042810365310288E-14  2.999999999999987E+00  3.717109344169816E-03 -1.542103284918887E+00 -1.538386175574717E+00  2.017646237305186E+15 -8.370533665448224E+17
  0.000000000000000E+00  1.198097593219333E+00  8.680704410450947E-01  2.042942454831415E+00  4.554989631615420E+00  1.518329877205144E+00  1.518329877205144E+00  4.554989631615432E+00 -1.154631945610163E-14  2.999999999999992E+00  1.060701648469239E-04 -1.052835123313592E+00 -1.052729053148745E+00  5.850806683630681E+13 -5.807415105966943E+17
  0.000000000000000E+00  1.195311348826747E+00  8.605791866063343E-01  2.048913246805919E+00  4.561809482026610E+00  1.520603160675537E+00  1.520603160675537E+00  4.561809482026611E+00 -8.881784197001252E-16  3.000000000000000E+00  4.780748964322231E-04  5.501009628609894E-01  5.505790377574217E-01  2.678292528746062E+14  3.081800173742187E+17
  0.000000000000000E+00  1.192505043266996E+00  8.530964726523018E-01  2.054963455663064E+00  4.525726578508538E+00  1.508575526169511E+00  1.508575526169511E+00  4.525726578508534E+00  3.552713678800501E-15  3.000000000000002E+00  3.560721526615569E-07  3.260301411117478E+00  3.260301767189631E+00  2.024787715382466E+11  1.853955215629956E+18
  0.000000000000000E+00  1.189757207593327E+00  8.458953567343639E-01  2.060890857749435E+00  4.453177112315654E+00  1.484392370771883E+00  1.484392370771883E+00  4.453177112315649E+00  5.329070518200751E-15  3.000000000000004E+00  7.530124875353303E-05  4.436337476130526E+00  4.436412777379280E+00  4.341404213873257E+13  2.557717771198750E+18
  0.000000000000000E+00  1.187009398093639E+00  8.386942308287449E-01  2.066880033335806E+00  4.348962875801962E+00  1.449654291933985E+00  1.449654291933985E+00  4.348962875801955E+00  7.105427357601002E-15  3.000000000000004E+00  6.639196926180761E-04  6.526602260765615E+00  6.527266180458233E+00  3.877962384448569E+14  3.812195713867119E+18
  0.000000000000000E+00  1.184261632473813E+00  8.314930881798039E-01  2.072931504713170E+00  4.195333757954940E+00  1.398444585984977E+00  1.398444585984977E+00  4.195333757954931E+00  9.769962616701378E-15  3.000000000000008E+00  1.476411388114705E-03  9.524709033133343E+00  9.526185444521458E+00  8.728528586635188E+14  5.630997955200529E+18
  0.000000000000000E+00  1.181513928439735E+00  8.242919220318997E-01  2.079045787226534E+00  3.974539647762066E+00  1.324846549254018E+00  1.324846549254018E+00  3.974539647762055E+00  1.110223024625157E-14  3.000000000000008E+00  1.423378459614211E-04  1.342427141762649E+01  1.342441375547246E+01  8.507480069502703E+13  8.023637056022789E+18
  0.000000000000000E+00  1.178928174387072E+00  8.169869666589967E-01  2.085129352775137E+00  3.769946913446506E+00  1.256648971148849E+00  1.256648971148849E+00  3.769946913446547E+00 -4.085620730620576E-14  2.999999999999968E+00  4.325095647070873E+00  7.595745531479802E+00  1.192084117855068E+01  2.613068139154662E+18  4.589077851926409E+18
  0.000000000000000E+00  1.176608000765785E+00  8.095893404771464E-01  2.091084089284024E+00  3.675648323211997E+00  1.225216107737384E+00  1.225216107737384E+00  3.675648323212153E+00 -1.554312234475219E-13  2.999999999999873E+00  2.261500211231395E+01  2.102885407275813E+00  2.471788751958976E+01  1.382536476919913E+19  1.285569538266086E+18
  0.000000000000000E+00  1.174418618613811E+00  8.021470836495275E-01  2.097009227746345E+00  3.685491176095977E+00  1.228497058698749E+00  1.228497058698749E+00  3.685491176096248E+00 -2.704503287986881E-13  2.999999999999780E+00  4.385194212747986E+01 -3.048881746108573E+00  4.080306038137129E+01  2.716300630545900E+19 -1.888554761232542E+18
  0.000000000000000E+00  1.172225238969091E+00  7.947082363393189E-01  2.103003477041235E+00  3.793322771135882E+00  1.264440923712068E+00  1.264440923712068E+00  3.793322771136205E+00 -3.224087663511455E-13  2.999999999999745E+00  4.791818124185505E+01 -7.874259413684256E+00  4.004392182817079E+01  3.012358707382114E+19 -4.950124001843079E+18
  0.000000000000000E+00  1.170060619313515E+00  7.875174845091942E-01  2.108903183412940E+00  3.937567579888324E+00  1.312522526629550E+00  1.312522526629550E+00  3.937567579888651E+00 -3.272937476594961E-13  2.999999999999751E+00  5.089033839648382E+01 -7.233121128011364E+00  4.365721726847246E+01  3.247475862661619E+19 -4.615686791453453E+18
  0.000000000000000E+00  1.167898163381918E+00  7.803260608277055E-01  2.114865564637763E+00  4.068140643827178E+00  1.356046881275838E+00  1.356046881275838E+00  4.068140643827514E+00 -3.366196210663475E-13  2.999999999999751E+00  5.202193738714367E+01 -6.414435130050657E+00  4.560750225709301E+01  3.368325498103876E+19 -4.153229673799579E+18
  0.000000000000000E+00  1.165724254949731E+00  7.731381343456176E-01  2.120901450128307E+00  4.181602900312299E+00  1.393867633437548E+00  1.393867633437548E+00  4.181602900312646E+00 -3.463895836830488E-13  2.999999999999751E+00  5.129685699372290E+01 -5.419090513955114E+00  4.587776647976778E+01  3.368574627766583E+19 -3.558621693550065E+18
  0.000000000000000E+00  1.163525277792388E+00  7.659578741136953E-01  2.127021601981283E+00  4.274515286703547E+00  1.424838428901299E+00  1.424838428901299E+00  4.274515286703897E+00 -3.499422973618493E-13  2.999999999999754E+00  4.873179116841177E+01 -4.247990762581187E+00  4.448380040583059E+01  3.244179947692435E+19 -2.827978639718391E+18
  0.000000000000000E+00  1.161399904265136E+00  7.590764261331333E-01  2.132965608558500E+00  4.351629001792526E+00  1.450543000597609E+00  1.450543000597609E+00  4.351629001792826E+00 -3.002043058586423E-13  2.999999999999793E+00  4.928213814974890E+01 -4.117004177560622E+00  4.516513397218827E+01  3.322749744770428E+19 -2.775807847184091E+18
  0.000000000000000E+00  1.159274530737882E+00  7.521949781525712E-01  2.138970860731355E+00  4.425914852318091E+00  1.475304950772762E+00  1.475304950772762E+00  4.425914852318286E+00 -1.945110739143274E-13  2.999999999999868E+00  4.963619724462457E+01 -3.926192719908454E+00  4.571000452471611E+01  3.388040468450712E+19 -2.679919204210791E+18
  0.000000000000000E+00  1.157149157210629E+00  7.453135301720091E-01  2.145037870112437E+00  4.496259786444253E+00  1.498753262148113E+00  1.498753262148113E+00  4.496259786444339E+00 -8.615330671091215E-14  2.999999999999942E+00  4.980541950923527E+01 -3.675887912749499E+00  4.612953159648578E+01  3.440288444012043E+19 -2.539104144152569E+18
  0.000000000000000E+00  1.155023783683376E+00  7.384320821914471E-01  2.151167140704226E+00  4.561550752335011E+00  1.520516917445016E+00  1.520516917445016E+00  4.561550752335049E+00 -3.819167204710538E-14  2.999999999999975E+00  4.980150537484779E+01 -3.366421279208641E+00  4.643508409563914E+01  3.479803475782441E+19 -2.352235013814380E+18
  0.000000000000000E+00  1.152972341388157E+00  7.317900117188311E-01  2.157142715588396E+00  4.621287352516630E+00  1.540429117505559E+00  1.540429117505559E+00  4.621287352516679E+00 -4.884981308350689E-14  2.999999999999968E+00  4.961744455725092E+01 -3.226089438917570E+00  4.639135511833335E+01  3.504455641241272E+19 -2.278571061901130E+18
  0.000000000000000E+00  1.150920893924868E+00  7.251479428424012E-01  2.163177198806875E+00  4.674308831380919E+00  1.558102943793664E+00  1.558102943793664E+00  4.674308831380992E+00 -7.371880883511039E-14  2.999999999999952E+00  4.920444959233787E+01 -2.606383858236287E+00  4.659806573410157E+01  3.511790152726324E+19 -1.860212489604671E+18
  0.000000000000000E+00  1.148869438592310E+00  7.185058763964594E-01  2.169271021577118E+00  4.712000423774789E+00  1.570666807924962E+00  1.570666807924962E+00  4.712000423774887E+00 -9.769962616701378E-14  2.999999999999938E+00  4.852284010115183E+01 -1.509870463169193E+00  4.701296963798263E+01  3.498288204168286E+19 -1.088551704746877E+18
  0.000000000000000E+00  1.146817972689285E+00  7.118638132153071E-01  2.175424605944829E+00  4.725747364545153E+00  1.575249121515086E+00  1.575249121515086E+00  4.725747364545260E+00 -1.065814103640150E-13  2.999999999999932E+00  4.753744609243913E+01  6.088479257591533E-02  4.759833088501505E+01  3.460679071412151E+19  4.432352697808318E+16
  0.000000000000000E+00  1.144853526011412E+00  7.053536089428305E-01  2.181471280526191E+00  4.742885345367582E+00  1.580961781789232E+00  1.580961781789232E+00  4.742885345367696E+00 -1.136868377216160E-13  2.999999999999929E+00  5.857040995701399E+01 -1.898781451782861E+00  5.667162850523113E+01  4.303020260051653E+19 -1.394986830795351E+18
  0.000000000000000E+00  1.142957768326983E+00  6.988227815662112E-01  2.187525691914269E+00  4.789141272887907E+00  1.596380424296013E+00  1.596380424296013E+00  4.789141272888038E+00 -1.314504061156185E-13  2.999999999999917E+00  6.628824456557408E+01 -3.232221863276078E+00  6.305602270229799E+01  4.913290626836496E+19 -2.395725741233138E+18
  0.000000000000000E+00  1.141106700511432E+00  6.922788191147193E-01  2.193606052202382E+00  4.853558880882713E+00  1.617852960294288E+00  1.617852960294288E+00  4.853558880882866E+00 -1.527666881884215E-13  2.999999999999905E+00  7.072125598712839E+01 -3.942931575630991E+00  6.677832441149739E+01  5.286943458796447E+19 -2.947636606744983E+18
  0.000000000000000E+00  1.139276323440193E+00  6.857292096176243E-01  2.199730373815775E+00  4.925181903128593E+00  1.641727301042918E+00  1.641727301042918E+00  4.925181903128755E+00 -1.616484723854228E-13  2.999999999999901E+00  7.183719038376442E+01 -4.034260211758376E+00  6.780293017200606E+01  5.415109883908991E+19 -3.041037967973042E+18
  0.000000000000000E+00  1.137498139003706E+00  6.793578770436479E-01  2.205743284860405E+00  4.991347210387683E+00  1.663782403462607E+00  1.663782403462607E+00  4.991347210387823E+00 -1.403321903126198E-13  2.999999999999916E+00  7.149061833490305E+01 -3.599802210915777E+00  6.789081612398728E+01  5.431288319670128E+19 -2.734843278271678E+18
  0.000000000000000E+00  1.135719954567220E+00  6.729865444696715E-01  2.211813280360433E+00  5.048649964407818E+00  1.682883321469303E+00  1.682883321469303E+00  5.048649964407911E+00 -9.325873406851315E-14  2.999999999999945E+00  7.082390002202251E+01 -2.997787736971938E+00  6.782611228505057E+01  5.421596922487149E+19 -2.294818100102227E+18
  0.000000000000000E+00  1.133941770130733E+00  6.666152118956951E-01  2.217940723399384E+00  5.094166300635789E+00  1.698055433545278E+00  1.698055433545278E+00  5.094166300635836E+00 -4.707345624410664E-14  2.999999999999973E+00  6.966701087129020E+01 -2.229010101672955E+00  6.743800076961725E+01  5.372507817322081E+19 -1.718944741041400E+18
  0.000000000000000E+00  1.132163585694247E+00  6.602438793217187E-01  2.224125966709959E+00  5.124972354518391E+00  1.708324118172805E+00  1.708324118172805E+00  5.124972354518417E+00 -2.575717417130363E-14  2.999999999999985E+00  6.786823850687068E+01 -1.294262616765019E+00  6.657397589010567E+01  5.271554372140853E+19 -1.005297309346755E+18
  0.000000000000000E+00  1.130415697187490E+00  6.540682386486498E-01  2.230199426247166E+00  5.116436644426316E+00  1.705478881475450E+00  1.705478881475450E+00  5.116436644426352E+00 -3.552713678800501E-14  2.999999999999979E+00  5.887239411951701E+01  1.824107483482771E+00  6.069650160299979E+01  4.603404289032978E+19  1.426322869777430E+18
  0.000000000000000E+00  1.128657618960106E+00  6.478951424936576E-01  2.236335445373557E+00  5.079586753566027E+00  1.693195584522028E+00  1.693195584522028E+00  5.079586753566083E+00 -5.595524044110789E-14  2.999999999999967E+00  5.947804233646306E+01  2.060131779417725E+00  6.153817411588079E+01  4.679997994889545E+19  1.621003687771430E+18
  0.000000000000000E+00  1.126942110308312E+00  6.417107928273472E-01  2.242495238366968E+00  5.062978514807809E+00  1.687659504935962E+00  1.687659504935962E+00  5.062978514807886E+00 -7.727152251391090E-14  2.999999999999954E+00  6.979425346262298E+01 -5.729550865183906E-01  6.922129837610458E+01  5.524466537504716E+19 -4.535145869364546E+17
  0.000000000000000E+00  1.125321930528323E+00  6.355013916203235E-01  2.248640594259015E+00  5.115167761021942E+00  1.705055920340676E+00  1.705055920340676E+00  5.115167761022029E+00 -8.704148513061227E-14  2.999999999999949E+00  9.022742923563885E+01 -6.062909088144302E+00  8.416452014749456E+01  7.182637489050044E+19 -4.826434541926041E+18
  0.000000000000000E+00  1.123791846723426E+00  6.293743545511841E-01  2.254695838872594E+00  5.206225729375268E+00  1.735408576458439E+00  1.735408576458439E+00  5.206225729375318E+00 -5.062616992290714E-14  2.999999999999971E+00  8.923662198137116E+01 -4.892139758176226E+00  8.434448222319492E+01  7.142533721700775E+19 -3.915687575146137E+18
  0.000000000000000E+00  1.122261762918528E+00  6.232473174820448E-01  2.260806431380235E+00  5.280051935527624E+00  1.760017311842533E+00  1.760017311842533E+00  5.280051935527601E+00  2.309263891220326E-14  3.000000000000013E+00  8.794382522402991E+01 -3.985918610447960E+00  8.395790661358195E+01  7.076426384311293E+19 -3.207281415021310E+18
  0.000000000000000E+00  1.120731679113631E+00  6.171202804129052E-01  2.266972671506263E+00  5.341018206525479E+00  1.780339402175126E+00  1.780339402175126E+00  5.341018206525377E+00  1.012523398458143E-13  3.000000000000057E+00  8.635002708468566E+01 -3.343176543604061E+00  8.300685054108160E+01  6.983894205746173E+19 -2.703924026423820E+18
  0.000000000000000E+00  1.119201595308733E+00  6.109932433437658E-01  2.273194847531519E+00  5.393496369415294E+00  1.797832123138386E+00  1.797832123138386E+00  5.393496369415159E+00  1.350031197944190E-13  3.000000000000075E+00  8.445744702289636E+01 -2.962844456289012E+00  8.149460256660736E+01  6.864648356115834E+19 -2.408181402970589E+18
  0.000000000000000E+00  1.117716492630145E+00  6.050463059154780E-01  2.279287877719700E+00  5.437957362258666E+00  1.812652454086175E+00  1.812652454086175E+00  5.437957362258527E+00  1.385558334732195E-13  3.000000000000076E+00  8.234062246790663E+01 -2.487593976833369E+00  7.985302849107326E+01  6.723603647746876E+19 -2.031269066889678E+18
  0.000000000000000E+00  1.116231391517581E+00  5.990993680960909E-01  2.285434104004267E+00  5.474306511527881E+00  1.824768837175911E+00  1.824768837175911E+00  5.474306511527733E+00  1.483257960899209E-13  3.000000000000081E+00  7.995028578148592E+01 -1.960995038091125E+00  7.798929074339479E+01  6.557669847614498E+19 -1.608444285960226E+18
  0.000000000000000E+00  1.114746278887384E+00  5.931524331530097E-01  2.291633765148188E+00  5.501685273140794E+00  1.833895091046878E+00  1.833895091046878E+00  5.501685273140635E+00  1.589839371263224E-13  3.000000000000087E+00  7.729444447166533E+01 -1.383257571918233E+00  7.591118689974709E+01  6.367240510841559E+19 -1.139478226287632E+18
  0.000000000000000E+00  1.113261141655896E+00  5.872055043536404E-01  2.297887087309301E+00  5.519235103015262E+00  1.839745034338366E+00  1.839745034338366E+00  5.519235103015100E+00  1.625366508051229E-13  3.000000000000088E+00  7.438183635268851E+01 -7.545915391941314E-01  7.362724481349437E+01  6.152804695624032E+19 -6.241919524031761E+17
  0.000000000000000E+00  1.111811976745335E+00  5.813972550471729E-01  2.304045321674509E+00  5.523723791959061E+00  1.841241263986308E+00  1.841241263986308E+00  5.523723791958926E+00  1.350031197944190E-13  3.000000000000074E+00  7.265722240414679E+01 -3.964698882637820E-02  7.261757541532042E+01  6.033403364305750E+19 -3.292257367603559E+16
  0.000000000000000E+00  1.110380257759175E+00  5.755845288813431E-01  2.310242751678089E+00  5.527938373942387E+00  1.842646124647435E+00  1.842646124647435E+00  5.527938373942307E+00  7.993605777301127E-14  3.000000000000043E+00  7.601017679970903E+01 -7.183849420371536E-01  7.529179185767188E+01  6.335033782550677E+19 -5.987346784724884E+17
  0.000000000000000E+00  1.108988528922993E+00  5.697623969760354E-01  2.316463139648441E+00  5.554181554513029E+00  1.851393851504335E+00  1.851393851504335E+00  5.554181554513006E+00  2.309263891220326E-14  3.000000000000012E+00  8.457235222448763E+01 -2.785630698537933E+00  8.178672152594969E+01  7.073525648616898E+19 -2.329866637903136E+18
  0.000000000000000E+00  1.107659334462367E+00  5.639259304511335E-01  2.322690566262262E+00  5.624756039218781E+00  1.874918679739594E+00  1.874918679739594E+00  5.624756039218783E+00 -2.664535259100376E-15  2.999999999999999E+00  9.854666706149224E+01 -6.236360609206509E+00  9.231030645228574E+01  8.270592194010410E+19 -5.233905611577193E+18
  0.000000000000000E+00  1.106391445924984E+00  5.581826822511242E-01  2.328833338933566E+00  5.710875012982693E+00  1.903625004327563E+00  1.903625004327563E+00  5.710875012982690E+00  2.664535259100376E-15  3.000000000000002E+00  9.599948410545629E+01 -4.726698120657266E+00  9.127278598479901E+01  8.083372473163660E+19 -3.979986125290413E+18
  0.000000000000000E+00  1.105123557387601E+00  5.524394340511148E-01  2.335027671157782E+00  5.775871684494339E+00  1.925290561498110E+00  1.925290561498110E+00  5.775871684494332E+00  7.105427357601002E-15  3.000000000000004E+00  9.314165042770796E+01 -3.551550562917313E+00  8.959009986479064E+01  7.867898385182199E+19 -3.000079857996316E+18
  0.000000000000000E+00  1.103855668850218E+00  5.466961858511055E-01  2.341273733464257E+00  5.824983200555665E+00  1.941661066851883E+00  1.941661066851883E+00  5.824983200555650E+00  1.509903313490213E-14  3.000000000000008E+00  8.999614021432721E+01 -2.709778439595956E+00  8.728636177473126E+01  7.625836103852922E+19 -2.296134724100462E+18
  0.000000000000000E+00  1.102587780312835E+00  5.409529376510962E-01  2.347571683097233E+00  5.863446707968612E+00  1.954482235989532E+00  1.954482235989532E+00  5.863446707968595E+00  1.687538997430238E-14  3.000000000000008E+00  8.658467564151569E+01 -2.200242254302415E+00  8.438443338721328E+01  7.358793838606123E+19 -1.869976300591247E+18
  0.000000000000000E+00  1.101352891439858E+00  5.353591357245129E-01  2.353755761836544E+00  5.893033758992837E+00  1.964344586330955E+00  1.964344586330955E+00  5.893033758992867E+00 -3.019806626980426E-14  2.999999999999985E+00  8.300900252321664E+01 -1.618963548280757E+00  8.139003897493588E+01  7.074787968274770E+19 -1.379829113022847E+18
  0.000000000000000E+00  1.100117997550857E+00  5.297653349051143E-01  2.359989321741383E+00  5.913169542608369E+00  1.971056514202834E+00  1.971056514202834E+00  5.913169542608502E+00 -1.332267629550188E-13  2.999999999999932E+00  7.917647461542084E+01 -9.740040050086369E-01  7.820247061041221E+01  6.766441367403168E+19 -8.323862641673102E+17
  0.000000000000000E+00  1.098883069183528E+00  5.241715416976513E-01  2.366272489394826E+00  5.922848364362483E+00  1.974282788120906E+00  1.974282788120906E+00  5.922848364362721E+00 -2.371436380599334E-13  2.999999999999880E+00  7.510881273744583E+01 -2.655824441464943E-01  7.484323029329933E+01  6.435439776949156E+19 -2.275551646774504E+17
  0.000000000000000E+00  1.097648076875571E+00  5.185777626068748E-01  2.372605376887431E+00  5.921064529802460E+00  1.973688176600914E+00  1.973688176600914E+00  5.921064529802742E+00 -2.824407374646398E-13  2.999999999999857E+00  7.082630240397280E+01  5.060822298751368E-01  7.133238463384794E+01  6.083399082108672E+19  4.346831711097805E+17
  0.000000000000000E+00  1.096442981576930E+00  5.130953684235875E-01  2.378855642283883E+00  5.910594499061921E+00  1.970198166354055E+00  1.970198166354055E+00  5.910594499062165E+00 -2.433608869978343E-13  2.999999999999877E+00  6.991738031922098E+01  6.583263671550231E-01  7.057570668637599E+01  6.018821218469956E+19  5.667187027345772E+17
  0.000000000000000E+00  1.095259024728121E+00  5.076082403624138E-01  2.385139253244394E+00  5.907488683827053E+00  1.969162894609069E+00  1.969162894609069E+00  5.907488683827208E+00 -1.554312234475219E-13  2.999999999999921E+00  7.355140109596256E+01 -4.618939495894842E-01  7.308950714637308E+01  6.345022396358527E+19 -3.984597725152852E+17
  0.000000000000000E+00  1.094112763416216E+00  5.021133301962035E-01  2.391444617450821E+00  5.931126924168998E+00  1.977042308056356E+00  1.977042308056356E+00  5.931126924169067E+00 -6.927791673660977E-14  2.999999999999964E+00  8.181803401153589E+01 -2.850751253481514E+00  7.896728275805438E+01  7.072506285929499E+19 -2.464243537925475E+18
  0.000000000000000E+00  1.093020754728290E+00  4.966075896978067E-01  2.397760436768511E+00  6.000889060158905E+00  2.000296353386311E+00  2.000296353386311E+00  6.000889060158936E+00 -3.019806626980426E-14  2.999999999999985E+00  9.486882571957797E+01 -6.504526247204822E+00  8.836429947237315E+01  8.217140445823943E+19 -5.633948275571418E+18
  0.000000000000000E+00  1.091978221358764E+00  4.911829891634626E-01  2.404001350167118E+00  6.086147538579706E+00  2.028715846193245E+00  2.028715846193245E+00  6.086147538579736E+00 -3.019806626980426E-14  2.999999999999985E+00  9.113150651775875E+01 -4.899996276396330E+00  8.623151024136241E+01  7.909186902103373E+19 -4.252644101968947E+18
  0.000000000000000E+00  1.090935687989237E+00  4.857583886291185E-01  2.410290143133803E+00  6.149967758478443E+00  2.049989252826157E+00  2.049989252826157E+00  6.149967758478471E+00 -2.842170943040401E-14  2.999999999999986E+00  8.711312419556137E+01 -3.643189991215658E+00  8.346993420434572E+01  7.575585526186349E+19 -3.168213472018556E+18
  0.000000000000000E+00  1.089893154619711E+00  4.803337880947743E-01  2.416626865614378E+00  6.197537048163119E+00  2.065845682721049E+00  2.065845682721049E+00  6.197537048163147E+00 -2.753353101070388E-14  2.999999999999987E+00  8.284277717134704E+01 -2.733119253220180E+00  8.010965791812686E+01  7.218615287231294E+19 -2.381539718582151E+18
  0.000000000000000E+00  1.088850621250184E+00  4.749091875604302E-01  2.423011552922829E+00  6.234042735941742E+00  2.078014245313922E+00  2.078014245313922E+00  6.234042735941768E+00 -2.575717417130363E-14  2.999999999999988E+00  7.834680384018235E+01 -2.168795923967271E+00  7.617800791621508E+01  6.840354247134370E+19 -1.893546600821068E+18
  0.000000000000000E+00  1.087831855015748E+00  4.696082710964299E-01  2.429297024788323E+00  6.261347759851130E+00  2.087115919950416E+00  2.087115919950416E+00  6.261347759851248E+00 -1.181277298201167E-13  2.999999999999944E+00  7.376147975596430E+01 -1.533158767608103E+00  7.222832098835620E+01  6.452219558318547E+19 -1.341116937878226E+18
  0.000000000000000E+00  1.086813087846368E+00  4.643073548121041E-01  2.435628323624301E+00  6.279186758962673E+00  2.093062252987663E+00  2.093062252987663E+00  6.279186758962990E+00 -3.161915174132446E-13  2.999999999999849E+00  6.899963680502103E+01 -8.823121940520997E-01  6.811732461096892E+01  6.046813591631791E+19 -7.732181811525809E+17
  0.000000000000000E+00  1.085794327703382E+00  4.590064371774215E-01  2.442005433903458E+00  6.287317681560712E+00  2.095772560520409E+00  2.095772560520409E+00  6.287317681561227E+00 -5.151434834260726E-13  2.999999999999754E+00  6.405906371813444E+01 -2.163023153633708E-01  6.384276140277106E+01  5.623884177633042E+19 -1.898964952578735E+17
  0.000000000000000E+00  1.084775582548129E+00  4.537055166623510E-01  2.448428325216710E+00  6.285498475929585E+00  2.095166158643397E+00  2.095166158643397E+00  6.285498475930191E+00 -6.057376822354854E-13  2.999999999999711E+00  5.894146271654185E+01  4.648247762893115E-01  5.940628749283116E+01  5.183536357722778E+19  4.087845833506601E+17
  0.000000000000000E+00  1.083767968481919E+00  4.485070290034166E-01  2.454778956418970E+00  6.255115746862802E+00  2.085038582287774E+00  2.085038582287774E+00  6.255115746863325E+00 -5.231370892033738E-13  2.999999999999750E+00  5.010927171677131E+01  3.180557322741657E+00  5.328982903951297E+01  4.413794091920767E+19  2.801542436992535E+18
  0.000000000000000E+00  1.082764672925037E+00  4.433075231586991E-01  2.461170825896030E+00  6.208775305728111E+00  2.069591768576150E+00  2.069591768576150E+00  6.208775305728451E+00 -3.401723347451480E-13  2.999999999999836E+00  5.121820400620888E+01  2.659521118797030E+00  5.387772512500590E+01  4.518113850599016E+19  2.346044621428120E+18
  0.000000000000000E+00  1.081797134846700E+00  4.381016527878280E-01  2.467582669712828E+00  6.193457511554650E+00  2.064485837184936E+00  2.064485837184936E+00  6.193457511554810E+00 -1.598721155460225E-13  2.999999999999923E+00  6.237222784570591E+01 -1.089763787817990E+00  6.128246405788791E+01  5.509802553856872E+19 -9.626693656147281E+17
  0.000000000000000E+00  1.080896793216123E+00  4.328840715504330E-01  2.473993914182351E+00  6.256142723371566E+00  2.085380907790547E+00  2.085380907790547E+00  6.256142723371642E+00 -7.638334409421077E-14  2.999999999999963E+00  8.381245727169167E+01 -8.059410872193395E+00  7.575304639949829E+01  7.414148453091556E+19 -7.129449558697547E+18
  0.000000000000000E+00  1.080050923242514E+00  4.277222792013843E-01  2.480342567502423E+00  6.357889037621374E+00  2.119296345873814E+00  2.119296345873814E+00  6.357889037621443E+00 -6.927791673660977E-14  2.999999999999968E+00  7.933396313055786E+01 -6.147659203141984E+00  7.318630392741588E+01  7.027763156503179E+19 -5.445876033632499E+18
  0.000000000000000E+00  1.079205053268905E+00  4.225604868523357E-01  2.486735440800566E+00  6.434978371226656E+00  2.144992790408905E+00  2.144992790408905E+00  6.434978371226717E+00 -6.128431095930864E-14  2.999999999999972E+00  7.466066560986853E+01 -4.623650268161404E+00  7.003701534170713E+01  6.622959848926623E+19 -4.101523852134556E+18
  0.000000000000000E+00  1.078359183295296E+00  4.173986945032870E-01  2.493172469697351E+00  6.492953562412482E+00  2.164317854137510E+00  2.164317854137510E+00  6.492953562412531E+00 -4.884981308350689E-14  2.999999999999978E+00  6.980769905099275E+01 -3.486479358677066E+00  6.632121969231568E+01  6.200987355333113E+19 -3.097024355722398E+18
  0.000000000000000E+00  1.077513313321687E+00  4.122369021542383E-01  2.499653574284961E+00  6.537357449403912E+00  2.179119149801318E+00  2.179119149801318E+00  6.537357449403954E+00 -4.263256414560601E-14  2.999999999999980E+00  6.478916177945847E+01 -2.735241766114342E+00  6.205392001334412E+01  5.763018808321221E+19 -2.433007205291623E+18
  0.000000000000000E+00  1.076684121310233E+00  4.071768845225062E-01  2.506049579752757E+00  6.571188392402510E+00  2.190396130800849E+00  2.190396130800849E+00  6.571188392402550E+00 -3.996802888650564E-14  2.999999999999982E+00  5.971640245321282E+01 -2.038788979291715E+00  5.767761347392110E+01  5.318841907959499E+19 -1.815915865500924E+18
  0.000000000000000E+00  1.075854929298780E+00  4.021168668907741E-01  2.512487742502755E+00  6.594845759980781E+00  2.198281919993603E+00  2.198281919993603E+00  6.594845759980810E+00 -2.930988785010413E-14  2.999999999999987E+00  5.450477590235824E+01 -1.294691327798429E+00  5.321008457455980E+01  4.861123682191391E+19 -1.154697835280240E+18
  0.000000000000000E+00  1.075025737287326E+00  3.970568492590419E-01  2.518967941717509E+00  6.607639466421088E+00  2.202546488807035E+00  2.202546488807035E+00  6.607639466421107E+00 -1.865174681370263E-14  2.999999999999992E+00  4.917414741729009E+01 -5.030614482369664E-01  4.867108596905312E+01  4.391578405078256E+19 -4.492673302004352E+17
  0.000000000000000E+00  1.074196545275872E+00  3.919968316273098E-01  2.525490040875824E+00  6.608879426005802E+00  2.202959808668604E+00  2.202959808668604E+00  6.608879426005815E+00 -1.243449787580175E-14  2.999999999999994E+00  4.374210765724212E+01  3.359880227901175E-01  4.407809568003224E+01  3.911725250754691E+19  3.004639929556859E+17
  0.000000000000000E+00  1.073382435739599E+00  3.870288151929167E-01  2.531934166987297E+00  6.599301977751010E+00  2.199767325917006E+00  2.199767325917006E+00  6.599301977751020E+00 -1.065814103640150E-14  2.999999999999995E+00  3.832517890623568E+01  1.135100067202592E+00  3.946027897343829E+01  3.431875986376729E+19  1.016439524600201E+18
  0.000000000000000E+00  1.072568335103669E+00  3.820607973000251E-01  2.538418371097447E+00  6.574533532178475E+00  2.191511177392826E+00  2.191511177392826E+00  6.574533532178480E+00 -4.440892098500626E-15  2.999999999999998E+00  3.284228573704738E+01  2.513241097088587E+00  3.535552683413596E+01  2.944804358887105E+19  2.253498248233088E+18
  0.000000000000000E+00  1.071754238858853E+00  3.770927786875636E-01  2.544942480960106E+00  6.526479131105027E+00  2.175493043701675E+00  2.175493043701675E+00  6.526479131105027E+00  0.000000000000000E+00  3.000000000000000E+00  2.731918595724505E+01  4.469089883488617E+00  3.178827584073366E+01  2.452731183358786E+19  4.012372892669897E+18
  0.000000000000000E+00  1.070940142495921E+00  3.721247600944608E-01  2.551506308462376E+00  6.447043816347497E+00  2.149014605449165E+00  2.149014605449165E+00  6.447043816347495E+00  1.776356839400250E-15  3.000000000000000E+00  2.177194769923472E+01  7.001325183638888E+00  2.877327288287361E+01  1.957080335291171E+19  6.293491068031613E+18
  0.000000000000000E+00  1.070182431264225E+00  3.671962988133140E-01  2.558017276912064E+00  6.426355774608917E+00  2.142118591536307E+00  2.142118591536307E+00  6.426355774608920E+00 -3.552713678800501E-15  2.999999999999999E+00  5.022842371620477E+01 -3.194504192167964E+00  4.703391952403680E+01  4.520464225646626E+19 -2.874994047387274E+18
  0.000000000000000E+00  1.069496669064457E+00  3.622569040341112E-01  2.564523963551720E+00  6.512965627828097E+00  2.170988542609370E+00  2.170988542609370E+00  6.512965627828109E+00 -1.243449787580175E-14  2.999999999999994E+00  6.493358281596508E+01 -8.491841957130589E+00  5.644174085883449E+01  5.851368026639399E+19 -7.652264107473824E+18
  0.000000000000000E+00  1.068844714855288E+00  3.573124441707381E-01  2.571050364966271E+00  6.639187283991698E+00  2.213062427997239E+00  2.213062427997240E+00  6.639187283991721E+00 -2.220446049250313E-14  2.999999999999990E+00  6.568042079989189E+01 -8.902313511659186E+00  5.677810728823271E+01  5.926633472953591E+19 -8.032949332902753E+18
  0.000000000000000E+00  1.068188427595390E+00  3.523687876370798E-01  2.577619442018290E+00  6.737334651086381E+00  2.245778217028802E+00  2.245778217028802E+00  6.737334651086408E+00 -2.664535259100376E-14  2.999999999999988E+00  5.207686151321467E+01 -4.435665982181525E+00  4.764119553103314E+01  4.705737265954805E+19 -4.008129158548276E+18
  0.000000000000000E+00  1.067527715055390E+00  3.475044606215937E-01  2.584133727441732E+00  6.792182225296551E+00  2.264060741765521E+00  2.264060741765521E+00  6.792182225296565E+00 -1.421085471520200E-14  2.999999999999994E+00  4.712534669146736E+01 -3.603468094995354E+00  4.352187859647201E+01  4.264369892334200E+19 -3.260776191821069E+18
  0.000000000000000E+00  1.066867002515391E+00  3.426401336061077E-01  2.590686388890331E+00  6.836132888147151E+00  2.278710962715713E+00  2.278710962715713E+00  6.836132888147139E+00  1.154631945610163E-14  3.000000000000005E+00  4.210331380814671E+01 -2.836658042665418E+00  3.926665576548129E+01  3.815438068629076E+19 -2.570603618752281E+18
  0.000000000000000E+00  1.066206289975391E+00  3.377758065906216E-01  2.597277198813076E+00  6.870066875788417E+00  2.290022291929460E+00  2.290022291929460E+00  6.870066875788380E+00  3.730349362740526E-14  3.000000000000016E+00  3.701805767224810E+01 -2.135116248366543E+00  3.488294142388155E+01  3.359567214280603E+19 -1.937720938845363E+18
  0.000000000000000E+00  1.065545577435392E+00  3.329114795751355E-01  2.603905913745996E+00  6.894864424370586E+00  2.298288141456846E+00  2.298288141456846E+00  6.894864424370539E+00  4.707345624410664E-14  3.000000000000021E+00  3.187630389662277E+01 -1.498723135273349E+00  3.037758076134942E+01  2.897319269589531E+19 -1.362228015421564E+18
  0.000000000000000E+00  1.064894946073538E+00  3.281213496661027E-01  2.610470306293961E+00  6.909776844878100E+00  2.303258948292690E+00  2.303258948292690E+00  6.909776844878071E+00  2.930988785010413E-14  3.000000000000013E+00  2.677029189117218E+01 -6.816205358549496E-01  2.608867135531723E+01  2.436911276482393E+19 -6.204821287939145E+17
  0.000000000000000E+00  1.064244324136238E+00  3.233312184769452E-01  2.617070935935859E+00  6.912422157522710E+00  2.304140719174240E+00  2.304140719174240E+00  6.912422157522723E+00 -1.332267629550188E-14  2.999999999999994E+00  2.163520682647508E+01  3.203084485113276E-01  2.195551527498641E+01  1.972495155385501E+19  2.920271888246963E+17
  0.000000000000000E+00  1.063593716562727E+00  3.185410853368685E-01  2.623707521199928E+00  6.900291537593399E+00  2.300097179197818E+00  2.300097179197818E+00  6.900291537593455E+00 -5.595524044110789E-14  2.999999999999976E+00  1.648134221002240E+01  1.506723043444260E+00  1.798806525346666E+01  1.505014560467078E+19  1.375883159319340E+18
  0.000000000000000E+00  1.062943128292242E+00  3.137509495750779E-01  2.630379765058444E+00  6.870876160379153E+00  2.290292053459742E+00  2.290292053459742E+00  6.870876160379225E+00 -7.283063041541027E-14  2.999999999999968E+00  1.131351178892973E+01  2.877282509891343E+00  1.419079429882108E+01  1.034852655540870E+19  2.631864890100613E+18
  0.000000000000000E+00  1.062305865580393E+00  3.090141704225067E-01  2.637008075271167E+00  6.826368140927018E+00  2.275456046975693E+00  2.275456046975693E+00  6.826368140927080E+00 -6.217248937900877E-14  2.999999999999973E+00  1.208584384807227E+01  3.362219873357168E+00  1.544806372142943E+01  1.107380884507983E+19  3.080676917617508E+18
  0.000000000000000E+00  1.061688719247847E+00  3.042746222217513E-01  2.643659997830507E+00  6.792149212550399E+00  2.264049737516811E+00  2.264049737516811E+00  6.792149212550433E+00 -3.463895836830488E-14  2.999999999999985E+00  1.832478160269848E+01  1.335843889945159E+00  1.966062549264364E+01  1.682025997256424E+19  1.226166946968158E+18
  0.000000000000000E+00  1.061104064061545E+00  2.995311136575442E-01  2.650328514992252E+00  6.801818771718073E+00  2.267272923906026E+00  2.267272923906026E+00  6.801818771718080E+00 -6.217248937900877E-15  2.999999999999997E+00  3.017873934775436E+01 -3.198015687745499E+00  2.698072366000886E+01  2.775786959144062E+19 -2.941478150856766E+18
  0.000000000000000E+00  1.060564274788425E+00  2.947824534146176E-01  2.657006995603086E+00  6.888976214898821E+00  2.296325404966272E+00  2.296325404966272E+00  6.888976214898815E+00  6.217248937900877E-15  3.000000000000003E+00  4.792899987629777E+01 -1.023583058739789E+01  3.769316928889987E+01  4.419503513592918E+19 -9.438396244925182E+18
  0.000000000000000E+00  1.060055675205580E+00  2.900737027727580E-01  2.663645353319545E+00  7.015325052785808E+00  2.338441684261936E+00  2.338441684261936E+00  7.015325052785808E+00 -8.881784197001252E-16  3.000000000000000E+00  4.377166064198054E+01 -8.909458003137502E+00  3.486220263884304E+01  4.047189135948641E+19 -8.237809831438288E+18
  0.000000000000000E+00  1.059547075622735E+00  2.853649521308984E-01  2.670318108172000E+00  7.128569368822729E+00  2.376189789607582E+00  2.376189789607582E+00  7.128569368822746E+00 -1.687538997430238E-14  2.999999999999993E+00  3.954629127173116E+01 -8.253347389120828E+00  3.129294388261033E+01  3.668231114982932E+19 -7.655632101505751E+18
  0.000000000000000E+00  1.059038476039890E+00  2.806562014890387E-01  2.677024929391305E+00  7.237597485760181E+00  2.412532495253404E+00  2.412532495253404E+00  7.237597485760213E+00 -3.197442310920451E-14  2.999999999999986E+00  3.527034357743099E+01 -8.266535361911259E+00  2.700380821551973E+01  3.286400362624742E+19 -7.702546121047514E+18
  0.000000000000000E+00  1.058529876457045E+00  2.759474508471791E-01  2.683765470564968E+00  7.351297726348756E+00  2.450432575449598E+00  2.450432575449598E+00  7.351297726348795E+00 -3.907985046680551E-14  2.999999999999984E+00  3.094276757444298E+01 -8.948058538072099E+00  2.199470903637089E+01  2.902387158774656E+19 -8.393150397547105E+18
  0.000000000000000E+00  1.058027585339795E+00  2.712971056630174E-01  2.690455146007944E+00  7.447284284133676E+00  2.482428094711234E+00  2.482428094711234E+00  7.447284284133705E+00 -2.842170943040401E-14  2.999999999999988E+00  2.225677105072350E+01 -5.539909935027166E+00  1.671686111569633E+01  2.101694816061741E+19 -5.231306897734856E+18
  0.000000000000000E+00  1.057525294222545E+00  2.666467604788557E-01  2.697176992886336E+00  7.493578658366040E+00  2.497859552788681E+00  2.497859552788681E+00  7.493578658366045E+00 -4.440892098500626E-15  2.999999999999998E+00  1.078564398564163E+01 -1.379746662637400E+00  9.405897323004234E+00  1.022465915030610E+19 -1.307983033560192E+18
  0.000000000000000E+00  1.057023003105295E+00  2.619964152946940E-01  2.703930632053472E+00  7.480252079647007E+00  2.493417359882329E+00  2.493417359882329E+00  7.480252079646990E+00  1.776356839400250E-14  3.000000000000008E+00  2.611923171318744E+00  3.531355124207972E+00  6.143278295526716E+00  2.477094782439529E+18  3.349065335907298E+18
  0.000000000000000E+00  1.056520711988046E+00  2.573460701105323E-01  2.710715669168422E+00  7.397375778577743E+00  2.465791926192570E+00  2.465791926192570E+00  7.397375778577711E+00  3.197442310920451E-14  3.000000000000013E+00  7.026332628535280E-03  9.192319270619747E+00  9.199345603248281E+00  6.638368960154292E+15  8.684759197150478E+18
  0.000000000000000E+00  1.056023968962831E+00  2.527467209928284E-01  2.717456757774110E+00  7.271206799022305E+00  2.423735599674093E+00  2.423735599674093E+00  7.271206799022280E+00  2.575717417130363E-14  3.000000000000011E+00  1.606167095049422E-05  1.028223864116035E+01  1.028225470283130E+01  1.508909201438571E+13  9.659620437285007E+18
  0.000000000000000E+00  1.055527286655975E+00  2.481473653174724E-01  2.724227719897407E+00  7.127255482535814E+00  2.375751827511931E+00  2.375751827511931E+00  7.127255482535794E+00  1.953992523340276E-14  3.000000000000008E+00 -1.604038421351669E-03  1.191378574432853E+01  1.191218170590718E+01 -1.498921601403000E+15  1.113304430177737E+19
  0.000000000000000E+00  1.055030637746769E+00  2.435480060352742E-01  2.731028144299444E+00  6.958452735432451E+00  2.319484245144147E+00  2.319484245144147E+00  6.958452735432441E+00  8.881784197001252E-15  3.000000000000004E+00  3.177659321189787E-03  1.408619445242604E+01  1.408937211174723E+01  2.952462250471726E+15  1.308792201110479E+19
  0.000000000000000E+00  1.054533994914506E+00  2.389486460970436E-01  2.737857604167201E+00  6.757729464026416E+00  2.252576488008803E+00  2.252576488008803E+00  6.757729464026410E+00  6.217248937900877E-15  3.000000000000003E+00  2.605693305724921E-03  1.679869854308071E+01  1.680130423638643E+01  2.404337720058809E+15  1.550057501636372E+19
  0.000000000000000E+00  1.054073467013775E+00  2.343749428186405E-01  2.744657333226546E+00  6.604576986140248E+00  2.201525662046748E+00  2.201525662046748E+00  6.604576986140243E+00  5.329070518200751E-15  3.000000000000002E+00  2.596823918361005E+00  7.245866243828103E+00  9.842690162189109E+00  2.380500300376315E+18  6.642262745641234E+18
  0.000000000000000E+00  1.053665077595616E+00  2.297960697184059E-01  2.751462067568796E+00  6.559322044941282E+00  2.186440681647096E+00  2.186440681647096E+00  6.559322044941289E+00 -7.105427357601002E-15  2.999999999999997E+00  1.539148375995130E+01  1.437869429145310E-01  1.553527070286583E+01  1.405324128267736E+19  1.312851076342788E+17
  0.000000000000000E+00  1.053288059304415E+00  2.252142435745865E-01  2.758281690623756E+00  6.590289092858380E+00  2.196763030952798E+00  2.196763030952799E+00  6.590289092858397E+00 -1.687538997430238E-14  2.999999999999992E+00  3.076117425658004E+01 -4.510743792268848E+00  2.625043046431119E+01  2.805575592869125E+19 -4.114027827324684E+18
  0.000000000000000E+00  1.052921644784554E+00  2.206316811654289E-01  2.765125319307312E+00  6.665802582320406E+00  2.221934194106809E+00  2.221934194106809E+00  6.665802582320428E+00 -2.131628207280301E-14  2.999999999999990E+00  3.366148763623310E+01 -6.721865806656795E+00  2.693962182957631E+01  3.076484269445040E+19 -6.143434490768183E+18
  0.000000000000000E+00  1.052556570297672E+00  2.160863502547050E-01  2.771942677477272E+00  6.745329660719167E+00  2.248443220239728E+00  2.248443220239728E+00  6.745329660719184E+00 -1.687538997430238E-14  2.999999999999992E+00  3.085490172625582E+01 -5.738386225463200E+00  2.511651550079262E+01  2.829455670255901E+19 -5.262213954789178E+18
  0.000000000000000E+00  1.052191495810790E+00  2.115410193439810E-01  2.778787836153252E+00  6.816316812793868E+00  2.272105604264623E+00  2.272105604264623E+00  6.816316812793870E+00 -1.776356839400250E-15  2.999999999999999E+00  2.784683403784993E+01 -5.391265513428123E+00  2.245556852442180E+01  2.562064733108033E+19 -4.960266298136871E+18
  0.000000000000000E+00  1.051826421323909E+00  2.069956884332571E-01  2.785660320376192E+00  6.886952417365278E+00  2.295650805788423E+00  2.295650805788423E+00  6.886952417365270E+00  7.993605777301127E-15  3.000000000000004E+00  2.474052451993765E+01 -5.679841994667346E+00  1.906068252527031E+01  2.286026107927909E+19 -5.248177773373902E+18
  0.000000000000000E+00  1.051461346837027E+00  2.024503575225332E-01  2.792559641064082E+00  6.965424853254177E+00  2.321808284418054E+00  2.321808284418054E+00  6.965424853254165E+00  1.243449787580175E-14  3.000000000000005E+00  2.159514368941543E+01 -6.603453993296773E+00  1.499168969611866E+01  2.007912226150170E+19 -6.139878575783475E+18
  0.000000000000000E+00  1.051099287072267E+00  1.979423332774391E-01  2.799428336002618E+00  7.029032830868016E+00  2.343010943622668E+00  2.343010943622668E+00  7.029032830868003E+00  1.332267629550188E-14  3.000000000000006E+00  1.540518340793380E+01 -3.240324478073933E+00  1.216485892985987E+01  1.441355142034958E+19 -3.031744721668343E+18
  0.000000000000000E+00  1.050737238256458E+00  1.934343081527767E-01  2.806322425370998E+00  7.045596597452329E+00  2.348532199150773E+00  2.348532199150773E+00  7.045596597452321E+00  7.993605777301127E-15  3.000000000000004E+00  7.348304421627838E+00  7.556139655468690E-01  8.103918387174707E+00  6.898513222817378E+18  7.093626819989341E+17
  0.000000000000000E+00  1.050375162252994E+00  1.889262852121182E-01  2.813241406573551E+00  7.006990831706618E+00  2.335663610568870E+00  2.335663610568870E+00  7.006990831706613E+00  5.329070518200751E-15  3.000000000000003E+00  1.729208088178904E+00  5.383704740900837E+00  7.112912829079742E+00  1.623234769376187E+18  5.053768128443726E+18
  0.000000000000000E+00  1.050013020925266E+00  1.844182675190353E-01  2.820184762220726E+00  6.905090212330382E+00  2.301696737443459E+00  2.301696737443459E+00  6.905090212330379E+00  2.664535259100376E-15  3.000000000000001E+00  2.876291808961064E-03  1.064329052393636E+01  1.064616681574533E+01  2.688889491111966E+15  9.949836088084990E+18
  0.000000000000000E+00  1.049653301464948E+00  1.799409623853754E-01  2.827104398580700E+00  6.763169899499742E+00  2.254389966499904E+00  2.254389966499904E+00  6.763169899499713E+00  2.842170943040401E-14  3.000000000000013E+00 -1.318429379611060E-03  1.174740981887250E+01  1.174609138949288E+01 -1.225258945305499E+15  1.091724682970076E+19
  0.000000000000000E+00  1.049293582004630E+00  1.754636572517154E-01  2.834046969121878E+00  6.604441889590170E+00  2.201480629863361E+00  2.201480629863361E+00  6.604441889590083E+00  8.704148513061227E-14  3.000000000000040E+00 -1.883864311329060E-04  1.327796777882237E+01  1.327777939239123E+01 -1.741018879331000E+14  1.227115585929294E+19
  0.000000000000000E+00  1.048933862544312E+00  1.709863521180554E-01  2.841011915522836E+00  6.423470682426483E+00  2.141156894142113E+00  2.141156894142113E+00  6.423470682426339E+00  1.438849039914203E-13  3.000000000000067E+00  6.172885746323602E-03  1.523452504702318E+01  1.524069793276951E+01  5.671047833866045E+15  1.399600184068751E+19
  0.000000000000000E+00  1.048574143083994E+00  1.665090469843954E-01  2.847998667175177E+00  6.214820777833500E+00  2.071606925944443E+00  2.071606925944443E+00  6.214820777833332E+00  1.687538997430238E-13  3.000000000000081E+00  2.283256514409155E-03  1.761664226671244E+01  1.761892552322685E+01  2.082898799182548E+15  1.607076681546629E+19
  0.000000000000000E+00  1.048265440523122E+00  1.620421459830065E-01  2.854967684401295E+00  6.072940957793286E+00  2.024313652597715E+00  2.024313652597715E+00  6.072940957793145E+00  1.403321903126198E-13  3.000000000000069E+00  4.812633091054842E+00  5.547509600980631E+00  1.036014269203547E+01  4.361201385401958E+18  5.027145452308840E+18
  0.000000000000000E+00  1.048028895681406E+00  1.575703844569826E-01  2.861933869507740E+00  6.053387093881419E+00  2.017795697960448E+00  2.017795697960448E+00  6.053387093881344E+00  7.460698725481052E-14  3.000000000000037E+00  2.481253486897164E+01 -1.656619117390059E+00  2.315591575158158E+01  2.239049400651817E+19 -1.494910560927419E+18
  0.000000000000000E+00  1.047823014469173E+00  1.530965824999504E-01  2.868912445673656E+00  6.094454506674738E+00  2.031484835558242E+00  2.031484835558242E+00  6.094454506674726E+00  1.154631945610163E-14  3.000000000000006E+00  4.337315397647210E+01 -3.999492347671557E+00  3.937366162880055E+01  3.907418696053343E+19 -3.603079264766268E+18
  0.000000000000000E+00  1.047606302796753E+00  1.486235602055364E-01  2.875916915515750E+00  6.134438516750079E+00  2.044812838916699E+00  2.044812838916699E+00  6.134438516750098E+00 -1.865174681370263E-14  2.999999999999991E+00  3.599396389943021E+01 -1.485575489705778E+00  3.450838840972444E+01  3.245804188612222E+19 -1.339637712717436E+18
  0.000000000000000E+00  1.047371596563644E+00  1.441755952952011E-01  2.882911588632858E+00  6.150368403268859E+00  2.050122801089625E+00  2.050122801089625E+00  6.150368403268876E+00 -1.687538997430238E-14  2.999999999999992E+00  3.391362194890419E+01 -1.036957995942630E+00  3.287666395296156E+01  3.064387198912905E+19 -9.369806661655180E+17
  0.000000000000000E+00  1.047136890330534E+00  1.397276303848658E-01  2.889926764888422E+00  6.160696735218234E+00  2.053565578406081E+00  2.053565578406081E+00  6.160696735218245E+00 -1.154631945610163E-14  2.999999999999995E+00  3.159468143810527E+01 -5.988085216237111E-01  3.099587291648156E+01  2.859382311422258E+19 -5.419337738897722E+17
  0.000000000000000E+00  1.046902184097426E+00  1.352796654745305E-01  2.896961841115141E+00  6.165553321136402E+00  2.055184440378802E+00  2.055184440378802E+00  6.165553321136406E+00 -3.552713678800501E-15  2.999999999999998E+00  2.914815348524660E+01 -1.711201629125743E-01  2.897703332233403E+01  2.641594809210309E+19 -1.550801955018779E+17
  0.000000000000000E+00  1.046667477864317E+00  1.308317005641952E-01  2.904016202841090E+00  6.165067969561560E+00  2.055022656520520E+00  2.055022656520520E+00  6.165067969561562E+00 -2.664535259100376E-15  2.999999999999999E+00  2.666129170970040E+01  2.461139840270779E-01  2.690740569372748E+01  2.419562849265720E+19  2.233531139153446E+17
  0.000000000000000E+00  1.046433734298362E+00  1.264019511721432E-01  2.911060221026810E+00  6.158076940554271E+00  2.052692313518091E+00  2.052692313518091E+00  6.158076940554274E+00 -2.664535259100376E-15  2.999999999999999E+00  2.416900794189679E+01  8.573855457336180E-01  2.502639348763040E+01  2.196435766141110E+19  7.791764902179677E+17
  0.000000000000000E+00  1.046199990073916E+00  1.219722018148315E-01  2.918122118393089E+00  6.143619830247899E+00  2.047873276749302E+00  2.047873276749302E+00  6.143619830247908E+00 -8.881784197001252E-15  2.999999999999996E+00  2.164454419040154E+01  1.430847521421619E+00  2.307539171182316E+01  1.969547128544348E+19  1.302000911828148E+18
  0.000000000000000E+00  1.045966239754683E+00  1.175424527791410E-01  2.925201257533270E+00  6.122169697597116E+00  2.040723232532375E+00  2.040723232532375E+00  6.122169697597126E+00 -9.769962616701378E-15  2.999999999999995E+00  1.910236173246535E+01  1.966525059230422E+00  2.106888679169577E+01  1.740329719362913E+19  1.791611975724492E+18
  0.000000000000000E+00  1.045732477904370E+00  1.131127043519521E-01  2.932296990766231E+00  6.094199601556582E+00  2.031399867185530E+00  2.031399867185530E+00  6.094199601556593E+00 -1.065814103640150E-14  2.999999999999995E+00  1.655519276295435E+01  2.464443297060270E+00  1.901963606001462E+01  1.510036568423838E+19  2.247874460088085E+18
  0.000000000000000E+00  1.045484558065765E+00  1.086951135554283E-01  2.939393940706973E+00  6.025164415124740E+00  2.008388138374913E+00  2.008388138374913E+00  6.025164415124740E+00  0.000000000000000E+00  3.000000000000000E+00  3.358905019358839E+00  7.673141649523409E+00  1.103204666888225E+01  3.066997574064228E+18  7.006303152040796E+18
  0.000000000000000E+00  1.045231046421089E+00  1.042776233005526E-01  2.946507348792574E+00  5.922258620455368E+00  1.974086206818448E+00  1.974086206818448E+00  5.922258620455345E+00  2.309263891220326E-14  3.000000000000012E+00  6.465351179385564E+00  7.846923315370669E+00  1.431227449475623E+01  5.908890032093849E+18  7.171552739259713E+18
  0.000000000000000E+00  1.045007855489941E+00  9.985894975123336E-02  2.953627491432206E+00  5.848810456977786E+00  1.949603485659247E+00  1.949603485659247E+00  5.848810456977741E+00  4.440892098500626E-14  3.000000000000023E+00  2.576508803930993E+01  2.988887752510160E+00  2.875397579182009E+01  2.356700429144923E+19  2.733898303883055E+18
  0.000000000000000E+00  1.044850897791921E+00  9.543780907137905E-02  2.960746249561768E+00  5.868148164121315E+00  1.956049388040419E+00  1.956049388040419E+00  5.868148164121259E+00  5.684341886080801E-14  3.000000000000029E+00  6.139722263061892E+01 -6.899926995539206E+00  5.449729563507972E+01  5.620390764894840E+19 -6.316293197412051E+18
  0.000000000000000E+00  1.044739154537141E+00  9.102002731826252E-02  2.967861747091465E+00  5.947593712001192E+00  1.982531237333651E+00  1.982531237333651E+00  5.947593712000954E+00  2.380318164796336E-13  3.000000000000120E+00  5.931863644558766E+01 -5.752001630567953E+00  5.356663481501970E+01  5.434416086380364E+19 -5.269637345544498E+18
  0.000000000000000E+00  1.044627411282362E+00  8.660224556514601E-02  2.974992419406788E+00  6.013121854533778E+00  2.004373951511045E+00  2.004373951511045E+00  6.013121854533136E+00  6.421529974431905E-13  3.000000000000321E+00  5.719084733882694E+01 -4.684780374423495E+00  5.250606696440344E+01  5.243558069634916E+19 -4.295253363049657E+18
  0.000000000000000E+00  1.044515668027583E+00  8.218446381202947E-02  2.982137587712429E+00  6.065744283658203E+00  2.021914761219052E+00  2.021914761219052E+00  6.065744283657159E+00  1.044497821567347E-12  3.000000000000516E+00  5.502042788740966E+01 -3.698237407226813E+00  5.132219048018284E+01  5.048384026378648E+19 -3.393307425853757E+18
  0.000000000000000E+00  1.044403924772803E+00  7.776668205891295E-02  2.989296564531011E+00  6.106472691313599E+00  2.035490897104123E+00  2.035490897104123E+00  6.106472691312371E+00  1.228350754445273E-12  3.000000000000604E+00  5.281347658028077E+01 -2.792346909098906E+00  5.002112967118187E+01  4.849425222257761E+19 -2.563981469709515E+18
  0.000000000000000E+00  1.044292337418544E+00  7.335506384985681E-02  2.996458638992305E+00  6.137231871485006E+00  2.045743957161317E+00  2.045743957161316E+00  6.137231871483950E+00  1.056044141023449E-12  3.000000000000516E+00  5.057260362079508E+01 -2.111568216726623E+00  4.846103540406845E+01  4.646932463967769E+19 -1.940243173905866E+18
  0.000000000000000E+00  1.044180750064285E+00  6.894344564080067E-02  3.003633088810258E+00  6.159664961626955E+00  2.053221653875426E+00  2.053221653875426E+00  6.159664961626277E+00  6.785683126508957E-13  3.000000000000330E+00  4.829346772173336E+01 -1.466138125415407E+00  4.682732959631795E+01  4.440536014572113E+19 -1.348099330070366E+18
  0.000000000000000E+00  1.044069162710026E+00  6.453182743174453E-02  3.010819205668861E+00  6.174214179814239E+00  2.058071393271313E+00  2.058071393271313E+00  6.174214179813940E+00  2.993161274389422E-13  3.000000000000146E+00  4.597947523786846E+01 -8.560453491040793E-01  4.512342988876438E+01  4.230540844366104E+19 -7.876416151508773E+17
  0.000000000000000E+00  1.043957575355767E+00  6.012020922268839E-02  3.018016274127566E+00  6.181321744121653E+00  2.060440581373841E+00  2.060440581373841E+00  6.181321744121524E+00  1.287858708565182E-13  3.000000000000063E+00  4.363417770833554E+01 -2.812786017313293E-01  4.335289910660421E+01  4.017269567771696E+19 -2.589648816929081E+17
  0.000000000000000E+00  1.043846487327952E+00  5.572828329451263E-02  3.025191378691871E+00  6.180962286369147E+00  2.060320762123014E+00  2.060320762123014E+00  6.180962286369045E+00  1.021405182655144E-13  3.000000000000050E+00  4.127584016825117E+01  3.377860267980627E-01  4.161362619504924E+01  3.802398119024601E+19  3.111740300607347E+17
  0.000000000000000E+00  1.043735407783773E+00  5.133635715172723E-02  3.032375901702023E+00  6.172893752630706E+00  2.057631250876886E+00  2.057631250876886E+00  6.172893752630658E+00  4.707345624410664E-14  3.000000000000023E+00  3.889973483576834E+01  9.511348453623807E-01  3.985086968113072E+01  3.585501302223400E+19  8.766885535428123E+17
  0.000000000000000E+00  1.043624345759814E+00  4.694443056592573E-02  3.039569117799890E+00  6.157186005881571E+00  2.052395335293860E+00  2.052395335293859E+00  6.157186005881579E+00 -7.993605777301127E-15  2.999999999999996E+00  3.650546768658836E+01  1.558769665294754E+00  3.806423735188311E+01  3.366537767380797E+19  1.437498895758631E+18
  0.000000000000000E+00  1.043513310292657E+00  4.255250330870167E-02  3.046770296700555E+00  6.133908909096985E+00  2.044636303032339E+00  2.044636303032339E+00  6.133908909097018E+00 -3.375077994860476E-14  2.999999999999984E+00  3.409371957713100E+01  2.160692318439369E+00  3.625441189557037E+01  3.145572526067955E+19  1.993509208871392E+18
  0.000000000000000E+00  1.043406176584306E+00  3.889217196597761E-02  3.052779607020332E+00  6.078440788347011E+00  2.026146929449013E+00  2.026146929449013E+00  6.078440788347040E+00 -2.842170943040401E-14  2.999999999999986E+00  1.885617323352413E+01  7.567710768878954E+00  2.642388400240308E+01  1.740227579840598E+19  6.984205561309708E+18
  0.000000000000000E+00  1.043291547017848E+00  3.523186294129346E-02  3.058794209848195E+00  5.994922241942578E+00  1.998307413980863E+00  1.998307413980863E+00  5.994922241942589E+00 -1.154631945610163E-14  2.999999999999995E+00  2.171709176861748E+01  7.537333787961854E+00  2.925442555657933E+01  2.004647225791503E+19  6.957513201531302E+18
  0.000000000000000E+00  1.043201992544203E+00  3.157126365720447E-02  3.064809854771193E+00  5.940076419954693E+00  1.980025473318229E+00  1.980025473318229E+00  5.940076419954689E+00  3.552713678800501E-15  3.000000000000002E+00  4.260771205735044E+01  2.070670550442000E+00  4.467838260779244E+01  3.933568995170125E+19  1.911655210556033E+18
  0.000000000000000E+00  1.043170084114290E+00  2.791006153626600E-02  3.070823572405577E+00  5.970626472454367E+00  1.990208824151453E+00  1.990208824151453E+00  5.970626472454359E+00  7.993605777301127E-15  3.000000000000004E+00  8.169554645176919E+01 -8.833057218536700E+00  7.286248923323249E+01  7.543267053896557E+19 -8.155904745812264E+18
  0.000000000000000E+00  1.043177863373349E+00  2.424483371054032E-02  3.076844174356836E+00  6.055425939168512E+00  2.018475313056170E+00  2.018475313056170E+00  6.055425939168512E+00  0.000000000000000E+00  3.000000000000000E+00  8.002405568166320E+01 -7.434407570188160E+00  7.258964811147503E+01  7.390181132368527E+19 -6.865637849461268E+18
  0.000000000000000E+00  1.043185642632408E+00  2.057960588481464E-02  3.082869635234095E+00  6.126480773162545E+00  2.042160257720854E+00  2.042160257720855E+00  6.126480773162566E+00 -2.042810365310288E-14  2.999999999999990E+00  7.828967427189689E+01 -6.200926047970392E+00  7.208874822392649E+01  7.231340090947854E+19 -5.727575896657855E+18
  0.000000000000000E+00  1.043193421891466E+00  1.691437805908896E-02  3.088899522900582E+00  6.185516077160388E+00  2.061838692386810E+00  2.061838692386810E+00  6.185516077160430E+00 -4.263256414560601E-14  2.999999999999979E+00  7.650776593023336E+01 -5.132616347432529E+00  7.137514958280082E+01  7.068141882137315E+19 -4.741748779243156E+18
  0.000000000000000E+00  1.043201201150525E+00  1.324915023336328E-02  3.094933403296860E+00  6.234256953885970E+00  2.078085651295341E+00  2.078085651295341E+00  6.234256953886023E+00 -5.240252676230739E-14  2.999999999999975E+00  7.469236409882893E+01 -4.229482164123678E+00  7.046288193470525E+01  6.901863294985114E+19 -3.908205083284691E+18
  0.000000000000000E+00  1.043208995130094E+00  9.576986782696317E-03  3.100982268222547E+00  6.274675446029644E+00  2.091558482009901E+00  2.091558482009901E+00  6.274675446029702E+00 -5.861977570020827E-14  2.999999999999972E+00  7.284110767888068E+01 -3.505769008722064E+00  6.933533867015861E+01  6.732259240666030E+19 -3.240168437396336E+18
  0.000000000000000E+00  1.043216789109663E+00  5.904823332029355E-03  3.107034263717468E+00  6.307807250746214E+00  2.102602416915427E+00  2.102602416915427E+00  6.307807250746281E+00 -6.750155989720952E-14  2.999999999999968E+00  7.094639063629621E+01 -2.836650926717529E+00  6.810973970957869E+01  6.558581348285772E+19 -2.622318865372851E+18
  0.000000000000000E+00  1.043224583089231E+00  2.232659881362395E-03  3.113088948572080E+00  6.334223690636879E+00  2.111407896878985E+00  2.111407896878985E+00  6.334223690636955E+00 -7.638334409421077E-14  2.999999999999964E+00  6.900287713052886E+01 -2.222129142008703E+00  6.678074798852016E+01  6.380300634058793E+19 -2.054675480690349E+18
  0.000000000000000E+00  1.043232377068800E+00 -1.439503569304565E-03  3.119145880396027E+00  6.354496088302844E+00  2.118165362767641E+00  2.118165362767641E+00  6.354496088302923E+00 -7.904787935331115E-14  2.999999999999963E+00  6.700611169756986E+01 -1.662204878494050E+00  6.534390681907581E+01  6.196972674648528E+19 -1.537268459657342E+18
  0.000000000000000E+00  1.043240190722022E+00 -5.120936337136019E-03  3.125219911247766E+00  6.369134290146708E+00  2.123044763382258E+00  2.123044763382258E+00  6.369134290146775E+00 -6.661338147750939E-14  2.999999999999968E+00  6.494856227459454E+01 -1.127545625992597E+00  6.382101664860193E+01  6.007893028644308E+19 -1.043005921707540E+18
  0.000000000000000E+00  1.043248004375243E+00 -8.802369104967475E-03  3.131295307262528E+00  6.378119250999274E+00  2.126039750333105E+00  2.126039750333105E+00  6.378119250999315E+00 -4.174438572590589E-14  2.999999999999980E+00  6.284134897181561E+01 -5.842671916014210E-01  6.225708178021419E+01  5.814094064928356E+19 -5.405651639568925E+17
  0.000000000000000E+00  1.043255818028465E+00 -1.248380187279893E-02  3.137371620291446E+00  6.381360650407350E+00  2.127120216802455E+00  2.127120216802455E+00  6.381360650407366E+00 -1.598721155460225E-14  2.999999999999992E+00  6.069241645834941E+01 -3.236938183427675E-02  6.066004707651513E+01  5.616309036996610E+19 -2.995373430922816E+16
  0.000000000000000E+00  1.043263631681686E+00 -1.616523464063038E-02  3.143448401779537E+00  6.378768167917753E+00  2.126256055972585E+00  2.126256055972585E+00  6.378768167917756E+00 -2.664535259100376E-15  2.999999999999999E+00  5.850909868508949E+01  5.281479967951168E-01  5.903724668188460E+01  5.415216004235232E+19  4.888189271626139E+17
  0.000000000000000E+00  1.043271509130148E+00 -1.985828234600945E-02  3.149544375371066E+00  6.370371276983072E+00  2.123457092327688E+00  2.123457092327688E+00  6.370371276983064E+00  8.881784197001252E-15  3.000000000000004E+00  5.633170963343405E+01  1.087032975987936E+00  5.741874260942198E+01  5.214548367855076E+19  1.006251375580164E+18
  0.000000000000000E+00  1.043279448010872E+00 -2.355132992021440E-02  3.155639917747099E+00  6.355492381278701E+00  2.118497460426223E+00  2.118497460426223E+00  6.355492381278667E+00  3.375077994860476E-14  3.000000000000016E+00  5.411825928298376E+01  1.760297460255780E+00  5.587855674323954E+01  5.010387812734099E+19  1.629722215478856E+18
  0.000000000000000E+00  1.043287423043399E+00 -2.724437741698121E-02  3.161734577169828E+00  6.332928123577362E+00  2.110976041192435E+00  2.110976041192435E+00  6.332928123577306E+00  5.684341886080801E-14  3.000000000000027E+00  5.187559083969484E+01  2.547944118013575E+00  5.442353495770842E+01  4.803331683346038E+19  2.359225314130759E+18
  0.000000000000000E+00  1.043295408947266E+00 -3.093742489004583E-02  3.167827901277369E+00  6.301475146651782E+00  2.100491715550571E+00  2.100491715550571E+00  6.301475146651713E+00  6.927791673660977E-14  3.000000000000033E+00  4.960972751576505E+01  3.449975571031473E+00  5.305970308679652E+01  4.593909994189188E+19  3.194711611837327E+18
  0.000000000000000E+00  1.043311046748640E+00 -3.464486996706058E-02  3.173943588898627E+00  6.272681179824172E+00  2.090893726608038E+00  2.090893726608038E+00  6.272681179824114E+00  5.773159728050814E-14  3.000000000000028E+00  5.636980364773669E+01  1.858426174235564E+00  5.822822982197225E+01  5.220116849803629E+19  1.720992651822493E+18
  0.000000000000000E+00  1.043345987468239E+00 -3.835226308460748E-02  3.180058311170040E+00  6.265254210007798E+00  2.088418070002588E+00  2.088418070002588E+00  6.265254210007765E+00  3.375077994860476E-14  3.000000000000016E+00  6.651702719176166E+01 -5.959897591844784E-01  6.592103743257718E+01  6.159889050841993E+19 -5.519234618574652E+17
  0.000000000000000E+00  1.043406313593741E+00 -4.205925359794933E-02  3.186172064454893E+00  6.288309410720310E+00  2.096103136906766E+00  2.096103136906766E+00  6.288309410720299E+00  1.154631945610163E-14  3.000000000000005E+00  8.010147459993937E+01 -3.913824098217792E+00  7.618765050172158E+01  7.417955215457193E+19 -3.624474084498151E+18
  0.000000000000000E+00  1.043498107612828E+00 -4.576549086234893E-02  3.192285090712790E+00  6.350961955479351E+00  2.116987318493116E+00  2.116987318493116E+00  6.350961955479351E+00  0.000000000000000E+00  3.000000000000000E+00  9.720068887602758E+01 -8.095550401122079E+00  8.910513847490550E+01  9.001667015761271E+19 -7.497215283438818E+18
  0.000000000000000E+00  1.043608183423840E+00 -4.948883557751962E-02  3.198426054534044E+00  6.428676723908254E+00  2.142892241302751E+00  2.142892241302751E+00  6.428676723908254E+00  0.000000000000000E+00  3.000000000000000E+00  9.516616602268100E+01 -6.591844691591949E+00  8.857432133108905E+01  8.813604826703444E+19 -6.104891750798047E+18
  0.000000000000000E+00  1.043718259234852E+00 -5.321218029269031E-02  3.204564961150895E+00  6.491628636674444E+00  2.163876212224815E+00  2.163876212224815E+00  6.491628636674445E+00 -1.776356839400250E-15  2.999999999999999E+00  9.306606971797198E+01 -5.313912466601377E+00  8.775215725137062E+01  8.619507199673172E+19 -4.921590317836160E+18
  0.000000000000000E+00  1.043828335045864E+00 -5.693552500786100E-02  3.210701349160354E+00  6.542216064002491E+00  2.180738688000832E+00  2.180738688000832E+00  6.542216064002497E+00 -6.217248937900877E-15  2.999999999999997E+00  9.090346765690096E+01 -4.261825260214827E+00  8.664164239668614E+01  8.419656249375595E+19 -3.947385574040910E+18
  0.000000000000000E+00  1.043938410856877E+00 -6.065886972303168E-02  3.216834758296549E+00  6.582837376116974E+00  2.194279125372326E+00  2.194279125372326E+00  6.582837376116980E+00 -6.217248937900877E-15  2.999999999999997E+00  8.868139377202124E+01 -3.435654606496818E+00  8.524573916552443E+01  8.214330571759354E+19 -3.182358944504604E+18
  0.000000000000000E+00  1.044049039211182E+00 -6.440090436772286E-02  3.222995490573511E+00  6.615437350263033E+00  2.205145783421013E+00  2.205145783421013E+00  6.615437350263038E+00 -5.329070518200751E-15  2.999999999999997E+00  8.639175272998557E+01 -2.692893636297157E+00  8.369885909368841E+01  8.002771148256133E+19 -2.494521851551864E+18
  0.000000000000000E+00  1.044159667565487E+00 -6.814293901241404E-02  3.229152286163066E+00  6.640480677002820E+00  2.213493559000943E+00  2.213493559000943E+00  6.640480677002829E+00 -8.881784197001252E-15  2.999999999999996E+00  8.404865970550344E+01 -2.018190746623449E+00  8.203046895887999E+01  7.786268478382852E+19 -1.869652062133855E+18
  0.000000000000000E+00  1.044270295919792E+00 -7.188497365710524E-02  3.235304682559072E+00  6.658694311447793E+00  2.219564770482601E+00  2.219564770482601E+00  6.658694311447805E+00 -1.243449787580175E-14  2.999999999999994E+00  8.165471218098833E+01 -1.411567619722085E+00  8.024314456126625E+01  7.565056680926000E+19 -1.307773766747006E+18
  0.000000000000000E+00  1.044380924274097E+00 -7.562700830179642E-02  3.241452219248044E+00  6.670805208709407E+00  2.223601736236473E+00  2.223601736236473E+00  6.670805208709419E+00 -1.243449787580175E-14  2.999999999999994E+00  7.921254084255087E+01 -8.730459378391793E-01  7.833949490471170E+01  7.339373182368852E+19 -8.089135729011912E+17
  0.000000000000000E+00  1.044492178669193E+00 -7.939009983598681E-02  3.247628985635776E+00  6.677255177346548E+00  2.225751725782184E+00  2.225751725782184E+00  6.677255177346554E+00 -6.217248937900877E-15  2.999999999999997E+00  7.671152212898068E+01 -3.305668709421662E-01  7.638095525803850E+01  7.108248400959629E+19 -3.063101039546671E+17
  0.000000000000000E+00  1.044603433685666E+00 -8.315319135182586E-02  3.253799910485318E+00  6.677879547921459E+00  2.225959849307150E+00  2.225959849307150E+00  6.677879547921451E+00  7.993605777301127E-15  3.000000000000004E+00  7.416118479334050E+01  2.144300245284659E-01  7.437561481786895E+01  6.872558284460804E+19  1.987134975819015E+17
  0.000000000000000E+00  1.044714679700531E+00 -8.691628313374256E-02  3.259964531415474E+00  6.672652587240467E+00  2.224217529080148E+00  2.224217529080148E+00  6.672652587240446E+00  2.131628207280301E-14  3.000000000000010E+00  7.156903389405642E+01  7.619455101005361E-01  7.233097940415695E+01  6.632971813893261E+19  7.061661751227153E+17
  0.000000000000000E+00  1.044825907090803E+00 -9.067937546616589E-02  3.266122388517379E+00  6.661548562109894E+00  2.220516187369955E+00  2.220516187369955E+00  6.661548562109866E+00  2.753353101070388E-14  3.000000000000012E+00  6.894198260386459E+01  1.311980327005461E+00  7.025396293087006E+01  6.390106267483364E+19  1.216050567994909E+18
  0.000000000000000E+00  1.044937814585965E+00 -9.446590398713074E-02  3.272311308598424E+00  6.643530557157504E+00  2.214510185719160E+00  2.214510185719160E+00  6.643530557157482E+00  2.220446049250313E-14  3.000000000000010E+00  6.628053495521247E+01  2.039206831988086E+00  6.831974178720057E+01  6.143965782530319E+19  1.890270953259944E+18
  0.000000000000000E+00  1.045049722081127E+00 -9.825243250809559E-02  3.278492461570091E+00  6.617450120381886E+00  2.205816706793957E+00  2.205816706793957E+00  6.617450120381873E+00  1.243449787580175E-14  3.000000000000006E+00  6.360203253770538E+01  2.808871466893539E+00  6.641090400459892E+01  5.896075843152078E+19  2.603897790947489E+18
  0.000000000000000E+00  1.045161629576289E+00 -1.020389610290604E-01  3.284665390646321E+00  6.582851690335113E+00  2.194283896778370E+00  2.194283896778370E+00  6.582851690335112E+00  1.776356839400250E-15  3.000000000000000E+00  6.093286211192287E+01  3.620987814951930E+00  6.455384992687480E+01  5.648823840517308E+19  3.356862222843262E+18
  0.000000000000000E+00  1.045273537071451E+00 -1.058254895500253E-01  3.290829642762342E+00  6.539279705569266E+00  2.179759901856422E+00  2.179759901856422E+00  6.539279705569268E+00 -1.776356839400250E-15  2.999999999999999E+00  5.829515363254463E+01  4.475569459393482E+00  6.277072309193810E+01  5.404215828622312E+19  4.149048730021691E+18
  0.000000000000000E+00  1.045423061742708E+00 -1.096400887541718E-01  3.297039684165846E+00  6.546102578035890E+00  2.182034192678630E+00  2.182034192678630E+00  6.546102578035891E+00 -8.881784197001252E-16  3.000000000000000E+00  9.275358924885380E+01 -4.943901221337525E+00  8.780968802751627E+01  8.598595975647547E+19 -4.583176725564521E+18
  0.000000000000000E+00  1.045627146577586E+00 -1.134524545148706E-01  3.303251487059640E+00  6.629460832330558E+00  2.209820277443517E+00  2.209820277443517E+00  6.629460832330553E+00  5.329070518200751E-15  3.000000000000002E+00  1.121491479152491E+02 -9.626949513460925E+00  1.025221984017882E+02  1.039716216628595E+20 -8.924985799601522E+18
  0.000000000000000E+00  1.045857400639577E+00 -1.172636872774940E-01  3.309460240710393E+00  6.737928210460327E+00  2.245976070153439E+00  2.245976070153439E+00  6.737928210460320E+00  7.105427357601002E-15  3.000000000000003E+00  1.162784995602003E+02 -9.573071971011291E+00  1.067054275891890E+02  1.078098403646080E+20 -8.875857229816603E+18
  0.000000000000000E+00  1.046085432992178E+00 -1.210748874874143E-01  3.315660002683752E+00  6.820078454432262E+00  2.273359484810750E+00  2.273359484810750E+00  6.820078454432252E+00  9.769962616701378E-15  3.000000000000004E+00  1.048068922539489E+02 -4.779820683854559E+00  1.000270715700943E+02  9.718512168497575E+19 -4.432222393038917E+18
  0.000000000000000E+00  1.046304544973855E+00 -1.249154314299538E-01  3.321895457745068E+00  6.867151609692018E+00  2.289050536564005E+00  2.289050536564005E+00  6.867151609692016E+00  2.664535259100376E-15  3.000000000000001E+00  1.021347381093753E+02 -3.844521542902824E+00  9.829021656647252E+01  9.471969469702483E+19 -3.565406966725883E+18
  0.000000000000000E+00  1.046523656955532E+00 -1.287559753724934E-01  3.328121289921252E+00  6.904322882981743E+00  2.301440960993919E+00  2.301440960993919E+00  6.904322882981758E+00 -1.509903313490213E-14  2.999999999999993E+00  9.940844823381174E+01 -2.969210936674812E+00  9.643923729713693E+01  9.220428890923244E+19 -2.754031351477212E+18
  0.000000000000000E+00  1.046742768937209E+00 -1.325965193150330E-01  3.334337039984669E+00  6.932251965828431E+00  2.310750655276155E+00  2.310750655276155E+00  6.932251965828465E+00 -3.463895836830488E-14  2.999999999999984E+00  9.662677800037649E+01 -2.153926791112027E+00  9.447285120926448E+01  8.963737002996387E+19 -1.998124503247011E+18
  0.000000000000000E+00  1.046961880918886E+00 -1.364370632575725E-01  3.340542253309583E+00  6.951598549759081E+00  2.317199516586375E+00  2.317199516586375E+00  6.951598549759125E+00 -4.440892098500626E-14  2.999999999999981E+00  9.378901988930298E+01 -1.398707032156034E+00  9.239031285714695E+01  8.701793207561300E+19 -1.297727534219790E+18
  0.000000000000000E+00  1.047182736719737E+00 -1.403081724577298E-01  3.346785732010235E+00  6.963661672210096E+00  2.321220557403378E+00  2.321220557403378E+00  6.963661672210134E+00 -3.819167204710538E-14  2.999999999999984E+00  9.088499193702994E+01 -7.960000719335867E-01  9.008899186509635E+01  8.433594830869556E+19 -7.386414356159178E+17
  0.000000000000000E+00  1.047403592520588E+00 -1.441792816578870E-01  3.353017593004976E+00  6.969181366033120E+00  2.323060455344383E+00  2.323060455344383E+00  6.969181366033150E+00 -3.019806626980426E-14  2.999999999999987E+00  8.795148115141444E+01 -2.099330478307787E-01  8.774154810358367E+01  8.162477552442075E+19 -1.948317149411556E+17
  0.000000000000000E+00  1.047624448321439E+00 -1.480503908580442E-01  3.359237386033845E+00  6.968343523115440E+00  2.322781174371820E+00  2.322781174371820E+00  6.968343523115459E+00 -1.953992523340276E-14  2.999999999999992E+00  8.499025475818335E+01  3.594833531501982E-01  8.534973811133355E+01  7.888578782898676E+19  3.336632841652798E+17
  0.000000000000000E+00  1.047845304122290E+00 -1.519215000582014E-01  3.365444666313370E+00  6.961334035344347E+00  2.320444678448120E+00  2.320444678448120E+00  6.961334035344361E+00 -1.421085471520200E-14  2.999999999999994E+00  8.200315640776901E+01  9.122384440069806E-01  8.291539485177600E+01  7.612048350154967E+19  8.467970559720298E+17
  0.000000000000000E+00  1.048068050341797E+00 -1.558255394307588E-01  3.371691635198077E+00  6.948297900980748E+00  2.316099300326920E+00  2.316099300326920E+00  6.948297900980760E+00 -1.243449787580175E-14  2.999999999999995E+00  7.897634909089635E+01  1.451230511224271E+00  8.042757960212062E+01  7.331580473548464E+19  1.347215134807501E+18
  0.000000000000000E+00  1.048290815377841E+00 -1.597295777297205E-01  3.377924992110444E+00  6.928865715796419E+00  2.309621905265475E+00  2.309621905265475E+00  6.928865715796427E+00 -7.993605777301127E-15  2.999999999999997E+00  7.592451563974197E+01  2.066372388038580E+00  7.799088802778054E+01  7.048502839152167E+19  1.918330531464300E+18
  0.000000000000000E+00  1.048513592542137E+00 -1.636336153366617E-01  3.384144297297776E+00  6.902195712277510E+00  2.300731904092504E+00  2.300731904092503E+00  6.902195712277511E+00 -8.881784197001252E-16  3.000000000000000E+00  7.285516326059478E+01  2.757712490180646E+00  7.561287575077543E+01  6.763496408162051E+19  2.560117593226041E+18
  0.000000000000000E+00  1.048736375146394E+00 -1.675376526331575E-01  3.390349117068602E+00  6.867446122910171E+00  2.289148707636723E+00  2.289148707636723E+00  6.867446122910170E+00  8.881784197001252E-16  3.000000000000000E+00  6.977505482672318E+01  3.525299222017648E+00  7.330035404874083E+01  6.477181151409056E+19  3.272516478938618E+18
  0.000000000000000E+00  1.048971283338852E+00 -1.714795573374197E-01  3.396603042427360E+00  6.841000738062780E+00  2.280333579354256E+00  2.280333579354256E+00  6.841000738062769E+00  1.065814103640150E-14  3.000000000000005E+00  7.733509833753335E+01  1.152133352451906E+00  7.848723168998526E+01  7.178255778731342E+19  1.069411958204382E+18
  0.000000000000000E+00  1.049228910114456E+00 -1.754201286247603E-01  3.402848892522587E+00  6.842752674878919E+00  2.280917558292961E+00  2.280917558292961E+00  6.842752674878885E+00  3.375077994860476E-14  3.000000000000015E+00  8.709809738862076E+01 -1.514362483083295E+00  8.558373490553747E+01  8.083532616968611E+19 -1.405472552551614E+18
  0.000000000000000E+00  1.049513521915254E+00 -1.793587887467855E-01  3.409087800410725E+00  6.875973037094660E+00  2.291991012364868E+00  2.291991012364868E+00  6.875973037094603E+00  5.684341886080801E-14  3.000000000000025E+00  9.909086787926672E+01 -4.474864614211964E+00  9.461600326505476E+01  9.195612957697104E+19 -4.152665519139895E+18
  0.000000000000000E+00  1.049829385183298E+00 -1.832949599551014E-01  3.415321064090564E+00  6.943932928446086E+00  2.314644309482006E+00  2.314644309482006E+00  6.943932928446019E+00  6.661338147750939E-14  3.000000000000029E+00  1.133484242146247E+02 -7.729924760337457E+00  1.056184994542873E+02  1.051796756531302E+20 -7.172847657554754E+18
  0.000000000000000E+00  1.050165871013179E+00 -1.872719438921478E-01  3.421611210774118E+00  7.019915988847416E+00  2.339971996282453E+00  2.339971996282453E+00  7.019915988847360E+00  5.595524044110789E-14  3.000000000000024E+00  1.103303015984277E+02 -5.777128492432146E+00  1.045531731059955E+02  1.023754720623200E+20 -5.360596753646946E+18
  0.000000000000000E+00  1.050502356843060E+00 -1.912489278291943E-01  3.427885717060545E+00  7.075738635091824E+00  2.358579545030598E+00  2.358579545030598E+00  7.075738635091795E+00  2.842170943040401E-14  3.000000000000012E+00  1.072593668714883E+02 -4.164370341693396E+00  1.030949965297949E+02  9.952454660806499E+19 -3.864064111637776E+18
  0.000000000000000E+00  1.050838842672941E+00 -1.952259117662408E-01  3.434144149040516E+00  7.115254978166250E+00  2.371751659388747E+00  2.371751659388747E+00  7.115254978166243E+00  6.217248937900877E-15  3.000000000000003E+00  1.041418251233241E+02 -2.891978264416150E+00  1.012498468589079E+02  9.663229816873501E+19 -2.683441601043858E+18
  0.000000000000000E+00  1.051175328502822E+00 -1.992028957032873E-01  3.440386080061137E+00  7.142319129057618E+00  2.380773043019208E+00  2.380773043019208E+00  7.142319129057626E+00 -7.105427357601002E-15  2.999999999999997E+00  1.009835949663817E+02 -1.960280216895667E+00  9.902331474948608E+01  9.370387633319379E+19 -1.818967279621491E+18
  0.000000000000000E+00  1.051515199342624E+00 -2.032198876551982E-01  3.446673626401299E+00  7.159999097077216E+00  2.386666365692407E+00  2.386666365692407E+00  7.159999097077222E+00 -6.217248937900877E-15  2.999999999999997E+00  9.776084534331622E+01 -1.154732133988942E+00  9.660611320932728E+01  9.071679682199142E+19 -1.071529199804135E+18
  0.000000000000000E+00  1.051855070182426E+00 -2.072368796071090E-01  3.452943486126838E+00  7.168924208126294E+00  2.389641402708768E+00  2.389641402708768E+00  7.168924208126303E+00 -8.881784197001252E-15  2.999999999999996E+00  9.451197904907036E+01 -4.244852459532169E-01  9.408749380311714E+01  8.770600548219925E+19 -3.939173180296634E+17
  0.000000000000000E+00  1.052194941022228E+00 -2.112538715590199E-01  3.459195242921509E+00  7.169958205525278E+00  2.389986068508430E+00  2.389986068508429E+00  7.169958205525289E+00 -1.065814103640150E-14  2.999999999999996E+00  9.123999737469885E+01  2.303869490532706E-01  9.147038432375211E+01  8.467362860648022E+19  2.138064392944214E+17
  0.000000000000000E+00  1.052534811862031E+00 -2.152708635109308E-01  3.465428488529222E+00  7.163964832594577E+00  2.387988277531530E+00  2.387988277531530E+00  7.163964832594591E+00 -1.332267629550188E-14  2.999999999999995E+00  8.794795497890217E+01  8.098109528722616E-01  8.875776593177443E+01  8.162192503107754E+19  7.515618629283822E+17
  0.000000000000000E+00  1.052878271011466E+00 -2.193301331002295E-01  3.471708130697086E+00  7.152093195771748E+00  2.384031065257249E+00  2.384031065257249E+00  7.152093195771746E+00  1.776356839400250E-15  3.000000000000001E+00  8.462873233921357E+01  1.270290776740306E+00  8.589902311595388E+01  7.854375224832406E+19  1.178954254587017E+18
  0.000000000000000E+00  1.053221762300222E+00 -2.233893999703079E-01  3.477968070090003E+00  7.134383712647377E+00  2.378127904215780E+00  2.378127904215780E+00  7.134383712647340E+00  3.730349362740526E-14  3.000000000000016E+00  8.132196899226986E+01  1.825914569430070E+00  8.314788356169993E+01  7.547542983991137E+19  1.694642772259868E+18
  0.000000000000000E+00  1.053565300365054E+00 -2.274486628816565E-01  3.484207917931830E+00  7.109746000576309E+00  2.369915333525412E+00  2.369915333525412E+00  7.109746000576237E+00  7.194245199571014E-14  3.000000000000031E+00  7.802377232176346E+01  2.476775211424390E+00  8.050054753318784E+01  7.241308306782210E+19  2.298670312755052E+18
  0.000000000000000E+00  1.053908899842716E+00 -2.315079205947660E-01  3.490427294747672E+00  7.077089676913392E+00  2.359029892304434E+00  2.359029892304434E+00  7.077089676913303E+00  8.881784197001252E-14  3.000000000000038E+00  7.473120771396736E+01  3.222965641645472E+00  7.795417335561284E+01  6.935380117790170E+19  2.991051866436133E+18
  0.000000000000000E+00  1.054250336126964E+00 -2.356144603584829E-01  3.496694494714978E+00  7.026948755802204E+00  2.342316251934045E+00  2.342316251934045E+00  7.026948755802136E+00  6.750155989720952E-14  3.000000000000029E+00  6.747504011606740E+01  4.865292293857431E+00  7.234033240992484E+01  6.261273552509590E+19  4.514695495157520E+18
  0.000000000000000E+00  1.054595640180126E+00 -2.397208141295757E-01  3.502941726549586E+00  6.976642723015623E+00  2.325547574338531E+00  2.325547574338531E+00  6.976642723015595E+00  2.842170943040401E-14  3.000000000000012E+00  7.185341906097045E+01  3.253272585100854E+00  7.510669164607130E+01  6.666434339034704E+19  3.018329309723404E+18
  0.000000000000000E+00  1.054969024004794E+00 -2.438244030112503E-01  3.509178603965061E+00  6.963986360520108E+00  2.321328786840041E+00  2.321328786840041E+00  6.963986360520122E+00 -1.509903313490213E-14  2.999999999999993E+00  8.790851130566865E+01 -1.617159092194143E+00  8.629135221347451E+01  8.154510580313947E+19 -1.500098310332515E+18
  0.000000000000000E+00  1.055394699603557E+00 -2.479226481067127E-01  3.515415595322859E+00  7.026794450282120E+00  2.342264816760719E+00  2.342264816760719E+00  7.026794450282157E+00 -3.730349362740526E-14  2.999999999999984E+00  1.157821238996674E+02 -9.750168562385264E+00  1.060319553372821E+02  1.073846629868483E+20 -9.043007071143498E+18
  0.000000000000000E+00  1.055860807421030E+00 -2.520727037044450E-01  3.521729897859848E+00  7.125232541908214E+00  2.375077513969416E+00  2.375077513969416E+00  7.125232541908249E+00 -3.552713678800501E-14  2.999999999999985E+00  1.126651743427924E+02 -7.082266802684186E+00  1.055829075401082E+02  1.044810153145430E+20 -6.567800836321738E+18
  0.000000000000000E+00  1.056326915238502E+00 -2.562227593021774E-01  3.528022354141497E+00  7.195429982682629E+00  2.398476660894219E+00  2.398476660894219E+00  7.195429982682656E+00 -2.664535259100376E-14  2.999999999999989E+00  1.094896914126540E+02 -4.952229576634206E+00  1.045374618360198E+02  1.015242607231243E+20 -4.591952358364873E+18
  0.000000000000000E+00  1.056793023055974E+00 -2.603728148999097E-01  3.534292581662737E+00  7.243734888589816E+00  2.414578296196611E+00  2.414578296196611E+00  7.243734888589834E+00 -1.865174681370263E-14  2.999999999999992E+00  1.062709358776017E+02 -3.360772010983201E+00  1.029101638666185E+02  9.852841721053061E+19 -3.115918234022234E+18
  0.000000000000000E+00  1.057259130873446E+00 -2.645228704976420E-01  3.540540207606832E+00  7.276495375614222E+00  2.425498458538078E+00  2.425498458538078E+00  7.276495375614235E+00 -1.332267629550188E-14  2.999999999999995E+00  1.030229224689566E+02 -2.308609232479266E+00  1.007143132364773E+02  9.550635345889604E+19 -2.140172731190708E+18
  0.000000000000000E+00  1.057730630462227E+00 -2.687209324790103E-01  3.546836737833834E+00  7.298093543458706E+00  2.432697847819560E+00  2.432697847819560E+00  7.298093543458681E+00  2.486899575160351E-14  3.000000000000010E+00  9.971789370807576E+01 -1.348638528930692E+00  9.836925517914509E+01  9.243273652182852E+19 -1.250110137432049E+18
  0.000000000000000E+00  1.058202130051008E+00 -2.729189944603785E-01  3.553109403419576E+00  7.308977452535948E+00  2.436325817511945E+00  2.436325817511945E+00  7.308977452535837E+00  1.101341240428155E-13  3.000000000000045E+00  9.639770117755128E+01 -5.047572999090568E-01  9.589294387764222E+01  8.934651197836398E+19 -4.678358881134141E+17
  0.000000000000000E+00  1.058673629639789E+00 -2.771170564417468E-01  3.559357849002018E+00  7.310534759489408E+00  2.436844919829736E+00  2.436844919829736E+00  7.310534759489210E+00  1.980637875931279E-13  3.000000000000081E+00  9.306687797291492E+01  2.228781325548226E-01  9.328975610546973E+01  8.625109198157072E+19  2.065555730499662E+17
  0.000000000000000E+00  1.059145129228571E+00 -2.813151184231151E-01  3.565581729522132E+00  7.304153120962548E+00  2.434717706987435E+00  2.434717706987435E+00  7.304153120962305E+00  2.433608869978343E-13  3.000000000000100E+00  8.972990589505244E+01  8.341114464300878E-01  9.056401734148254E+01  8.314994092889825E+19  7.729453943693914E+17
  0.000000000000000E+00  1.059622141831416E+00 -2.855622695972027E-01  3.571853047955019E+00  7.291489786881662E+00  2.430496595627151E+00  2.430496595627151E+00  7.291489786881455E+00  2.078337502098293E-13  3.000000000000086E+00  8.636281810169170E+01  1.295446007762562E+00  8.765826410945427E+01  8.001947391230584E+19  1.200295570495361E+18
  0.000000000000000E+00  1.060099139572509E+00 -2.898094224406056E-01  3.578098537670686E+00  7.272676633605336E+00  2.424225544535072E+00  2.424225544535072E+00  7.272676633605216E+00  1.199040866595169E-13  3.000000000000049E+00  8.301003739904310E+01  1.861283816727257E+00  8.487132121577035E+01  7.690017944234826E+19  1.724286170495267E+18
  0.000000000000000E+00  1.060576101259625E+00 -2.940565793327418E-01  3.584317862624030E+00  7.246466368094644E+00  2.415488789364870E+00  2.415488789364870E+00  7.246466368094612E+00  3.108624468950438E-14  3.000000000000013E+00  7.967020130624611E+01  2.531765304334897E+00  8.220196661058101E+01  7.379093449408258E+19  2.344933546840690E+18
  0.000000000000000E+00  1.061053005700542E+00 -2.983037426530288E-01  3.590510696912388E+00  7.211611697310660E+00  2.403870565770223E+00  2.403870565770223E+00  7.211611697310671E+00 -1.065814103640150E-14  2.999999999999996E+00  7.634260503671865E+01  3.307030830565677E+00  7.964963586728433E+01  7.069125737047809E+19  3.062224133734807E+18
  0.000000000000000E+00  1.061526672254915E+00 -3.026038948771291E-01  3.596747350272846E+00  7.154569061322983E+00  2.384856353774321E+00  2.384856353774321E+00  7.154569061322963E+00  1.953992523340276E-14  3.000000000000008E+00  6.725576541905447E+01  5.493337403162985E+00  7.274910282221745E+01  6.225723671014440E+19  5.085066014883457E+18
  0.000000000000000E+00  1.062001321706653E+00 -3.069041032565909E-01  3.602956877816669E+00  7.093449934453832E+00  2.364483311484582E+00  2.364483311484582E+00  7.093449934453748E+00  8.348877145181177E-14  3.000000000000036E+00  7.077353465564848E+01  3.983082417279587E+00  7.475661707292807E+01  6.548925199164641E+19  3.685686879960015E+18
  0.000000000000000E+00  1.062505448823044E+00 -3.112005912049458E-01  3.609153423277673E+00  7.073043770121356E+00  2.357681256707069E+00  2.357681256707069E+00  7.073043770121208E+00  1.483257960899209E-13  3.000000000000063E+00  8.692315098914409E+01 -1.229652113010660E+00  8.569349887613342E+01  8.040315038600348E+19 -1.137417392717514E+18
  0.000000000000000E+00  1.063067548371375E+00 -3.154895821357256E-01  3.615352027878474E+00  7.138140021743708E+00  2.379380007247843E+00  2.379380007247843E+00  7.138140021743530E+00  1.776356839400250E-13  3.000000000000075E+00  1.158509776086581E+02 -1.015105363747582E+01  1.056999239711822E+02  1.071267286637629E+20 -9.386620563069858E+18
  0.000000000000000E+00  1.063676636009081E+00 -3.198342222514606E-01  3.621630936973313E+00  7.243810490125110E+00  2.414603496708320E+00  2.414603496708320E+00  7.243810490124961E+00  1.492139745096210E-13  3.000000000000062E+00  1.129046115353787E+02 -7.188774886764662E+00  1.057158366486141E+02  1.043739494435788E+20 -6.645617184177903E+18
  0.000000000000000E+00  1.064285723646788E+00 -3.241788623671955E-01  3.627882011597916E+00  7.317005627962220E+00  2.439001875987381E+00  2.439001875987381E+00  7.317005627962144E+00  7.549516567451064E-14  3.000000000000031E+00  1.099149393435323E+02 -4.861560568427993E+00  1.050533787751043E+02  1.015846791552296E+20 -4.493111432231649E+18
  0.000000000000000E+00  1.064894811284494E+00 -3.285235024829305E-01  3.634104951165062E+00  7.365548045342052E+00  2.455182681780682E+00  2.455182681780681E+00  7.365548045342045E+00  7.105427357601002E-15  3.000000000000003E+00  1.069055631550761E+02 -3.170506855146096E+00  1.037350562999300E+02  9.878019677914407E+19 -2.929532213273655E+18
  0.000000000000000E+00  1.065503898922201E+00 -3.328681425986654E-01  3.640299466502519E+00  7.397260352351614E+00  2.465753450783880E+00  2.465753450783880E+00  7.397260352351642E+00 -2.842170943040401E-14  2.999999999999988E+00  1.038979025544552E+02 -2.116709919599111E+00  1.017811926348561E+02  9.597978592377012E+19 -1.955394285648471E+18
  0.000000000000000E+00  1.066119311642761E+00 -3.372578997172737E-01  3.646529157288009E+00  7.417263127632494E+00  2.472421042544173E+00  2.472421042544173E+00  7.417263127632520E+00 -2.575717417130363E-14  2.999999999999989E+00  1.008771381988715E+02 -1.142683439370155E+00  9.973445475950138E+01  9.316921879573083E+19 -1.055372161401454E+18
  0.000000000000000E+00  1.066734724363321E+00 -3.416476568358820E-01  3.652729271998641E+00  7.426082810223307E+00  2.475360936741110E+00  2.475360936741110E+00  7.426082810223331E+00 -2.398081733190338E-14  2.999999999999991E+00  9.788102115744718E+01 -3.082823629211141E-01  9.757273879452606E+01  9.038295843277963E+19 -2.846667480985732E+17
  0.000000000000000E+00  1.067350137083881E+00 -3.460374139544903E-01  3.658899547488314E+00  7.425457827202562E+00  2.475152609067526E+00  2.475152609067526E+00  7.425457827202578E+00 -1.598721155460225E-14  2.999999999999993E+00  9.491469427565647E+01  3.862497061107009E-01  9.530094398176718E+01  8.762488599933087E+19  3.565842646759252E+17
  0.000000000000000E+00  1.067965549804441E+00 -3.504271710730987E-01  3.665039732225194E+00  7.417126605648761E+00  2.472375535216259E+00  2.472375535216259E+00  7.417126605648778E+00 -1.687538997430238E-14  2.999999999999993E+00  9.198295573437002E+01  9.406691640881252E-01  9.292362489845814E+01  8.489866254313238E+19  8.682212186926646E+17
  0.000000000000000E+00  1.068586463144418E+00 -3.548562278467133E-01  3.671204140782042E+00  7.402709521547814E+00  2.467569840515943E+00  2.467569840515943E+00  7.402709521547830E+00 -1.598721155460225E-14  2.999999999999993E+00  8.905887734645781E+01  1.389108301757508E+00  9.044798564821532E+01  8.217846021694405E+19  1.281790032777080E+18
  0.000000000000000E+00  1.069207352642401E+00 -3.592852879628104E-01  3.677337424464508E+00  7.382255239851546E+00  2.460751746617186E+00  2.460751746617186E+00  7.382255239851561E+00 -1.598721155460225E-14  2.999999999999993E+00  8.617872131462180E+01  1.912935176554309E+00  8.809165649117611E+01  7.949740931520202E+19  1.764628070643978E+18
  0.000000000000000E+00  1.069828208757891E+00 -3.637143527583823E-01  3.683439354194191E+00  7.354832950331364E+00  2.451610983443793E+00  2.451610983443793E+00  7.354832950331381E+00 -1.687538997430238E-14  2.999999999999993E+00  8.334592262711628E+01  2.512280157543565E+00  8.585820278465985E+01  7.685842633629463E+19  2.316728801342415E+18
  0.000000000000000E+00  1.070449021950391E+00 -3.681434235704216E-01  3.689509712256670E+00  7.319511842758674E+00  2.439837280919563E+00  2.439837280919563E+00  7.319511842758689E+00 -1.509903313490213E-14  2.999999999999994E+00  8.056368500679169E+01  3.187273579638735E+00  8.375095858643043E+01  7.426426732075986E+19  2.938054994911564E+18
  0.000000000000000E+00  1.071076660553218E+00 -3.726079321895027E-01  3.695597949424225E+00  7.281607931403530E+00  2.427202643801181E+00  2.427202643801181E+00  7.281607931403545E+00 -1.421085471520200E-14  2.999999999999994E+00  8.053774880976678E+01  2.589414187840105E+00  8.312716299760687E+01  7.420737144552443E+19  2.385882686108296E+18
  0.000000000000000E+00  1.071718782092947E+00 -3.770704901450808E-01  3.701662622057588E+00  7.261742005745647E+00  2.420580668581886E+00  2.420580668581886E+00  7.261742005745658E+00 -1.154631945610163E-14  2.999999999999995E+00  8.709684726826117E+01  3.056649167316822E-01  8.740251218499284E+01  8.021212388501815E+19  2.815030961186127E+17
  0.000000000000000E+00  1.072391483149093E+00 -3.815283331493864E-01  3.707713049107475E+00  7.280988987219676E+00  2.426996329073228E+00  2.426996329073228E+00  7.280988987219686E+00 -9.769962616701378E-15  2.999999999999996E+00  1.002936876531803E+02 -3.667678502004888E+00  9.662600915117542E+01  9.232089118869678E+19 -3.376118236569583E+18
  0.000000000000000E+00  1.073110860301174E+00 -3.859786969146504E-01  3.713758983570771E+00  7.360423797260276E+00  2.453474599086761E+00  2.453474599086761E+00  7.360423797260284E+00 -7.105427357601002E-15  2.999999999999997E+00  1.202420469965968E+02 -9.334125432901558E+00  1.109079215636952E+02  1.106333665201584E+20 -8.588224718035258E+18
  0.000000000000000E+00  1.073863807449574E+00 -3.904533198586727E-01  3.719829432507281E+00  7.460442618589651E+00  2.486814206196553E+00  2.486814206196553E+00  7.460442618589660E+00 -8.881784197001252E-15  2.999999999999996E+00  1.180332807875822E+02 -6.685196737396976E+00  1.113480840501852E+02  1.085552826660880E+20 -6.148379649063246E+18
  0.000000000000000E+00  1.074616754597974E+00 -3.949279428026949E-01  3.725867884780058E+00  7.530816650719873E+00  2.510272216906630E+00  2.510272216906630E+00  7.530816650719890E+00 -1.687538997430238E-14  2.999999999999993E+00  1.158339246613239E+02 -4.623125677398573E+00  1.112107989839253E+02  1.064881641857505E+20 -4.250120745071816E+18
  0.000000000000000E+00  1.075369701746374E+00 -3.994025657467171E-01  3.731874155833413E+00  7.578957958942736E+00  2.526319319647586E+00  2.526319319647586E+00  7.578957958942759E+00 -2.309263891220326E-14  2.999999999999991E+00  1.136330641675858E+02 -3.149153653479465E+00  1.104839105141063E+02  1.044213598596280E+20 -2.893866405100811E+18
  0.000000000000000E+00  1.076122648894775E+00 -4.038771886907394E-01  3.737848072360392E+00  7.612278608550032E+00  2.537426202850018E+00  2.537426202850018E+00  7.612278608550056E+00 -2.309263891220326E-14  2.999999999999991E+00  1.114209354159748E+02 -2.264522066212737E+00  1.091564133497621E+02  1.023453367915393E+20 -2.080069357461041E+18
  0.000000000000000E+00  1.076875079888603E+00 -4.083487442254544E-01  3.743785410422567E+00  7.635103018168514E+00  2.545034339389512E+00  2.545034339389512E+00  7.635103018168538E+00 -2.398081733190338E-14  2.999999999999990E+00  1.091963904830632E+02 -1.405939909605469E+00  1.077904505734577E+02  1.002582761783834E+20 -1.290858709925026E+18
  0.000000000000000E+00  1.077627510882431E+00 -4.128202997601695E-01  3.749690125356828E+00  7.648088514836301E+00  2.549362838278774E+00  2.549362838278774E+00  7.648088514836324E+00 -2.309263891220326E-14  2.999999999999991E+00  1.069824425239418E+02 -6.943199122087426E-01  1.062881226117331E+02  9.818032248730313E+19 -6.371938355656326E+17
  0.000000000000000E+00  1.078379941876259E+00 -4.172918552948845E-01  3.755562076958319E+00  7.653088159865922E+00  2.551029386621982E+00  2.551029386621982E+00  7.653088159865947E+00 -2.486899575160351E-14  2.999999999999990E+00  1.048098916429564E+02 -1.299724317009494E-01  1.046799192112554E+02  9.613900680173283E+19 -1.192198589223049E+17
  0.000000000000000E+00  1.079132372870087E+00 -4.217634108295996E-01  3.761401135610551E+00  7.651955014569912E+00  2.550651671523311E+00  2.550651671523311E+00  7.651955014569936E+00 -2.398081733190338E-14  2.999999999999990E+00  1.027070062240756E+02  2.867921742396799E-01  1.029937983983153E+02  9.415954881858293E+19  2.629248259090878E+17
  0.000000000000000E+00  1.079880281576981E+00 -4.262081549102659E-01  3.767172458719060E+00  7.645644862314945E+00  2.548548287438322E+00  2.548548287438322E+00  7.645644862314969E+00 -2.486899575160351E-14  2.999999999999990E+00  1.006990334171159E+02  7.169749513524060E-01  1.014160083684683E+02  9.226471281225446E+19  6.569227701133629E+17
  0.000000000000000E+00  1.080628172563799E+00 -4.306529019726477E-01  3.772911045809055E+00  7.634496052525638E+00  2.544832017508552E+00  2.544832017508552E+00  7.634496052525655E+00 -1.776356839400250E-14  2.999999999999993E+00  9.879504160081449E+01  1.067788682198577E+00  9.986283028301305E+01  9.046206682793281E+19  9.777248894479094E+17
  0.000000000000000E+00  1.081376050494282E+00 -4.350976512319468E-01  3.778616802427462E+00  7.619499930207857E+00  2.539833310069290E+00  2.539833310069290E+00  7.619499930207871E+00 -1.421085471520200E-14  2.999999999999994E+00  9.700786616926987E+01  1.339067327386072E+00  9.834693349665594E+01  8.876306531078180E+19  1.225258582937023E+18
  0.000000000000000E+00  1.082123920032172E+00 -4.395424019033654E-01  3.784289643889677E+00  7.601647840367470E+00  2.533882613455826E+00  2.533882613455826E+00  7.601647840367480E+00 -1.065814103640150E-14  2.999999999999996E+00  9.534940321674810E+01  1.530644858682946E+00  9.688004807543106E+01  8.717826335589918E+19  1.399473474325599E+18
  0.000000000000000E+00  1.082882484150496E+00 -4.439414790021355E-01  3.789887335430372E+00  7.610840064134703E+00  2.536946688044905E+00  2.536946688044905E+00  7.610840064134717E+00 -1.332267629550188E-14  2.999999999999995E+00  1.077802001626714E+02 -2.832577393818094E+00  1.049476227688533E+02  9.846448474893969E+19 -2.587750562467317E+18
  0.000000000000000E+00  1.083674543477197E+00 -4.483347649997026E-01  3.795474932519702E+00  7.666174250510568E+00  2.555391416836862E+00  2.555391416836862E+00  7.666174250510586E+00 -1.865174681370263E-14  2.999999999999992E+00  1.190093430553418E+02 -6.004110836494370E+00  1.130052322188475E+02  1.086348419192615E+20 -5.480709453920591E+18
  0.000000000000000E+00  1.084496706210844E+00 -4.527225604264891E-01  3.801050304871034E+00  7.752983656520016E+00  2.584327885506680E+00  2.584327885506680E+00  7.752983656520041E+00 -2.575717417130363E-14  2.999999999999990E+00  1.290095014211665E+02 -7.981873207358231E+00  1.210276282138083E+02  1.176678439973296E+20 -7.280159996152017E+18
  0.000000000000000E+00  1.085345580550005E+00 -4.571051658129182E-01  3.806611254578667E+00  7.856601539188002E+00  2.618867179729342E+00  2.618867179729342E+00  7.856601539188029E+00 -2.753353101070388E-14  2.999999999999989E+00  1.377292965798510E+02 -8.763532162080400E+00  1.289657644177706E+02  1.255204644358400E+20 -7.986700392715699E+18
  0.000000000000000E+00  1.086192490098966E+00 -4.614130968544395E-01  3.812057539498694E+00  7.949273006218846E+00  2.649757668739624E+00  2.649757668739624E+00  7.949273006218874E+00 -2.842170943040401E-14  2.999999999999989E+00  1.365787184120604E+02 -6.730935075230303E+00  1.298477833368301E+02  1.243738316342469E+20 -6.129448244359988E+18
  0.000000000000000E+00  1.087039399647926E+00 -4.657210278959608E-01  3.817473385955140E+00  8.020114666673690E+00  2.673371555557906E+00  2.673371555557906E+00  8.020114666673720E+00 -3.019806626980426E-14  2.999999999999989E+00  1.354522232804317E+02 -5.140332415386387E+00  1.303118908650453E+02  1.232485972252009E+20 -4.677211965402463E+18
  0.000000000000000E+00  1.087886309196886E+00 -4.700289589374820E-01  3.822858733366775E+00  8.074470710230166E+00  2.691490236743399E+00  2.691490236743399E+00  8.074470710230198E+00 -3.197442310920451E-14  2.999999999999988E+00  1.343522285423407E+02 -3.992764685975775E+00  1.303594638563649E+02  1.221463589789817E+20 -3.630022917692806E+18
  0.000000000000000E+00  1.088733218745846E+00 -4.743368899790033E-01  3.828213528908714E+00  8.117685326565908E+00  2.705895108855314E+00  2.705895108855314E+00  8.117685326565944E+00 -3.552713678800501E-14  2.999999999999987E+00  1.332809838914728E+02 -3.289272390425503E+00  1.299917115010473E+02  1.210685718136179E+20 -2.987879433265939E+18
  0.000000000000000E+00  1.089558486530615E+00 -4.785347369768751E-01  3.833402055086670E+00  8.152773667277783E+00  2.717591222425938E+00  2.717591222425939E+00  8.152773667277817E+00 -3.375077994860476E-14  2.999999999999988E+00  1.322660180863633E+02 -2.741018183854586E+00  1.295249999025088E+02  1.200417950400643E+20 -2.487689187199363E+18
  0.000000000000000E+00  1.090383754315383E+00 -4.827325839747469E-01  3.838561492880432E+00  8.182128107916363E+00  2.727376035972132E+00  2.727376035972132E+00  8.182128107916398E+00 -3.552713678800501E-14  2.999999999999987E+00  1.312851429155071E+02 -2.310916062750155E+00  1.289742268527570E+02  1.190419225008715E+20 -2.095407635157697E+18
  0.000000000000000E+00  1.091209022100152E+00 -4.869304309726187E-01  3.843691813846060E+00  8.207136274479335E+00  2.735712091493123E+00  2.735712091493123E+00  8.207136274479371E+00 -3.552713678800501E-14  2.999999999999987E+00  1.303486951159920E+02 -1.999236195218544E+00  1.283494589207735E+02  1.180775953671436E+20 -1.811026971097011E+18
  0.000000000000000E+00  1.092034289884920E+00 -4.911282779704905E-01  3.848792995990428E+00  8.229185792964389E+00  2.743061930988141E+00  2.743061930988141E+00  8.229185792964426E+00 -3.730349362740526E-14  2.999999999999987E+00  1.294665457864177E+02 -1.806248749366399E+00  1.276602970370513E+02  1.171570072643834E+20 -1.634512580569697E+18
  0.000000000000000E+00  1.092833429880075E+00 -4.951929547472739E-01  3.853704616000951E+00  8.248157092236445E+00  2.749385697412157E+00  2.749385697412157E+00  8.248157092236472E+00 -2.664535259100376E-14  2.999999999999991E+00  1.287183159582416E+02 -1.588001243698439E+00  1.271303147145432E+02  1.163559767371328E+20 -1.435486740133060E+18
  0.000000000000000E+00  1.093632650147440E+00 -4.992576157418365E-01  3.858588948898816E+00  8.265598543893104E+00  2.755199514631036E+00  2.755199514631036E+00  8.265598543893107E+00 -3.552713678800501E-15  2.999999999999999E+00  1.280455724284761E+02 -1.537126756702055E+00  1.265084456717741E+02  1.156179314085223E+20 -1.387938782669377E+18
  0.000000000000000E+00  1.094431919289053E+00 -5.033222671268383E-01  3.863445970396258E+00  8.283398144204213E+00  2.761132714734731E+00  2.761132714734731E+00  8.283398144204194E+00  1.953992523340276E-14  3.000000000000007E+00  1.274719776510272E+02 -1.653992879444637E+00  1.258179847715825E+02  1.149641577165225E+20 -1.491699601421742E+18
  0.000000000000000E+00  1.095231205906947E+00 -5.073869150749395E-01  3.868275660889267E+00  8.303443889439619E+00  2.767814629813196E+00  2.767814629813196E+00  8.303443889439590E+00  2.842170943040401E-14  3.000000000000010E+00  1.270205892702039E+02 -1.938967244145549E+00  1.250816220260584E+02  1.144152670714494E+20 -1.746547204325916E+18
  0.000000000000000E+00  1.096018431235299E+00 -5.113102470486062E-01  3.872925645345066E+00  8.349291716068173E+00  2.783097238689385E+00  2.783097238689385E+00  8.349291716068157E+00  1.598721155460225E-14  3.000000000000005E+00  1.396452154955255E+02 -6.298806189188243E+00  1.333464093063373E+02  1.256327550283651E+20 -5.666763248059809E+18
  0.000000000000000E+00  1.096834551880077E+00 -5.152277715841201E-01  3.877570495487379E+00  8.435583091721051E+00  2.811861030573686E+00  2.811861030573686E+00  8.435583091721059E+00 -7.105427357601002E-15  2.999999999999998E+00  1.514959134538459E+02 -9.400804036365136E+00  1.420951094174808E+02  1.361259022964588E+20 -8.447045881222802E+18
  0.000000000000000E+00  1.097677466663417E+00 -5.191396452702564E-01  3.882208783111128E+00  8.548608286047505E+00  2.849536095349179E+00  2.849536095349179E+00  8.548608286047537E+00 -3.197442310920451E-14  2.999999999999989E+00  1.625290162015513E+02 -1.124266917962715E+01  1.512863470219241E+02  1.458573368726132E+20 -1.008943402356343E+19
  0.000000000000000E+00  1.098545074407455E+00 -5.230460246957900E-01  3.886839052461676E+00  8.674657568696787E+00  2.891552522898944E+00  2.891552522898944E+00  8.674657568696832E+00 -4.440892098500626E-14  2.999999999999984E+00  1.726821286062464E+02 -1.182182672483372E+01  1.608603018814127E+02  1.547729978587489E+20 -1.059576678337867E+19
  0.000000000000000E+00  1.099390845687670E+00 -5.268010543705484E-01  3.891277234772000E+00  8.786029062456352E+00  2.928676354152133E+00  2.928676354152133E+00  8.786029062456400E+00 -4.796163466380676E-14  2.999999999999983E+00  1.725750002874645E+02 -9.660883424865620E+00  1.629141168625989E+02  1.544831509891393E+20 -8.648087558023875E+18
  0.000000000000000E+00  1.100236616967885E+00 -5.305560840453069E-01  3.895692551565951E+00  8.877546662841711E+00  2.959182220947254E+00  2.959182220947254E+00  8.877546662841764E+00 -5.329070518200751E-14  2.999999999999982E+00  1.724694693010486E+02 -8.021387752933853E+00  1.644480815481147E+02  1.541866008137625E+20 -7.171069270672916E+18
  0.000000000000000E+00  1.101082388248100E+00 -5.343111137200652E-01  3.900085008269888E+00  8.954667312134944E+00  2.984889104045002E+00  2.984889104045002E+00  8.954667312135008E+00 -6.394884621840902E-14  2.999999999999979E+00  1.723873530354286E+02 -6.904549946931787E+00  1.654828030884968E+02  1.539027276500749E+20 -6.164193900062919E+18
  0.000000000000000E+00  1.101928159528315E+00 -5.380661433948236E-01  3.904454613782510E+00  9.022847952618140E+00  3.007615984206068E+00  3.007615984206068E+00  9.022847952618205E+00 -6.572520305780927E-14  2.999999999999978E+00  1.723499898978546E+02 -6.311580244752530E+00  1.660384096531021E+02  1.536503737032793E+20 -5.626786887769544E+18
  0.000000000000000E+00  1.102737254719055E+00 -5.416583396800381E-01  3.908613360406079E+00  9.082738723189943E+00  3.027579574396665E+00  3.027579574396665E+00  9.082738723189998E+00 -5.506706202140776E-14  2.999999999999982E+00  1.723773254811966E+02 -5.803721585564739E+00  1.665736038956319E+02  1.534572218287007E+20 -5.166706168005711E+18
  0.000000000000000E+00  1.103546349909794E+00 -5.452505359652525E-01  3.912751219555139E+00  9.139066957359868E+00  3.046355652453296E+00  3.046355652453296E+00  9.139066957359891E+00 -2.309263891220326E-14  2.999999999999992E+00  1.724740973338735E+02 -5.602425570964441E+00  1.668716717629090E+02  1.533176122717471E+20 -4.980171079299522E+18
  0.000000000000000E+00  1.104355445100533E+00 -5.488427322504669E-01  3.916868207568019E+00  9.194880495610713E+00  3.064960165203568E+00  3.064960165203568E+00  9.194880495610704E+00  8.881784197001252E-15  3.000000000000003E+00  1.726425827541020E+02 -5.708368149469097E+00  1.669342146046329E+02  1.532326572140884E+20 -5.066585577819357E+18
  0.000000000000000E+00  1.105164540291272E+00 -5.524349285356813E-01  3.920964343448670E+00  9.253227178425279E+00  3.084409059475085E+00  3.084409059475085E+00  9.253227178425256E+00  2.309263891220326E-14  3.000000000000007E+00  1.728850753640506E+02 -6.122225269596033E+00  1.667628500944546E+02  1.532034474189684E+20 -5.425257299987101E+18
  0.000000000000000E+00  1.105937500835827E+00 -5.558667092468614E-01  3.924858100309841E+00  9.308151777948581E+00  3.102717259316209E+00  3.102717259316209E+00  9.308151777948627E+00 -4.618527782440651E-14  2.999999999999985E+00  1.731872508782278E+02 -5.666801004902669E+00  1.675204498733252E+02  1.532264456042540E+20 -5.013670299197578E+18
  0.000000000000000E+00  1.106710468727280E+00 -5.592984883033872E-01  3.928732871797173E+00  9.363674171660097E+00  3.121224723886765E+00  3.121224723886765E+00  9.363674171660294E+00 -1.971756091734278E-13  2.999999999999937E+00  1.735782989728103E+02 -6.257337622209498E+00  1.673209613506008E+02  1.533147986098829E+20 -5.526857119007521E+18
  0.000000000000000E+00  1.107483463945285E+00 -5.627302612045078E-01  3.932588695396313E+00  9.429682326654202E+00  3.143227442218183E+00  3.143227442218183E+00  9.429682326654550E+00 -3.481659405224491E-13  2.999999999999889E+00  1.740766333333086E+02 -7.896028236040505E+00  1.661806050972681E+02  1.534843328906701E+20 -6.961971880361950E+18
  0.000000000000000E+00  1.108256506469493E+00 -5.661620234494721E-01  3.936425610822033E+00  9.516064210025272E+00  3.172021403341896E+00  3.172021403341896E+00  9.516064210025689E+00 -4.174438572590589E-13  2.999999999999868E+00  1.747005631081280E+02 -1.058506619508227E+01  1.641154969130457E+02  1.537506263788753E+20 -9.315714436183400E+18
  0.000000000000000E+00  1.108994905536583E+00 -5.694398581840587E-01  3.940072792522808E+00  9.595151801011612E+00  3.198383933670656E+00  3.198383933670656E+00  9.595151801011969E+00 -3.570477247194503E-13  2.999999999999888E+00  1.753583331053237E+02 -7.902464135356361E+00  1.674558689699673E+02  1.540422052817886E+20 -6.941860024635354E+18
  0.000000000000000E+00  1.109733304603673E+00 -5.727176929186454E-01  3.943702743394243E+00  9.675142537786853E+00  3.225047512595693E+00  3.225047512595693E+00  9.675142537787080E+00 -2.273736754432321E-13  2.999999999999929E+00  1.761081709820897E+02 -1.079988487488365E+01  1.653082861072061E+02  1.543968161336059E+20 -9.468429715626906E+18
  0.000000000000000E+00  1.110471703670763E+00 -5.759955276532320E-01  3.947315490273432E+00  9.806285212310543E+00  3.268761737436880E+00  3.268761737436880E+00  9.806285212310643E+00 -9.947598300641403E-14  2.999999999999970E+00  1.770104752127303E+02 -1.928847414118954E+01  1.577220010715407E+02  1.548715145438624E+20 -1.687603629048567E+19
  0.000000000000000E+00  1.111210102737852E+00 -5.792733623878187E-01  3.950911061540045E+00  1.003882861654223E+01  3.346276205514090E+00  3.346276205514090E+00  1.003882861654227E+01 -4.085620730620576E-14  2.999999999999988E+00  1.781252588834972E+02 -3.337937766180023E+01  1.447458812216969E+02  1.555226343013041E+20 -2.914381024813898E+19
  0.000000000000000E+00  1.112128705416072E+00 -5.824907359533097E-01  3.954603817577372E+00  1.046312585713599E+01  3.487708619045346E+00  3.487708619045347E+00  1.046312585713604E+01 -5.506706202140776E-14  2.999999999999984E+00  3.581909615377090E+02 -5.852509903132561E+01  2.996658625063834E+02  3.121718769209325E+20 -5.100600510174789E+19
  0.000000000000000E+00  1.113320729120749E+00 -5.856268549876416E-01  3.958464033560544E+00  1.103545731271751E+01  3.678485770905864E+00  3.678485770905864E+00  1.103545731271759E+01 -8.171241461241152E-14  2.999999999999978E+00  4.664809717557120E+02 -6.632143185523951E+01  4.001595399004725E+02  4.059716242194563E+20 -5.771858026597392E+19
  0.000000000000000E+00  1.114650706914546E+00 -5.887190805023085E-01  3.962400343274941E+00  1.160293632636115E+01  3.867645442120420E+00  3.867645442120420E+00  1.160293632636126E+01 -1.136868377216160E-13  2.999999999999971E+00  5.045650333133433E+02 -5.726045309949412E+01  4.473045802138492E+02  4.385666057754783E+20 -4.977063590020082E+19
  0.000000000000000E+00  1.115983171860130E+00 -5.918047735088048E-01  3.966319740720552E+00  1.201267624114125E+01  4.004225413713790E+00  4.004225413713790E+00  1.201267624114137E+01 -1.225686219186173E-13  2.999999999999969E+00  4.727630502160141E+02 -3.134891599399132E+01  4.414141342220228E+02  4.103879679122305E+20 -2.721282453260035E+19
  0.000000000000000E+00  1.117231491361142E+00 -5.948030203468525E-01  3.970071623900080E+00  1.226425225107169E+01  4.088084083690601E+00  4.088084083690601E+00  1.226425225107180E+01 -1.154631945610163E-13  2.999999999999972E+00  4.734996638066903E+02 -2.717116410478319E+01  4.463284997019070E+02  4.104654050221043E+20 -2.355402491636217E+19
  0.000000000000000E+00  1.118479810862154E+00 -5.978012671849002E-01  3.973810505567781E+00  1.248778170616835E+01  4.162593902056146E+00  4.162593902056146E+00  1.248778170616844E+01 -9.414691248821327E-14  2.999999999999977E+00  4.741585705716426E+02 -2.491979486291690E+01  4.492387757087257E+02  4.104715215855072E+20 -2.157266946086907E+19
  0.000000000000000E+00  1.119728130363167E+00 -6.007995140229481E-01  3.977536349199198E+00  1.269997188849247E+01  4.233323962830851E+00  4.233323962830851E+00  1.269997188849255E+01 -7.815970093361102E-14  2.999999999999981E+00  4.748328617920375E+02 -2.460128981499424E+01  4.502315719770432E+02  4.104858776305024E+20 -2.126744556482084E+19
  0.000000000000000E+00  1.120976449864179E+00 -6.037977608609958E-01  3.981249119972064E+00  1.291753008010533E+01  4.305843360035131E+00  4.305843360035131E+00  1.291753008010539E+01 -6.750155989720952E-14  2.999999999999984E+00  4.756132034413857E+02 -2.622213050761544E+01  4.493910729337703E+02  4.105854865503757E+20 -2.263693718962027E+19
  0.000000000000000E+00  1.122173279842613E+00 -6.066723388000662E-01  3.984796443970438E+00  1.313588707509515E+01  4.378629025031742E+00  4.378629025031742E+00  1.313588707509523E+01 -7.638334409421077E-14  2.999999999999983E+00  4.764865029909774E+02 -2.672135068731832E+01  4.497651523036591E+02  4.107862045156285E+20 -2.303687965865096E+19
  0.000000000000000E+00  1.123370109821047E+00 -6.095469167391366E-01  3.988331693070872E+00  1.335863113589240E+01  4.452877045297499E+00  4.452877045297499E+00  1.335863113589250E+01 -1.012523398458143E-13  2.999999999999977E+00  4.774467837548156E+02 -2.734311502607310E+01  4.501036687287424E+02  4.110623411913477E+20 -2.354131446794685E+19
  0.000000000000000E+00  1.124566939799482E+00 -6.124214946782071E-01  3.991854840906666E+00  1.358676358438084E+01  4.528921194793653E+00  4.528921194793654E+00  1.358676358438096E+01 -1.225686219186173E-13  2.999999999999973E+00  4.784810620916713E+02 -2.808781198409843E+01  4.503932501075729E+02  4.114010883368599E+20 -2.415008102670806E+19
  0.000000000000000E+00  1.125763769777916E+00 -6.152960726172775E-01  3.995365862492950E+00  1.382128574244424E+01  4.607095247481457E+00  4.607095247481457E+00  1.382128574244437E+01 -1.314504061156185E-13  2.999999999999972E+00  4.795766500999948E+02 -2.895583002161368E+01  4.506208200783811E+02  4.117899414649971E+20 -2.486301104773248E+19
  0.000000000000000E+00  1.126913554760867E+00 -6.180576566402554E-01  3.998727430241037E+00  1.405310522227979E+01  4.684368407426640E+00  4.684368407426640E+00  1.405310522227992E+01 -1.296740492762183E-13  2.999999999999972E+00  4.807086157945541E+02 -2.978762815721294E+01  4.509209876373411E+02  4.122270903865025E+20 -2.554409653021672E+19
  0.000000000000000E+00  1.128063339743818E+00 -6.208192406632331E-01  4.002077764751303E+00  1.429148679321111E+01  4.763828931070413E+00  4.763828931070413E+00  1.429148679321124E+01 -1.296740492762183E-13  2.999999999999973E+00  4.819606177103764E+02 -3.068007880900523E+01  4.512805389013712E+02  4.127595049137551E+20 -2.627495624036617E+19
  0.000000000000000E+00  1.129213124726768E+00 -6.235808246862109E-01  4.005416847400364E+00  1.453689561022177E+01  4.845631870073968E+00  4.845631870073968E+00  1.453689561022190E+01 -1.296740492762183E-13  2.999999999999973E+00  4.833422039122551E+02 -3.163336243265589E+01  4.517088414795992E+02  4.133923495462673E+20 -2.705534487623227E+19
  0.000000000000000E+00  1.130362909709719E+00 -6.263424087091888E-01  4.008744660693316E+00  1.478979682829536E+01  4.929932276098496E+00  4.929932276098496E+00  1.478979682829549E+01 -1.296740492762183E-13  2.999999999999973E+00  4.848626524551449E+02 -3.264765948383061E+01  4.522149929713143E+02  4.141304747838314E+20 -2.788499104675919E+19
  0.000000000000000E+00  1.131469926824267E+00 -6.290013293999350E-01  4.011938073903948E+00  1.504062686999161E+01  5.013542289997247E+00  5.013542289997246E+00  1.504062686999174E+01 -1.314504061156185E-13  2.999999999999974E+00  4.864473431611388E+02 -3.363914024302073E+01  4.528082029181180E+02  4.149291861238762E+20 -2.869346760584505E+19
  0.000000000000000E+00  1.132576914375261E+00 -6.316602623991522E-01  4.015120992834062E+00  1.529904475839447E+01  5.099681586131537E+00  5.099681586131537E+00  1.529904475839461E+01 -1.421085471520200E-13  2.999999999999972E+00  4.881542378041968E+02 -3.471933614932171E+01  4.534349016548750E+02  4.158169254962111E+20 -2.957443876308453E+19
  0.000000000000000E+00  1.133683889404920E+00 -6.343192006114871E-01  4.018293415153043E+00  1.556570687366322E+01  5.188568957887790E+00  5.188568957887789E+00  1.556570687366337E+01 -1.509903313490213E-13  2.999999999999971E+00  4.899171187668155E+02 -3.588850229481567E+01  4.540286164719998E+02  4.167374402944604E+20 -3.052778114794138E+19
  0.000000000000000E+00  1.134790868955458E+00 -6.369781369415860E-01  4.021455339650001E+00  1.584126959595712E+01  5.280423198652425E+00  5.280423198652425E+00  1.584126959595728E+01 -1.563194018672220E-13  2.999999999999971E+00  4.916713375749202E+02 -3.714689382760950E+01  4.545244437473107E+02  4.176361231904097E+20 -3.155336408920645E+19
  0.000000000000000E+00  1.135859070577281E+00 -6.395439080904558E-01  4.024496518232079E+00  1.611569697402963E+01  5.371898991343261E+00  5.371898991343261E+00  1.611569697402978E+01 -1.527666881884215E-13  2.999999999999972E+00  4.932518226954148E+02 -3.833294318491286E+01  4.549188795105019E+02  4.183949922955386E+20 -3.251546315809697E+19
  0.000000000000000E+00  1.136927272199104E+00 -6.421096792393255E-01  4.027527900085541E+00  1.639952556826911E+01  5.466508522756413E+00  5.466508522756413E+00  1.639952556826924E+01 -1.385558334732195E-13  2.999999999999975E+00  4.946971994123764E+02 -3.980459659250295E+01  4.548926028198735E+02  4.190257039230260E+20 -3.371587534022402E+19
  0.000000000000000E+00  1.137995473820927E+00 -6.446754503881952E-01  4.030549477029240E+00  1.669481481438186E+01  5.564938271460658E+00  5.564938271460659E+00  1.669481481438198E+01 -1.207922650792170E-13  2.999999999999978E+00  4.960090115760784E+02 -4.156265296695756E+01  4.544463586091209E+02  4.195279265235631E+20 -3.515398553877214E+19
  0.000000000000000E+00  1.139063675442750E+00 -6.472412215370650E-01  4.033561241650998E+00  1.700362414807421E+01  5.667874716024775E+00  5.667874716024775E+00  1.700362414807432E+01 -1.136868377216160E-13  2.999999999999980E+00  4.971887866783506E+02 -4.360791122485239E+01  4.535808754534983E+02  4.199013040073829E+20 -3.682910652649086E+19
  0.000000000000000E+00  1.140096694457769E+00 -6.497224856831040E-01  4.036464470760833E+00  1.731915711493307E+01  5.773052371644393E+00  5.773052371644393E+00  1.731915711493318E+01 -1.136868377216160E-13  2.999999999999980E+00  4.982737532516538E+02 -4.655334572729191E+01  4.517204075243618E+02  4.201902178929236E+20 -3.925805916354569E+19
  0.000000000000000E+00  1.141129713472788E+00 -6.522037498291430E-01  4.039358511694648E+00  1.765797630103655E+01  5.885992100345551E+00  5.885992100345551E+00  1.765797630103665E+01 -1.030286966852145E-13  2.999999999999982E+00  4.993860330037438E+02 -5.033954927154745E+01  4.490464837321964E+02  4.204716872458381E+20 -4.238475611760628E+19
  0.000000000000000E+00  1.142162732487807E+00 -6.546850139751820E-01  4.042243359753982E+00  1.802593081159174E+01  6.008643603863946E+00  6.008643603863946E+00  1.802593081159184E+01 -1.030286966852145E-13  2.999999999999983E+00  5.005210075644505E+02 -5.496879090010208E+01  4.455522166643484E+02  4.207440691161568E+20 -4.620743666733315E+19
  0.000000000000000E+00  1.143195751502826E+00 -6.571662781212211E-01  4.045119010882221E+00  1.842886975180574E+01  6.142956583935278E+00  6.142956583935278E+00  1.842886975180583E+01 -9.237055564881302E-14  2.999999999999984E+00  5.016741718513543E+02 -6.044333965543785E+01  4.412308321959164E+02  4.210058562009257E+20 -5.072415801150892E+19
  0.000000000000000E+00  1.144323991439121E+00 -6.596588801834334E-01  4.048085565003818E+00  1.892895324997869E+01  6.309651083326263E+00  6.309651083326263E+00  1.892895324997879E+01 -9.947598300641403E-14  2.999999999999984E+00  6.109995046787812E+02 -7.917035180429276E+01  5.318291528744885E+02  5.119330120654471E+20 -6.633379627166861E+19
  0.000000000000000E+00  1.145587644467762E+00 -6.620893695106699E-01  4.051126765028067E+00  1.954041393084410E+01  6.513471310281404E+00  6.513471310281404E+00  1.954041393084422E+01 -1.136868377216160E-13  2.999999999999983E+00  7.021639854967332E+02 -9.176542929149653E+01  6.103985562052367E+02  5.875265264735113E+20 -7.678352213385401E+19
  0.000000000000000E+00  1.146959338373248E+00 -6.644630812389499E-01  4.054221310038965E+00  2.021976792809951E+01  6.739922642699879E+00  6.739922642699879E+00  2.021976792809964E+01 -1.278976924368180E-13  2.999999999999981E+00  7.761131426914338E+02 -9.836236405799619E+01  6.777507786334377E+02  6.486760615689655E+20 -8.221135220373581E+19
  0.000000000000000E+00  1.148411700940077E+00 -6.667853505042929E-01  4.057347736029261E+00  2.092353137544246E+01  6.974510458480863E+00  6.974510458480863E+00  2.092353137544259E+01 -1.314504061156185E-13  2.999999999999981E+00  8.337751278621759E+02 -9.907612825682519E+01  7.346989996053508E+02  6.962244613624319E+20 -8.273120860099065E+19
  0.000000000000000E+00  1.149919082688351E+00 -6.691205613048111E-01  4.060529589310701E+00  2.162078004671733E+01  7.206926682239131E+00  7.206926682239131E+00  2.162078004671740E+01 -6.750155989720952E-14  2.999999999999991E+00  8.394437549597262E+02 -9.515675323177251E+01  7.442870017279537E+02  7.003804825744120E+20 -7.939296987429555E+19
  0.000000000000000E+00  1.151426464436626E+00 -6.714557721053294E-01  4.063704165873422E+00  2.229455334764710E+01  7.431517782549005E+00  7.431517782549005E+00  2.229455334764702E+01  8.526512829121202E-14  3.000000000000012E+00  8.453552080704984E+02 -9.279250365027455E+01  7.525627044202238E+02  7.047762568701520E+20 -7.736150764069883E+19
  0.000000000000000E+00  1.152933846184901E+00 -6.737909829058476E-01  4.066871426884916E+00  2.295608537670370E+01  7.652028458901156E+00  7.652028458901156E+00  2.295608537670347E+01  2.344791028008331E-13  3.000000000000031E+00  8.514035160877064E+02 -9.198952885180555E+01  7.594139872359009E+02  7.093265052383723E+20 -7.663887896400691E+19
  0.000000000000000E+00  1.154441227933175E+00 -6.761261937063658E-01  4.070031334278514E+00  2.361661023235909E+01  7.872203410786259E+00  7.872203410786259E+00  2.361661023235878E+01  3.055333763768431E-13  3.000000000000039E+00  8.574853858331004E+02 -9.275397817583057E+01  7.647314076572698E+02  7.139485518782703E+20 -7.722763500539960E+19
  0.000000000000000E+00  1.155907692497276E+00 -6.783980162838812E-01  4.073098375049614E+00  2.426593046349753E+01  8.088643487832437E+00  8.088643487832437E+00  2.426593046349731E+01  2.167155344068306E-13  3.000000000000027E+00  8.634520978740510E+02 -9.389268579381117E+01  7.695594120802398E+02  7.185300589653164E+20 -7.813371144264673E+19
  0.000000000000000E+00  1.157374157061376E+00 -6.806698388613965E-01  4.076158387042646E+00  2.492221268431028E+01  8.307404228103422E+00  8.307404228103422E+00  2.492221268431027E+01  7.105427357601002E-15  3.000000000000001E+00  8.695222879511481E+02 -9.499471858448150E+01  7.745275693666665E+02  7.232402504809360E+20 -7.901350547930564E+19
  0.000000000000000E+00  1.158840621625477E+00 -6.829416614389118E-01  4.079211337283501E+00  2.558518422556952E+01  8.528394741856568E+00  8.528394741856568E+00  2.558518422556971E+01 -1.918465386552271E-13  2.999999999999977E+00  8.756956729668274E+02 -9.605992729370448E+01  7.796357456731230E+02  7.280801333083081E+20 -7.986715799637867E+19
  0.000000000000000E+00  1.160307086189578E+00 -6.852134840164271E-01  4.082257193476625E+00  2.625457241804738E+01  8.751524139349222E+00  8.751524139349222E+00  2.625457241804767E+01 -2.806643806252396E-13  2.999999999999968E+00  8.819720889433381E+02 -9.708816266734794E+01  7.848839262759902E+02  7.330508582117436E+20 -8.069479959481244E+19
  0.000000000000000E+00  1.161736299982925E+00 -6.874275983177932E-01  4.085218823377200E+00  2.691253844395984E+01  8.970846147986707E+00  8.970846147986707E+00  2.691253844396013E+01 -2.913225216616411E-13  2.999999999999968E+00  8.881849746789637E+02 -9.795348119750464E+01  7.902314934814591E+02  7.380211981860636E+20 -8.139266889310803E+19
  0.000000000000000E+00  1.163165513776271E+00 -6.896417126191591E-01  4.088173656365123E+00  2.757535746953743E+01  9.191785823179249E+00  9.191785823179249E+00  2.757535746953775E+01 -3.126388037344441E-13  2.999999999999966E+00  8.945284081007374E+02 -9.876863755013505E+01  7.957597705506022E+02  7.431489032551559E+20 -8.205419079672532E+19
  0.000000000000000E+00  1.164594727569618E+00 -6.918558269205252E-01  4.091121664392377E+00  2.824267933583147E+01  9.414226445277272E+00  9.414226445277270E+00  2.824267933583182E+01 -3.446132268436486E-13  2.999999999999964E+00  9.009940212329019E+02 -9.953344005465092E+01  8.014605811782510E+02  7.484292338220304E+20 -8.267950122225857E+19
  0.000000000000000E+00  1.166023941362965E+00 -6.940699412218911E-01  4.094062820014864E+00  2.891415388389328E+01  9.638051294631211E+00  9.638051294631211E+00  2.891415388389364E+01 -3.552713678800501E-13  2.999999999999963E+00  9.075737427321870E+02 -1.002476970404669E+02  8.073260456917202E+02  7.538577777299628E+20 -8.326872247974825E+19
  0.000000000000000E+00  1.167418954207416E+00 -6.962310880853035E-01  4.096926971126207E+00  2.957316032024157E+01  9.857720106747305E+00  9.857720106747305E+00  2.957316032024192E+01 -3.481659405224491E-13  2.999999999999964E+00  9.140743694671741E+02 -1.008766381844666E+02  8.131977312827074E+02  7.592756034811780E+20 -8.379314954352185E+19
  0.000000000000000E+00  1.168813962231316E+00 -6.983922380604534E-01  4.099784541182098E+00  3.023539684074528E+01  1.007846561358187E+01  1.007846561358187E+01  3.023539684074562E+01 -3.375077994860476E-13  2.999999999999966E+00  9.206896012591741E+02 -1.014751585388907E+02  8.192144427202833E+02  7.648431601320064E+20 -8.429831381351031E+19
  0.000000000000000E+00  1.170208980217930E+00 -7.005533816045274E-01  4.102635514226227E+00  3.090065649824598E+01  1.030021883274877E+01  1.030021883274877E+01  3.090065649824631E+01 -3.339550858072471E-13  2.999999999999968E+00  9.274104456693497E+02 -1.020431461065081E+02  8.253672995628416E+02  7.705530089949528E+20 -8.478409278960755E+19
  0.000000000000000E+00  1.171604022950525E+00 -7.027145091747121E-01  4.105479875026592E+00  3.156873234558521E+01  1.052291078186184E+01  1.052291078186184E+01  3.156873234558554E+01 -3.232969447708456E-13  2.999999999999969E+00  9.342281705302012E+02 -1.025804888973806E+02  8.316476816328206E+02  7.763979269087630E+20 -8.525035043207256E+19
  0.000000000000000E+00  1.172967634938320E+00 -7.048269087580800E-01  4.108253701219555E+00  3.222421060961805E+01  1.074140353653938E+01  1.074140353653938E+01  3.222421060961814E+01 -8.526512829121202E-14  2.999999999999992E+00  9.409605317433681E+02 -1.030581212752541E+02  8.379024104681139E+02  7.822206511612612E+20 -8.567223386301573E+19
  0.000000000000000E+00  1.174331246926116E+00 -7.069393083414479E-01  4.111021154795838E+00  3.288189733566056E+01  1.096063244522005E+01  1.096063244522005E+01  3.288189733566014E+01  4.192202140984591E-13  3.000000000000038E+00  9.477816045337678E+02 -1.035133391913526E+02  8.442682653424152E+02  7.881695725764958E+20 -8.608108019415294E+19
  0.000000000000000E+00  1.175694858913911E+00 -7.090517079248159E-01  4.113782215446614E+00  3.354164458117314E+01  1.118054819372407E+01  1.118054819372407E+01  3.354164458117221E+01  9.308109838457312E-13  3.000000000000083E+00  9.546884257971340E+02 -1.039460616623341E+02  8.507423641347998E+02  7.942426070256007E+20 -8.647679051498140E+19
  0.000000000000000E+00  1.177058470901706E+00 -7.111641075081837E-01  4.116536863346651E+00  3.420330440361621E+01  1.140110146787168E+01  1.140110146787168E+01  3.420330440361504E+01  1.165290086646564E-12  3.000000000000102E+00  9.616781420554614E+02 -1.043562077048471E+02  8.573219343506144E+02  8.004377623028190E+20 -8.685925750494875E+19
  0.000000000000000E+00  1.178393000087755E+00 -7.132314543207903E-01  4.119226533098509E+00  3.485239807414540E+01  1.161746602471482E+01  1.161746602471482E+01  3.485239807414446E+01  9.379164112033322E-13  3.000000000000080E+00  9.686219809177026E+02 -1.046803214546096E+02  8.639416594630929E+02  8.066407861016296E+20 -8.717478897961517E+19
  0.000000000000000E+00  1.179727529273803E+00 -7.152988011333967E-01  4.121910024504342E+00  3.550265328863303E+01  1.183421776287752E+01  1.183421776287752E+01  3.550265328863257E+01  4.547473508864641E-13  3.000000000000039E+00  9.756606340361720E+02 -1.049675570006858E+02  8.706930770354862E+02  8.129791547612786E+20 -8.746528535721368E+19
  0.000000000000000E+00  1.181062058459852E+00 -7.173661479460032E-01  4.124587320312869E+00  3.615383852646411E+01  1.205127950882138E+01  1.205127950882138E+01  3.615383852646416E+01 -4.263256414560601E-14  2.999999999999996E+00  9.827930925114537E+02 -1.052177876093197E+02  8.775753049021340E+02  8.194527333897415E+20 -8.773057555517309E+19
  0.000000000000000E+00  1.182396587645900E+00 -7.194334947586097E-01  4.127258403707637E+00  3.680572226702370E+01  1.226857408900798E+01  1.226857408900798E+01  3.680572226702395E+01 -2.557953848736361E-13  2.999999999999979E+00  9.900184062265474E+02 -1.054308865467509E+02  8.845875196797965E+02  8.260614477547717E+20 -8.797047633773858E+19
  0.000000000000000E+00  1.183704274483204E+00 -7.214548345031992E-01  4.129866841925645E+00  3.744529721478832E+01  1.248176573826286E+01  1.248176573826286E+01  3.744529721478858E+01 -2.629008122312371E-13  2.999999999999979E+00  1.000310684794083E+03 -1.059577921565149E+02  8.943528926375685E+02  8.352849786919964E+20 -8.847746356115802E+19
  0.000000000000000E+00  1.185011789875872E+00 -7.234763090501528E-01  4.132469231613995E+00  3.808567147655387E+01  1.269522382551805E+01  1.269522382551805E+01  3.808567147655415E+01 -2.842170943040401E-13  2.999999999999978E+00  1.004126614132988E+03 -1.059270334604659E+02  8.981995806725220E+02  8.391603992156910E+20 -8.852446537648066E+19
  0.000000000000000E+00  1.186312773313027E+00 -7.255019408747566E-01  4.135061859920391E+00  3.872345221973704E+01  1.290781740657911E+01  1.290781740657911E+01  3.872345221973735E+01 -3.055333763768431E-13  2.999999999999976E+00  1.001213066656060E+03 -1.053345378772561E+02  8.958785287788044E+02  8.374381227638522E+20 -8.810428129623063E+19
  0.000000000000000E+00  1.187600864283795E+00 -7.275357524522975E-01  4.137640948433692E+00  3.935524661175452E+01  1.311841553725161E+01  1.311841553725161E+01  3.935524661175484E+01 -3.126388037344441E-13  2.999999999999976E+00  9.912916844453905E+02 -1.041731726036616E+02  8.871185118417288E+02  8.298456694357116E+20 -8.720708295348344E+19
  0.000000000000000E+00  1.188853728241102E+00 -7.295265781574641E-01  4.140151692339963E+00  3.997340004656947E+01  1.332446668218994E+01  1.332446668218994E+01  3.997340004656981E+01 -3.410605131648481E-13  2.999999999999975E+00  1.004249322935459E+03 -1.059114371467077E+02  8.983378857887518E+02  8.414005243937982E+20 -8.873686714974044E+19
  0.000000000000000E+00  1.190111565964147E+00 -7.315142727001830E-01  4.142659500059649E+00  4.060064325702707E+01  1.353354775234248E+01  1.353354775234248E+01  4.060064325702744E+01 -3.765876499528531E-13  2.999999999999972E+00  1.016785417763071E+03 -1.074873994948821E+02  9.092980182681890E+02  8.526555209889112E+20 -9.013674174997651E+19
  0.000000000000000E+00  1.191373833259363E+00 -7.334991602999397E-01  4.145164063085607E+00  4.123599959154318E+01  1.374533319718120E+01  1.374533319718120E+01  4.123599959154362E+01 -4.334310688136611E-13  2.999999999999968E+00  1.028901788761695E+03 -1.089007132121819E+02  9.200010755495132E+02  8.636150297566371E+20 -9.140648185134031E+19
  0.000000000000000E+00  1.192639985933183E+00 -7.354815651762204E-01  4.147665067677247E+00  4.187849239853376E+01  1.395949746617807E+01  1.395949746617807E+01  4.187849239853421E+01 -4.476419235288631E-13  2.999999999999968E+00  1.040600180667451E+03 -1.101510105732069E+02  9.304491700942436E+02  8.742833883845522E+20 -9.254582167779002E+19
  0.000000000000000E+00  1.193887728736956E+00 -7.374313168420275E-01  4.150121603295029E+00  4.251501301066340E+01  1.417167100355458E+01  1.417167100355457E+01  4.251501301066372E+01 -3.197442310920451E-13  2.999999999999977E+00  1.048295950936288E+03 -1.106574069843316E+02  9.376385439519563E+02  8.816285932945226E+20 -9.306411416554738E+19
  0.000000000000000E+00  1.195135471540728E+00 -7.393810685078345E-01  4.152572481103517E+00  4.315420202559880E+01  1.438473400853295E+01  1.438473400853295E+01  4.315420202559885E+01 -4.973799150320701E-14  2.999999999999996E+00  1.056120612911739E+03 -1.113085080652710E+02  9.448121048464678E+02  8.891275575546463E+20 -9.370848433520432E+19
  0.000000000000000E+00  1.196383214344500E+00 -7.413308201736415E-01  4.155017691284467E+00  4.379688779634780E+01  1.459896259878253E+01  1.459896259878253E+01  4.379688779634759E+01  2.060573933704291E-13  3.000000000000015E+00  1.064073040039526E+03 -1.121047644780458E+02  9.519682755614805E+02  8.967796935689961E+20 -9.447967625653962E+19
  0.000000000000000E+00  1.197630957148273E+00 -7.432805718394485E-01  4.157457224336080E+00  4.444389867591828E+01  1.481463289197265E+01  1.481463289197265E+01  4.444389867591796E+01  3.268496584496461E-13  3.000000000000022E+00  1.072152146746817E+03 -1.130466268846654E+02  9.591055198621515E+02  9.045844467523284E+20 -9.537845980905372E+19
  0.000000000000000E+00  1.198856555969534E+00 -7.451957208077618E-01  4.159847926639612E+00  4.508446271861893E+01  1.502815423953959E+01  1.502815423953959E+01  4.508446271861879E+01  1.421085471520200E-13  3.000000000000009E+00  1.080239085722727E+03 -1.141564381678258E+02  9.660826475549012E+02  9.124235413950107E+20 -9.642219297817874E+19
  0.000000000000000E+00  1.200082154790795E+00 -7.471108697760748E-01  4.162233134253668E+00  4.573160071517644E+01  1.524386690505890E+01  1.524386690505890E+01  4.573160071517671E+01 -2.700062395888381E-13  2.999999999999982E+00  1.088475662285191E+03 -1.156127132107250E+02  9.728629490744665E+02  9.204341997837924E+20 -9.776414747348320E+19
  0.000000000000000E+00  1.201307753612056E+00 -7.490260187443879E-01  4.164612839053351E+00  4.638725232529274E+01  1.546241744176447E+01  1.546241744176447E+01  4.638725232529342E+01 -6.750155989720952E-13  2.999999999999956E+00  1.096878549681394E+03 -1.174165072771779E+02  9.794620424042164E+02  9.286304177749131E+20 -9.940621068590342E+19
  0.000000000000000E+00  1.202533352433317E+00 -7.509411677127010E-01  4.166987033200506E+00  4.705335720866974E+01  1.568445240289020E+01  1.568445240289020E+01  4.705335720867061E+01 -8.668621376273222E-13  2.999999999999945E+00  1.105464395208335E+03 -1.195688756309951E+02  9.858955195773402E+02  9.370262234814104E+20 -1.013503216060748E+20
  0.000000000000000E+00  1.203737890596999E+00 -7.528234068120307E-01  4.169315052515900E+00  4.772009388166224E+01  1.590669796055432E+01  1.590669796055432E+01  4.772009388166297E+01 -7.318590178329032E-13  2.999999999999954E+00  1.114058341982600E+03 -1.220545657482171E+02  9.920037762343828E+02  9.454535089605099E+20 -1.035824724097847E+20
  0.000000000000000E+00  1.204942428760682E+00 -7.547056459113606E-01  4.171637734740012E+00  4.840121518522646E+01  1.613373839507564E+01  1.613373839507564E+01  4.840121518522690E+01 -4.476419235288631E-13  2.999999999999972E+00  1.122873674317499E+03 -1.250274287859648E+02  9.978462455315341E+02  9.541122074385410E+20 -1.062365240166917E+20
  0.000000000000000E+00  1.206146966924364E+00 -7.565878850106904E-01  4.173955073230283E+00  4.909938050590091E+01  1.636646016863369E+01  1.636646016863369E+01  4.909938050590108E+01 -1.705302565824240E-13  2.999999999999990E+00  1.131934624298877E+03 -1.284889115724455E+02  1.003445712726431E+03  9.630226503795834E+20 -1.093152638947924E+20
  0.000000000000000E+00  1.207351505088046E+00 -7.584701241100201E-01  4.176267061604247E+00  4.981724923022407E+01  1.660574974340803E+01  1.660574974340803E+01  4.981724923022410E+01 -2.842170943040401E-14  2.999999999999998E+00  1.141265418477747E+03 -1.324404609358729E+02  1.008824957541874E+03  9.722052486927606E+20 -1.128215305365925E+20
  0.000000000000000E+00  1.208535948791897E+00 -7.603209631432363E-01  4.178535257786203E+00  5.054548831343384E+01  1.684849610447794E+01  1.684849610447794E+01  5.054548831343384E+01  0.000000000000000E+00  3.000000000000000E+00  1.150773678089311E+03 -1.370154109893133E+02  1.013758267099998E+03  9.815592089206100E+20 -1.168681044598632E+20
  0.000000000000000E+00  1.209720392495747E+00 -7.621718021764522E-01  4.180798269363909E+00  5.129909441611348E+01  1.709969813870444E+01  1.709969813870444E+01  5.129909441611334E+01  1.350031197944190E-13  3.000000000000008E+00  1.160574659019037E+03 -1.420972087148949E+02  1.018477450304142E+03  9.912018638068580E+20 -1.213597221216301E+20
  0.000000000000000E+00  1.210904836199597E+00 -7.640226412096683E-01  4.183056090994122E+00  5.208075697976163E+01  1.736025232658713E+01  1.736025232658713E+01  5.208075697976140E+01  2.273736754432321E-13  3.000000000000013E+00  1.170678993000923E+03 -1.476873172920988E+02  1.022991675708824E+03  1.001141158451568E+21 -1.262992270352455E+20
  0.000000000000000E+00  1.212089279903447E+00 -7.658734802428844E-01  4.185308717569734E+00  5.289316544587707E+01  1.763105514862559E+01  1.763105514862559E+01  5.289316544587678E+01  2.913225216616411E-13  3.000000000000016E+00  1.181097332154355E+03 -1.537871999004185E+02  1.027310132253937E+03  1.011385039341442E+21 -1.316894628301201E+20
  0.000000000000000E+00  1.213254505873001E+00 -7.676942980766298E-01  4.187519726102610E+00  5.372569897048847E+01  1.790856632349605E+01  1.790856632349605E+01  5.372569897048816E+01  3.055333763768431E-13  3.000000000000017E+00  1.191655947591466E+03 -1.604819399775546E+02  1.031174007613911E+03  1.021761072178891E+21 -1.376019642147834E+20
  0.000000000000000E+00  1.214419730137153E+00 -7.695151170017915E-01  4.189725696535721E+00  5.459313200054849E+01  1.819771066684937E+01  1.819771066684937E+01  5.459313200054814E+01  3.552713678800501E-13  3.000000000000020E+00  1.202579953587438E+03 -1.672751869376519E+02  1.035304766649787E+03  1.032485108937650E+21 -1.436155152035218E+20
  0.000000000000000E+00  1.215584962225996E+00 -7.713359309194504E-01  4.191926630661525E+00  5.549591919081034E+01  1.849863973026998E+01  1.849863973026998E+01  5.549591919080994E+01  3.907985046680551E-13  3.000000000000021E+00  1.213862701941149E+03 -1.741671894667579E+02  1.039695512474391E+03  1.043555237683416E+21 -1.497311701809311E+20
  0.000000000000000E+00  1.216750211669623E+00 -7.731567337306878E-01  4.194122530560509E+00  5.643451519602718E+01  1.881150506534225E+01  1.881150506534225E+01  5.643451519602677E+01  4.121147867408581E-13  3.000000000000022E+00  1.225497637563439E+03 -1.811581964483914E+02  1.044339441115048E+03  1.054969702820422E+21 -1.559500425073237E+20
  0.000000000000000E+00  1.217896960318191E+00 -7.749486017586934E-01  4.196278622117841E+00  5.739326934394946E+01  1.913108978131635E+01  1.913108978131635E+01  5.739326934394906E+01  3.979039320256561E-13  3.000000000000021E+00  1.237226681762899E+03 -1.879180385918246E+02  1.049308643171074E+03  1.066488095686935E+21 -1.619851512072594E+20
  0.000000000000000E+00  1.219043708966759E+00 -7.767404697866990E-01  4.198429820561671E+00  5.838506135077634E+01  1.946168711692531E+01  1.946168711692531E+01  5.838506135077594E+01  3.979039320256561E-13  3.000000000000020E+00  1.249218777397875E+03 -1.942381843836542E+02  1.054980593014221E+03  1.078285006185627E+21 -1.676600813557142E+20
  0.000000000000000E+00  1.220190457615328E+00 -7.785323378147044E-01  4.200576122687810E+00  5.940754611268451E+01  1.980251537089470E+01  1.980251537089470E+01  5.940754611268410E+01  4.050093593832571E-13  3.000000000000021E+00  1.261451223553544E+03 -2.001173579456079E+02  1.061333865607936E+03  1.090348348841107E+21 -1.729734980919592E+20
  0.000000000000000E+00  1.221337206263896E+00 -7.803242058427100E-01  4.202717525487083E+00  6.045837852585066E+01  2.015279284195008E+01  2.015279284195008E+01  6.045837852585025E+01  4.050093593832571E-13  3.000000000000020E+00  1.273901327229621E+03 -2.055542833994096E+02  1.068347043830212E+03  1.102666199573348E+21 -1.779241104764111E+20
  0.000000000000000E+00  1.222466002277018E+00 -7.820880217308546E-01  4.204820616479369E+00  6.151757758376961E+01  2.050585919458973E+01  2.050585919458973E+01  6.151757758376918E+01  4.192202140984591E-13  3.000000000000020E+00  1.286375483248694E+03 -2.102324642017348E+02  1.076143019046960E+03  1.115053472039756E+21 -1.822332920646138E+20
  0.000000000000000E+00  1.223594798290140E+00 -7.838518376189992E-01  4.206918955111711E+00  6.259837350697247E+01  2.086612450232399E+01  2.086612450232399E+01  6.259837350697198E+01  4.902744876744691E-13  3.000000000000024E+00  1.299063443480925E+03 -2.144254364891375E+02  1.084638006991788E+03  1.127707628679180E+21 -1.861411786507669E+20
  0.000000000000000E+00  1.224723594303261E+00 -7.856156535071438E-01  4.209012539058859E+00  6.369825593233129E+01  2.123275197744358E+01  2.123275197744358E+01  6.369825593233074E+01  5.542233338928781E-13  3.000000000000026E+00  1.311957943032808E+03 -2.181318344723108E+02  1.093826108560497E+03  1.140632476256071E+21 -1.896465171202591E+20
  0.000000000000000E+00  1.225852390316383E+00 -7.873794693952885E-01  4.211101366172819E+00  6.481471449671812E+01  2.160490483223918E+01  2.160490483223918E+01  6.481471449671754E+01  5.826450433232822E-13  3.000000000000027E+00  1.325051725247207E+03 -2.213502923619120E+02  1.103701432885295E+03  1.153832151688662E+21 -1.927480106976282E+20
  0.000000000000000E+00  1.226963856491096E+00 -7.891162063037336E-01  4.213153474805233E+00  6.592798266011376E+01  2.197599422003771E+01  2.197599422003771E+01  6.592798266011314E+01  6.110667527536862E-13  3.000000000000028E+00  1.338082597973457E+03 -2.241411993935531E+02  1.113941398579904E+03  1.167057765588985E+21 -1.954929596549945E+20
  0.000000000000000E+00  1.228075322665809E+00 -7.908529432121789E-01  4.215200967911661E+00  6.705332476697961E+01  2.235110825565965E+01  2.235110825565965E+01  6.705332476697896E+01  6.536993168992922E-13  3.000000000000029E+00  1.351283304596313E+03 -2.265904407257987E+02  1.124692863870514E+03  1.180549089434026E+21 -1.979608107074264E+20
  0.000000000000000E+00  1.229186788840523E+00 -7.925896801206239E-01  4.217243843937011E+00  6.818901231028534E+01  2.272967077009487E+01  2.272967077009487E+01  6.818901231028462E+01  7.105427357601002E-13  3.000000000000032E+00  1.364658884088249E+03 -2.286970759463255E+02  1.135961808141923E+03  1.194322765448147E+21 -2.001512080263255E+20
  0.000000000000000E+00  1.230298255015236E+00 -7.943264170290691E-01  4.219282101487336E+00  6.933331678300053E+01  2.311110559433326E+01  2.311110559433326E+01  6.933331678299979E+01  7.389644451905042E-13  3.000000000000032E+00  1.378214301682550E+03 -2.304601646427811E+02  1.147754137039769E+03  1.208395826367443E+21 -2.020637144443415E+20
  0.000000000000000E+00  1.231392831636417E+00 -7.960367629310636E-01  4.221284871264096E+00  7.046848451154005E+01  2.348949483717974E+01  2.348949483717974E+01  7.046848451153923E+01  8.242295734817162E-13  3.000000000000035E+00  1.391773233051933E+03 -2.324098774810739E+02  1.159363355570859E+03  1.222590178800589E+21 -2.041582830570263E+20
  0.000000000000000E+00  1.232487408257598E+00 -7.977471088330580E-01  4.223283159635820E+00  7.161040055118279E+01  2.387013351706059E+01  2.387013351706059E+01  7.161040055118178E+01  1.008970684779342E-12  3.000000000000042E+00  1.405540865545533E+03 -2.336262895561061E+02  1.171914575989427E+03  1.237129867424300E+21 -2.056333385320653E+20
  0.000000000000000E+00  1.233581984878779E+00 -7.994574547350525E-01  4.225276965721710E+00  7.275545867564817E+01  2.425181955854898E+01  2.425181955854898E+01  7.275545867564696E+01  1.207922650792170E-12  3.000000000000050E+00  1.419524304775712E+03 -2.341074388627257E+02  1.185416865912987E+03  1.252032757241107E+21 -2.064847929576410E+20
  0.000000000000000E+00  1.234676561499959E+00 -8.011678006370470E-01  4.227266288787454E+00  7.390005265865561E+01  2.463335088621810E+01  2.463335088621810E+01  7.390005265865432E+01  1.293187779083382E-12  3.000000000000052E+00  1.433730572949085E+03 -2.338513633957999E+02  1.199879209553285E+03  1.267317081051178E+21 -2.067081729651641E+20
  0.000000000000000E+00  1.235754668182278E+00 -8.028524112073216E-01  4.229221295873661E+00  7.502656468205659E+01  2.500885489401837E+01  2.500885489401837E+01  7.502656468205512E+01  1.463718035665806E-12  3.000000000000058E+00  1.447914126335092E+03 -2.339005278356025E+02  1.214013598499490E+03  1.282773764680487E+21 -2.072232428672293E+20
  0.000000000000000E+00  1.236832774864597E+00 -8.045370217775961E-01  4.231171952837276E+00  7.614677458463302E+01  2.538225819487708E+01  2.538225819487708E+01  7.614677458463126E+01  1.762145984685048E-12  3.000000000000069E+00  1.462403457841905E+03 -2.316373991365680E+02  1.230766058705337E+03  1.298762495548330E+21 -2.057174885300746E+20
  0.000000000000000E+00  1.237910881546916E+00 -8.062216323478708E-01  4.233118259386258E+00  7.724956973468876E+01  2.574985657822889E+01  2.574985657822889E+01  7.724956973468669E+01  2.074784788419493E-12  3.000000000000081E+00  1.477297666805657E+03 -2.270559313551361E+02  1.250241735450521E+03  1.315347714144292E+21 -2.021647410685113E+20
  0.000000000000000E+00  1.238988988229235E+00 -8.079062429181454E-01  4.235060215361706E+00  7.832383750052766E+01  2.610794583350847E+01  2.610794583350847E+01  7.832383750052543E+01  2.231104190286715E-12  3.000000000000086E+00  1.492695301466440E+03 -2.201500785477578E+02  1.272545222918682E+03  1.332593262074085E+21 -1.965374387054158E+20
  0.000000000000000E+00  1.240093494241621E+00 -8.095118052055725E-01  4.236983599751155E+00  7.941409589065670E+01  2.647136529688489E+01  2.647136529688489E+01  7.941409589065466E+01  2.032152224273887E-12  3.000000000000077E+00  1.637703342482206E+03 -2.411651853041589E+02  1.396538157178047E+03  1.466748253829293E+21 -2.159906530404705E+20
  0.000000000000000E+00  1.241222893723803E+00 -8.111120678835595E-01  4.238925086097145E+00  8.053632269062270E+01  2.684544089687371E+01  2.684544089687371E+01  8.053632269062113E+01  1.563194018672220E-12  3.000000000000058E+00  1.587590370732943E+03 -2.321340099888202E+02  1.355456360744123E+03  1.427348571779571E+21 -2.087038027737842E+20
  0.000000000000000E+00  1.242228241833402E+00 -8.127688960184438E-01  4.240767910046678E+00  8.153167392287669E+01  2.717722464095852E+01  2.717722464095852E+01  8.153167392287558E+01  1.108446667785756E-12  3.000000000000041E+00  1.317324451765003E+03 -1.907653347887563E+02  1.126559116976247E+03  1.188696729869690E+21 -1.721384047279062E+20
  0.000000000000000E+00  1.242960593728041E+00 -8.145441546765627E-01  4.242394877173786E+00  8.224130560986976E+01  2.741376853662294E+01  2.741376853662294E+01  8.224130560986883E+01  9.237055564881302E-13  3.000000000000034E+00  7.786353620777087E+02 -1.111113970477802E+02  6.675239650299284E+02  7.044624238744873E+20 -1.005269062985968E+20
  0.000000000000000E+00  1.243441993900649E+00 -8.161791498125214E-01  4.243697430171821E+00  8.270397602094276E+01  2.756799200698056E+01  2.756799200698056E+01  8.270397602094170E+01  1.065814103640150E-12  3.000000000000039E+00  7.922218051408368E+02 -1.160506608332914E+02  6.761711443075453E+02  7.178112685649590E+20 -1.051504408613667E+20
  0.000000000000000E+00  1.243923394073257E+00 -8.178141449484797E-01  4.244996387257832E+00  8.318757928335054E+01  2.772919309444973E+01  2.772919309444973E+01  8.318757928334921E+01  1.335820343228988E-12  3.000000000000048E+00  8.059311082036901E+02 -1.214773616308831E+02  6.844537465728069E+02  7.311244530017310E+20 -1.102018133689236E+20
  0.000000000000000E+00  1.244404794245865E+00 -8.194491400844383E-01  4.246291758936628E+00  8.369408508340980E+01  2.789802836113606E+01  2.789802836113606E+01  8.369408508340820E+01  1.605826582817826E-12  3.000000000000057E+00  8.197605188736939E+02 -1.273920609555042E+02  6.923684579181896E+02  7.444732263009760E+20 -1.156922984714850E+20
  0.000000000000000E+00  1.244886194418473E+00 -8.210841352203969E-01  4.247583555703240E+00  8.422546310743726E+01  2.807515436914517E+01  2.807515436914517E+01  8.422546310743553E+01  1.733724275254644E-12  3.000000000000062E+00  8.337071524178164E+02 -1.337953203221107E+02  6.999118320957057E+02  7.579341702802978E+20 -1.216350906929781E+20
  0.000000000000000E+00  1.245360529122968E+00 -8.226951336761409E-01  4.248852906492864E+00  8.477451959104945E+01  2.825817319701618E+01  2.825817319701618E+01  8.477451959104854E+01  9.094947017729282E-13  3.000000000000032E+00  8.475707723283007E+02 -1.401184448561204E+02  7.074523274721803E+02  7.713272400772622E+20 -1.275140399873610E+20
  0.000000000000000E+00  1.245834863827463E+00 -8.243061321318849E-01  4.250118806737050E+00  8.534867391745004E+01  2.844955797248364E+01  2.844955797248364E+01  8.534867391745094E+01 -8.952838470577262E-13  2.999999999999968E+00  8.615620011371436E+02 -1.464253725596976E+02  7.151366285774460E+02  7.848233626801762E+20 -1.333833817210177E+20
  0.000000000000000E+00  1.246309198531959E+00 -8.259171305876289E-01  4.251381266445695E+00  8.594784204828454E+01  2.864928068276242E+01  2.864928068276242E+01  8.594784204828726E+01 -2.714273250603583E-12  2.999999999999905E+00  8.756796847684578E+02 -1.527160794753326E+02  7.229636052931252E+02  7.984360063606777E+20 -1.392449987412755E+20
  0.000000000000000E+00  1.246783533236454E+00 -8.275281290433729E-01  4.252640295618227E+00  8.657193994519854E+01  2.885731331506735E+01  2.885731331506735E+01  8.657193994520208E+01 -3.538502824085299E-12  2.999999999999877E+00  8.899226010646706E+02 -1.589905416455030E+02  7.309320594191676E+02  8.121795852287752E+20 -1.451012391577177E+20
  0.000000000000000E+00  1.247250967852664E+00 -8.291156925038161E-01  4.253877663529805E+00  8.721116466541365E+01  2.907038822180554E+01  2.907038822180554E+01  8.721116466541662E+01 -2.970068635477219E-12  2.999999999999897E+00  9.040874068223646E+02 -1.650669794364276E+02  7.390204273859371E+02  8.258618183423856E+20 -1.507846639129638E+20
  0.000000000000000E+00  1.247718402468875E+00 -8.307032559642594E-01  4.255111719235249E+00  8.787361080977088E+01  2.929120360325754E+01  2.929120360325754E+01  8.787361080977263E+01 -1.747935129969846E-12  2.999999999999940E+00  9.183808461542575E+02 -1.708900894616577E+02  7.474907566925999E+02  8.396777623246149E+20 -1.562452097335183E+20
  0.000000000000000E+00  1.248185837085086E+00 -8.322908194247027E-01  4.256342472272416E+00  8.855826187773481E+01  2.951942062591178E+01  2.951942062591178E+01  8.855826187773535E+01 -5.542233338928781E-13  2.999999999999981E+00  9.328051319180080E+02 -1.764595819388736E+02  7.563455499791345E+02  8.536323772911886E+20 -1.614824010633018E+20
  0.000000000000000E+00  1.248653271701296E+00 -8.338783828851459E-01  4.257569932168204E+00  8.926410136877004E+01  2.975470045625667E+01  2.975470045625667E+01  8.926410136877004E+01  0.000000000000000E+00  3.000000000000000E+00  9.473625432946609E+02 -1.817751670857763E+02  7.655873762088845E+02  8.677308702508459E+20 -1.664958415780154E+20
  0.000000000000000E+00  1.249113994149877E+00 -8.354431495913452E-01  4.258776552966388E+00  8.997932555573377E+01  2.999310851857790E+01  2.999310851857790E+01  8.997932555573371E+01  5.684341886080801E-14  3.000000000000002E+00  9.618380343388225E+02 -1.866458802226923E+02  7.751921541161302E+02  8.817659545090203E+20 -1.711077924287650E+20
  0.000000000000000E+00  1.249574716598457E+00 -8.370079162975446E-01  4.259979992865534E+00  9.071265732492691E+01  3.023755244164224E+01  3.023755244164224E+01  9.071265732492674E+01  1.705302565824240E-13  3.000000000000006E+00  9.764559887302523E+02 -1.912430615872013E+02  7.852129271430509E+02  8.959530021425955E+20 -1.754762090105103E+20
  0.000000000000000E+00  1.250035439047037E+00 -8.385726830037439E-01  4.261180260955282E+00  9.146302161813550E+01  3.048767387271176E+01  3.048767387271176E+01  9.146302161813529E+01  2.131628207280301E-13  3.000000000000008E+00  9.912166794071873E+02 -1.955664047034771E+02  7.956502747037100E+02  9.102923008343786E+20 -1.796000775631668E+20
  0.000000000000000E+00  1.250496161495617E+00 -8.401374497099432E-01  4.262377366313974E+00  9.222934337714558E+01  3.074311445904844E+01  3.074311445904844E+01  9.222934337714531E+01  2.700062395888381E-13  3.000000000000008E+00  1.006120339714167E+03 -1.996156030956660E+02  8.065047366185011E+02  9.247840881594320E+20 -1.834783834542742E+20
  0.000000000000000E+00  1.250950349126251E+00 -8.416800220004305E-01  4.263554405183498E+00  9.299927140330915E+01  3.099975713443621E+01  3.099975713443621E+01  9.299927140330865E+01  4.973799150320701E-13  3.000000000000016E+00  1.020956764181243E+03 -2.033103139956303E+02  8.176464501856126E+02  9.392238791904955E+20 -1.870342687268928E+20
  0.000000000000000E+00  1.251404536756886E+00 -8.432225942909177E-01  4.264728387891848E+00  9.378277791860414E+01  3.126092597286767E+01  3.126092597286767E+01  9.378277791860303E+01  1.108446667785756E-12  3.000000000000036E+00  1.035938436399486E+03 -2.068708889626124E+02  8.290675474368738E+02  9.538198910331958E+20 -1.904722924019089E+20
  0.000000000000000E+00  1.251858724387521E+00 -8.447651665814048E-01  4.265899323103022E+00  9.457934055891521E+01  3.152644685297117E+01  3.152644685297117E+01  9.457934055891353E+01  1.676880856393836E-12  3.000000000000053E+00  1.051062518678124E+03 -2.102971790819334E+02  8.407653395961908E+02  9.685716860901520E+20 -1.937923669655353E+20
  0.000000000000000E+00  1.252312912018156E+00 -8.463077388718920E-01  4.267067219469519E+00  9.538843696012695E+01  3.179614565337500E+01  3.179614565337500E+01  9.538843696012501E+01  1.946887095982675E-12  3.000000000000061E+00  1.066326010436017E+03 -2.135890354388580E+02  8.527369749971593E+02  9.834787756491587E+20 -1.969944285421677E+20
  0.000000000000000E+00  1.252760801208534E+00 -8.478289195639311E-01  4.268215952548064E+00  9.619810277013303E+01  3.206603425671035E+01  3.206603425671035E+01  9.619810277013106E+01  1.975308805413079E-12  3.000000000000062E+00  1.081516734939839E+03 -2.167395853481480E+02  8.647771495916910E+02  9.983360709847210E+20 -2.000699009760252E+20
  0.000000000000000E+00  1.253208690398911E+00 -8.493501002559704E-01  4.269361747157628E+00  9.701934522607391E+01  3.233978174202396E+01  3.233978174202396E+01  9.701934522607188E+01  2.032152224273887E-12  3.000000000000063E+00  1.096849793766114E+03 -2.198979566016316E+02  8.769518371644823E+02  1.013355428746274E+21 -2.031588913622861E+20
  0.000000000000000E+00  1.253656579589288E+00 -8.508712809480096E-01  4.270504611561767E+00  9.785218547679480E+01  3.261739515893090E+01  3.261739515893090E+01  9.785218547679271E+01  2.088995643134695E-12  3.000000000000064E+00  1.112325070024454E+03 -2.230641552283946E+02  8.892609147960596E+02  1.028538338649680E+21 -2.062616781853736E+20
  0.000000000000000E+00  1.254104468779665E+00 -8.523924616400488E-01  4.271644554012445E+00  9.869664467114092E+01  3.289888155704626E+01  3.289888155704626E+01  9.869664467113880E+01  2.117417352565099E-12  3.000000000000064E+00  1.127942389528398E+03 -2.262381872575094E+02  9.017042022708887E+02  1.043886297136320E+21 -2.093785513866698E+20
  0.000000000000000E+00  1.254546344185862E+00 -8.538932175203749E-01  4.272766335188260E+00  9.954127329472509E+01  3.318042443157435E+01  3.318042443157435E+01  9.954127329472308E+01  2.003730514843483E-12  3.000000000000061E+00  1.143492370713642E+03 -2.294399541328464E+02  9.140524165807960E+02  1.059193525911949E+21 -2.125255228868541E+20
  0.000000000000000E+00  1.254988219592058E+00 -8.553939734007011E-01  4.273885288271416E+00  1.003975730469712E+02  3.346585768232318E+01  3.346585768232318E+01  1.003975730469695E+02  1.662670001678634E-12  3.000000000000050E+00  1.159197651559873E+03 -2.326973985221154E+02  9.265002530377574E+02  1.074678954287394E+21 -2.157311107149250E+20
  0.000000000000000E+00  1.255430094998255E+00 -8.568947292810273E-01  4.275001421151781E+00  1.012657420778972E+02  3.375524735929861E+01  3.375524735929861E+01  1.012657420778959E+02  1.364242052659392E-12  3.000000000000041E+00  1.175057707253393E+03 -2.360105769136090E+02  9.390471303397844E+02  1.090344463648933E+21 -2.189959048920584E+20
  0.000000000000000E+00  1.255871970404452E+00 -8.583954851613534E-01  4.276114741707607E+00  1.021459785375209E+02  3.404865951250655E+01  3.404865951250655E+01  1.021459785375197E+02  1.236344360222574E-12  3.000000000000036E+00  1.191071930250881E+03 -2.393795457955954E+02  9.516923844552857E+02  1.106191952230455E+21 -2.223205168069852E+20
  0.000000000000000E+00  1.256308132415238E+00 -8.598768364501608E-01  4.277210916829936E+00  1.030269267399449E+02  3.434230891331456E+01  3.434230891331456E+01  1.030269267399437E+02  1.222133505507372E-12  3.000000000000036E+00  1.207042137815459E+03 -2.427861136000666E+02  9.642560242153927E+02  1.122024919341781E+21 -2.256856334961419E+20
  0.000000000000000E+00  1.256744294426023E+00 -8.613581877389681E-01  4.278304367101886E+00  1.039200103335456E+02  3.464000344451479E+01  3.464000344451479E+01  1.039200103335444E+02  1.222133505507372E-12  3.000000000000035E+00  1.223173712890641E+03 -2.461912904245438E+02  9.769824224660972E+02  1.138049367852212E+21 -2.290580965611561E+20
  0.000000000000000E+00  1.257180456436809E+00 -8.628395390277755E-01  4.279395100065910E+00  1.048252158101114E+02  3.494173860337008E+01  3.494173860337008E+01  1.048252158101103E+02  1.193711796076968E-12  3.000000000000034E+00  1.239457988398204E+03 -2.495950724181370E+02  9.898629159800671E+02  1.154262912690621E+21 -2.324389676611025E+20
  0.000000000000000E+00  1.257616618447595E+00 -8.643208903165829E-01  4.280483123252883E+00  1.057425296614310E+02  3.524750988714325E+01  3.524750988714325E+01  1.057425296614298E+02  1.165290086646564E-12  3.000000000000033E+00  1.255885953800217E+03 -2.529974557299432E+02  1.002888498070273E+03  1.170663079090223E+21 -2.358293598480060E+20
  0.000000000000000E+00  1.258047500054416E+00 -8.657843075968681E-01  4.281555320852464E+00  1.066605729660289E+02  3.555352432200922E+01  3.555352432200922E+01  1.066605729660276E+02  1.222133505507372E-12  3.000000000000034E+00  1.272249755609632E+03 -2.563218548864600E+02  1.015927900723172E+03  1.187048007247881E+21 -2.391561450222135E+20
  0.000000000000000E+00  1.258478381661237E+00 -8.672477248771533E-01  4.282624888466014E+00  1.075901438462214E+02  3.586338128207339E+01  3.586338128207339E+01  1.075901438462202E+02  1.165290086646564E-12  3.000000000000033E+00  1.288741765197523E+03 -2.595696221058141E+02  1.029172143091709E+03  1.203627846808297E+21 -2.424265541702061E+20
  0.000000000000000E+00  1.258909263268058E+00 -8.687111421574385E-01  4.283691833320159E+00  1.085309582030411E+02  3.617698606767998E+01  3.617698606767997E+01  1.085309582030399E+02  1.165290086646564E-12  3.000000000000032E+00  1.305353297125630E+03 -2.627406763975280E+02  1.042612620728102E+03  1.220419365406859E+21 -2.456452289672959E+20
  0.000000000000000E+00  1.259340144874879E+00 -8.701745594377237E-01  4.284756162630009E+00  1.094827319375206E+02  3.649424397917313E+01  3.649424397917313E+01  1.094827319375194E+02  1.165290086646564E-12  3.000000000000032E+00  1.322075367376776E+03 -2.658349367711442E+02  1.056240430605631E+03  1.237440210537789E+21 -2.488170101671945E+20
  0.000000000000000E+00  1.259766254604327E+00 -8.716217698349644E-01  4.285806139632669E+00  1.104343649855699E+02  3.681145499518958E+01  3.681145499518958E+01  1.104343649855687E+02  1.108446667785756E-12  3.000000000000030E+00  1.338722484908917E+03 -2.687649265174819E+02  1.069957558391435E+03  1.254538425943516E+21 -2.518639461598399E+20
  0.000000000000000E+00  1.260192364333774E+00 -8.730689802322051E-01  4.286853572703231E+00  1.113959871774393E+02  3.713199572581276E+01  3.713199572581276E+01  1.113959871774383E+02  9.663381206337363E-13  3.000000000000026E+00  1.355486859111597E+03 -2.716294043577612E+02  1.083857454753836E+03  1.271949474262151E+21 -2.548891387213005E+20
  0.000000000000000E+00  1.260618474063222E+00 -8.745161906294459E-01  4.287898468785865E+00  1.123673585662210E+02  3.745578618874003E+01  3.745578618874004E+01  1.123673585662201E+02  8.384404281969182E-13  3.000000000000023E+00  1.372374027530000E+03 -2.744283018883025E+02  1.097945725641697E+03  1.289709412455882E+21 -2.578981800075571E+20
  0.000000000000000E+00  1.261044583792670E+00 -8.759634010266865E-01  4.288940834813298E+00  1.133482392050070E+02  3.778274640166872E+01  3.778274640166872E+01  1.133482392050062E+02  7.958078640513122E-13  3.000000000000021E+00  1.389389659963895E+03 -2.771615507054394E+02  1.112228109258456E+03  1.307855745313594E+21 -2.608968073647199E+20
  0.000000000000000E+00  1.261466462289790E+00 -8.773962407513168E-01  4.289970364538092E+00  1.143285313276301E+02  3.810951044254288E+01  3.810951044254288E+01  1.143285313276287E+02  1.406874616804998E-12  3.000000000000037E+00  1.406390218509118E+03 -2.798232328943841E+02  1.126566985614734E+03  1.326259023701424E+21 -2.638798839634251E+20
  0.000000000000000E+00  1.261888340786909E+00 -8.788290804759474E-01  4.290997427694915E+00  1.153178483137968E+02  3.843928277126470E+01  3.843928277126470E+01  1.153178483137941E+02  2.671640686457977E-12  3.000000000000069E+00  1.423566368075393E+03 -2.824773499431263E+02  1.141089018132267E+03  1.345122391068115E+21 -2.669117625276460E+20
  0.000000000000000E+00  1.262310219284029E+00 -8.802619202005779E-01  4.292022030978294E+00  1.163161575022898E+02  3.877205250076194E+01  3.877205250076194E+01  1.163161575022858E+02  3.964828465541359E-12  3.000000000000102E+00  1.440912379148060E+03 -2.851238925406744E+02  1.155788486607386E+03  1.364432393870939E+21 -2.699902373516204E+20
  0.000000000000000E+00  1.262732097781149E+00 -8.816947599252084E-01  4.293044181071393E+00  1.173234262318918E+02  3.910780874396240E+01  3.910780874396240E+01  1.173234262318872E+02  4.547473508864641E-12  3.000000000000116E+00  1.458422304979135E+03 -2.877628513760111E+02  1.170659453603124E+03  1.384174642937056E+21 -2.731129664529080E+20
  0.000000000000000E+00  1.263150428341411E+00 -8.831155496759620E-01  4.294055319269495E+00  1.183311867679935E+02  3.944372892266315E+01  3.944372892266315E+01  1.183311867679895E+02  3.979039320256561E-12  3.000000000000101E+00  1.475944476801512E+03 -2.904608543681609E+02  1.185483622433351E+03  1.404162212508791E+21 -2.763343488371884E+20
  0.000000000000000E+00  1.263568758901674E+00 -8.845363394267155E-01  4.295064058419312E+00  1.193480411533710E+02  3.978268038445606E+01  3.978268038445606E+01  1.193480411533682E+02  2.756905814749189E-12  3.000000000000069E+00  1.493609950219706E+03 -2.931738723050921E+02  1.200436077914614E+03  1.424530281634312E+21 -2.796145398075057E+20
  0.000000000000000E+00  1.263987089461937E+00 -8.859571291774692E-01  4.296070405003169E+00  1.203740356939562E+02  4.012467856465156E+01  4.012467856465156E+01  1.203740356939547E+02  1.506350599811412E-12  3.000000000000038E+00  1.511391168446609E+03 -2.959019183876170E+02  1.215489250058992E+03  1.445241055994803E+21 -2.829509725407097E+20
  0.000000000000000E+00  1.264405420022199E+00 -8.873779189282227E-01  4.297074365492068E+00  1.214092166956812E+02  4.046973889856010E+01  4.046973889856010E+01  1.214092166956803E+02  9.237055564881302E-13  3.000000000000023E+00  1.529259822092306E+03 -2.986450058165641E+02  1.230614816275742E+03  1.466254962003692E+21 -2.863409574555131E+20
  0.000000000000000E+00  1.264821036209088E+00 -8.887894897639961E-01  4.298069455159479E+00  1.224475117440153E+02  4.081583724800466E+01  4.081583724800466E+01  1.224475117440140E+02  1.335820343228988E-12  3.000000000000032E+00  1.547086281584534E+03 -3.017206172526925E+02  1.245365664331841E+03  1.487402027105254E+21 -2.900806910791431E+20
  0.000000000000000E+00  1.265236652395978E+00 -8.902010605997692E-01  4.299062202295715E+00  1.234954775130429E+02  4.116515917101353E+01  4.116515917101353E+01  1.234954775130406E+02  2.287947609147523E-12  3.000000000000056E+00  1.564975913227972E+03 -3.044364804030430E+02  1.260539432824929E+03  1.508840768315611E+21 -2.935164491108142E+20
  0.000000000000000E+00  1.265652268582867E+00 -8.916126314355424E-01  4.300052613212945E+00  1.245518636508827E+02  4.151728788362645E+01  4.151728788362645E+01  1.245518636508794E+02  3.282707439211663E-12  3.000000000000079E+00  1.582899558844329E+03 -3.067922388193782E+02  1.276107320024951E+03  1.530608982790418E+21 -2.966574562255623E+20
  0.000000000000000E+00  1.266067884769756E+00 -8.930242022713156E-01  4.301040694211996E+00  1.256154198056535E+02  4.187180660188324E+01  4.187180660188324E+01  1.256154198056498E+02  3.709033080667723E-12  3.000000000000088E+00  1.600827349891588E+03 -3.087875360534065E+02  1.292039813838181E+03  1.552746228640792E+21 -2.995130499804869E+20
  0.000000000000000E+00  1.266274783037845E+00 -8.937268976196184E-01  4.301531705031740E+00  1.261470049539151E+02  4.204900165130068E+01  4.204900165130067E+01  1.261470049539020E+02  1.301714291912504E-11  3.000000000000310E+00  1.609745217274720E+03 -3.094546439632079E+02  1.300290573311512E+03  1.563917028056370E+21 -3.006447119156678E+20
  0.000000000000000E+00  1.266481681305934E+00 -8.944295929679211E-01  4.302022140794827E+00  1.266794824883953E+02  4.222649416278727E+01  4.222649416278727E+01  1.266794824883618E+02  3.350919541844632E-11  3.000000000000794E+00  1.618653154813047E+03 -3.099266275793896E+02  1.308726527233657E+03  1.575147572277451E+21 -3.015965301548481E+20
  0.000000000000000E+00  1.266688579574023E+00 -8.951322883162239E-01  4.302512002275389E+00  1.272125166138363E+02  4.240417220459413E+01  4.240417220459413E+01  1.272125166137824E+02  5.394440449890681E-11  3.000000000001272E+00  1.627543717393585E+03 -3.102033911740028E+02  1.317340326219582E+03  1.586369584247954E+21 -3.023557643521077E+20
  0.000000000000000E+00  1.266895477842112E+00 -8.958349836645267E-01  4.303001290246844E+00  1.277457715349802E+02  4.258192384497232E+01  4.258192384497232E+01  1.277457715349170E+02  6.323830348264892E-11  3.000000000001485E+00  1.636409374292254E+03 -3.102848390190694E+02  1.326124535273185E+03  1.597513309416066E+21 -3.029096311901585E+20
  0.000000000000000E+00  1.267102376110200E+00 -8.965376790128295E-01  4.303490005481899E+00  1.282787846639232E+02  4.275959488795805E+01  4.275959488795805E+01  1.282787846638742E+02  4.899902705801651E-11  3.000000000001146E+00  1.645242958429188E+03 -3.100484804633550E+02  1.335194477965833E+03  1.608573651779234E+21 -3.031380951319885E+20
  0.000000000000000E+00  1.267309274378289E+00 -8.972403743611325E-01  4.303978148752552E+00  1.288112665030255E+02  4.293708883433592E+01  4.293708883433592E+01  1.288112665030078E+02  1.767830326571129E-11  3.000000000000412E+00  1.654043817724312E+03 -3.097676984601737E+02  1.344276119264139E+03  1.619622191924141E+21 -3.033212502541965E+20
  0.000000000000000E+00  1.267516172646378E+00 -8.979430697094352E-01  4.304465720830080E+00  1.293431408924252E+02  4.311438029747961E+01  4.311438029747961E+01  1.293431408924388E+02 -1.367084223602433E-11  2.999999999999683E+00  1.662812814988782E+03 -3.094424712978977E+02  1.353370343690884E+03  1.630702490204299E+21 -3.034668749072987E+20
  0.000000000000000E+00  1.267723070914467E+00 -8.986457650577380E-01  4.304952722485044E+00  1.298743316722603E+02  4.329144389076273E+01  4.329144389076273E+01  1.298743316722882E+02 -2.788169695122633E-11  2.999999999999356E+00  1.671550830642497E+03 -3.090727772650952E+02  1.362478053377402E+03  1.641859032928269E+21 -3.035827100692310E+20
  0.000000000000000E+00  1.267929969182556E+00 -8.993484604060408E-01  4.305439154487287E+00  1.304048193724102E+02  4.346827312414418E+01  4.346827312414418E+01  1.304048193724326E+02 -2.239630703115836E-11  2.999999999999485E+00  1.680267799380353E+03 -3.087930194225876E+02  1.371474779957766E+03  1.653157004705693E+21 -3.038107040145190E+20
  0.000000000000000E+00  1.268136867450645E+00 -9.000511557543436E-01  4.305925017605929E+00  1.309350543368235E+02  4.364501811227792E+01  4.364501811227792E+01  1.309350543368338E+02 -1.026023710437585E-11  2.999999999999765E+00  1.688984895697859E+03 -3.088792539397034E+02  1.380105641758156E+03  1.664574117795251E+21 -3.044150441733219E+20
  0.000000000000000E+00  1.268343765718734E+00 -9.007538511026463E-01  4.306410312609367E+00  1.314656651267424E+02  4.382188837558015E+01  4.382188837558015E+01  1.314656651267405E+02  1.875832822406664E-12  3.000000000000043E+00  1.697729851034318E+03 -3.093316600056914E+02  1.388398191028627E+03  1.676032638129084E+21 -3.053783603205949E+20
  0.000000000000000E+00  1.268550663986823E+00 -9.014565464509491E-01  4.306895040265271E+00  1.319972803034087E+02  4.399909343446711E+01  4.399909343446711E+01  1.319972803034014E+02  7.361222742474638E-12  3.000000000000167E+00  1.706530722883938E+03 -3.101504168097102E+02  1.396380306074228E+03  1.687453143949087E+21 -3.066831958689907E+20
  0.000000000000000E+00  1.268757562254912E+00 -9.021592417992520E-01  4.307379201340586E+00  1.325312491247824E+02  4.417708304158267E+01  4.417708304158267E+01  1.325312491247480E+02  3.436184670135844E-11  3.000000000000778E+00  1.715445671524359E+03 -3.121619252931745E+02  1.403283746231185E+03  1.699633644446659E+21 -3.092845897428293E+20
  0.000000000000000E+00  1.268964460523001E+00 -9.028619371475547E-01  4.307862796601526E+00  1.330688266952732E+02  4.435627556505983E+01  4.435627556505983E+01  1.330688266951795E+02  9.367795428261161E-11  3.000000000002113E+00  1.724534935884100E+03 -3.144581002820741E+02  1.410076835602026E+03  1.713414544423785E+21 -3.124303668333395E+20
  0.000000000000000E+00  1.269171358791090E+00 -9.035646324958574E-01  4.308345826813572E+00  1.336105003457986E+02  4.453683344854851E+01  4.453683344854851E+01  1.336105003456456E+02  1.530509052827256E-10  3.000000000003436E+00  1.733830123762351E+03 -3.170390807038554E+02  1.416791043058496E+03  1.728778677958867E+21 -3.161153998242738E+20
  0.000000000000000E+00  1.269378257059179E+00 -9.042673278441602E-01  4.308828292741477E+00  1.341567574072761E+02  4.471891913569867E+01  4.471891913569867E+01  1.341567574070960E+02  1.800515292416094E-10  3.000000000004026E+00  1.743363187667945E+03 -3.199050054860579E+02  1.423458182181887E+03  1.745709036335368E+21 -3.203354658377103E+20
  0.000000000000000E+00  1.269585155327267E+00 -9.049700231924630E-01  4.309310195149255E+00  1.347079449648894E+02  4.490264832159976E+01  4.490264832159976E+01  1.347079449647993E+02  9.009681889438070E-11  3.000000000002006E+00  1.753158428694429E+03 -3.226961481423543E+02  1.430462280552075E+03  1.765009523873414E+21 -3.248775270200035E+20
  0.000000000000000E+00  1.269792053595356E+00 -9.056727185407659E-01  4.309791534800183E+00  1.352630634617732E+02  4.508768782062695E+01  4.508768782062695E+01  1.352630634618809E+02 -1.077182787412312E-10  2.999999999997611E+00  1.763202157788696E+03 -3.245943499034894E+02  1.438607807885207E+03  1.786864930730751E+21 -3.289505165325462E+20
  0.000000000000000E+00  1.269998951863445E+00 -9.063754138890686E-01  4.310272312456802E+00  1.358205802657706E+02  4.527352675535870E+01  4.527352675535870E+01  1.358205802660761E+02 -3.055333763768431E-10  2.999999999993251E+00  1.773469292248745E+03 -3.255991738491681E+02  1.447870118399577E+03  1.810313762550371E+21 -3.323636152429674E+20
  0.000000000000000E+00  1.270205850131534E+00 -9.070781092373714E-01  4.310752528880911E+00  1.363789627447249E+02  4.545965424837345E+01  4.545965424837345E+01  1.363789627451204E+02 -3.954880867240718E-10  2.999999999991300E+00  1.783934440418481E+03 -3.257101830591400E+02  1.458224257359341E+03  1.834372052552601E+21 -3.349190662496099E+20
  0.000000000000000E+00  1.270412748399623E+00 -9.077808045856742E-01  4.311232184833568E+00  1.369362530339768E+02  4.564541767810194E+01  4.564541767810194E+01  1.369362530343058E+02 -3.290097083663568E-10  2.999999999992792E+00  1.794578544548682E+03 -3.241683769979581E+02  1.470410167550724E+03  1.862444186340990E+21 -3.364274642474773E+20
  0.000000000000000E+00  1.270619646667712E+00 -9.084834999339770E-01  4.311711281075085E+00  1.374886949173712E+02  4.582956497251799E+01  4.582956497251799E+01  1.374886949175540E+02 -1.828084350563586E-10  2.999999999996011E+00  1.805327091596708E+03 -3.201574075719797E+02  1.485169684024729E+03  1.892893372846491E+21 -3.356864458975796E+20
  0.000000000000000E+00  1.270826544935801E+00 -9.091861952822797E-01  4.312189818365030E+00  1.380320582355076E+02  4.601068607851474E+01  4.601068607851475E+01  1.380320582355443E+02 -3.666400516522117E-11  2.999999999999203E+00  1.816070270314595E+03 -3.136760688542733E+02  1.502394201460322E+03  1.916999253421146E+21 -3.311087680024390E+20
  0.000000000000000E+00  1.271033443203890E+00 -9.098888906305825E-01  4.312667797462225E+00  1.385621128289857E+02  4.618737094298530E+01  4.618737094298530E+01  1.385621128289559E+02  2.978595148306340E-11  3.000000000000645E+00  1.826697039046165E+03 -3.047231549179260E+02  1.521973884128239E+03  1.925832840955888E+21 -3.212606396116240E+20
  0.000000000000000E+00  1.271240341471979E+00 -9.105915859788853E-01  4.313145219124738E+00  1.390732452026585E+02  4.635774840087671E+01  4.635774840087671E+01  1.390732452026301E+02  2.836486601154320E-11  3.000000000000612E+00  1.837050779889562E+03 -2.920931299138826E+02  1.544957649975680E+03  1.960931981552905E+21 -3.117903796183866E+20
  0.000000000000000E+00  1.271447239740068E+00 -9.112942813271881E-01  4.313622084109894E+00  1.395626578310433E+02  4.652088594367270E+01  4.652088594367270E+01  1.395626578310181E+02  2.512479113647714E-11  3.000000000000540E+00  1.847024900148961E+03 -2.794553541859465E+02  1.567569545963015E+03  2.048057926050400E+21 -3.098717039881762E+20
  0.000000000000000E+00  1.271654138008157E+00 -9.119969766754908E-01  4.314098393174259E+00  1.400303445092363E+02  4.667678150307141E+01  4.667678150307141E+01  1.400303445092142E+02  2.202682480856311E-11  3.000000000000472E+00  1.856582114295438E+03 -2.668098259652181E+02  1.589772288330220E+03  2.153862787866305E+21 -3.095320972655458E+20
  0.000000000000000E+00  1.271861036276246E+00 -9.126996720237937E-01  4.314574147073647E+00  1.404762990323336E+02  4.682543301077097E+01  4.682543301077097E+01  1.404762990323129E+02  2.066258275590371E-11  3.000000000000441E+00  1.865684770985191E+03 -2.541565434828253E+02  1.611528227502366E+03  2.244250491668470E+21 -3.057273964727115E+20
  0.000000000000000E+00  1.272067934544335E+00 -9.134023673720966E-01  4.315049346563117E+00  1.409021191906752E+02  4.696737306354719E+01  4.696737306354719E+01  1.409021191906416E+02  3.359446054673754E-11  3.000000000000715E+00  1.874332515862552E+03 -2.433444774748777E+02  1.630988038387674E+03  2.312185623320111E+21 -3.001909200048352E+20
  0.000000000000000E+00  1.272274832812424E+00 -9.141050627203993E-01  4.315523992396972E+00  1.413092296550201E+02  4.710307655165278E+01  4.710307655165278E+01  1.413092296549584E+02  6.178879630169831E-11  3.000000000001312E+00  1.882559938895552E+03 -2.323735135714725E+02  1.650186425324079E+03  2.370678938414653E+21 -2.926244116256346E+20
  0.000000000000000E+00  1.272481731080513E+00 -9.148077580687020E-01  4.315998085328753E+00  1.416973645410936E+02  4.723245484700116E+01  4.723245484700116E+01  1.416973645410035E+02  9.009681889438070E-11  3.000000000001907E+00  1.890381076709506E+03 -2.212435759747275E+02  1.669137500734779E+03  2.415140782403439E+21 -2.826596127969221E+20
  0.000000000000000E+00  1.272688629348602E+00 -9.155104534170048E-01  4.316471626111245E+00  1.420662579646204E+02  4.735541932150580E+01  4.735541932150580E+01  1.420662579645174E+02  1.030002749757841E-10  3.000000000002176E+00  1.897810161539383E+03 -2.099545888868026E+02  1.687855572652580E+03  2.440925304860883E+21 -2.700393744702926E+20
  0.000000000000000E+00  1.272895527616691E+00 -9.162131487653076E-01  4.316944615496465E+00  1.424129305118070E+02  4.747097683722248E+01  4.747097683722248E+01  1.424129305116675E+02  1.395505933032837E-10  3.000000000002940E+00  1.904862925394198E+03 -1.955535610286171E+02  1.709309364365580E+03  2.454917015192148E+21 -2.520222100764661E+20
  0.000000000000000E+00  1.273102425884780E+00 -9.169158441136104E-01  4.317417054235673E+00  1.427359072496870E+02  4.757863574982235E+01  4.757863574982235E+01  1.427359072494671E+02  2.198987658630358E-10  3.000000000004622E+00  1.911582199312738E+03 -1.823119268762371E+02  1.729270272436501E+03  2.485864616540622E+21 -2.370825425963461E+20
  0.000000000000000E+00  1.273309324152868E+00 -9.176185394619132E-01  4.317888943079359E+00  1.430371790152261E+02  4.767905967164199E+01  4.767905967164199E+01  1.430371790149260E+02  3.001332515850663E-10  3.000000000006295E+00  1.918021512268720E+03 -1.702302539742167E+02  1.747791258294503E+03  2.562164394002926E+21 -2.273998976158024E+20
  0.000000000000000E+00  1.273516222420957E+00 -9.183212348102160E-01  4.318360282777249E+00  1.433187366453905E+02  4.777291221501794E+01  4.777291221501794E+01  1.433187366450538E+02  3.366267264937051E-10  3.000000000007046E+00  1.924234997632354E+03 -1.593091098670791E+02  1.764925887765275E+03  2.712566497556372E+21 -2.245757689225495E+20
  0.000000000000000E+00  1.273723120689046E+00 -9.190239301585188E-01  4.318831074078303E+00  1.435868744358989E+02  4.786229147855107E+01  4.786229147855107E+01  1.435868744356532E+02  2.457056780258426E-10  3.000000000005134E+00  1.930301844930305E+03 -1.553032590948298E+02  1.774998585835476E+03  2.924057925035332E+21 -2.352563288134083E+20
  0.000000000000000E+00  1.273930018957135E+00 -9.197266255068216E-01  4.319301317730707E+00  1.438528034678167E+02  4.795093448925698E+01  4.795093448925698E+01  1.438528034677710E+02  4.575895218295045E-11  3.000000000000954E+00  1.936302784110386E+03 -1.567761743422287E+02  1.779526609768157E+03  3.138072798943457E+21 -2.540796058669087E+20
  0.000000000000000E+00  1.274136917225224E+00 -9.204293208551243E-01  4.319771014481880E+00  1.441258897561288E+02  4.804196325209431E+01  4.804196325209431E+01  1.441258897562830E+02 -1.541309302410809E-10  2.999999999996791E+00  1.942303148786023E+03 -1.637305256574657E+02  1.778572623128557E+03  3.314946123167241E+21 -2.794403497783468E+20
  0.000000000000000E+00  1.274343815493313E+00 -9.211320162034271E-01  4.320240165078467E+00  1.444154993158201E+02  4.813849977202172E+01  4.813849977202172E+01  1.444154993160652E+02 -2.450235569995129E-10  2.999999999994910E+00  1.948368966149798E+03 -1.761689830887972E+02  1.772199983061000E+03  3.414545119618857E+21 -3.087387203783974E+20
  0.000000000000000E+00  1.274550713761402E+00 -9.218347115517299E-01  4.320708770266338E+00  1.447313385998555E+02  4.824377953337985E+01  4.824377953337985E+01  1.447313386001396E+02 -2.840749857568881E-10  2.999999999994111E+00  1.954563971253138E+03 -1.937143128721287E+02  1.760849658381009E+03  3.465194811923499E+21 -3.434309860574477E+20
  0.000000000000000E+00  1.274757612029491E+00 -9.225374069000327E-01  4.321176830790590E+00  1.450777946429149E+02  4.835926488109491E+01  4.835926488109491E+01  1.450777946432847E+02 -3.698517048178473E-10  2.999999999992351E+00  1.960933227588163E+03 -2.120773277486885E+02  1.748855899839474E+03  3.518118633121940E+21 -3.804888345601889E+20
  0.000000000000000E+00  1.274964510297580E+00 -9.232401022483354E-01  4.321644347395544E+00  1.454562543325560E+02  4.848541811100390E+01  4.848541811100390E+01  1.454562543330117E+02 -4.557136890070979E-10  2.999999999990601E+00  1.967520149026483E+03 -2.312584230900630E+02  1.736261725936420E+03  3.567118209052835E+21 -4.192720122381346E+20
  0.000000000000000E+00  1.275171408565669E+00 -9.239427975966382E-01  4.322111320824743E+00  1.458681045563367E+02  4.862270151894379E+01  4.862270151894379E+01  1.458681045568314E+02 -4.946514309267513E-10  2.999999999989827E+00  1.974368589084962E+03 -2.512579942679291E+02  1.723110594817033E+03  3.605913090993971E+21 -4.588882216605328E+20
  0.000000000000000E+00  1.275378306833758E+00 -9.246454929449411E-01  4.322577751820948E+00  1.463131433028654E+02  4.877104776774149E+01  4.877104776774149E+01  1.463131433032245E+02 -3.591082986531546E-10  2.999999999992637E+00  1.981533816142553E+03 -2.688417608495035E+02  1.712692055293049E+03  3.564603598230225E+21 -4.836224849012356E+20
  0.000000000000000E+00  1.275585205101847E+00 -9.253481882932438E-01  4.323043641126143E+00  1.467817912852028E+02  4.892726376175460E+01  4.892726376175460E+01  1.467817912852638E+02 -6.099298843764700E-11  2.999999999998753E+00  1.988963760071292E+03 -2.790030548944069E+02  1.709960705176885E+03  3.426365858196284E+21 -4.806354750216233E+20
  0.000000000000000E+00  1.275792103369936E+00 -9.260508836415466E-01  4.323508989481528E+00  1.472613694775859E+02  4.908712315911625E+01  4.908712315911625E+01  1.472613694773488E+02  2.371507434872910E-10  3.000000000004831E+00  1.996540625474209E+03 -2.817382618867346E+02  1.714802363587474E+03  3.265270715482352E+21 -4.607728408988168E+20
  0.000000000000000E+00  1.275999001638024E+00 -9.267535789898494E-01  4.323973797627521E+00  1.477391988542514E+02  4.924639961795958E+01  4.924639961795958E+01  1.477391988538787E+02  3.726370323420269E-10  3.000000000007567E+00  2.004145381927358E+03 -2.770437673105469E+02  1.727101614616811E+03  3.156540553629335E+21 -4.363455338778849E+20
  0.000000000000000E+00  1.276205899906113E+00 -9.274562743381523E-01  4.324438066303755E+00  1.481975140826376E+02  4.939917136075357E+01  4.939917136075357E+01  1.481975140822607E+02  3.768434453377267E-10  3.000000000007629E+00  2.011669973592405E+03 -2.602803191387670E+02  1.751389654453638E+03  3.132462773073549E+21 -4.052943181380339E+20
  0.000000000000000E+00  1.276412798174202E+00 -9.281589696864551E-01  4.324901796249078E+00  1.486276056687473E+02  4.954253522278716E+01  4.954253522278716E+01  1.486276056683615E+02  3.858531272271648E-10  3.000000000007788E+00  2.019115139401110E+03 -2.440418134228360E+02  1.775073325978274E+03  3.169560111432925E+21 -3.830911780376263E+20
  0.000000000000000E+00  1.276619696442291E+00 -9.288616650347578E-01  4.325364988201550E+00  1.490303783446645E+02  4.967679278142324E+01  4.967679278142325E+01  1.490303783442698E+02  3.947207005694509E-10  3.000000000007946E+00  2.026524435628874E+03 -2.283285080822673E+02  1.798195927546607E+03  3.260193651517229E+21 -3.673260185876843E+20
  0.000000000000000E+00  1.276826594710380E+00 -9.295643603830606E-01  4.325827642898446E+00  1.494067368424726E+02  4.980224561402480E+01  4.980224561402480E+01  1.494067368420744E+02  3.981881491199601E-10  3.000000000007995E+00  2.033941871604102E+03 -2.131406610366233E+02  1.820801210567479E+03  3.396600740189468E+21 -3.559362915669311E+20
  0.000000000000000E+00  1.277033492978469E+00 -9.302670557313634E-01  4.326289761076247E+00  1.497628802663446E+02  4.992096008870275E+01  4.992096008870275E+01  1.497628802661083E+02  2.363549356232397E-10  3.000000000004734E+00  2.041293184842048E+03 -2.059158424878147E+02  1.835377342354233E+03  3.591037161165284E+21 -3.622465640591544E+20
  0.000000000000000E+00  1.277240391246558E+00 -9.309697510796662E-01  4.326751343470645E+00  1.501133737164593E+02  5.003779123885927E+01  5.003779123885927E+01  1.501133737165778E+02 -1.185469500342151E-10  2.999999999997631E+00  2.048521235547006E+03 -2.065809314882976E+02  1.841940304058708E+03  3.818284765814981E+21 -3.850508405391317E+20
  0.000000000000000E+00  1.277447289514647E+00 -9.316724464279689E-01  4.327212390816544E+00  1.504716709189092E+02  5.015722363979421E+01  5.015722363979421E+01  1.504716709193827E+02 -4.734772574011004E-10  2.999999999990560E+00  2.055696613266083E+03 -2.151397634042912E+02  1.840556849861792E+03  4.013609181111284E+21 -4.200458978475756E+20
  0.000000000000000E+00  1.277654187782736E+00 -9.323751417762717E-01  4.327672903848050E+00  1.508512255997869E+02  5.028374186680738E+01  5.028374186680738E+01  1.508512256004221E+02 -6.352536274789600E-10  2.999999999987367E+00  2.062890635651908E+03 -2.315961736020088E+02  1.831294462049899E+03  4.111392153870431E+21 -4.615769127832643E+20
  0.000000000000000E+00  1.277861086050825E+00 -9.330778371245746E-01  4.328132883298478E+00  1.512743505920307E+02  5.042478353084037E+01  5.042478353084037E+01  1.512743505925211E+02 -4.903881745121907E-10  2.999999999990274E+00  2.070481316981780E+03 -2.635842143484705E+02  1.806897102633310E+03  4.109234997862111E+21 -5.231293176137626E+20
  0.000000000000000E+00  1.278067984318914E+00 -9.337805324728772E-01  4.328592329900347E+00  1.517444887162890E+02  5.058149623881991E+01  5.058149623881991E+01  1.517444887164598E+02 -1.707292085484369E-10  2.999999999996625E+00  2.078783727867519E+03 -2.868648525204249E+02  1.791918875347094E+03  4.046481720022740E+21 -5.584002637117507E+20
  0.000000000000000E+00  1.278274882587003E+00 -9.344832278211801E-01  4.329051244385378E+00  1.522467886802195E+02  5.074892956002344E+01  5.074892956002344E+01  1.522467886800704E+02  1.491571310907602E-10  3.000000000002939E+00  2.087775153045677E+03 -3.014338543357509E+02  1.786341298709926E+03  3.919331360143227E+21 -5.658747095363609E+20
  0.000000000000000E+00  1.278481780855092E+00 -9.351859231694829E-01  4.329509627484499E+00  1.527663991914797E+02  5.092213306372845E+01  5.092213306372845E+01  1.527663991911854E+02  2.943636445706943E-10  3.000000000005781E+00  2.097432605638343E+03 -3.072869860123338E+02  1.790145619626009E+03  3.723809920885590E+21 -5.455614278121250E+20
  0.000000000000000E+00  1.278688679123181E+00 -9.358886185177857E-01  4.329967479927834E+00  1.532686160484929E+02  5.108953868274301E+01  5.108953868274301E+01  1.532686160482291E+02  2.638103069330100E-10  3.000000000005163E+00  2.107415300143258E+03 -2.809876905571377E+02  1.826427609586120E+03  3.592041348714996E+21 -4.789371145272417E+20
  0.000000000000000E+00  1.278895577391270E+00 -9.365913138660885E-01  4.330424802444713E+00  1.537179614523036E+02  5.123932048403550E+01  5.123932048403550E+01  1.537179614521065E+02  1.970761331904214E-10  3.000000000003846E+00  2.117207689773950E+03 -2.452748777600584E+02  1.871932812013892E+03  3.631558779319336E+21 -4.207098528775504E+20
  0.000000000000000E+00  1.279102475659359E+00 -9.372940092143912E-01  4.330881595763660E+00  1.540984237145018E+02  5.136614123812376E+01  5.136614123812376E+01  1.540984237143713E+02  1.304840679949848E-10  3.000000000002541E+00  2.126522347991860E+03 -2.001439830352288E+02  1.926378364956632E+03  3.800692214659340E+21 -3.577134652975754E+20
  0.000000000000000E+00  1.279309373927447E+00 -9.379967045626940E-01  4.331337860612400E+00  1.543939911466774E+02  5.146466371552567E+01  5.146466371552567E+01  1.543939911465770E+02  1.003570559987566E-10  3.000000000001950E+00  2.135068960928420E+03 -1.455904417966857E+02  1.989478519131735E+03  4.056772291345038E+21 -2.766314723195857E+20
  0.000000000000000E+00  1.279549315114739E+00 -9.386939279551381E-01  4.331822392428860E+00  1.546311314647224E+02  5.154371048822490E+01  5.154371048822490E+01  1.546311314646747E+02  4.774847184307873E-11  3.000000000000926E+00  2.278089383475259E+03 -1.321357740297180E+02  2.145953609445541E+03  4.566244512186977E+21 -2.648553904001505E+20
  0.000000000000000E+00  1.279811284914832E+00 -9.393875033770097E-01  4.332325572679840E+00  1.548512647649111E+02  5.161708825499315E+01  5.161708825499315E+01  1.548512647649795E+02 -6.838263288955204E-11  2.999999999998675E+00  2.261285396494393E+03 -1.245025125029874E+02  2.136782883991406E+03  4.658316798282308E+21 -2.564789682541327E+20
  0.000000000000000E+00  1.280029197489322E+00 -9.400883747400263E-01  4.332789826391521E+00  1.550608079294064E+02  5.168693597653034E+01  5.168693597653034E+01  1.550608079295910E+02 -1.845990027504740E-10  2.999999999996428E+00  2.073062006941825E+03 -1.218890292267973E+02  1.951172977715028E+03  4.270008738150607E+21 -2.510620609225823E+20
  0.000000000000000E+00  1.280136966999803E+00 -9.408074859559051E-01  4.333157649831680E+00  1.552661778403716E+02  5.175539261353632E+01  5.175539261353632E+01  1.552661778406090E+02 -2.374065388721647E-10  2.999999999995413E+00  1.648966798027374E+03 -1.207786183469613E+02  1.528188179680413E+03  3.292099982834924E+21 -2.411299535336409E+20
  0.000000000000000E+00  1.280091340017331E+00 -9.415189852069529E-01  4.333379275491852E+00  1.554351736136709E+02  5.181172453797365E+01  5.181172453797365E+01  1.554351736139210E+02 -2.500826212781249E-10  2.999999999995173E+00  1.169751629165664E+03 -8.611813857189672E+01  1.083633490593767E+03  2.250212338994001E+21 -1.656626015249883E+20
  0.000000000000000E+00  1.279935893791953E+00 -9.422215657039453E-01  4.333495052274598E+00  1.555647976011362E+02  5.185493253380464E+01  5.185493253380464E+01  1.555647976014139E+02 -2.777653662633384E-10  2.999999999994643E+00  8.912735746215666E+02 -7.285472796443148E+01  8.184188466571351E+02  1.679538090526831E+21 -1.372892613170853E+20
  0.000000000000000E+00  1.279732978744730E+00 -9.429198016752205E-01  4.333564893572572E+00  1.556931498417625E+02  5.189771661402264E+01  5.189771661402264E+01  1.556931498420680E+02 -3.054481112485519E-10  2.999999999994114E+00  8.446183895400626E+02 -8.312114001443851E+01  7.614972495256241E+02  1.572355007584196E+21 -1.547396343205125E+20
  0.000000000000000E+00  1.279544945296721E+00 -9.436182673491164E-01  4.333648553825157E+00  1.558583303745449E+02  5.195277679162098E+01  5.195277679162098E+01  1.558583303748630E+02 -3.180389285262208E-10  2.999999999993879E+00  1.032959716723856E+03 -1.176732535548049E+02  9.152864631690516E+02  1.898703008298479E+21 -2.162974575905043E+20
  0.000000000000000E+00  1.279378764175470E+00 -9.443225307151549E-01  4.333754538787407E+00  1.560652956775835E+02  5.202176522591346E+01  5.202176522591346E+01  1.560652956777404E+02 -1.568594143463997E-10  2.999999999996985E+00  1.012202383790937E+03 -1.286125080469223E+02  8.835898757440149E+02  1.803290910453413E+21 -2.291298365283576E+20
  0.000000000000000E+00  1.279205233888492E+00 -9.450250518392648E-01  4.333852905627259E+00  1.562909311888199E+02  5.209697706287410E+01  5.209697706287410E+01  1.562909311886224E+02  1.975877239601687E-10  3.000000000003793E+00  1.008443151842072E+03 -1.398439401566650E+02  8.685992116854071E+02  1.712925588022849E+21 -2.375367049562761E+20
  0.000000000000000E+00  1.279028763935225E+00 -9.457268760666032E-01  4.333948147135950E+00  1.565357537392017E+02  5.217858457954988E+01  5.217858457954988E+01  1.565357537386496E+02  5.520632839761674E-10  3.000000000010580E+00  1.021892109016826E+03 -1.513855724728201E+02  8.705065365440059E+02  1.665678942810476E+21 -2.467577135475598E+20
  0.000000000000000E+00  1.278853763815102E+00 -9.464290487423275E-01  4.334044743514919E+00  1.568002801596764E+02  5.226676005298773E+01  5.226676005298773E+01  1.568002801589632E+02  7.131859547371278E-10  3.000000000013645E+00  1.052649129537223E+03 -1.632427217156174E+02  8.894064078216054E+02  1.701672971343477E+21 -2.638920410584808E+20
  0.000000000000000E+00  1.278680968444697E+00 -9.471317440906303E-01  4.334143437000664E+00  1.570775583043429E+02  5.235918610126502E+01  5.235918610126502E+01  1.570775583037951E+02  5.478568709804676E-10  3.000000000010463E+00  1.069107353784341E+03 -1.664704539487390E+02  9.026368998356022E+02  1.769933562296273E+21 -2.755959376124580E+20
  0.000000000000000E+00  1.278508173074292E+00 -9.478344394389331E-01  4.334241989514538E+00  1.573603370306322E+02  5.245344567681596E+01  5.245344567681596E+01  1.573603370304479E+02  1.842863639467396E-10  3.000000000003514E+00  1.085511348021673E+03 -1.697379281647868E+02  9.157734198568866E+02  1.859510637100190E+21 -2.907657147177674E+20
  0.000000000000000E+00  1.278335377703888E+00 -9.485371347872358E-01  4.334340401356457E+00  1.576486846744893E+02  5.254956155822287E+01  5.254956155822286E+01  1.576486846746686E+02 -1.793409865058493E-10  2.999999999996587E+00  1.101834309346013E+03 -1.730451278937932E+02  9.287891814522202E+02  1.964802297003500E+21 -3.085758556318634E+20
  0.000000000000000E+00  1.278162582333483E+00 -9.492398301355386E-01  4.334438672825492E+00  1.579426695718596E+02  5.264755652406805E+01  5.264755652406805E+01  1.579426695722042E+02 -3.445563834247878E-10  2.999999999993455E+00  1.118048199376354E+03 -1.763920366657643E+02  9.416561627105898E+02  2.079808074293607E+21 -3.281268037488772E+20
  0.000000000000000E+00  1.277989786963078E+00 -9.499425254838414E-01  4.334536804219873E+00  1.582486393332735E+02  5.274954644453191E+01  5.274954644453192E+01  1.582486393335958E+02 -3.222737632313510E-10  2.999999999993891E+00  1.134197341450173E+03 -1.873318222479570E+02  9.468655192022158E+02  2.171278477640927E+21 -3.586232650697093E+20
  0.000000000000000E+00  1.277816991592673E+00 -9.506452208321442E-01  4.334634795836990E+00  1.585735551756794E+02  5.285785172531755E+01  5.285785172531755E+01  1.585735551759527E+02 -2.733031578827649E-10  2.999999999994829E+00  1.150385153324115E+03 -1.988560562749726E+02  9.515290970491428E+02  2.212615468623705E+21 -3.824736305680961E+20
  0.000000000000000E+00  1.277644196222268E+00 -9.513479161804470E-01  4.334732647973402E+00  1.589184058446499E+02  5.297280194829143E+01  5.297280194829143E+01  1.589184058448743E+02 -2.244462393719004E-10  2.999999999995763E+00  1.166673672045645E+03 -2.109645004444070E+02  9.557091716012378E+02  2.207746367355616E+21 -3.992171252827496E+20
  0.000000000000000E+00  1.277471400851864E+00 -9.520506115287498E-01  4.334830360924827E+00  1.592841800857577E+02  5.309472669531997E+01  5.309472669531997E+01  1.592841800859599E+02 -2.022488843067549E-10  2.999999999996191E+00  1.183128107455565E+03 -2.236569164538814E+02  9.594711910016839E+02  2.160912198319017E+21 -4.084958813488088E+20
  0.000000000000000E+00  1.277298605481459E+00 -9.527533068770527E-01  4.334927934986160E+00  1.596653637086025E+02  5.322178790288763E+01  5.322178790288763E+01  1.596653637086629E+02 -6.042455424903892E-11  2.999999999998865E+00  1.199770850361751E+03 -2.281866545151488E+02  9.715841958466021E+02  2.112760165982225E+21 -4.018297943503062E+20
  0.000000000000000E+00  1.277125810111054E+00 -9.534560022253554E-01  4.335025370451466E+00  1.600495535765705E+02  5.334985119210633E+01  5.334985119210633E+01  1.600495535763190E+02  2.515037067496451E-10  3.000000000004714E+00  1.216516437898576E+03 -2.271664962019921E+02  9.893499416965835E+02  2.103916880894129E+21 -3.928754361581347E+20
  0.000000000000000E+00  1.276953014740649E+00 -9.541586975736581E-01  4.335122667613986E+00  1.604274050159141E+02  5.347580167178363E+01  5.347580167178363E+01  1.604274050153509E+02  5.632330157823162E-10  3.000000000010532E+00  1.233266982071829E+03 -2.205986937197849E+02  1.012668288352045E+03  2.138958663423768E+21 -3.826028702067514E+20
  0.000000000000000E+00  1.276780219370244E+00 -9.548613929219609E-01  4.335219826766138E+00  1.607895733528857E+02  5.359652445072713E+01  5.359652445072713E+01  1.607895733521814E+02  7.043183813948417E-10  3.000000000013141E+00  1.249919694729096E+03 -2.084854992739240E+02  1.041434195455172E+03  2.222624576851795E+21 -3.707318130576967E+20
  0.000000000000000E+00  1.276607423999839E+00 -9.555640882702637E-01  4.335316848199524E+00  1.611275477667546E+02  5.370918258876092E+01  5.370918258876092E+01  1.611275477662828E+02  4.717719548352761E-10  3.000000000008784E+00  1.266315160028983E+03 -1.938779422834260E+02  1.072437217745557E+03  2.353450165523040E+21 -3.603226825048450E+20
  0.000000000000000E+00  1.276434628629434E+00 -9.562667836185665E-01  4.335413732204929E+00  1.614466931112604E+02  5.381556437043298E+01  5.381556437043298E+01  1.614466931112990E+02 -3.853983798762783E-11  2.999999999999284E+00  1.282418720389357E+03 -1.860805913142383E+02  1.096338129075118E+03  2.506173686489630E+21 -3.636489970893327E+20
  0.000000000000000E+00  1.276261833259030E+00 -9.569694789668692E-01  4.335510479072326E+00  1.617584782243614E+02  5.391949274163669E+01  5.391949274163669E+01  1.617584782249101E+02 -5.486526788445190E-10  2.999999999989824E+00  1.298313944803680E+03 -1.850906822057841E+02  1.113223262597896E+03  2.648719157142805E+21 -3.776076177331848E+20
  0.000000000000000E+00  1.276089037888625E+00 -9.576721743151720E-01  4.335607089090876E+00  1.620743719440157E+02  5.402479064826541E+01  5.402479064826541E+01  1.620743719447962E+02 -7.805169843777549E-10  2.999999999985552E+00  1.314088827695967E+03 -1.909054507975129E+02  1.123183376898455E+03  2.747436007165622E+21 -3.991362672224334E+20
  0.000000000000000E+00  1.275916242518220E+00 -9.583748696634748E-01  4.335703562548937E+00  1.624139259662551E+02  5.413797532228756E+01  5.413797532228756E+01  1.624139259668627E+02 -6.075708824937465E-10  2.999999999988778E+00  1.329977211979639E+03 -2.114539425886036E+02  1.118523269391036E+03  2.779209336440314E+21 -4.418683013332398E+20
  0.000000000000000E+00  1.275743447147815E+00 -9.590775650117777E-01  4.335799899734057E+00  1.627855125974653E+02  5.426183753256412E+01  5.426183753256412E+01  1.627855125976924E+02 -2.270894583489280E-10  2.999999999995815E+00  1.346158955487808E+03 -2.288530978855166E+02  1.117305857602291E+03  2.760579222785375E+21 -4.693109268540214E+20
  0.000000000000000E+00  1.275570651777411E+00 -9.597802603600804E-01  4.335896100932985E+00  1.631838315911351E+02  5.439461053032726E+01  5.439461053032726E+01  1.631838315909818E+02  1.533351223770296E-10  3.000000000002819E+00  1.362645985001237E+03 -2.431041941265069E+02  1.119541790874730E+03  2.717145266694247E+21 -4.847549676549025E+20
  0.000000000000000E+00  1.275397856407006E+00 -9.604829557083832E-01  4.335992166431672E+00  1.636035827007538E+02  5.453452756680917E+01  5.453452756680917E+01  1.636035827004275E+02  3.262528025516076E-10  3.000000000005983E+00  1.379450338582464E+03 -2.542085087498245E+02  1.125241829832640E+03  2.675789156026366E+21 -4.931010215136866E+20
  0.000000000000000E+00  1.275225061036601E+00 -9.611856510566860E-01  4.336088096515271E+00  1.640259815153392E+02  5.467532717167153E+01  5.467532717167153E+01  1.640259815150146E+02  3.246327651140746E-10  3.000000000005937E+00  1.396432642014434E+03 -2.460038068564845E+02  1.150428835157949E+03  2.675245230576424E+21 -4.712869716702394E+20
  0.000000000000000E+00  1.275052265666196E+00 -9.618883464049888E-01  4.336183891468144E+00  1.644310687654005E+02  5.481035625502647E+01  5.481035625502647E+01  1.644310687650794E+02  3.211084731447045E-10  3.000000000005859E+00  1.413361374336954E+03 -2.336145496676916E+02  1.179746824669262E+03  2.731502064194431E+21 -4.514900691569491E+20
  0.000000000000000E+00  1.274879470295791E+00 -9.625910417532916E-01  4.336279551573860E+00  1.648117819166634E+02  5.493726063878195E+01  5.493726063878194E+01  1.648117819163459E+02  3.174989160470432E-10  3.000000000005779E+00  1.430099729684750E+03 -2.170424393592091E+02  1.213057290325541E+03  2.837986802861642E+21 -4.307137228101680E+20
  0.000000000000000E+00  1.274706674925386E+00 -9.632937371015944E-01  4.336375077115202E+00  1.651610584348532E+02  5.505368614484586E+01  5.505368614484586E+01  1.651610584345376E+02  3.156230832246365E-10  3.000000000005733E+00  1.446505205882195E+03 -1.962891781069303E+02  1.250216027775264E+03  2.987663500451308E+21 -4.054226770694544E+20
  0.000000000000000E+00  1.274533879554981E+00 -9.639964324498973E-01  4.336470468374165E+00  1.654821474975506E+02  5.516071583246767E+01  5.516071583246766E+01  1.654821474974030E+02  1.475655153626576E-10  3.000000000002675E+00  1.462484774887440E+03 -1.860372400970445E+02  1.276447534790396E+03  3.153062905539288E+21 -4.010893862768888E+20
  0.000000000000000E+00  1.274361084184576E+00 -9.646991277982000E-01  4.336565725631964E+00  1.657949030710290E+02  5.526496769041687E+01  5.526496769041687E+01  1.657949030712506E+02 -2.216609118477209E-10  2.999999999995989E+00  1.478173771788414E+03 -1.863608985616360E+02  1.291812873226778E+03  3.298613542114616E+21 -4.158730153710602E+20
  0.000000000000000E+00  1.274188288814172E+00 -9.654018231465027E-01  4.336660849169034E+00  1.661171698040541E+02  5.537238993488155E+01  5.537238993488155E+01  1.661171698046447E+02 -5.906031219637953E-10  2.999999999989333E+00  1.493774420309494E+03 -1.972558526748501E+02  1.296518567634644E+03  3.404210581252406E+21 -4.495327083928526E+20
  0.000000000000000E+00  1.274015493443767E+00 -9.661045184948055E-01  4.336755839265033E+00  1.664667923453914E+02  5.548893078204981E+01  5.548893078204981E+01  1.664667923461494E+02 -7.580922556371661E-10  2.999999999986338E+00  1.509497569713063E+03 -2.187178016109063E+02  1.290779768102157E+03  3.448998770790103E+21 -4.997407376080264E+20
  0.000000000000000E+00  1.273842698073362E+00 -9.668072138431083E-01  4.336850696198843E+00  1.668635259570223E+02  5.562117531918684E+01  5.562117531918684E+01  1.668635259575605E+02 -5.382219114835607E-10  2.999999999990324E+00  1.525644488713492E+03 -2.496062319907820E+02  1.276038256722710E+03  3.428829422074543E+21 -5.609807517509296E+20
  0.000000000000000E+00  1.273669902702957E+00 -9.675099091914111E-01  4.336945420248576E+00  1.673041671456565E+02  5.576805571523711E+01  5.576805571523711E+01  1.673041671457113E+02 -5.488232091011014E-11  2.999999999999015E+00  1.542293380009432E+03 -2.706600887458494E+02  1.271633291263583E+03  3.377468741540025E+21 -5.927186105901360E+20
  0.000000000000000E+00  1.273497107332552E+00 -9.682126045397138E-01  4.337040011691573E+00  1.677721224271510E+02  5.592404080890756E+01  5.592404080890756E+01  1.677721224267227E+02  4.282298959878972E-10  3.000000000007657E+00  1.559322949104809E+03 -2.818833711525747E+02  1.277439577952234E+03  3.331511275747402E+21 -6.022470393189676E+20
  0.000000000000000E+00  1.273324311962147E+00 -9.689152998880166E-01  4.337134470804410E+00  1.682507983173631E+02  5.608359943890510E+01  5.608359943890510E+01  1.682507983167153E+02  6.478160230471985E-10  3.000000000011551E+00  1.576606583763280E+03 -2.832800784875483E+02  1.293326505275731E+03  3.329209942123883E+21 -5.981827447753331E+20
  0.000000000000000E+00  1.273151516591742E+00 -9.696179952363194E-01  4.337228797862901E+00  1.687104380700828E+02  5.623681268985771E+01  5.623681268985771E+01  1.687104380695731E+02  5.096865152154351E-10  3.000000000009063E+00  1.593813157805394E+03 -2.614926991467520E+02  1.332320458658641E+03  3.404877832263769E+21 -5.586292786348723E+20
  0.000000000000000E+00  1.272978721221338E+00 -9.703206905846222E-01  4.337322993142093E+00  1.691362999288256E+02  5.637876664287330E+01  5.637876664287330E+01  1.691362999286199E+02  2.056879111478338E-10  3.000000000003648E+00  1.610695392837993E+03 -2.432203022391430E+02  1.367475090598850E+03  3.544644826686858E+21 -5.352530279223980E+20
  0.000000000000000E+00  1.272805925850933E+00 -9.710233859329250E-01  4.337417056916280E+00  1.695343128940381E+02  5.651143763137878E+01  5.651143763137878E+01  1.695343128941363E+02 -9.828227121033706E-11  2.999999999998261E+00  1.627248609236558E+03 -2.284614587874455E+02  1.398787150449113E+03  3.714599378036640E+21 -5.215200602416485E+20
  0.000000000000000E+00  1.272633130480528E+00 -9.717260812812278E-01  4.337510989458998E+00  1.699104059661666E+02  5.663680198880102E+01  5.663680198880102E+01  1.699104059664031E+02 -2.364402007515309E-10  2.999999999995825E+00  1.643468340481033E+03 -2.172147398143237E+02  1.426253600666709E+03  3.879321193848242E+21 -5.127240501215254E+20
  0.000000000000000E+00  1.272460335110123E+00 -9.724287766295306E-01  4.337604791043028E+00  1.702854179812713E+02  5.676180599382713E+01  5.676180599382713E+01  1.702854179814814E+02 -2.101216978189768E-10  2.999999999996298E+00  1.659548556845535E+03 -2.270309635980931E+02  1.432517593247442E+03  3.995314010806709E+21 -5.465703223981263E+20
  0.000000000000000E+00  1.272287539739718E+00 -9.731314719778335E-01  4.337698461940404E+00  1.706795837443000E+02  5.689319458148402E+01  5.689319458148402E+01  1.706795837444521E+02 -1.521129888715222E-10  2.999999999997327E+00  1.675754060444241E+03 -2.398157343054289E+02  1.435938326138812E+03  4.056286881157512E+21 -5.804917558728090E+20
  0.000000000000000E+00  1.272114744369314E+00 -9.738341673261361E-01  4.337792002422407E+00  1.710979262090306E+02  5.703264206970821E+01  5.703264206970821E+01  1.710979262091246E+02 -9.404743650520686E-11  2.999999999998351E+00  1.692189537348086E+03 -2.555678413297158E+02  1.436621696018370E+03  4.082144030705599E+21 -6.165176624123128E+20
  0.000000000000000E+00  1.271941948998909E+00 -9.745368626744390E-01  4.337885412759575E+00  1.715454683292410E+02  5.718182277643623E+01  5.718182277643623E+01  1.715454683293087E+02 -6.770051186322235E-11  2.999999999998816E+00  1.708963343263889E+03 -2.742860740643853E+02  1.434677269199504E+03  4.093594302203951E+21 -6.570157952126883E+20
  0.000000000000000E+00  1.271769153628504E+00 -9.752395580227419E-01  4.337978693221703E+00  1.720177931380278E+02  5.733926437935487E+01  5.733926437935487E+01  1.720177931380646E+02 -3.680611371237319E-11  2.999999999999358E+00  1.726056609322769E+03 -2.835126471896400E+02  1.442543962133129E+03  4.121550143296925E+21 -6.769833534656929E+20
  0.000000000000000E+00  1.271596358258099E+00 -9.759422533710446E-01  4.338071844077844E+00  1.725017355845386E+02  5.750057852816912E+01  5.750057852816912E+01  1.725017355845074E+02  3.123545866401400E-11  3.000000000000544E+00  1.743307076690478E+03 -2.879484134824360E+02  1.455358663208042E+03  4.179169372955744E+21 -6.902887085742341E+20
  0.000000000000000E+00  1.271423562887694E+00 -9.766449487193473E-01  4.338164865596315E+00  1.729891964966277E+02  5.766306549884283E+01  5.766306549884283E+01  1.729891964965285E+02  9.922018762154039E-11  3.000000000001720E+00  1.760607874539415E+03 -2.875953249637006E+02  1.473012549575714E+03  4.260964201149651E+21 -6.960285716141701E+20
  0.000000000000000E+00  1.271250767517289E+00 -9.773476440676501E-01  4.338257758044693E+00  1.734720767021497E+02  5.782402556733986E+01  5.782402556733986E+01  1.734720767020196E+02  1.301430074818200E-10  3.000000000002251E+00  1.777848285027526E+03 -2.824553336544440E+02  1.495392951373082E+03  4.361195477880238E+21 -6.928841646450402E+20
  0.000000000000000E+00  1.271077972146885E+00 -9.780503394159529E-01  4.338350521689827E+00  1.739452063963887E+02  5.798173546542976E+01  5.798173546542977E+01  1.739452063962894E+02  9.933387445926201E-11  3.000000000001714E+00  1.794949585432498E+03 -2.772675793650594E+02  1.517682006067439E+03  4.466766805506659E+21 -6.899857409937301E+20
  0.000000000000000E+00  1.270905176776480E+00 -9.787530347642558E-01  4.338443156797834E+00  1.744120448505262E+02  5.813734828349817E+01  5.813734828349817E+01  1.744120448504945E+02  3.163336259603966E-11  3.000000000000544E+00  1.811956498093787E+03 -2.749437375143955E+02  1.537012760579391E+03  4.567571630096467E+21 -6.930769125332727E+20
  0.000000000000000E+00  1.270732381406075E+00 -9.794557301125585E-01  4.338535663634100E+00  1.748774365062627E+02  5.829247883543291E+01  5.829247883543292E+01  1.748774365062988E+02 -3.606714926718269E-11  2.999999999999381E+00  1.828933637531663E+03 -2.754826405199308E+02  1.553450997011732E+03  4.662107162160236E+21 -7.022286457326688E+20
  0.000000000000000E+00  1.270559586035670E+00 -9.801584254608613E-01  4.338628042463288E+00  1.753462258052989E+02  5.844874193512190E+01  5.844874193512190E+01  1.753462258053657E+02 -6.684786058031023E-11  2.999999999998856E+00  1.845947892365224E+03 -2.788831207991478E+02  1.567064771566076E+03  4.748829271723534E+21 -7.174462144452420E+20
  0.000000000000000E+00  1.270386790665265E+00 -9.808611208091641E-01  4.338720293549336E+00  1.758239103912075E+02  5.860797013042016E+01  5.860797013042016E+01  1.758239103912605E+02 -5.300648808770347E-11  2.999999999999095E+00  1.863068898399768E+03 -2.853104576688341E+02  1.577758440730933E+03  4.829858447464330E+21 -7.396447470650904E+20
  0.000000000000000E+00  1.270213995294860E+00 -9.815638161574669E-01  4.338812417155466E+00  1.763118895140186E+02  5.877062983801373E+01  5.877062983801373E+01  1.763118895140412E+02 -2.259525899717119E-11  2.999999999999615E+00  1.880305404659782E+03 -2.909664423586015E+02  1.589338962301180E+03  4.910109358028220E+21 -7.598111710770996E+20
  0.000000000000000E+00  1.270041199924456E+00 -9.822665115057696E-01  4.338904413544173E+00  1.768088600251183E+02  5.893628667503684E+01  5.893628667503684E+01  1.768088600251105E+02  7.787548383930698E-12  3.000000000000132E+00  1.897641350993713E+03 -2.958513889466354E+02  1.601789962047078E+03  4.992288461814076E+21 -7.783217174712851E+20
  0.000000000000000E+00  1.269868404554051E+00 -9.829692068540724E-01  4.338996282977245E+00  1.773135187758930E+02  5.910450625862379E+01  5.910450625862379E+01  1.773135187758714E+02  2.160049916710705E-11  3.000000000000365E+00  1.915060079980408E+03 -2.999656115111455E+02  1.615094468469262E+03  5.079201351735496E+21 -7.955811702143372E+20
  0.000000000000000E+00  1.269695609183646E+00 -9.836719022023752E-01  4.339088025715751E+00  1.778232068097867E+02  5.927440226992326E+01  5.927440226992326E+01  1.778232068097698E+02  1.688249540165998E-11  3.000000000000285E+00  1.932524224167073E+03 -3.018595275223221E+02  1.630664696644750E+03  5.172279145458124E+21 -8.079079783512044E+20
  0.000000000000000E+00  1.269522813813241E+00 -9.843745975506780E-01  4.339179642020050E+00  1.783362872139080E+02  5.944542907130047E+01  5.944542907130047E+01  1.783362872139014E+02  6.508571459562518E-12  3.000000000000109E+00  1.950011026323060E+03 -3.038886238097738E+02  1.646122402513286E+03  5.270119066786728E+21 -8.212923972739328E+20
  0.000000000000000E+00  1.269350018442836E+00 -9.850772928989807E-01  4.339271132149795E+00  1.788529899051392E+02  5.961766330171437E+01  5.961766330171436E+01  1.788529899051431E+02 -3.893774191965349E-12  2.999999999999934E+00  1.967525452807855E+03 -3.060528449601172E+02  1.661472607847738E+03  5.371311142340108E+21 -8.355190800368810E+20
  0.000000000000000E+00  1.269177223072431E+00 -9.857799882472835E-01  4.339362496363930E+00  1.793735448003632E+02  5.979118160012394E+01  5.979118160012394E+01  1.793735448003719E+02 -8.640199666842818E-12  2.999999999999856E+00  1.985072629105811E+03 -3.083521355599377E+02  1.676720493545874E+03  5.474392158802999E+21 -8.503671292973651E+20
  0.000000000000000E+00  1.269004427702026E+00 -9.864826835955864E-01  4.339453734920695E+00  1.798995855537435E+02  5.996652851791701E+01  5.996652851791701E+01  1.798995855537510E+02 -7.531752999057062E-12  2.999999999999874E+00  2.002668000029325E+03 -3.124821893528012E+02  1.690185810676524E+03  5.577551276168399E+21 -8.702817611202110E+20
  0.000000000000000E+00  1.268831632331622E+00 -9.871853789438892E-01  4.339544848077630E+00  1.804330124828115E+02  6.014433749427222E+01  6.014433749427222E+01  1.804330124828167E+02 -5.144329406903125E-12  2.999999999999915E+00  2.020330186735526E+03 -3.169827057864908E+02  1.703347480949036E+03  5.680851402275476E+21 -8.913056194907945E+20
  0.000000000000000E+00  1.268658836961217E+00 -9.878880742921919E-01  4.339635836091576E+00  1.809744554995021E+02  6.032481849983494E+01  6.032481849983494E+01  1.809744554995048E+02 -2.785327524179593E-12  2.999999999999954E+00  2.038069441639973E+03 -3.218535330428646E+02  1.716215908597109E+03  5.785635989491372E+21 -9.136721968704609E+20
  0.000000000000000E+00  1.268486041590812E+00 -9.885907696404947E-01  4.339726699218676E+00  1.815245445157497E+02  6.050818150525048E+01  6.050818150525048E+01  1.815245445157515E+02 -1.733724275254644E-12  2.999999999999972E+00  2.055896300326363E+03 -3.270945193037660E+02  1.728801781022597E+03  5.893296881259413E+21 -9.376275983297038E+20
  0.000000000000000E+00  1.268313246220407E+00 -9.892934649887976E-01  4.339817437714379E+00  1.820838001087305E+02  6.069460003624671E+01  6.069460003624671E+01  1.820838001087401E+02 -9.606537787476555E-12  2.999999999999842E+00  2.073819461135266E+03 -3.321599581720764E+02  1.741659502963190E+03  6.005212668942510E+21 -9.618441847577312E+20
  0.000000000000000E+00  1.268140450850002E+00 -9.899961603371004E-01  4.339908051833441E+00  1.826499168567336E+02  6.088330561892017E+01  6.088330561892017E+01  1.826499168567605E+02 -2.694378054002300E-11  2.999999999999557E+00  2.091809342198438E+03 -3.350960854968720E+02  1.756713256701566E+03  6.121573712566387E+21 -9.806416611590760E+20
  0.000000000000000E+00  1.267967655479598E+00 -9.906988556854031E-01  4.339998541829932E+00  1.832192856733632E+02  6.107309522446917E+01  6.107309522446917E+01  1.832192856734075E+02 -4.436628842086066E-11  2.999999999999273E+00  2.109818223924041E+03 -3.359037711217212E+02  1.773914452802319E+03  6.242011136226400E+21 -9.937894441647951E+20
  0.000000000000000E+00  1.267794860109193E+00 -9.914015510337059E-01  4.340088907957228E+00  1.837882974722237E+02  6.126276582409196E+01  6.126276582409196E+01  1.837882974722759E+02 -5.223910193308257E-11  2.999999999999147E+00  2.127796958466180E+03 -3.345838848900683E+02  1.793213073576111E+03  6.366135166036799E+21 -1.001038293204106E+21
  0.000000000000000E+00  1.267622064738788E+00 -9.921042463820087E-01  4.340179150468027E+00  1.843503778041715E+02  6.145012593473835E+01  6.145012593473835E+01  1.843503778042150E+02 -4.354205884737894E-11  2.999999999999291E+00  2.145665314026258E+03 -3.279947821123166E+02  1.817670531913942E+03  6.493126568511078E+21 -9.925646931720973E+20
  0.000000000000000E+00  1.267449269368383E+00 -9.928069417303115E-01  4.340269269614341E+00  1.849013467845878E+02  6.163378226153738E+01  6.163378226153738E+01  1.849013467846122E+02 -2.438582669128664E-11  2.999999999999604E+00  2.163354570809019E+03 -3.213973043415450E+02  1.841957266467474E+03  6.622195931361087E+21 -9.838220465011750E+20
  0.000000000000000E+00  1.267276473997978E+00 -9.935096370786142E-01  4.340359265647500E+00  1.854411871738638E+02  6.181372905795633E+01  6.181372905795633E+01  1.854411871738690E+02 -5.258016244624741E-12  2.999999999999915E+00  2.180831179034153E+03 -3.147914557328030E+02  1.866039723301350E+03  6.752969232974390E+21 -9.747554216041164E+20
  0.000000000000000E+00  1.266978116783852E+00 -9.948334195213232E-01  4.340552538177537E+00  1.864509705794439E+02  6.215032352647879E+01  6.215032352647879E+01  1.864509705794364E+02  7.503331289626658E-12  3.000000000000120E+00  2.328983199705131E+03 -3.223311425046282E+02  2.006652057200503E+03  7.449859730681800E+21 -1.031060163419776E+21
  0.000000000000000E+00  1.267009507244783E+00 -9.946781477477217E-01  4.340526699847607E+00  1.863311329183867E+02  6.211037763945994E+01  6.211037763945994E+01  1.863311329183798E+02  6.878053682157770E-12  3.000000000000111E+00  2.325270822736066E+03 -3.226649350254144E+02  2.002605887710652E+03  7.399131470122530E+21 -1.026736435045603E+21
  0.000000000000000E+00  1.267040897705713E+00 -9.945228759741201E-01  4.340500853846655E+00  1.862111019127137E+02  6.207036730423607E+01  6.207036730423607E+01  1.862111019127083E+02  5.456968210637569E-12  3.000000000000088E+00  2.321550697552169E+03 -3.233876774225687E+02  1.998163020129601E+03  7.348670662907083E+21 -1.023656102072906E+21
  0.000000000000000E+00  1.267072288166643E+00 -9.943676042005186E-01  4.340475000171300E+00  1.860907330286426E+02  6.203024434287948E+01  6.203024434287948E+01  1.860907330286385E+02  4.121147867408581E-12  3.000000000000066E+00  2.317820589940465E+03 -3.244993986032810E+02  1.993321191337184E+03  7.298454539413335E+21 -1.021797855732158E+21
  0.000000000000000E+00  1.266978116783852E+00 -9.948334195213232E-01  4.340552538177537E+00  1.864509705794439E+02  6.215032352647879E+01  6.215032352647879E+01  1.864509705794364E+02  7.503331289626658E-12  3.000000000000120E+00  2.185890856714123E+03 -3.005513068591950E+02  1.885339549854928E+03  6.992141579708195E+21 -9.613916829703149E+20
  0.000000000000000E+00  1.266801081584855E+00 -9.955252581278556E-01  4.340634663969276E+00  1.869548258422903E+02  6.231827528076034E+01  6.231827528076034E+01  1.869548258422810E+02  9.322320693172514E-12  3.000000000000149E+00  2.203189452211713E+03 -3.013767881263318E+02  1.901812664085381E+03  7.108079290064861E+21 -9.723222413018304E+20
  0.000000000000000E+00  1.266624169842528E+00 -9.962171283234783E-01  4.340716799317303E+00  1.874625098764383E+02  6.248750329214165E+01  6.248750329214165E+01  1.874625098764250E+02  1.330136001342908E-11  3.000000000000213E+00  2.220121494184798E+03 -3.050368138694021E+02  1.915084680315396E+03  7.223544481926393E+21 -9.924893747401905E+20
  0.000000000000000E+00  1.266447307482870E+00 -9.969090111547373E-01  4.340798872178481E+00  1.879787731926317E+02  6.265959106420478E+01  6.265959106420478E+01  1.879787731926144E+02  1.733724275254644E-11  3.000000000000277E+00  2.236743626395256E+03 -3.115301912010445E+02  1.925213435194212E+03  7.336955113844434E+21 -1.021879755228387E+21
  0.000000000000000E+00  1.266128343717800E+00 -9.981786615162279E-01  4.340954131451674E+00  1.889686862621637E+02  6.298956208738898E+01  6.298956208738898E+01  1.889686862621670E+02 -3.296918293926865E-12  2.999999999999948E+00  2.293215398566824E+03 -3.343358109336216E+02  1.958879587633202E+03  7.640166758643031E+21 -1.113886358217991E+21
  0.000000000000000E+00  1.266163862896319E+00 -9.980342180542154E-01  4.340935808951784E+00  1.888523703327782E+02  6.295079011092599E+01  6.295079011092599E+01  1.888523703327780E+02  1.989519660128281E-13  3.000000000000004E+00  2.289741490003026E+03 -3.318901505860510E+02  1.957851339416975E+03  7.613762668372771E+21 -1.103588701853568E+21
  0.000000000000000E+00  1.266199382074839E+00 -9.978897745922028E-01  4.340917481328053E+00  1.887368973876266E+02  6.291229912920621E+01  6.291229912920621E+01  1.887368973876187E+02  7.929656931082718E-12  3.000000000000126E+00  2.286298134369024E+03 -3.295260806455328E+02  1.956772053723492E+03  7.587240902622461E+21 -1.093555437923961E+21
  0.000000000000000E+00  1.266234901253358E+00 -9.977453311301904E-01  4.340899148578343E+00  1.886222388896063E+02  6.287407962986354E+01  6.287407962986354E+01  1.886222388895906E+02  1.566036189615261E-11  3.000000000000249E+00  2.282859996764968E+03 -3.272436079896913E+02  1.955616388775277E+03  7.560533360470989E+21 -1.083787975921887E+21
  0.000000000000000E+00  1.265986267003723E+00 -9.987564353642777E-01  4.341027370255521E+00  1.894429042404055E+02  6.314763474679971E+01  6.314763474679971E+01  1.894429042403992E+02  6.309619493549690E-12  3.000000000000100E+00  2.307244994399580E+03 -3.446708469642485E+02  1.962574147435332E+03  7.744102801133321E+21 -1.156863045720654E+21
  0.000000000000000E+00  1.266021786182242E+00 -9.986119919022654E-01  4.341009068229648E+00  1.893229899783740E+02  6.310766332612307E+01  6.310766332612307E+01  1.893229899783692E+02  4.831690603168681E-12  3.000000000000076E+00  2.303726911880627E+03 -3.420755744957884E+02  1.961651337384838E+03  7.718406526452229E+21 -1.146089987103906E+21
  0.000000000000000E+00  1.266057305360762E+00 -9.984675484402529E-01  4.340990761088472E+00  1.892039840488580E+02  6.306799468295213E+01  6.306799468295213E+01  1.892039840488564E+02  1.534772309241816E-12  3.000000000000024E+00  2.300217459849908E+03 -3.394879772289241E+02  1.960729482620984E+03  7.692518630903028E+21 -1.135335086958033E+21
  0.000000000000000E+00  1.266092824539281E+00 -9.983231049782403E-01  4.340972448829858E+00  1.890858837205551E+02  6.302862790685231E+01  6.302862790685231E+01  1.890858837205570E+02 -1.818989403545856E-12  2.999999999999971E+00  2.296714373028175E+03 -3.369080558221447E+02  1.959806317206031E+03  7.666438795982975E+21 -1.124600002580470E+21
  0.000000000000000E+00  1.265844190289646E+00 -9.993342092123276E-01  4.341100527248578E+00  1.899319874539040E+02  6.331066248463294E+01  6.331066248463294E+01  1.899319874538988E+02  5.201172825763933E-12  3.000000000000082E+00  2.321391560498384E+03 -3.554280428909669E+02  1.965963517607417E+03  7.845202501374340E+21 -1.201178215082402E+21
  0.000000000000000E+00  1.265879709468166E+00 -9.991897657503152E-01  4.341082245662621E+00  1.898083087005006E+02  6.326943623349840E+01  6.326943623349840E+01  1.898083087004952E+02  5.400124791776761E-12  3.000000000000085E+00  2.317844292602686E+03 -3.527909338283500E+02  1.965053358774336E+03  7.820176737720245E+21 -1.190281617625460E+21
  0.000000000000000E+00  1.265915228646685E+00 -9.990453222883028E-01  4.341063958969878E+00  1.896855605144676E+02  6.322852017148727E+01  6.322852017148727E+01  1.896855605144618E+02  5.769607014372014E-12  3.000000000000091E+00  2.314304337184101E+03 -3.501190334303466E+02  1.964185303753755E+03  7.794982677087466E+21 -1.179262276209032E+21
  0.000000000000000E+00  1.265950747825204E+00 -9.989008788262902E-01  4.341045667168220E+00  1.895637549947781E+02  6.318791833159064E+01  6.318791833159064E+01  1.895637549947720E+02  6.110667527536862E-12  3.000000000000097E+00  2.310771351463843E+03 -3.474123387809887E+02  1.963359012682854E+03  7.769623606488959E+21 -1.168122110769792E+21
  0.000000000000000E+00  1.265702113575569E+00 -9.999119830603774E-01  4.341173602567066E+00  1.904362993813792E+02  6.347876646045474E+01  6.347876646045474E+01  1.904362993813642E+02  1.494981916039251E-11  3.000000000000235E+00  2.335652062091979E+03 -3.663071224838466E+02  1.969344939608132E+03  7.944035002845746E+21 -1.245886170304413E+21
  0.000000000000000E+00  1.265737632754089E+00 -9.997675395983651E-01  4.341155341386997E+00  1.903088027173126E+02  6.343626757243307E+01  6.343626757243306E+01  1.903088027172992E+02  1.341504685115069E-11  3.000000000000211E+00  2.332075495093084E+03 -3.636872139125597E+02  1.968388281180524E+03  7.919505812396433E+21 -1.235047068817049E+21
  0.000000000000000E+00  1.265773151932608E+00 -9.996230961363526E-01  4.341137075108641E+00  1.901822363742087E+02  6.339407879139955E+01  6.339407879139955E+01  1.901822363741987E+02  1.006128513836302E-11  3.000000000000159E+00  2.328506946484928E+03 -3.610007348510587E+02  1.967506211633869E+03  7.894855266734784E+21 -1.223981125388692E+21
  0.000000000000000E+00  1.265808671111127E+00 -9.994786526743400E-01  4.341118803729876E+00  1.900566235528213E+02  6.335220785093817E+01  6.335220785093816E+01  1.900566235528145E+02  6.735945135005750E-12  3.000000000000106E+00  2.324945829517130E+03 -3.582476797078150E+02  1.966698149809315E+03  7.870086465549855E+21 -1.212690712870797E+21
  0.000000000000000E+00  1.265560036861493E+00 -1.000489756908427E+00  4.341246596346905E+00  1.909558646625560E+02  6.365195488751736E+01  6.365195488751736E+01  1.909558646625521E+02  3.893774191965349E-12  3.000000000000061E+00  2.350034243640279E+03 -3.771193772435576E+02  1.972914866396722E+03  8.041457250263487E+21 -1.290444749286920E+21
  0.000000000000000E+00  1.265595556040012E+00 -1.000345313446415E+00  4.341228355538771E+00  1.908245670293015E+02  6.360818900976532E+01  6.360818900976532E+01  1.908245670292960E+02  5.570655048359185E-12  3.000000000000087E+00  2.346426343522641E+03 -3.745499631871174E+02  1.971876380335524E+03  8.017191550295118E+21 -1.279749866564746E+21
  0.000000000000000E+00  1.265631075218531E+00 -1.000200869984402E+00  4.341210109640834E+00  1.906941862228926E+02  6.356472874096105E+01  6.356472874096105E+01  1.906941862228832E+02  9.407585821463726E-12  3.000000000000148E+00  2.342827248101959E+03 -3.718914543675961E+02  1.970935793734363E+03  7.992863306128080E+21 -1.268756611007285E+21
  0.000000000000000E+00  1.265666594397050E+00 -1.000056426522390E+00  4.341191858650971E+00  1.905647533160212E+02  6.352158443866931E+01  6.352158443866931E+01  1.905647533160080E+02  1.318767317570746E-11  3.000000000000208E+00  2.339236103942066E+03 -3.691438432961974E+02  1.970092260645868E+03  7.968476474423987E+21 -1.257467780198494E+21
  0.000000000000000E+00  1.265417960147416E+00 -1.001067530756477E+00  4.341319508723716E+00  1.914904876251755E+02  6.383016254173014E+01  6.383016254173014E+01  1.914904876251905E+02 -1.494981916039251E-11  2.999999999999766E+00  2.364548132946568E+03 -3.877319218974699E+02  1.976816211049098E+03  8.138510831632231E+21 -1.334530011110350E+21
  0.000000000000000E+00  1.265453479325935E+00 -1.000923087294465E+00  4.341301288253641E+00  1.913554541499954E+02  6.378515138333577E+01  6.378515138333579E+01  1.913554541500074E+02 -1.196553967020009E-11  2.999999999999813E+00  2.360906385543515E+03 -3.852358725498560E+02  1.975670512993659E+03  8.114232989984929E+21 -1.324022691077624E+21
  0.000000000000000E+00  1.265488998504454E+00 -1.000778643832452E+00  4.341283062702225E+00  1.912213148071071E+02  6.374043826903755E+01  6.374043826903755E+01  1.912213148071127E+02 -5.542233338928781E-12  2.999999999999913E+00  2.357274095071032E+03 -3.826351045288544E+02  1.974638990542178E+03  8.089961097263627E+21 -1.313170630669725E+21
  0.000000000000000E+00  1.265524517682973E+00 -1.000634200370440E+00  4.341264832067351E+00  1.910881061325982E+02  6.369603537753243E+01  6.369603537753243E+01  1.910881061325973E+02  8.810729923425242E-13  3.000000000000014E+00  2.353650350017969E+03 -3.799296090286291E+02  1.973720740989340E+03  8.065700681141337E+21 -1.301976950953900E+21
  0.000000000000000E+00  1.265275883433339E+00 -1.001645304604527E+00  4.341392339832820E+00  1.920397867256205E+02  6.401326224201556E+01  6.401326224201556E+01  1.920397867260467E+02 -4.261551111994777E-10  2.999999999993343E+00  2.379203621065374E+03 -3.980025852652760E+02  1.981201035800098E+03  8.236390550634488E+21 -1.377815964713069E+21
  0.000000000000000E+00  1.265311402611858E+00 -1.001500861142514E+00  4.341374139667002E+00  1.919011308285418E+02  6.396704360963457E+01  6.396704360963457E+01  1.919011308289037E+02 -3.619220478867646E-10  2.999999999994342E+00  2.375525751741590E+03 -3.956102498496240E+02  1.979915501891966E+03  8.211788456442081E+21 -1.367557342025691E+21
  0.000000000000000E+00  1.265346921790377E+00 -1.001356417680502E+00  4.341355934428285E+00  1.917633351517111E+02  6.392111171731054E+01  6.392111171731054E+01  1.917633351519316E+02 -2.205524651799351E-10  2.999999999996550E+00  2.371857739286138E+03 -3.931010340374876E+02  1.978756705248650E+03  8.187269546786067E+21 -1.356921231605522E+21
  0.000000000000000E+00  1.265382440968896E+00 -1.001211974218490E+00  4.341337724114560E+00  1.916264404867239E+02  6.387548016226766E+01  6.387548016226766E+01  1.916264404868030E+02 -7.915446076367516E-11  2.999999999998761E+00  2.368198794672417E+03 -3.904749279970688E+02  1.977723866675348E+03  8.162841217701661E+21 -1.345911012159965E+21
  0.000000000000000E+00  1.265133806719262E+00 -1.002223078452577E+00  4.341465089809241E+00  1.926031457456969E+02  6.420104858198991E+01  6.420104858198991E+01  1.926031457459698E+02 -2.728199888224481E-10  2.999999999995751E+00  2.394007072213712E+03 -4.077302580445010E+02  1.986276814169210E+03  8.336416721648182E+21 -1.419799206332787E+21
  0.000000000000000E+00  1.265169325897781E+00 -1.002078634990564E+00  4.341446909913952E+00  1.924610477509852E+02  6.415368258376061E+01  6.415368258376061E+01  1.924610477512819E+02 -2.967510681628482E-10  2.999999999995374E+00  2.390292000702900E+03 -4.054910425265282E+02  1.984800958176371E+03  8.311150744205525E+21 -1.409910244803565E+21
  0.000000000000000E+00  1.265204845076300E+00 -1.001934191528552E+00  4.341428724954189E+00  1.923197586853714E+02  6.410658622857359E+01  6.410658622857359E+01  1.923197586857208E+02 -3.494449174468173E-10  2.999999999994549E+00  2.386586783965542E+03 -4.031233657632029E+02  1.983463418202339E+03  8.286051233401888E+21 -1.399614245975618E+21
  0.000000000000000E+00  1.265240364254819E+00 -1.001789748066539E+00  4.341410534927847E+00  1.921793233949012E+02  6.405977446510113E+01  6.405977446510113E+01  1.921793233953034E+02 -4.021671884402167E-10  2.999999999993721E+00  2.382890847840280E+03 -4.006272169454539E+02  1.982263630894827E+03  8.261127937057670E+21 -1.388914938027237E+21
  0.000000000000000E+00  1.264991730005185E+00 -1.002800852300627E+00  4.341537758787707E+00  1.931796141313515E+02  6.439320471044985E+01  6.439320471044985E+01  1.931796141313496E+02  1.989519660128281E-12  3.000000000000031E+00  2.408957455260183E+03 -4.166355505014782E+02  1.992321904758704E+03  8.439962798645363E+21 -1.459713843906727E+21
  0.000000000000000E+00  1.265027249183704E+00 -1.002656408838614E+00  4.341519599129292E+00  1.930343483809032E+02  6.434478279364804E+01  6.434478279364804E+01  1.930343483809442E+02 -4.098410499864258E-11  2.999999999999363E+00  2.405206267280510E+03 -4.146198207030157E+02  1.990586446577494E+03  8.413691536800393E+21 -1.450388402813775E+21
  0.000000000000000E+00  1.265062768362223E+00 -1.002511965376602E+00  4.341501434414810E+00  1.928898157174374E+02  6.429660523919092E+01  6.429660523919092E+01  1.928898157175728E+02 -1.354294454358751E-10  2.999999999997894E+00  2.401464380767351E+03 -4.124637032377214E+02  1.989000677529630E+03  8.387667549071031E+21 -1.440624498336817E+21
  0.000000000000000E+00  1.265098287540743E+00 -1.002367521914589E+00  4.341483264642160E+00  1.927460651645150E+02  6.424868838824828E+01  6.424868838824828E+01  1.927460651647448E+02 -2.298463641636772E-10  2.999999999996422E+00  2.397731435300499E+03 -4.101671862899875E+02  1.987564249010511E+03  8.361904687417688E+21 -1.430426638767127E+21
  0.000000000000000E+00  1.264849653291108E+00 -1.003378626148677E+00  4.341610346902646E+00  1.937678079117578E+02  6.458926930392072E+01  6.458926930392072E+01  1.937678079117622E+02 -4.433786671143025E-12  2.999999999999931E+00  2.424043358695099E+03 -4.243834125422465E+02  1.999659946152852E+03  8.548284685144354E+21 -1.496569858394389E+21
  0.000000000000000E+00  1.264885172469627E+00 -1.003234182686664E+00  4.341592207447526E+00  1.936197640792315E+02  6.453992135974499E+01  6.453992135974498E+01  1.936197640792350E+02 -3.439026841078885E-12  2.999999999999947E+00  2.420259937403130E+03 -4.226725745525449E+02  1.997587362850585E+03  8.520718115954483E+21 -1.488052505207879E+21
  0.000000000000000E+00  1.264920691648146E+00 -1.003089739224652E+00  4.341574062944726E+00  1.934723487352832E+02  6.449078291176146E+01  6.449078291176146E+01  1.934723487352844E+02 -1.193711796076968E-12  2.999999999999981E+00  2.416484616941063E+03 -4.208109933429609E+02  1.995673623598102E+03  8.493461541195838E+21 -1.479066724867145E+21
  0.000000000000000E+00  1.264956210826666E+00 -1.002945295762639E+00  4.341555913392153E+00  1.933256145344705E+02  6.444187151148984E+01  6.444187151148984E+01  1.933256145344695E+02  9.947598300641403E-13  3.000000000000016E+00  2.412717191257997E+03 -4.187986562226641E+02  1.993918535035332E+03  8.466536099623420E+21 -1.469618550499982E+21
  0.000000000000000E+00  1.264707576577031E+00 -1.003956399996726E+00  4.341682854288194E+00  1.943658754762740E+02  6.478862515875747E+01  6.478862515875747E+01  1.943658754762724E+02  1.591615728102624E-12  3.000000000000024E+00  2.439242139818225E+03 -4.306529778129282E+02  2.008589162005296E+03  8.662267851336754E+21 -1.529340356947656E+21
  0.000000000000000E+00  1.264743095755550E+00 -1.003811956534714E+00  4.341664735002862E+00  1.942155574987917E+02  6.473851916626369E+01  6.473851916626369E+01  1.942155574987911E+02  6.252776074688882E-13  3.000000000000010E+00  2.435433127677101E+03 -4.293179686162855E+02  2.006115159060816E+03  8.633232666619319E+21 -1.521865605301963E+21
  0.000000000000000E+00  1.264778614934070E+00 -1.003667513072702E+00  4.341646610678222E+00  1.940657374953130E+02  6.468857916510483E+01  6.468857916510483E+01  1.940657374953145E+02 -1.449507180950604E-12  2.999999999999977E+00  2.431630416259264E+03 -4.278280467023186E+02  2.003802369556946E+03  8.604536307299272E+21 -1.513906857109542E+21
  0.000000000000000E+00  1.264814134112589E+00 -1.003523069610689E+00  4.341628481312179E+00  1.939164695911857E+02  6.463882319706309E+01  6.463882319706309E+01  1.939164695911893E+02 -3.552713678800501E-12  2.999999999999945E+00  2.427833871186202E+03 -4.261831990259363E+02  2.001650672160265E+03  8.576209977661470E+21 -1.505472284235052E+21
  0.000000000000000E+00  1.264565499862954E+00 -1.004534173844776E+00  4.341755281078189E+00  1.949715877786415E+02  6.499052925955506E+01  6.499052925955506E+01  1.949715877786652E+02 -2.367528395552654E-11  2.999999999999636E+00  2.454522166616466E+03 -4.352409583114963E+02  2.019281208304970E+03  8.782218863635115E+21 -1.557281252659846E+21
  0.000000000000000E+00  1.264601019041473E+00 -1.004389730382764E+00  4.341737181929215E+00  1.948195775873445E+02  6.493985919578806E+01  6.493985919578806E+01  1.948195775873642E+02 -1.975308805413079E-11  2.999999999999696E+00  2.450696076579467E+03 -4.343150168902611E+02  2.016381059689207E+03  8.751697586695020E+21 -1.550985339026249E+21
  0.000000000000000E+00  1.264636538219992E+00 -1.004245286920751E+00  4.341719077749282E+00  1.946679211403119E+02  6.488930704677432E+01  6.488930704677432E+01  1.946679211403230E+02 -1.102762325899675E-11  2.999999999999830E+00  2.446874146318171E+03 -4.332417146083635E+02  2.013632431709807E+03  8.721504491906499E+21 -1.544223092030982E+21
  0.000000000000000E+00  1.264672057398512E+00 -1.004100843458739E+00  4.341700968536303E+00  1.945166699368524E+02  6.483888997895154E+01  6.483888997895154E+01  1.945166699368547E+02 -2.302158463862725E-12  2.999999999999964E+00  2.443056219314538E+03 -4.320210390530739E+02  2.011035180261464E+03  8.691680894946833E+21 -1.537004749078693E+21
  0.000000000000000E+00  1.264423423148877E+00 -1.005111947692826E+00  4.341827627406178E+00  1.955825748807746E+02  6.519419162692482E+01  6.519419162692482E+01  1.955825748807745E+02  1.421085471520200E-13  3.000000000000002E+00  2.469848153477641E+03 -4.381592002648048E+02  2.031688953212836E+03  8.907842267251765E+21 -1.580280568426205E+21
  0.000000000000000E+00  1.264458942327396E+00 -1.004967504230813E+00  4.341809548360201E+00  1.954294608435709E+02  6.514315361452482E+01  6.514315361452482E+01  1.954294608435745E+02 -3.609557097661309E-12  2.999999999999945E+00  2.466013787558203E+03 -4.376167376833258E+02  2.028397049874877E+03  8.875957649037362E+21 -1.575119997213485E+21
  0.000000000000000E+00  1.264494461505916E+00 -1.004823060768801E+00  4.341791464291600E+00  1.952765625820432E+02  6.509218752735164E+01  6.509218752735164E+01  1.952765625820550E+02 -1.179500941361766E-11  2.999999999999819E+00  2.462181518649418E+03 -4.369495501691006E+02  2.025231968480318E+03  8.844360121466475E+21 -1.569559005839718E+21
  0.000000000000000E+00  1.264529980684435E+00 -1.004678617306789E+00  4.341773375198289E+00  1.951239236943479E+02  6.504130789812261E+01  6.504130789812261E+01  1.951239236943679E+02 -1.998046172957402E-11  2.999999999999693E+00  2.458351070081337E+03 -4.361576272145374E+02  2.022193442866799E+03  8.813097890688899E+21 -1.563609002470561E+21
  0.000000000000000E+00  1.264281346434800E+00 -1.005689721540876E+00  4.341899893405413E+00  1.961966642447595E+02  6.539888808158584E+01  6.539888808158584E+01  1.961966642447575E+02  2.017941369558685E-12  3.000000000000031E+00  2.485188016814363E+03 -4.396749891534602E+02  2.045513027660903E+03  9.038428097330386E+21 -1.599062424561382E+21
  0.000000000000000E+00  1.264316865613319E+00 -1.005545278078863E+00  4.341881834429149E+00  1.960429521591177E+02  6.534765071970534E+01  6.534765071970534E+01  1.960429521591160E+02  1.705302565824240E-12  3.000000000000026E+00  2.481352747051506E+03 -4.394289546977208E+02  2.041923792353785E+03  9.005381050025805E+21 -1.594785419432895E+21
  0.000000000000000E+00  1.264352384791839E+00 -1.005400834616851E+00  4.341863770438573E+00  1.958893459179689E+02  6.529644863932258E+01  6.529644863932258E+01  1.958893459179678E+02  1.108446667785756E-12  3.000000000000017E+00  2.477517996194927E+03 -4.390943167085952E+02  2.038423679486332E+03  8.972567521643779E+21 -1.590221912046176E+21
  0.000000000000000E+00  1.264387903970358E+00 -1.005256391154838E+00  4.341845701431609E+00  1.957358764992190E+02  6.524529216640622E+01  6.524529216640622E+01  1.957358764992186E+02  3.979039320256561E-13  3.000000000000006E+00  2.473683289190551E+03 -4.386710677195102E+02  2.035012221471040E+03  8.940037899768366E+21 -1.585383217035663E+21
  0.000000000000000E+00  1.264139269720723E+00 -1.006267495388926E+00  4.341972079208855E+00  1.968122135407941E+02  6.560407118027101E+01  6.560407118027101E+01  1.968122135408130E+02 -1.890043677121866E-11  2.999999999999712E+00  2.500518553203030E+03 -4.402612348884352E+02  2.060257318314595E+03  9.173137751424037E+21 -1.615095776462234E+21
  0.000000000000000E+00  1.264174788899242E+00 -1.006123051926913E+00  4.341954040269090E+00  1.966582509058726E+02  6.555275030196275E+01  6.555275030196276E+01  1.966582509058883E+02 -1.568878360558301E-11  2.999999999999761E+00  2.496687164060922E+03 -4.401837991281608E+02  2.056503364932762E+03  9.139135639904229E+21 -1.611294961030390E+21
  0.000000000000000E+00  1.264210308077762E+00 -1.005978608464901E+00  4.341935996323310E+00  1.965043277357135E+02  6.550144257857397E+01  6.550144257857397E+01  1.965043277357220E+02 -8.498091119690798E-12  2.999999999999870E+00  2.492855410892561E+03 -4.400602821748213E+02  2.052795128717740E+03  9.105317382348562E+21 -1.607348953757794E+21
  0.000000000000000E+00  1.264245827256281E+00 -1.005834165002888E+00  4.341917947369442E+00  1.963504601440860E+02  6.545015338136241E+01  6.545015338136241E+01  1.963504601440873E+02 -1.250555214937776E-12  2.999999999999981E+00  2.489022593866780E+03 -4.398906801442999E+02  2.049131913722480E+03  9.071731967286496E+21 -1.603268027783131E+21
  0.000000000000000E+00  1.263997193006646E+00 -1.006845269236976E+00  4.342044184949172E+00  1.974283138833770E+02  6.580943796112544E+01  6.580943796112544E+01  1.974283138833763E+02  6.821210263296962E-13  3.000000000000010E+00  2.515827694326736E+03 -4.404674100059195E+02  2.075360284320817E+03  9.311238143628297E+21 -1.630197870196287E+21
  0.000000000000000E+00  1.264032712185166E+00 -1.006700825774963E+00  4.342026166012766E+00  1.972742565307600E+02  6.575808551025411E+01  6.575808551025411E+01  1.972742565307623E+02 -2.359001882723533E-12  2.999999999999964E+00  2.512002197909429E+03 -4.404267365636979E+02  2.071575461345732E+03  9.276446243106654E+21 -1.626429685913573E+21
  0.000000000000000E+00  1.264068231363685E+00 -1.006556382312951E+00  4.342008142078623E+00  1.971202190004667E+02  6.570673966682526E+01  6.570673966682526E+01  1.971202190004758E+02 -9.094947017729282E-12  2.999999999999861E+00  2.508176100766449E+03 -4.403788166371535E+02  2.067797284129296E+03  9.241801550157442E+21 -1.622650669947005E+21
  0.000000000000000E+00  1.264103750542204E+00 -1.006411938850938E+00  4.341990113144677E+00  1.969662038259829E+02  6.565540127533289E+01  6.565540127533289E+01  1.969662038259987E+02 -1.583089215273503E-11  2.999999999999759E+00  2.504348513969670E+03 -4.403236496155957E+02  2.064024864354074E+03  9.207350120499974E+21 -1.618869732280498E+21
  0.000000000000000E+00  1.263855116292570E+00 -1.007423043085026E+00  4.342116210758741E+00  1.980447864068953E+02  6.601492880229904E+01  6.601492880229904E+01  1.980447864068972E+02 -1.847411112976260E-12  2.999999999999972E+00  2.531112984894508E+03 -4.407646023798897E+02  2.090348382514618E+03  9.452226722870837E+21 -1.645998016672643E+21
  0.000000000000000E+00  1.263890635471089E+00 -1.007278599623013E+00  4.342098211792628E+00  1.978906194462433E+02  6.596353981541489E+01  6.596353981541489E+01  1.978906194462447E+02 -1.421085471520200E-12  2.999999999999979E+00  2.527293290668020E+03 -4.406615928381675E+02  2.086631697829853E+03  9.416746483814727E+21 -1.641914106381448E+21
  0.000000000000000E+00  1.263926154649608E+00 -1.007134156161001E+00  4.342080207837038E+00  1.977364895036954E+02  6.591216316789865E+01  6.591216316789865E+01  1.977364895036960E+02 -6.252776074688882E-13  2.999999999999991E+00  2.523473179094522E+03 -4.405777231859184E+02  2.082895455908604E+03  9.381392807722788E+21 -1.637914251588104E+21
  0.000000000000000E+00  1.263961673828127E+00 -1.006989712698988E+00  4.342062198889908E+00  1.975823898818679E+02  6.586079662728920E+01  6.586079662728920E+01  1.975823898818676E+02  2.842170943040401E-13  3.000000000000004E+00  2.519651646484693E+03 -4.405129950369741E+02  2.079138651447719E+03  9.346209003072741E+21 -1.634006242858666E+21
  0.000000000000000E+00  1.263713039578493E+00 -1.008000816933075E+00  4.342188156769651E+00  1.986619844906296E+02  6.622066149688240E+01  6.622066149688240E+01  1.986619844906472E+02 -1.759303813742008E-11  2.999999999999734E+00  2.546377831149412E+03 -4.414329213557477E+02  2.104944909793664E+03  9.595852545755395E+21 -1.663510092789229E+21
  0.000000000000000E+00  1.263748558757012E+00 -1.007856373471063E+00  4.342170177740835E+00  1.985075856288601E+02  6.616919520962510E+01  6.616919520962509E+01  1.985075856288753E+02 -1.514877112640534E-11  2.999999999999771E+00  2.542562766318569E+03 -4.412216182442542E+02  2.101341148074314E+03  9.559726340861191E+21 -1.658939547909084E+21
  0.000000000000000E+00  1.263784077935531E+00 -1.007711930009050E+00  4.342152193730785E+00  1.983532598728745E+02  6.611775329096140E+01  6.611775329096140E+01  1.983532598728842E+02 -9.720224625198171E-12  2.999999999999853E+00  2.538747632409862E+03 -4.410397957200115E+02  2.097707836689850E+03  9.523718416738590E+21 -1.654492463682261E+21
  0.000000000000000E+00  1.263819597114050E+00 -1.007567486547038E+00  4.342134204737439E+00  1.981989969048329E+02  6.606633230161236E+01  6.606633230161236E+01  1.981989969048371E+02 -4.263256414560601E-12  2.999999999999936E+00  2.534931384968998E+03 -4.408874562695542E+02  2.094043928699444E+03  9.487871157630998E+21 -1.650176176327692E+21
  0.000000000000000E+00  1.263570962864416E+00 -1.008578590781125E+00  4.342260023113699E+00  1.992804978756541E+02  6.642683262520359E+01  6.642683262520359E+01  1.992804978756108E+02  4.331468517193571E-11  3.000000000000652E+00  2.561627687534853E+03 -4.425369967226704E+02  2.119090690812182E+03  9.742057924483449E+21 -1.683000647119036E+21
  0.000000000000000E+00  1.263606482042935E+00 -1.008434147319113E+00  4.342242063989258E+00  1.991257135199884E+02  6.637523783998485E+01  6.637523783998485E+01  1.991257135199546E+02  3.379341251275036E-11  3.000000000000509E+00  2.557815858415663E+03 -4.422213032376287E+02  2.115594555178035E+03  9.705285372441524E+21 -1.677948759123192E+21
  0.000000000000000E+00  1.263642001221454E+00 -1.008289703857100E+00  4.342224099891807E+00  1.989710393440062E+02  6.632367978133109E+01  6.632367978133109E+01  1.989710393439933E+02  1.287503437197302E-11  3.000000000000194E+00  2.554004297444828E+03 -4.419320580271238E+02  2.112072239417704E+03  9.668631803521445E+21 -1.673011417996268E+21
  0.000000000000000E+00  1.263677520399973E+00 -1.008145260395088E+00  4.342206130819289E+00  1.988164660875918E+02  6.627215536253330E+01  6.627215536253330E+01  1.988164660875999E+02 -8.100187187665142E-12  2.999999999999878E+00  2.550191966099520E+03 -4.416692633223388E+02  2.108522702777182E+03  9.632140006643351E+21 -1.668196056416318E+21
  0.000000000000000E+00  1.263428886150339E+00 -1.009156364629175E+00  4.342331809922396E+00  1.999008863557229E+02  6.663362878524153E+01  6.663362878524153E+01  1.999008863557246E+02 -1.648459146963432E-12  2.999999999999975E+00  2.576867558607327E+03 -4.439871296924712E+02  2.132880428914856E+03  9.890933641381048E+21 -1.704180419652161E+21
  0.000000000000000E+00  1.263464405328858E+00 -1.009011921167162E+00  4.342313870669479E+00  1.997455894682630E+02  6.658186315608586E+01  6.658186315608586E+01  1.997455894682576E+02  5.371703082346357E-12  3.000000000000080E+00  2.573057830812106E+03 -4.435994039788585E+02  2.129458426833248E+03  9.853480324931332E+21 -1.698756221844177E+21
  0.000000000000000E+00  1.263499924507377E+00 -1.008867477705150E+00  4.342295926451758E+00  1.995904296820268E+02  6.653014322733532E+01  6.653014322733532E+01  1.995904296820059E+02  2.083311301248614E-11  3.000000000000313E+00  2.569248619067204E+03 -4.432284723004756E+02  2.126020146766728E+03  9.816153625848615E+21 -1.693412908024162E+21
  0.000000000000000E+00  1.263535443685897E+00 -1.008723034243138E+00  4.342277977267182E+00  1.994354011126215E+02  6.647846703752839E+01  6.647846703752839E+01  1.994354011125852E+02  3.632294465205632E-11  3.000000000000546E+00  2.565438908041649E+03 -4.428743360757858E+02  2.122564571965864E+03  9.778998063756948E+21 -1.688158412736774E+21
  0.000000000000000E+00  1.263286809436262E+00 -1.009734138477225E+00  4.342403517326964E+00  2.005235345452261E+02  6.684117818173941E+01  6.684117818173941E+01  2.005235345452182E+02  7.901235221652314E-12  3.000000000000118E+00  2.592100949194234E+03 -4.456408806580112E+02  2.146460068536223E+03  1.004264999269388E+22 -1.726559063324857E+21
  0.000000000000000E+00  1.263322328614781E+00 -1.009589695015212E+00  4.342385597912794E+00  2.003676476019597E+02  6.678921586731774E+01  6.678921586731774E+01  2.003676476019532E+02  6.451728040701710E-12  3.000000000000096E+00  2.588292599746324E+03 -4.452163063048405E+02  2.143076293441483E+03  1.000447426532164E+22 -1.720885451422640E+21
  0.000000000000000E+00  1.263357847793300E+00 -1.009445251553200E+00  4.342367673542006E+00  2.002119123270696E+02  6.673730410902216E+01  6.673730410902216E+01  2.002119123270665E+02  3.126388037344441E-12  3.000000000000047E+00  2.584484913264484E+03 -4.447991559408167E+02  2.139685757323668E+03  9.966430041109474E+21 -1.715258482367869E+21
  0.000000000000000E+00  1.263393366971819E+00 -1.009300808091187E+00  4.342349744212556E+00  2.000563261138821E+02  6.668544203796073E+01  6.668544203796073E+01  2.000563261138822E+02 -1.705302565824240E-13  2.999999999999997E+00  2.580676895850861E+03 -4.443894301938091E+02  2.136287465657052E+03  9.928566770172000E+21 -1.709687150968667E+21
  0.000000000000000E+00  1.263144732722185E+00 -1.010311912325275E+00  4.342475145458341E+00  2.011486431946141E+02  6.704954773153793E+01  6.704954773153793E+01  2.011486431946138E+02  3.410605131648481E-13  3.000000000000005E+00  2.607329828399166E+03 -4.473878153690956E+02  2.159942013030070E+03  1.019732201638827E+22 -1.749743193145678E+21
  0.000000000000000E+00  1.263180251900704E+00 -1.010167468863262E+00  4.342457245850208E+00  2.009921297901296E+02  6.699737659670937E+01  6.699737659670936E+01  2.009921297901281E+02  1.506350599811412E-12  3.000000000000022E+00  2.603522484260588E+03 -4.469479621073284E+02  2.156574522153260E+03  1.015840267133697E+22 -1.743897892054947E+21
  0.000000000000000E+00  1.263215771079223E+00 -1.010023025401250E+00  4.342439341293630E+00  2.008357743715754E+02  6.694525812385707E+01  6.694525812385707E+01  2.008357743715713E+02  4.121147867408581E-12  3.000000000000062E+00  2.599715877809335E+03 -4.465101884498305E+02  2.153205689359505E+03  1.011961480447753E+22 -1.738078823134513E+21
  0.000000000000000E+00  1.263251290257742E+00 -1.009878581939237E+00  4.342421431786562E+00  2.006795762021935E+02  6.689319206739559E+01  6.689319206739559E+01  2.006795762021868E+02  6.792788553866558E-12  3.000000000000101E+00  2.595909025622382E+03 -4.460744945741699E+02  2.149834531048212E+03  1.008101260935946E+22 -1.732295916432474E+21
  0.000000000000000E+00  1.263002656008108E+00 -1.010889686173325E+00  4.342546694447172E+00  2.017763021504132E+02  6.725876738347091E+01  6.725876738347091E+01  2.017763021504128E+02  3.979039320256561E-13  3.000000000000006E+00  2.622555133579670E+03 -4.491790885146797E+02  2.173376045064991E+03  1.035503767672837E+22 -1.773562860743082E+21
  0.000000000000000E+00  1.263038175186627E+00 -1.010745242711312E+00  4.342528814612443E+00  2.016191455766958E+02  6.720638185889847E+01  6.720638185889847E+01  2.016191455766954E+02  4.263256414560601E-13  3.000000000000007E+00  2.618748625874259E+03 -4.487305582192673E+02  2.170018067654992E+03  1.031534832632689E+22 -1.767566373864364E+21
  0.000000000000000E+00  1.263073694365147E+00 -1.010600799249300E+00  4.342510929837420E+00  2.014621503429711E+02  6.715405011432357E+01  6.715405011432357E+01  2.014621503429707E+02  3.694822225952521E-13  3.000000000000005E+00  2.614942893276948E+03 -4.482825025686508E+02  2.166660390708297E+03  1.027579425809289E+22 -1.761590579183093E+21
  0.000000000000000E+00  1.263109213543666E+00 -1.010456355787287E+00  4.342493040120065E+00  2.013053162740176E+02  6.710177209133909E+01  6.710177209133909E+01  2.013053162740173E+02  3.126388037344441E-13  3.000000000000005E+00  2.611136953313650E+03 -4.478349216042257E+02  2.163302031709425E+03  1.023643306009975E+22 -1.755646018934043E+21
  0.000000000000000E+00  1.262860579294031E+00 -1.011467460021374E+00  4.342618164423825E+00  2.024065677694257E+02  6.746885592314146E+01  6.746885592314146E+01  2.024065677694244E+02  1.278976924368180E-12  3.000000000000019E+00  2.637777260143195E+03 -4.510111800907445E+02  2.186766080052451E+03  1.051594359594032E+22 -1.798032078991871E+21
  0.000000000000000E+00  1.262896098472550E+00 -1.011323016559362E+00  4.342600304329935E+00  2.022487540375406E+02  6.741625134584646E+01  6.741625134584646E+01  2.022487540375394E+02  1.222133505507372E-12  3.000000000000018E+00  2.633971522044706E+03 -4.505517682319737E+02  2.183419753812733E+03  1.047544311659012E+22 -1.791868051606455E+21
  0.000000000000000E+00  1.262931617651069E+00 -1.011178573097349E+00  4.342582439303884E+00  2.020911054127024E+02  6.736370180423384E+01  6.736370180423384E+01  2.020911054127016E+02  8.810729923425242E-13  3.000000000000013E+00  2.630166578992952E+03 -4.500932822959920E+02  2.180073296696959E+03  1.043508405184778E+22 -1.785727668142237E+21
  0.000000000000000E+00  1.262967136829589E+00 -1.011034129635337E+00  4.342564569343641E+00  2.019336215614728E+02  6.731120718715739E+01  6.731120718715739E+01  2.019336215614722E+02  5.684341886080801E-13  3.000000000000008E+00  2.626361443656745E+03 -4.496357223636342E+02  2.176725721293111E+03  1.039492836098811E+22 -1.779622197013177E+21
  0.000000000000000E+00  1.262718502579954E+00 -1.012045233869424E+00  4.342689555518376E+00  2.030395131490139E+02  6.767983771633791E+01  6.767983771633791E+01  2.030395131490138E+02  1.421085471520200E-13  3.000000000000002E+00  2.652996421876692E+03 -4.529109416020488E+02  2.200085480274643E+03  1.068019136639791E+22 -1.823287618617895E+21
  0.000000000000000E+00  1.262754021758473E+00 -1.011900790407412E+00  4.342671715132832E+00  2.028810201330937E+02  6.762700671103113E+01  6.762700671103111E+01  2.028810201330934E+02  3.410605131648481E-13  3.000000000000005E+00  2.649191392278196E+03 -4.524311590529979E+02  2.196760233225198E+03  1.063884833097682E+22 -1.816911566073607E+21
  0.000000000000000E+00  1.262789540936993E+00 -1.011756346945399E+00  4.342653869823244E+00  2.027226989910852E+02  6.757423299702813E+01  6.757423299702813E+01  2.027226989910844E+02  7.958078640513122E-13  3.000000000000012E+00  2.645387188576459E+03 -4.519546044350033E+02  2.193432584141456E+03  1.059764700354547E+22 -1.810568744005527E+21
  0.000000000000000E+00  1.262825060115512E+00 -1.011611903483387E+00  4.342636019587584E+00  2.025645485831440E+02  6.752151619438092E+01  6.752151619438092E+01  2.025645485831428E+02  1.108446667785756E-12  3.000000000000017E+00  2.641582809861559E+03 -4.514812780226043E+02  2.190101531838955E+03  1.055665600528342E+22 -1.804271487199806E+21
  0.000000000000000E+00  1.262576425865877E+00 -1.012623007717474E+00  4.342760867860625E+00  2.036752728584753E+02  6.789175761949157E+01  6.789175761949157E+01  2.036752728584748E+02  5.115907697472721E-13  3.000000000000008E+00  2.668213271504320E+03 -4.549408901608178E+02  2.213272381343503E+03  1.084784948856361E+22 -1.849601137721390E+21
  0.000000000000000E+00  1.262611945044396E+00 -1.012478564255462E+00  4.342743047151004E+00  2.035160582727119E+02  6.783868609090382E+01  6.783868609090382E+01  2.035160582727115E+02  4.263256414560601E-13  3.000000000000007E+00  2.664408697644617E+03 -4.544214168421302E+02  2.209987280802487E+03  1.080565277608508E+22 -1.842930496643959E+21
  0.000000000000000E+00  1.262647464222916E+00 -1.012334120793449E+00  4.342725221525438E+00  2.033570286647660E+02  6.778567622158853E+01  6.778567622158853E+01  2.033570286647656E+02  3.694822225952521E-13  3.000000000000005E+00  2.660605048836740E+03 -4.539099338583966E+02  2.206695114978343E+03  1.076359493510853E+22 -1.836312633928810E+21
  0.000000000000000E+00  1.262682983401435E+00 -1.012189677331437E+00  4.342707390981904E+00  2.031981812263093E+02  6.773272707543636E+01  6.773272707543636E+01  2.031981812263091E+02  2.273736754432321E-13  3.000000000000003E+00  2.656801297698772E+03 -4.534064418858734E+02  2.203394855812898E+03  1.072174993726429E+22 -1.829760657696074E+21
  0.000000000000000E+00  1.262434349151800E+00 -1.013200781565524E+00  4.342832101580083E+00  2.043140902167985E+02  6.810469673893296E+01  6.810469673893296E+01  2.043140902167989E+02 -3.694822225952521E-13  2.999999999999994E+00  2.683429701933949E+03 -4.571899905918245E+02  2.226239711342124E+03  1.101899617466306E+22 -1.877364163404328E+21
  0.000000000000000E+00  1.262469868330319E+00 -1.013056338103512E+00  4.342814300514032E+00  2.041540813552014E+02  6.805136045173384E+01  6.805136045173384E+01  2.041540813552015E+02 -1.705302565824240E-13  2.999999999999997E+00  2.679624968891409E+03 -4.566069891410226E+02  2.223017979750386E+03  1.097591518067343E+22 -1.870291418350205E+21
  0.000000000000000E+00  1.262505387508839E+00 -1.012911894641499E+00  4.342796494540119E+00  2.039942787418003E+02  6.799809291393339E+01  6.799809291393339E+01  2.039942787418002E+02  8.526512829121202E-14  3.000000000000001E+00  2.675821356663074E+03 -4.560378044730678E+02  2.219783552190006E+03  1.093297931945236E+22 -1.863297739506122E+21
  0.000000000000000E+00  1.262540906687358E+00 -1.012767451179487E+00  4.342778683656323E+00  2.038346775263176E+02  6.794489250877238E+01  6.794489250877238E+01  2.038346775263172E+02  3.979039320256561E-13  3.000000000000006E+00  2.672017808178183E+03 -4.554824377565146E+02  2.216535370421669E+03  1.089026531409752E+22 -1.856396532200647E+21
  0.000000000000000E+00  1.262292272437723E+00 -1.013778555413574E+00  4.342903256805979E+00  2.049563223766479E+02  6.831877412554788E+01  6.831877412554788E+01  2.049563223766436E+02  4.234834705130197E-12  3.000000000000062E+00  2.698648818593938E+03 -4.597234715790902E+02  2.238925347014848E+03  1.119387350607864E+22 -1.906912212205852E+21
  0.000000000000000E+00  1.262327791616243E+00 -1.013634111951561E+00  4.342885475351219E+00  2.047954217257243E+02  6.826514057524025E+01  6.826514057524024E+01  2.047954217257208E+02  3.524291969370097E-12  3.000000000000052E+00  2.694843090517920E+03 -4.590636518346249E+02  2.235779438683295E+03  1.114983059542329E+22 -1.899361773040643E+21
  0.000000000000000E+00  1.262363310794762E+00 -1.013489668489549E+00  4.342867688996660E+00  2.046347536078106E+02  6.821158453593621E+01  6.821158453593621E+01  2.046347536078087E+02  1.932676241267473E-12  3.000000000000028E+00  2.691038707822811E+03 -4.584214640941616E+02  2.232617243728650E+03  1.110594992811769E+22 -1.891911034725772E+21
  0.000000000000000E+00  1.262398829973281E+00 -1.013345225027537E+00  4.342849897740286E+00  2.044743118343533E+02  6.815810394478429E+01  6.815810394478429E+01  2.044743118343529E+02  3.979039320256561E-13  3.000000000000006E+00  2.687234600056968E+03 -4.577969098494998E+02  2.229437690207468E+03  1.106231182092877E+22 -1.884573891429288E+21
  0.000000000000000E+00  1.262150195723647E+00 -1.014356329261624E+00  4.342974333667264E+00  2.056023769683391E+02  6.853412565610722E+01  6.853412565610722E+01  2.056023769683217E+02  1.742250788083766E-11  3.000000000000254E+00  2.713873671581659E+03 -4.625473969158287E+02  2.251326274665831E+03  1.137287776724888E+22 -1.938371362590738E+21
  0.000000000000000E+00  1.262185714902166E+00 -1.014211885799611E+00  4.342956571791584E+00  2.054404822022875E+02  6.848016073409067E+01  6.848016073409067E+01  2.054404822022721E+02  1.546140993013978E-11  3.000000000000226E+00  2.710066265566501E+03 -4.618125926502216E+02  2.248253672916279E+03  1.132776268884680E+22 -1.930323078343346E+21
  0.000000000000000E+00  1.262221234080685E+00 -1.014067442337599E+00  4.342938805024150E+00  2.052788460116092E+02  6.842628200386608E+01  6.842628200386608E+01  2.052788460115982E+02  1.094235813070554E-11  3.000000000000160E+00  2.706260365236529E+03 -4.610970025886206E+02  2.245163362647909E+03  1.128283394065555E+22 -1.922387430851180E+21
  0.000000000000000E+00  1.262256753259204E+00 -1.013922998875586E+00  4.342921033362952E+00  2.051174616513729E+02  6.837248721712220E+01  6.837248721712220E+01  2.051174616513666E+02  6.281197784119286E-12  3.000000000000091E+00  2.702454903549052E+03 -4.604006283562136E+02  2.242054275192838E+03  1.123817614978703E+22 -1.914578983036802E+21
  0.000000000000000E+00  1.262008119009570E+00 -1.014934103109674E+00  4.343045332292606E+00  2.062526518968490E+02  6.875088396561611E+01  6.875088396561611E+01  2.062526518968484E+02  6.821210263296962E-13  3.000000000000010E+00  2.729106428878421E+03 -4.656497281396782E+02  2.263456700738743E+03  1.155655050281596E+22 -1.971819252970748E+21
  0.000000000000000E+00  1.262043638188089E+00 -1.014789659647661E+00  4.343027589963864E+00  2.060896649669824E+02  6.869655498899300E+01  6.869655498899300E+01  2.060896649669791E+02  3.268496584496461E-12  3.000000000000048E+00  2.725296953923164E+03 -4.648417411679786E+02  2.260455212755186E+03  1.151021170096825E+22 -1.963245451321547E+21
  0.000000000000000E+00  1.262079157366608E+00 -1.014645216185649E+00  4.343009842751398E+00  2.059269618912440E+02  6.864232063041167E+01  6.864232063041167E+01  2.059269618912350E+02  9.009681889438070E-12  3.000000000000131E+00  2.721489041369019E+03 -4.640553557552481E+02  2.257433685613771E+03  1.146409411131670E+22 -1.954802753334826E+21
  0.000000000000000E+00  1.262114676545127E+00 -1.014500772723636E+00  4.342992090653199E+00  2.057645350861808E+02  6.858817836205533E+01  6.858817836205533E+01  2.057645350861660E+02  1.475086719437968E-11  3.000000000000215E+00  2.717681631978705E+03 -4.632905737283018E+02  2.254391058250404E+03  1.141828664817302E+22 -1.946506356734186E+21
  0.000000000000000E+00  1.261866042295493E+00 -1.015511876957723E+00  4.343116252810394E+00  2.069075520663195E+02  6.896918402210643E+01  6.896918402210643E+01  2.069075520663193E+02  1.705302565824240E-13  3.000000000000003E+00  2.744347081025694E+03 -4.690591352728756E+02  2.275287945752818E+03  1.174556768510962E+22 -2.007532450890809E+21
  0.000000000000000E+00  1.261901561474012E+00 -1.015367433495711E+00  4.343098529996519E+00  2.067433673770622E+02  6.891445579235395E+01  6.891445579235395E+01  2.067433673770619E+02  2.842170943040401E-13  3.000000000000004E+00  2.740535678098460E+03 -4.681657455304082E+02  2.272369932568051E+03  1.169783240936233E+22 -1.998340862622453E+21
  0.000000000000000E+00  1.261937080652531E+00 -1.015222990033698E+00  4.343080802306931E+00  2.065794955206982E+02  6.885983184023257E+01  6.885983184023257E+01  2.065794955206978E+02  4.263256414560601E-13  3.000000000000007E+00  2.736725803640490E+03 -4.672997128843887E+02  2.269426090756101E+03  1.165035317553661E+22 -1.989313904479546E+21
  0.000000000000000E+00  1.261972599831050E+00 -1.015078546571686E+00  4.343063069739627E+00  2.064159268947772E+02  6.880530896492554E+01  6.880530896492554E+01  2.064159268947767E+02  5.400124791776761E-13  3.000000000000008E+00  2.732916403585645E+03 -4.664610396495501E+02  2.266455363936095E+03  1.160322702612876E+22 -1.980467948012066E+21
  0.000000000000000E+00  1.261723965581416E+00 -1.016089650805773E+00  4.343187095348737E+00  2.075675596883220E+02  6.918918656277457E+01  6.918918656277457E+01  2.075675596883237E+02 -1.676880856393836E-12  2.999999999999976E+00  2.759594799471830E+03 -4.728564624620065E+02  2.286738337009824E+03  1.194055053005773E+22 -2.046012872821972E+21
  0.000000000000000E+00  1.261759484759935E+00 -1.015945207343761E+00  4.343169392017728E+00  2.074020454991555E+02  6.913401516638564E+01  6.913401516638564E+01  2.074020454991569E+02 -1.392663762089796E-12  2.999999999999980E+00  2.755781736884524E+03 -4.718527472093880E+02  2.283928989675136E+03  1.189128015734434E+22 -2.036058638091818E+21
  0.000000000000000E+00  1.261795003938454E+00 -1.015800763881748E+00  4.343151683819000E+00  2.072368813144023E+02  6.907896043813435E+01  6.907896043813435E+01  2.072368813144030E+02 -7.389644451905042E-13  2.999999999999989E+00  2.751970131522859E+03 -4.708852855494894E+02  2.281084845973369E+03  1.184228759328606E+22 -2.026315224518040E+21
  0.000000000000000E+00  1.261830523116973E+00 -1.015656320419736E+00  4.343133970750555E+00  2.070720544111083E+02  6.902401813703614E+01  6.902401813703614E+01  2.070720544111084E+02 -1.421085471520200E-13  2.999999999999998E+00  2.748158929276690E+03 -4.699540805483883E+02  2.278204848728301E+03  1.179368092587916E+22 -2.016800563008697E+21
  0.000000000000000E+00  1.261581888867339E+00 -1.016667424653823E+00  4.343257860035465E+00  2.082332787533653E+02  6.941109291778639E+01  6.941109291778639E+01  2.082332787533592E+02  6.110667527536862E-12  3.000000000000088E+00  2.774848227113265E+03 -4.771201978086976E+02  2.297728029304567E+03  1.214203726935713E+22 -2.087757869836022E+21
  0.000000000000000E+00  1.261617408045858E+00 -1.016522981191811E+00  4.343240176155391E+00  2.080662741161939E+02  6.935542470539632E+01  6.935542470539633E+01  2.080662741161890E+02  4.860112312599085E-12  3.000000000000070E+00  2.771033901953173E+03 -4.759898061709181E+02  2.295044095782255E+03  1.209108208221768E+22 -2.076925804716737E+21
  0.000000000000000E+00  1.261652927224377E+00 -1.016378537729798E+00  4.343222487415574E+00  2.078996627798444E+02  6.929988759328072E+01  6.929988759328072E+01  2.078996627798421E+02  2.216893335571513E-12  3.000000000000032E+00  2.767220916605957E+03 -4.749023839777308E+02  2.292318532628226E+03  1.204044218263408E+22 -2.066345575217833E+21
  0.000000000000000E+00  1.261688446402896E+00 -1.016234094267786E+00  4.343204793814021E+00  2.077334296639944E+02  6.924447655466498E+01  6.924447655466498E+01  2.077334296639950E+02 -5.684341886080801E-13  2.999999999999992E+00  2.763408228371339E+03 -4.738579348629620E+02  2.289550293508377E+03  1.199022828377561E+22 -2.056035280908884E+21
  0.000000000000000E+00  1.261439812153262E+00 -1.017245198501873E+00  4.343328546998133E+00  2.089053469554180E+02  6.963511565180771E+01  6.963511565180771E+01  2.089053469554231E+02 -5.115907697472721E-12  2.999999999999926E+00  2.790104543699403E+03 -4.817894184378704E+02  2.308315125261533E+03  1.235092179275307E+22 -2.132731349131559E+21
  0.000000000000000E+00  1.261475331331781E+00 -1.017100755039861E+00  4.343310882537131E+00  2.087367028018061E+02  6.957890093393650E+01  6.957890093393650E+01  2.087367028018095E+02 -3.410605131648481E-12  2.999999999999951E+00  2.786289959163682E+03 -4.805678559820911E+02  2.305722103181591E+03  1.229801857613928E+22 -2.121111767469136E+21
  0.000000000000000E+00  1.261510850510300E+00 -1.016956311577848E+00  4.343293213224346E+00  2.085684851840295E+02  6.952282839467631E+01  6.952282839467631E+01  2.085684851840290E+02  4.831690603168681E-13  3.000000000000007E+00  2.782476359316332E+03 -4.793824630180737E+02  2.303093896298259E+03  1.224549124716175E+22 -2.109729965997992E+21
  0.000000000000000E+00  1.261546369688819E+00 -1.016811868115836E+00  4.343275539057786E+00  2.084006814014339E+02  6.946689380047648E+01  6.946689380047648E+01  2.084006814014295E+02  4.405364961712621E-12  3.000000000000064E+00  2.778662771372482E+03 -4.782332426064285E+02  2.300429528766053E+03  1.219345821270436E+22 -2.098605530590275E+21
  0.000000000000000E+00  1.261297735439185E+00 -1.017822972349923E+00  4.343399156364016E+00  2.095841641320572E+02  6.986138804401685E+01  6.986138804401685E+01  2.095841641320505E+02  6.650680006714538E-12  3.000000000000095E+00  2.805356168502763E+03 -4.865735942892747E+02  2.318782574213489E+03  1.256825681191714E+22 -2.179895002134080E+21
  0.000000000000000E+00  1.261333254617704E+00 -1.017678528887910E+00  4.343381511290294E+00  2.094138218226733E+02  6.980460727422283E+01  6.980460727422282E+01  2.094138218226685E+02  4.774847184307873E-12  3.000000000000068E+00  2.801543889587615E+03 -4.853604325378793E+02  2.316183457049737E+03  1.251316584371741E+22 -2.167874509800700E+21
  0.000000000000000E+00  1.261368773796223E+00 -1.017534085425898E+00  4.343363861372728E+00  2.092439075394009E+02  6.974796917980005E+01  6.974796917980005E+01  2.092439075394001E+02  7.958078640513122E-13  3.000000000000011E+00  2.797731747000696E+03 -4.841586819988203E+02  2.313573065001875E+03  1.245848858068421E+22 -2.155991337406774E+21
  0.000000000000000E+00  1.261404292974742E+00 -1.017389641963885E+00  4.343346206609336E+00  2.090744172582969E+02  6.969147241943338E+01  6.969147241943338E+01  2.090744172583002E+02 -3.296918293926865E-12  2.999999999999952E+00  2.793918907988129E+03 -4.829683436423893E+02  2.310950564345740E+03  1.240436185670586E+22 -2.144269142080453E+21
  0.000000000000000E+00  1.261155658725108E+00 -1.018400746197973E+00  4.343469688260114E+00  2.102695281691894E+02  7.008984272306228E+01  7.008984272306228E+01  2.102695281691869E+02  2.557953848736361E-12  3.000000000000036E+00  2.820586859949057E+03 -4.908496023931374E+02  2.329737257555919E+03  1.279479169435606E+22 -2.226599898430753E+21
  0.000000000000000E+00  1.261191177903627E+00 -1.018256302735960E+00  4.343452062541947E+00  2.100976269023881E+02  7.003254230079494E+01  7.003254230079494E+01  2.100976269023849E+02  3.211653165635653E-12  3.000000000000046E+00  2.816782033818859E+03 -4.898584297934560E+02  2.326923604025403E+03  1.273734789719282E+22 -2.215115392578900E+21
  0.000000000000000E+00  1.261226697082146E+00 -1.018111859273948E+00  4.343434431987861E+00  2.099260870287641E+02  6.997536234291982E+01  6.997536234291982E+01  2.099260870287595E+02  4.547473508864641E-12  3.000000000000065E+00  2.812975696475000E+03 -4.888153738289365E+02  2.324160322646064E+03  1.268034335538915E+22 -2.203483942399892E+21
  0.000000000000000E+00  1.261262216260666E+00 -1.017967415811935E+00  4.343416796595878E+00  2.097549267160697E+02  6.991830890535455E+01  6.991830890535455E+01  2.097549267160637E+02  6.025402399245650E-12  3.000000000000086E+00  2.809167267319484E+03 -4.877204301201968E+02  2.321446837199287E+03  1.262392946228058E+22 -2.191734318841572E+21
  0.000000000000000E+00  1.261013582011031E+00 -1.018978520046023E+00  4.343540142813152E+00  2.109598442186426E+02  7.031994807287889E+01  7.031994807287889E+01  2.109598442186367E+02  5.854872142663226E-12  3.000000000000083E+00  2.835764706945204E+03 -4.931813696420908E+02  2.342583337303113E+03  1.303160684156615E+22 -2.266388919722536E+21
  0.000000000000000E+00  1.261049101189550E+00 -1.018834076584010E+00  4.343522536418885E+00  2.107869831023103E+02  7.026232770076831E+01  7.026232770076831E+01  2.107869831023049E+02  5.314859663485549E-12  3.000000000000075E+00  2.831977457423895E+03 -4.928700854632992E+02  2.339107371960596E+03  1.297140436629036E+22 -2.257509911257601E+21
  0.000000000000000E+00  1.261084620368070E+00 -1.018689633121998E+00  4.343504925196606E+00  2.106142677332022E+02  7.020475591106599E+01  7.020475591106599E+01  2.106142677331980E+02  4.177991286269389E-12  3.000000000000060E+00  2.828185462153458E+03 -4.923777063960825E+02  2.335807755757375E+03  1.291178096608327E+22 -2.247898231089810E+21
  0.000000000000000E+00  1.261120139546589E+00 -1.018545189659985E+00  4.343487309144341E+00  2.104417615944510E+02  7.014725386481597E+01  7.014725386481597E+01  2.104417615944479E+02  3.041122909053229E-12  3.000000000000043E+00  2.824388627396291E+03 -4.917042171391902E+02  2.332684410257101E+03  1.285286689431311E+22 -2.237584726464666E+21
  0.000000000000000E+00  1.260871505296954E+00 -1.019556293894073E+00  4.343610520149580E+00  2.116509040136326E+02  7.055030133786977E+01  7.055030133786977E+01  2.116509040136094E+02  2.327738002350088E-11  3.000000000000330E+00  2.850829489446619E+03 -4.914221616439945E+02  2.359407327802625E+03  1.328249860775417E+22 -2.289619285200719E+21
  0.000000000000000E+00  1.260907024475473E+00 -1.019411850432060E+00  4.343592933047625E+00  2.114784196338536E+02  7.049280654461099E+01  7.049280654461099E+01  2.114784196338330E+02  2.060573933704291E-11  3.000000000000293E+00  2.847078040221263E+03 -4.923457871528035E+02  2.354732253068459E+03  1.321818706344463E+22 -2.285823789353833E+21
  0.000000000000000E+00  1.260942543653992E+00 -1.019267406970048E+00  4.343575341125550E+00  2.113056728041604E+02  7.043522426804860E+01  7.043522426804860E+01  2.113056728041458E+02  1.455191522836685E-11  3.000000000000207E+00  2.843316442913621E+03 -4.929468818289669E+02  2.350369561084654E+03  1.315488229802570E+22 -2.280667080092515E+21
  0.000000000000000E+00  1.260978062832512E+00 -1.019122963508035E+00  4.343557744381383E+00  2.111327766304559E+02  7.037759221014907E+01  7.037759221014907E+01  2.111327766304473E+02  8.611777957412414E-12  3.000000000000122E+00  2.839545173747999E+03 -4.932254184120370E+02  2.346319755335962E+03  1.309266286649659E+22 -2.274179041121540E+21
  0.000000000000000E+00  1.260729428582877E+00 -1.020134067742122E+00  4.343680820395574E+00  2.123362063227659E+02  7.077873544092083E+01  7.077873544092083E+01  2.123362063227625E+02  3.467448550509289E-12  3.000000000000049E+00  2.865695786504146E+03 -4.850584876017232E+02  2.380637298902423E+03  1.355455452074673E+22 -2.294295070297406E+21
  0.000000000000000E+00  1.260764947761396E+00 -1.019989624280110E+00  4.343663252554413E+00  2.121657539229037E+02  7.072191797429905E+01  7.072191797429905E+01  2.121657539228971E+02  6.536993168992922E-12  3.000000000000092E+00  2.862001590822967E+03 -4.870221831338704E+02  2.374979407689096E+03  1.348442377507233E+22 -2.294622590810508E+21
  0.000000000000000E+00  1.260800466939916E+00 -1.019845180818097E+00  4.343645679901006E+00  2.119946612844306E+02  7.066488709480575E+01  7.066488709480575E+01  2.119946612844173E+02  1.330136001342908E-11  3.000000000000188E+00  2.858292410550458E+03 -4.887373746594652E+02  2.369555035890993E+03  1.341556950130844E+22 -2.293918632477623E+21
  0.000000000000000E+00  1.260835986118435E+00 -1.019700737356085E+00  4.343628102433383E+00  2.118230155878419E+02  7.060767186260723E+01  7.060767186260723E+01  2.118230155878217E+02  2.012257027672604E-11  3.000000000000285E+00  2.854568344039006E+03 -4.902040411668669E+02  2.364364302872139E+03  1.334819403998336E+22 -2.292234016517182E+21
  0.000000000000000E+00  1.260587351868800E+00 -1.020711841590172E+00  4.343751043677036E+00  2.130121904222529E+02  7.100406347409509E+01  7.100406347409509E+01  2.130121904222853E+02 -3.237232704123016E-11  2.999999999999544E+00  2.880320713900533E+03 -4.793087465306502E+02  2.401011967369883E+03  1.384485108078238E+22 -2.303895599336540E+21
  0.000000000000000E+00  1.260622871047319E+00 -1.020567398128160E+00  4.343733495065220E+00  2.128439027417174E+02  7.094796758058139E+01  7.094796758058139E+01  2.128439027417442E+02 -2.674482857401017E-11  2.999999999999623E+00  2.876683618720010E+03 -4.803980521503636E+02  2.396285566569646E+03  1.377214372258584E+22 -2.299909164570889E+21
  0.000000000000000E+00  1.260658390225839E+00 -1.020422954666147E+00  4.343715941649013E+00  2.126751970770928E+02  7.089173235903574E+01  7.089173235903574E+01  2.126751970771073E+02 -1.446665010007564E-11  2.999999999999796E+00  2.873035410627179E+03 -4.817194311283563E+02  2.391315979498822E+03  1.369895870499956E+22 -2.296892885487503E+21
  0.000000000000000E+00  1.260693909404358E+00 -1.020278511204135E+00  4.343698383426452E+00  2.125059920601765E+02  7.083533068672619E+01  7.083533068672619E+01  2.125059920601786E+02 -2.131628207280301E-12  2.999999999999970E+00  2.869373619462368E+03 -4.832729030749402E+02  2.386100716387428E+03  1.362614677151800E+22 -2.294977364861458E+21
  0.000000000000000E+00  1.260445275154723E+00 -1.021289615438222E+00  4.343821190119598E+00  2.136858581866633E+02  7.122861939557278E+01  7.122861939557278E+01  2.136858581867184E+02 -5.508127287612297E-11  2.999999999999227E+00  2.894809541350746E+03 -4.814356371524609E+02  2.413373904198285E+03  1.411433445437014E+22 -2.347354291865412E+21
  0.000000000000000E+00  1.260480794333243E+00 -1.021145171976209E+00  4.343803660705744E+00  2.135171276136791E+02  7.117237587124352E+01  7.117237587124352E+01  2.135171276137306E+02 -5.150013748789206E-11  2.999999999999276E+00  2.891189675103789E+03 -4.806750702427869E+02  2.410514604861002E+03  1.405244675928463E+22 -2.336291143838454E+21
  0.000000000000000E+00  1.260516313511762E+00 -1.021000728514197E+00  4.343786126495338E+00  2.133486418106042E+02  7.111621393688262E+01  7.111621393688262E+01  2.133486418106479E+02 -4.371258910396136E-11  2.999999999999385E+00  2.887570599551328E+03 -4.800670575693437E+02  2.407503541981984E+03  1.398606905263729E+22 -2.325224885619941E+21
  0.000000000000000E+00  1.260551832690281E+00 -1.020856285052185E+00  4.343768587486422E+00  2.131803472544562E+02  7.106011575149736E+01  7.106011575149738E+01  2.131803472544922E+02 -3.595346242946107E-11  2.999999999999494E+00  2.883948784037801E+03 -4.796116120320084E+02  2.404337172005793E+03  1.391645469167812E+22 -2.314359154152949E+21
  0.000000000000000E+00  1.260303198440647E+00 -1.021867389286272E+00  4.343891259848617E+00  2.143564088064228E+02  7.145213626877629E+01  7.145213626877629E+01  2.143564088063289E+02  9.387690624862444E-11  3.000000000001314E+00  2.909220135170997E+03 -4.652091135586299E+02  2.444011021612367E+03  1.433264974800683E+22 -2.291912943818763E+21
  0.000000000000000E+00  1.260338717619166E+00 -1.021722945824259E+00  4.343873749601411E+00  2.141914999548305E+02  7.139716665158663E+01  7.139716665158663E+01  2.141914999547599E+02  7.057110451569315E-11  3.000000000000989E+00  2.905645812692488E+03 -4.744078556932924E+02  2.431237956999196E+03  1.427841540584688E+22 -2.331251939171837E+21
  0.000000000000000E+00  1.260374236797685E+00 -1.021578502362247E+00  4.343856234565476E+00  2.140239701475164E+02  7.134132338249898E+01  7.134132338249898E+01  2.140239701474970E+02  1.944044925039634E-11  3.000000000000273E+00  2.902046267421889E+03 -4.801787169050705E+02  2.421867550516818E+03  1.422534984046762E+22 -2.353756489206403E+21
  0.000000000000000E+00  1.260409755976204E+00 -1.021434058900234E+00  4.343838714738856E+00  2.138550220147156E+02  7.128500733824913E+01  7.128500733824913E+01  2.138550220147474E+02 -3.177547114319168E-11  2.999999999999555E+00  2.898431018200304E+03 -4.825214073419489E+02  2.415909610858355E+03  1.417135290335729E+22 -2.359200927649890E+21
  0.000000000000000E+00  1.260161121726570E+00 -1.022445163134322E+00  4.343961252989180E+00  2.149585079477948E+02  7.165283598247301E+01  7.165283598247301E+01  2.149585079474191E+02  3.757349986699410E-10  3.000000000005244E+00  2.922798548961875E+03 -3.691106189958120E+02  2.553687929966063E+03  1.469502352397981E+22 -1.855786205662631E+21
  0.000000000000000E+00  1.260196640905089E+00 -1.022300719672309E+00  4.343943761877377E+00  2.148221855678255E+02  7.160739518916459E+01  7.160739518916459E+01  2.148221855674938E+02  3.316813490528148E-10  3.000000000004632E+00  2.919577711978235E+03 -4.065237847867289E+02  2.513053927191506E+03  1.456830542668102E+22 -2.028499750387038E+21
  0.000000000000000E+00  1.260232160083608E+00 -1.022156276210297E+00  4.343926265984648E+00  2.146743069746554E+02  7.155810232480685E+01  7.155810232480685E+01  2.146743069744206E+02  2.347917416045675E-10  3.000000000003281E+00  2.916218392358119E+03 -4.350117590362146E+02  2.481206633321905E+03  1.447004279025966E+22 -2.158493610771779E+21
  0.000000000000000E+00  1.260267679262127E+00 -1.022011832748284E+00  4.343908765309045E+00  2.145180040827119E+02  7.150600136085801E+01  7.150600136085801E+01  2.145180040825740E+02  1.379021341563202E-10  3.000000000001929E+00  2.912754585195953E+03 -4.545737869061658E+02  2.458180798289788E+03  1.439367153506439E+22 -2.246322367985399E+21
  0.000000000000000E+00  1.260019045012493E+00 -1.023022936982372E+00  4.344031169666106E+00  2.153751046932647E+02  7.179170156454312E+01  7.179170156454312E+01  2.153751046936294E+02 -3.647073754109442E-10  2.999999999994920E+00  2.933694362194000E+03 -1.699104937046239E+02  2.763783868489376E+03  1.545191483463741E+22 -8.949270626376956E+20
  0.000000000000000E+00  1.260054564191012E+00 -1.022878493520359E+00  4.344013697658525E+00  2.153007571694994E+02  7.176691905658278E+01  7.176691905658279E+01  2.153007571697484E+02 -2.490025963197695E-10  2.999999999996530E+00  2.931354539015386E+03 -2.504533388882789E+02  2.680901200127107E+03  1.525100978413800E+22 -1.303037988416836E+21
  0.000000000000000E+00  1.260090083369531E+00 -1.022734050058347E+00  4.343996220877807E+00  2.152017470591290E+02  7.173391568637452E+01  7.173391568637452E+01  2.152017470591235E+02  5.513811629498377E-12  3.000000000000076E+00  2.928726591939996E+03 -3.105021304524622E+02  2.618224461487533E+03  1.504769766575634E+22 -1.595349390578284E+21
  0.000000000000000E+00  1.260125602548050E+00 -1.022589606596334E+00  4.343978739322008E+00  2.150852665794591E+02  7.169508885973302E+01  7.169508885973302E+01  2.150852665791991E+02  2.600302195787663E-10  3.000000000003627E+00  2.925858629302069E+03 -3.500551349652047E+02  2.575803494336864E+03  1.485729023882833E+22 -1.777553668411819E+21
  0.000000000000000E+00  1.259534228874564E+00 -1.024994506267511E+00  4.344269176215986E+00  2.170456851163509E+02  7.234856170552554E+01  7.234856170552554E+01  2.170456851165767E+02 -2.257820597151294E-10  2.999999999996879E+00  2.970824489962138E+03 -6.016416269533911E+02  2.369182863008747E+03  1.538802791918202E+22 -3.116332918414466E+21
  0.000000000000000E+00  1.259655432909046E+00 -1.024501613946226E+00  4.344209757643641E+00  2.164174382812770E+02  7.213914609384149E+01  7.213914609384148E+01  2.164174382815245E+02 -2.474962457199581E-10  2.999999999996569E+00  2.958597199067997E+03 -4.520359543455123E+02  2.506561244722485E+03  1.574445454873182E+22 -2.405552043322258E+21
  0.000000000000000E+00  1.259776636943528E+00 -1.024008721624941E+00  4.344150283745827E+00  2.159517918572293E+02  7.198393061917481E+01  7.198393061917481E+01  2.159517918575245E+02 -2.951594524347456E-10  2.999999999995900E+00  2.949032110797985E+03 -3.302068575832268E+02  2.618825253214758E+03  1.594942475342939E+22 -1.785877274379677E+21
  0.000000000000000E+00  1.259897840978010E+00 -1.023515829303656E+00  4.344090754445658E+00  2.156154469569709E+02  7.187181565243790E+01  7.187181565243790E+01  2.156154469573137E+02 -3.428510808589635E-10  2.999999999995230E+00  2.941076816896953E+03 -2.361623621939232E+02  2.704914454703030E+03  1.588956682241588E+22 -1.275899226249759E+21
  0.000000000000000E+00  1.259056564055448E+00 -1.026936993763872E+00  4.344502807488166E+00  2.196719720283661E+02  7.322399067605356E+01  7.322399067605356E+01  2.196719720281607E+02  2.053752723440994E-10  3.000000000002805E+00  3.023198140608928E+03 -4.808055195091928E+02  2.542392621099736E+03  1.631198581952339E+22 -2.594237112954437E+21
  0.000000000000000E+00  1.259175980260227E+00 -1.026451371889782E+00  4.344444479860325E+00  2.190754513012007E+02  7.302515043368756E+01  7.302515043368756E+01  2.190754513010627E+02  1.379589775751811E-10  3.000000000001889E+00  3.011192491270544E+03 -5.279206656383971E+02  2.483271825632148E+03  1.592225627599267E+22 -2.791481499789639E+21
  0.000000000000000E+00  1.259295396465006E+00 -1.025965750015692E+00  4.344386098821037E+00  2.184300222350791E+02  7.281000741169643E+01  7.281000741169643E+01  2.184300222350893E+02 -1.020339368551504E-11  2.999999999999860E+00  2.998181012490391E+03 -5.637672044365047E+02  2.434413808053886E+03  1.550109906374220E+22 -2.914771072344409E+21
  0.000000000000000E+00  1.259414812669785E+00 -1.025480128141601E+00  4.344327664297301E+00  2.177489963375972E+02  7.258299877925188E+01  7.258299877925188E+01  2.177489963377557E+02 -1.584226083650719E-10  2.999999999997817E+00  2.984586192690169E+03 -5.883419276318676E+02  2.396244265058302E+03  1.525538711203612E+22 -3.007245655108952E+21
  0.000000000000000E+00  1.258585736446795E+00 -1.028851676834825E+00  4.344732259397783E+00  2.225938796734615E+02  7.419795989116770E+01  7.419795989116770E+01  2.225938796735031E+02 -4.166622602497227E-11  2.999999999999438E+00  3.076969398376180E+03 -7.866892215343476E+02  2.290280176841833E+03  1.699480882997951E+22 -4.345065289124174E+21
  0.000000000000000E+00  1.258703443348959E+00 -1.028373006067087E+00  4.344674973910743E+00  2.217271022658638E+02  7.390903408862226E+01  7.390903408862226E+01  2.217271022658668E+02 -3.012701199622825E-12  2.999999999999959E+00  3.061719632074439E+03 -7.033058387430052E+02  2.358413793331434E+03  1.681393774311772E+22 -3.862319875116695E+21
  0.000000000000000E+00  1.258821150251122E+00 -1.027894335299348E+00  4.344617636809753E+00  2.209547790307421E+02  7.365159301022005E+01  7.365159301022005E+01  2.209547790306602E+02  8.191136657842435E-11  3.000000000001112E+00  3.047729577696812E+03 -6.245298962457744E+02  2.423199681451037E+03  1.668777436049333E+22 -3.419599319506482E+21
  0.000000000000000E+00  1.258938857153285E+00 -1.027415664531610E+00  4.344560248025406E+00  2.202715292057062E+02  7.342384306851312E+01  7.342384306851312E+01  2.202715292055394E+02  1.667785909376107E-10  3.000000000002272E+00  3.034916372339620E+03 -5.503626908866356E+02  2.484553681452985E+03  1.654411896158124E+22 -3.000170256100073E+21
  0.000000000000000E+00  1.258160880064844E+00 -1.030717618751664E+00  4.344984220278776E+00  2.263283234831226E+02  7.544277449437838E+01  7.544277449437838E+01  2.263283234831351E+02 -1.256239556823857E-11  2.999999999999833E+00  3.249961658561350E+03 -8.237875367652316E+02  2.426174121796119E+03  1.890749665647975E+22 -4.792598108352199E+21
  0.000000000000000E+00  1.258260031922352E+00 -1.030249573188644E+00  4.344914738493019E+00  2.253877442061966E+02  7.512924806873794E+01  7.512924806873794E+01  2.253877442062139E+02 -1.728039933368564E-11  2.999999999999770E+00  3.201095815870720E+03 -8.380104185608661E+02  2.363085397309854E+03  1.833498073520858E+22 -4.799889089242462E+21
  0.000000000000000E+00  1.258364354404788E+00 -1.029782627360958E+00  4.344849997361576E+00  2.244399864951301E+02  7.481332883171910E+01  7.481332883171910E+01  2.244399864951574E+02 -2.731326276261825E-11  2.999999999999635E+00  3.155704225248903E+03 -8.365471353849961E+02  2.319157089863907E+03  1.781896853834527E+22 -4.723638852780120E+21
  0.000000000000000E+00  1.258473153812740E+00 -1.029316691749415E+00  4.344789377725034E+00  2.235027863256446E+02  7.450092877522722E+01  7.450092877522722E+01  2.235027863256817E+02 -3.714717422553804E-11  2.999999999999501E+00  3.114203542072658E+03 -8.194323661030456E+02  2.294771175969613E+03  1.736919818824261E+22 -4.570312433474301E+21
  0.000000000000000E+00  1.257822171258558E+00 -1.032514576413653E+00  4.345286349785662E+00  2.297369012276434E+02  7.657896707588077E+01  7.657896707588077E+01  2.297369012276423E+02  1.080024958355352E-12  3.000000000000014E+00  3.389948204058922E+03 -7.794002760017069E+02  2.610547928057215E+03  2.113831582222808E+22 -4.860017969103297E+21
  0.000000000000000E+00  1.257901708318137E+00 -1.032064385192116E+00  4.345206194574796E+00  2.288975200790796E+02  7.629917335969350E+01  7.629917335969350E+01  2.288975200790806E+02 -9.663381206337363E-13  2.999999999999988E+00  3.358442926240258E+03 -7.762081083236270E+02  2.582234817916631E+03  2.058279180393474E+22 -4.757124131937176E+21
  0.000000000000000E+00  1.257984498547987E+00 -1.031614767247461E+00  4.345128949857906E+00  2.280564677284356E+02  7.601882257614704E+01  7.601882257614704E+01  2.280564677284412E+02 -5.627498467219993E-12  2.999999999999926E+00  3.324705812648490E+03 -7.825472276999491E+02  2.542158584948541E+03  2.001287799967946E+22 -4.710498636410407E+21
  0.000000000000000E+00  1.258070802334694E+00 -1.031165814470405E+00  4.345054872619780E+00  2.272034876912653E+02  7.573449589709185E+01  7.573449589709185E+01  2.272034876912756E+02 -1.028865881380625E-11  2.999999999999864E+00  3.288592187442251E+03 -7.984095760129734E+02  2.490182611429278E+03  1.944817686552746E+22 -4.721658922843795E+21
  0.000000000000000E+00  1.257541294509892E+00 -1.034260553980466E+00  4.345620182830678E+00  2.337846640265039E+02  7.792822134216843E+01  7.792822134216843E+01  2.337846640265053E+02 -1.421085471520200E-12  2.999999999999981E+00  3.506487889348238E+03 -1.196926547937223E+03  2.309561341411015E+03  2.310796639802373E+22 -7.887818045701814E+21
  0.000000000000000E+00  1.257607832566979E+00 -1.033823476655122E+00  4.345533483830915E+00  2.326013354335020E+02  7.753377847783433E+01  7.753377847783433E+01  2.326013354335030E+02 -1.023181539494544E-12  2.999999999999987E+00  3.477235380537275E+03 -1.070397947337844E+03  2.406837433199431E+03  2.265369704820536E+22 -6.973491341925123E+21
  0.000000000000000E+00  1.257676723644052E+00 -1.033386756922138E+00  4.345448847013227E+00  2.315425433604048E+02  7.718084778680165E+01  7.718084778680165E+01  2.315425433604050E+02 -1.989519660128281E-13  2.999999999999997E+00  3.448249189812800E+03 -9.586407324801639E+02  2.489608457332636E+03  2.216764321339334E+22 -6.162781329791305E+21
  0.000000000000000E+00  1.257748119341212E+00 -1.032950441326616E+00  4.345366419783811E+00  2.305928709206420E+02  7.686429030688042E+01  7.686429030688042E+01  2.305928709206413E+02  6.536993168992922E-13  3.000000000000008E+00  3.419246351505667E+03 -8.616439150067434E+02  2.557602436498924E+03  2.165939534029460E+22 -5.458128569610706E+21
  0.000000000000000E+00  1.257341907603089E+00 -1.035667139012781E+00  4.345911319664120E+00  2.377483735934177E+02  7.924945786447259E+01  7.924945786447259E+01  2.377483735934178E+02 -1.421085471520200E-13  2.999999999999998E+00  3.595867170413506E+03 -8.842027998615530E+02  2.711664370551954E+03  2.504018839476544E+22 -6.157236526944990E+21
  0.000000000000000E+00  1.257389812375091E+00 -1.035315220798772E+00  4.345836856549730E+00  2.368998566840694E+02  7.896661889468989E+01  7.896661889468989E+01  2.368998566840697E+02 -3.126388037344441E-13  2.999999999999996E+00  3.576660282585960E+03 -1.119624001025078E+03  2.457036281560882E+03  2.429054247002753E+22 -7.603818142800700E+21
  0.000000000000000E+00  1.257438974409999E+00 -1.034963473582801E+00  4.345763476719519E+00  2.358977186813598E+02  7.863257289378683E+01  7.863257289378683E+01  2.358977186813605E+02 -7.389644451905042E-13  2.999999999999991E+00  3.554421709888018E+03 -1.250225884992659E+03  2.304195824895358E+03  2.379343506064589E+22 -8.369059957899186E+21
  0.000000000000000E+00  1.257489449768152E+00 -1.034611912823741E+00  4.345691234136072E+00  2.348299807429507E+02  7.827666024765061E+01  7.827666024765061E+01  2.348299807429519E+02 -1.222133505507372E-12  2.999999999999984E+00  3.530567680957497E+03 -1.275998588630348E+03  2.254569092327149E+03  2.343615449416587E+22 -8.470167621703343E+21
  0.000000000000000E+00  1.257270426637545E+00 -1.036209769338651E+00  4.346028079082816E+00  2.385206294930660E+02  7.950687649768773E+01  7.950687649768773E+01  2.385206294930632E+02  2.785327524179593E-12  3.000000000000035E+00  3.615378562692780E+03 -2.865788843393026E+02  3.328799678353477E+03  2.773491550281797E+22 -2.198453358124259E+21
  0.000000000000000E+00  1.257288037911242E+00 -1.036074077805645E+00  4.345998667679023E+00  2.384014453835567E+02  7.946714846118479E+01  7.946714846118479E+01  2.384014453835544E+02  2.273736754432321E-12  3.000000000000028E+00  3.611919581464332E+03 -4.488844524705328E+02  3.163035128993799E+03  2.687298756976538E+22 -3.339738341187286E+21
  0.000000000000000E+00  1.257305820073305E+00 -1.035938408449742E+00  4.345969402291112E+00  2.382311524980838E+02  7.941038416602747E+01  7.941038416602747E+01  2.382311524980825E+02  1.307398633798584E-12  3.000000000000017E+00  3.607472652130471E+03 -6.025902670357627E+02  3.004882385094709E+03  2.611287047421959E+22 -4.361879661883896E+21
  0.000000000000000E+00  1.257323775758875E+00 -1.035802761956827E+00  4.345940285444073E+00  2.380125341351898E+02  7.933751137839650E+01  7.933751137839650E+01  2.380125341351895E+02  3.126388037344441E-13  3.000000000000004E+00  3.602100911549913E+03 -7.476963926555248E+02  2.854404518894388E+03  2.549020830553125E+22 -5.291061318402357E+21
  0.000000000000000E+00  1.257228881796931E+00 -1.036535196583729E+00  4.346099177515382E+00  2.386129604120378E+02  7.953765347067802E+01  7.953765347067802E+01  2.386129604120341E+02  3.694822225952521E-12  3.000000000000046E+00  3.619623897686346E+03  3.670387786032155E+01  3.656327775546667E+03  2.982403117247308E+22  3.024230219489315E+20
  0.000000000000000E+00  1.257239179183264E+00 -1.036453828465247E+00  4.346081327283292E+00  2.386129557322521E+02  7.953765191074952E+01  7.953765191074952E+01  2.386129557322486E+02  3.524291969370097E-12  3.000000000000044E+00  3.619064443098159E+03 -3.748866890855092E+01  3.581575774189608E+03  2.934065497594263E+22 -3.039299568292619E+20
  0.000000000000000E+00  1.257249535433955E+00 -1.036372467795965E+00  4.346063527131132E+00  2.385981367132188E+02  7.953271223773852E+01  7.953271223773852E+01  2.385981367132156E+02  3.211653165635653E-12  3.000000000000040E+00  3.618181904055220E+03 -1.160998562384902E+02  3.502082047816730E+03  2.881995393981959E+22 -9.247717770803094E+20
  0.000000000000000E+00  1.257259951076287E+00 -1.036291114709296E+00  4.346045777562918E+00  2.385676468138521E+02  7.952254893794971E+01  7.952254893794971E+01  2.385676468138492E+02  2.955857780762017E-12  3.000000000000037E+00  3.616959007419734E+03 -1.991298661248557E+02  3.417829141294878E+03  2.827901243837439E+22 -1.556886862539757E+21
  0.000000000000000E+00  1.257194882285160E+00 -1.036807230593042E+00  4.346159200958303E+00  2.385335473303812E+02  7.951118244345439E+01  7.951118244345439E+01  2.385335473303632E+02  1.801936377887614E-11  3.000000000000227E+00  3.619344262050921E+03  3.390718385654137E+02  3.958416100616335E+03  3.098968456616605E+22  2.903213555169765E+21
  0.000000000000000E+00  1.257203322084708E+00 -1.036739214599661E+00  4.346144144122118E+00  2.385757458882105E+02  7.952524862939821E+01  7.952524862939821E+01  2.385757458881947E+02  1.580247044330463E-11  3.000000000000199E+00  3.619768662368280E+03  1.899441884320741E+02  3.809712850800353E+03  3.077342943739790E+22  1.614808741930464E+21
  0.000000000000000E+00  1.257211801742011E+00 -1.036671203551932E+00  4.346129121083890E+00  2.385977516712657E+02  7.953258389041827E+01  7.953258389041827E+01  2.385977516712549E+02  1.088551471184473E-11  3.000000000000137E+00  3.619934931211640E+03  8.983969092610040E+01  3.709774622137741E+03  3.050438998895480E+22  7.570591793979144E+20
  0.000000000000000E+00  1.257220321548831E+00 -1.036603197522429E+00  4.346114132122121E+00  2.386075085542928E+02  7.953583618476230E+01  7.953583618476230E+01  2.386075085542869E+02  5.911715561524034E-12  3.000000000000074E+00  3.619875799774333E+03  3.875926133614737E+01  3.658635061110481E+03  3.018658289903344E+22  3.232181765744155E+20
  0.000000000000000E+00  1.256942970246164E+00 -1.038998237461344E+00  4.346660250974033E+00  2.387047804382422E+02  7.956826014609226E+01  7.956826014609226E+01  2.387047804382768E+02 -3.464606379566249E-11  2.999999999999565E+00  3.591498518101739E+03 -2.482722594789657E+02  3.343226258622773E+03  3.391232657491974E+22 -2.344283284681392E+21
  0.000000000000000E+00  1.257002565949093E+00 -1.038450103120065E+00  4.346532164718318E+00  2.384130702556094E+02  7.947102341854526E+01  7.947102341854526E+01  2.384130702556358E+02 -2.646061147970613E-11  2.999999999999667E+00  3.599942756651927E+03 -1.894334203804459E+02  3.410509336271481E+03  3.314362566863293E+22 -1.744058391655514E+21
  0.000000000000000E+00  1.257064333908815E+00 -1.037902204596295E+00  4.346405882538697E+00  2.382363163939706E+02  7.941210546465963E+01  7.941210546465963E+01  2.382363163939789E+02 -8.355982572538778E-12  2.999999999999895E+00  3.607523217798880E+03 -7.193851312012423E+01  3.535584704678756E+03  3.267810639286674E+22 -6.516422053461937E+20
  0.000000000000000E+00  1.257128398046960E+00 -1.037354570787974E+00  4.346281522016001E+00  2.382509862775024E+02  7.941699542583085E+01  7.941699542583085E+01  2.382509862774926E+02  9.805489753489383E-12  3.000000000000123E+00  3.614051963508725E+03  1.042250171238187E+02  3.718276980632544E+03  3.209975768584200E+22  9.257193389187512E+20
  0.000000000000000E+00  1.256728504915683E+00 -1.041146880479662E+00  4.347177417923323E+00  2.386035462071378E+02  7.953451540236107E+01  7.953451540236107E+01  2.386035462070832E+02  5.454126039694529E-11  3.000000000000686E+00  3.528565083805632E+03  9.002306162943174E+02  4.428795700099949E+03  3.739133805566058E+22  9.539522866222031E+21
  0.000000000000000E+00  1.256779463987926E+00 -1.040609458491333E+00  4.347045964883540E+00  2.393253134301070E+02  7.977510447668877E+01  7.977510447668877E+01  2.393253134300663E+02  4.064304448547773E-11  3.000000000000509E+00  3.551889150715354E+03  2.686738126893962E+02  3.820562963404750E+03  3.648868791913640E+22  2.760095962255309E+21
  0.000000000000000E+00  1.256832138870778E+00 -1.040072199005823E+00  4.346915900262444E+00  2.393873171564783E+02  7.979577238548943E+01  7.979577238548943E+01  2.393873171564683E+02  9.947598300641403E-12  3.000000000000125E+00  3.569144819951041E+03 -1.332759259441487E+02  3.435868894006892E+03  3.567665702774695E+22 -1.332206940269243E+21
  0.000000000000000E+00  1.256886613108702E+00 -1.039535119502652E+00  4.346787302697829E+00  2.390827439659555E+02  7.969424798865870E+01  7.969424798865870E+01  2.390827439659761E+02 -2.066258275590371E-11  2.999999999999740E+00  3.581851001865225E+03 -3.056009758646242E+02  3.276250026000600E+03  3.485331887251665E+22 -2.973660337634219E+21
  0.000000000000000E+00  1.256543310566115E+00 -1.043262399469302E+00  4.347706738880289E+00  2.159753725568397E+02  7.199179085228657E+01  7.199179085228657E+01  2.159753725568598E+02 -2.006572685786523E-11  2.999999999999722E+00  3.292250827501584E+03  1.011080350944394E+04  1.340305433694553E+04  4.238681683243130E+22  1.301737925930547E+23
  0.000000000000000E+00  1.256587447488040E+00 -1.042733333205554E+00  4.347572696730799E+00  2.264413942564467E+02  7.548046475215151E+01  7.548046475215151E+01  2.264413942564545E+02 -7.787548383930698E-12  2.999999999999897E+00  3.383537093092350E+03  6.682393044095533E+03  1.006593013718788E+04  4.145706301174922E+22  8.187656345305564E+22
  0.000000000000000E+00  1.256632985791617E+00 -1.042204383738234E+00  4.347439758686930E+00  2.330729979829884E+02  7.769099932765687E+01  7.769099932765687E+01  2.330729979829707E+02  1.776356839400250E-11  3.000000000000229E+00  3.449896963404856E+03  4.004469386996123E+03  7.454366350400979E+03  4.007623565215626E+22  4.651850780398772E+22
  0.000000000000000E+00  1.256679985069836E+00 -1.041675562389038E+00  4.347307980475315E+00  2.368128324090303E+02  7.893761080299572E+01  7.893761080299572E+01  2.368128324089872E+02  4.305888978706207E-11  3.000000000000546E+00  3.496532687358116E+03  2.077061941103712E+03  5.573594628461828E+03  3.860262583615440E+22  2.293130141206402E+22
  0.000000000000000E+00  1.256381728334212E+00 -1.045352264868897E+00  4.348245822873813E+00  1.254306231205173E+02  4.181020770682378E+01  4.181020770682378E+01  1.254306231204714E+02  4.597211500367848E-11  3.000000000001100E+00  2.564850610356506E+03  2.328935760633964E+04  2.585420821669615E+04  3.449835886980579E+22  3.132520129268153E+23
  0.000000000000000E+00  1.256420317261260E+00 -1.044829660773540E+00  4.348109660029079E+00  1.534689974516499E+02  5.115633248387145E+01  5.115633248387145E+01  1.534689974516144E+02  3.555555849743541E-11  3.000000000000695E+00  2.804915100298561E+03  2.174956917808868E+04  2.455448427838724E+04  3.781603448720543E+22  2.932290029145321E+23
  0.000000000000000E+00  1.256460081004545E+00 -1.044307143355611E+00  4.347974397540106E+00  1.788726782764463E+02  5.962422609214459E+01  5.962422609214459E+01  1.788726782764338E+02  1.250555214937776E-11  3.000000000000210E+00  3.006210457484577E+03  1.903998403321810E+04  2.204619449070268E+04  4.047872089878645E+22  2.563739999237694E+23
  0.000000000000000E+00  1.256501063970639E+00 -1.043784720344425E+00  4.347840076701413E+00  2.001915188823588E+02  6.673050629412302E+01  6.673050629412302E+01  2.001915188823691E+02 -1.031708052323665E-11  2.999999999999845E+00  3.168670521740513E+03  1.516045187994703E+04  1.832912240168754E+04  4.213310799855027E+22  2.015851607107990E+23
  0.000000000000000E+00  1.256239666378362E+00 -1.047422831420801E+00  4.348793247473354E+00  4.489821791769592E+01  1.496607263924937E+01  1.496607263924937E+01  4.489821791774811E+01 -5.218936394157936E-11  2.999999999996513E+00  1.623906329479836E+03  7.542890170429671E+03  9.166796499909507E+03  2.125238761905839E+22  9.871531550794862E+22
  0.000000000000000E+00  1.256273638792901E+00 -1.046905085348655E+00  4.348655236112076E+00  5.732993413755279E+01  1.910997804586324E+01  1.910997804586324E+01  5.732993413758975E+01 -3.695532768688281E-11  2.999999999998066E+00  1.812054657530382E+03  1.258735526195213E+04  1.439940991948251E+04  2.398514185596065E+22  1.666116970007747E+23
  0.000000000000000E+00  1.256308617075503E+00 -1.046387405230729E+00  4.348517973739538E+00  7.550056300991361E+01  2.516685433663895E+01  2.516685433663896E+01  7.550056300991687E+01 -3.268496584496461E-12  2.999999999999870E+00  2.045416477031114E+03  1.689327522400026E+04  1.893869170103137E+04  2.729370885708440E+22  2.254211505500874E+23
  0.000000000000000E+00  1.256344635498497E+00 -1.045869796569863E+00  4.348381492070344E+00  9.850312063687092E+01  3.283437354561347E+01  3.283437354561347E+01  9.850312063684042E+01  3.049649421882350E-11  3.000000000000929E+00  2.303183173494933E+03  2.046062420313235E+04  2.276380737662728E+04  3.089428672558038E+22  2.744533730492327E+23
  0.000000000000000E+00  1.256114067844802E+00 -1.049479705680794E+00  4.349348221361768E+00  2.319034638821930E+01  7.730115462744577E+00  7.730115462744577E+00  2.319034638823373E+01 -1.443112296328763E-11  2.999999999998133E+00  1.231416408033458E+03  2.351287922457099E+03  3.582704330490557E+03  1.438197483166309E+22  2.746119306366476E+22
  0.000000000000000E+00  1.256144125574308E+00 -1.048965406274814E+00  4.349208502922586E+00  2.647059630630377E+01  8.823532102108020E+00  8.823532102108020E+00  2.647059630632407E+01 -2.030020596066606E-11  2.999999999997700E+00  1.287523776676837E+03  3.092304802927486E+03  4.379828579604323E+03  1.567799579304473E+22  3.765456030353194E+22
  0.000000000000000E+00  1.256175059753184E+00 -1.048451158059635E+00  4.349069417730184E+00  3.088033893774078E+01  1.029344631259134E+01  1.029344631259134E+01  3.088033893777402E+01 -3.324629460621509E-11  2.999999999996770E+00  1.370541901189683E+03  4.204554406394837E+03  5.575096307584520E+03  1.723211845329257E+22  5.286476795157940E+22
  0.000000000000000E+00  1.256206897611259E+00 -1.047936965090036E+00  4.348930990870840E+00  3.687205317678620E+01  1.229068439227747E+01  1.229068439227747E+01  3.687205317683242E+01 -4.622080496119452E-11  2.999999999996239E+00  1.482128572893349E+03  5.688070414385187E+03  7.170198987278536E+03  1.908176389764948E+22  7.323144473803594E+22
  0.000000000000000E+00  1.256002590567439E+00 -1.051527980601518E+00  4.349910385560706E+00  1.625726659919980E+01  5.419088866401530E+00  5.419088866401530E+00  1.625726659920459E+01 -4.796163466380676E-12  2.999999999999115E+00  1.166712743819370E+03  7.256132141873244E+02  1.892325958006695E+03  1.041386343472687E+22  6.476690135605389E+21
  0.000000000000000E+00  1.256029274939992E+00 -1.051015848245539E+00  4.349769010202494E+00  1.730091228256070E+01  5.766970760855664E+00  5.766970760855664E+00  1.730091228256700E+01 -6.302514066192089E-12  2.999999999998907E+00  1.168356385452493E+03  1.008098319676955E+03  2.176454705129448E+03  1.128970954899319E+22  9.741152072852413E+21
  0.000000000000000E+00  1.256056734545976E+00 -1.050503756259399E+00  4.349628177525529E+00  1.873747840988954E+01  6.245826136633053E+00  6.245826136633053E+00  1.873747840989916E+01 -9.624301355870557E-12  2.999999999998459E+00  1.177182133210490E+03  1.373200914749869E+03  2.550383047960359E+03  1.223405106884127E+22  1.427120718610626E+22
  0.000000000000000E+00  1.256084991482032E+00 -1.049991707714137E+00  4.349487907807945E+00  2.066720857912839E+01  6.889069526380441E+00  6.889069526380441E+00  2.066720857914132E+01 -1.293187779083382E-11  2.999999999998123E+00  1.196962709348913E+03  1.820928184789073E+03  3.017890894137986E+03  1.325916912931535E+22  2.017105009694797E+22
  0.000000000000000E+00  1.255903408035790E+00 -1.053572363251895E+00  4.350479684101058E+00  1.476740478125195E+01  4.922468260418023E+00  4.922468260418023E+00  1.476740478125407E+01 -2.124522779922700E-12  2.999999999999568E+00  1.198040143486571E+03 -1.348616607454201E+01  1.184553977412029E+03  7.682611102905856E+21 -8.648205135963380E+19
  0.000000000000000E+00  1.255927143545744E+00 -1.053061216853623E+00  4.350336637337509E+00  1.482626021000492E+01  4.942086736669154E+00  4.942086736669154E+00  1.482626021000746E+01 -2.540190280342358E-12  2.999999999999486E+00  1.186230671474672E+03  1.167470706210854E+02  1.302977742095758E+03  8.251887607718344E+21  8.121385902945122E+20
  0.000000000000000E+00  1.255951573456954E+00 -1.052550102683010E+00  4.350194060706328E+00  1.506483970889898E+01  5.021613236300812E+00  5.021613236300812E+00  1.506483970890244E+01 -3.458566766312288E-12  2.999999999999311E+00  1.176450981365073E+03  2.833394413215747E+02  1.459790422686648E+03  8.895527350303270E+21  2.142421392492829E+21
  0.000000000000000E+00  1.255976716290495E+00 -1.052039023134246E+00  4.350051971130436E+00  1.552716719845649E+01  5.175722399486952E+00  5.175722399486952E+00  1.552716719846086E+01 -4.373390538603417E-12  2.999999999999155E+00  1.169637226552953E+03  4.862937950542406E+02  1.655931021607193E+03  9.614662437548719E+21  3.997436622892361E+21
  0.000000000000000E+00  1.255814754872832E+00 -1.055617470576308E+00  4.351056074179890E+00  1.569372129032044E+01  5.231240430107107E+00  5.231240430107107E+00  1.569372129032132E+01 -8.846257060213247E-13  2.999999999999831E+00  1.259720034443353E+03 -3.173039308545295E+02  9.424161035888234E+02  6.020958563166156E+21 -1.516586040841261E+21
  0.000000000000000E+00  1.255835584869589E+00 -1.055106137783298E+00  4.350911026232616E+00  1.533585988084639E+01  5.111953293615819E+00  5.111953293615820E+00  1.533585988084746E+01 -1.076472244676552E-12  2.999999999999790E+00  1.242036295955125E+03 -2.703746758932855E+02  9.716616200618397E+02  6.351383660132973E+21 -1.382611204016220E+21
  0.000000000000000E+00  1.255857484989274E+00 -1.054594848842806E+00  4.350766766040085E+00  1.504656370501174E+01  5.015521235004414E+00  5.015521235004414E+00  1.504656370501325E+01 -1.504574242972012E-12  2.999999999999700E+00  1.225728657508862E+03 -2.040957899864293E+02  1.021632867522433E+03  6.736617426007582E+21 -1.121712580492084E+21
  0.000000000000000E+00  1.255880183341478E+00 -1.054083593937962E+00  4.350623062487474E+00  1.484926719456432E+01  4.949755731522084E+00  4.949755731522084E+00  1.484926719456625E+01 -1.930899884428072E-12  2.999999999999610E+00  1.210997272818878E+03 -1.184668037588709E+02  1.092530469060008E+03  7.179266496320108E+21 -7.023176469856475E+20
  0.000000000000000E+00  1.255733722293830E+00 -1.057668353124756E+00  4.351638680536736E+00  1.747621327296356E+01  5.825404424321416E+00  5.825404424321416E+00  1.747621327296425E+01 -6.927791673660977E-13  2.999999999999881E+00  1.331816072275074E+03 -3.936539721812020E+02  9.381621000938716E+02  5.119918534961164E+21 -1.513329288096581E+21
  0.000000000000000E+00  1.255753980438580E+00 -1.057155632487644E+00  4.351493219923624E+00  1.700101498337037E+01  5.667004994457030E+00  5.667004994457030E+00  1.700101498337109E+01 -7.247535904753022E-13  2.999999999999872E+00  1.312995521274439E+03 -3.874319651665343E+02  9.255635561079048E+02  5.296769351930294E+21 -1.562943457004597E+21
  0.000000000000000E+00  1.255774238583331E+00 -1.056642911850532E+00  4.351347632100334E+00  1.653858936708266E+01  5.512863122361149E+00  5.512863122361149E+00  1.653858936708345E+01 -7.851497230149107E-13  2.999999999999857E+00  1.294615036214493E+03 -3.726332326534354E+02  9.219818035610573E+02  5.498184463152949E+21 -1.582560215135744E+21
  0.000000000000000E+00  1.255794496728081E+00 -1.056130191213420E+00  4.351201916906099E+00  1.609935270807462E+01  5.366450902691825E+00  5.366450902691825E+00  1.609935270807548E+01 -8.562039965909207E-13  2.999999999999841E+00  1.276811396956554E+03 -3.492573595725722E+02  9.275540373839818E+02  5.735838906140017E+21 -1.568974052132664E+21
  0.000000000000000E+00  1.255652175739458E+00 -1.059732244059818E+00  4.352222930103590E+00  1.930980093752300E+01  6.436600312506688E+00  6.436600312506688E+00  1.930980093752007E+01  2.934541498689214E-12  3.000000000000456E+00  1.408262203790875E+03 -3.259642221968992E+02  1.082297981593976E+03  4.578664881666140E+21 -1.059803304267472E+21
  0.000000000000000E+00  1.255672562378051E+00 -1.059216271326052E+00  4.352077060140727E+00  1.888939680296006E+01  6.296465600985897E+00  6.296465600985897E+00  1.888939680295769E+01  2.369660023759934E-12  3.000000000000377E+00  1.389670680381757E+03 -3.600104383673886E+02  1.029660242014369E+03  4.664426412570903E+21 -1.208374200613322E+21
  0.000000000000000E+00  1.255692949016644E+00 -1.058700298592287E+00  4.351931062000533E+00  1.843436119964051E+01  6.144787066546462E+00  6.144787066546462E+00  1.843436119963939E+01  1.126210236179759E-12  3.000000000000183E+00  1.370501563517240E+03 -3.826411727932912E+02  9.878603907239485E+02  4.794152474929778E+21 -1.338517353346977E+21
  0.000000000000000E+00  1.255713335655237E+00 -1.058184325858522E+00  4.351784935520220E+00  1.795864854912234E+01  5.986216183040822E+00  5.986216183040823E+00  1.795864854912247E+01 -1.278976924368180E-13  2.999999999999979E+00  1.351102054047481E+03 -3.938558694170548E+02  9.572461846304261E+02  4.951185826611036E+21 -1.443305923888973E+21
  0.000000000000000E+00  1.255569975042303E+00 -1.061812690928736E+00  4.352809793425232E+00  2.051572644081714E+01  6.838575480274304E+00  6.838575480274304E+00  2.051572644082292E+01 -5.773159728050814E-12  2.999999999999155E+00  1.470347106850321E+03 -1.684327495267350E+02  1.301914357323586E+03  4.561322488110053E+21 -5.225134150780586E+20
  0.000000000000000E+00  1.255590525216592E+00 -1.061292579211507E+00  4.352663272129142E+00  2.028586212071588E+01  6.761954040240099E+00  6.761954040240099E+00  2.028586212072030E+01 -4.423128530106624E-12  2.999999999999346E+00  1.457118719116377E+03 -2.049758989538890E+02  1.252142820162488E+03  4.547348994276876E+21 -6.396849726316097E+20
  0.000000000000000E+00  1.255611075390881E+00 -1.060772467494277E+00  4.352516621253987E+00  2.000980719287331E+01  6.669935730958244E+00  6.669935730958244E+00  2.000980719287474E+01 -1.428190898877801E-12  2.999999999999786E+00  1.442279325471779E+03 -2.434121322801404E+02  1.198867193191638E+03  4.535402045682742E+21 -7.654355596661075E+20
  0.000000000000000E+00  1.255631625565170E+00 -1.060252355777048E+00  4.352369840634110E+00  1.968523051317912E+01  6.561743504392516E+00  6.561743504392516E+00  1.968523051317755E+01  1.566746732351021E-12  3.000000000000239E+00  1.425952860201559E+03 -2.837415423972267E+02  1.142211317804333E+03  4.540951572452790E+21 -9.035758748271263E+20
  0.000000000000000E+00  1.255486980173651E+00 -1.063913237768352E+00  4.353400225957544E+00  2.107065808890930E+01  7.023552696304151E+00  7.023552696304151E+00  2.107065808891246E+01 -3.158362460453645E-12  2.999999999999550E+00  1.508090250690889E+03 -5.564883136895622E+01  1.452441419321933E+03  4.425626378260957E+21 -1.633064970170199E+20
  0.000000000000000E+00  1.255507728890815E+00 -1.063388101058448E+00  4.353252815120017E+00  2.098429414812530E+01  6.994764716042953E+00  6.994764716042955E+00  2.098429414812887E+01 -3.566924533515703E-12  2.999999999999490E+00  1.500985689569359E+03 -8.324480659955822E+01  1.417740882969801E+03  4.486243326942824E+21 -2.488074741185978E+20
  0.000000000000000E+00  1.255528477607978E+00 -1.062862964348544E+00  4.353105272865093E+00  2.086334857216533E+01  6.954449524056595E+00  6.954449524056595E+00  2.086334857216979E+01 -4.458655666894629E-12  2.999999999999359E+00  1.492312565706897E+03 -1.112407715124952E+02  1.381071794194402E+03  4.531828441889084E+21 -3.378140101629521E+20
  0.000000000000000E+00  1.255549226325140E+00 -1.062337827638640E+00  4.352957599023386E+00  2.070732484255430E+01  6.902441614186553E+00  6.902441614186553E+00  2.070732484255966E+01 -5.357492227631155E-12  2.999999999999224E+00  1.482092518653076E+03 -1.396367458931059E+02  1.342455772759970E+03  4.558187606030589E+21 -4.294539487014211E+20
  0.000000000000000E+00  1.255403051773065E+00 -1.066037411703030E+00  4.353995164214600E+00  2.100770391230087E+01  7.002567970763780E+00  7.002567970763780E+00  2.100770391229134E+01  9.528378086542943E-12  3.000000000001361E+00  1.518979571737132E+03  7.735879231104803E+01  1.596338364048180E+03  4.312136888956309E+21  2.196090771833686E+20
  0.000000000000000E+00  1.255424033873216E+00 -1.065506368219361E+00  4.353846630366296E+00  2.108542220425282E+01  7.028474068081758E+00  7.028474068081758E+00  2.108542220424528E+01  7.545963853772264E-12  3.000000000001073E+00  1.518944195712003E+03  4.596605911685823E+01  1.564910254828861E+03  4.308080851043127E+21  1.303704900010689E+20
  0.000000000000000E+00  1.255445015973359E+00 -1.064975324735691E+00  4.353697962823401E+00  2.112285943454813E+01  7.040953144848314E+00  7.040953144848314E+00  2.112285943454494E+01  3.183231456205249E-12  3.000000000000452E+00  1.517144062415338E+03  1.333391883183599E+01  1.530477981247174E+03  4.326973823414636E+21  3.802903045148977E+19
  0.000000000000000E+00  1.255465998073501E+00 -1.064444281252021E+00  4.353549161411913E+00  2.111845744787191E+01  7.039485815957693E+00  7.039485815957694E+00  2.111845744787308E+01 -1.172395514004165E-12  2.999999999999833E+00  1.513539223868240E+03 -2.053769063357940E+01  1.493001533234660E+03  4.366865242784088E+21 -5.925537044597776E+19
  0.000000000000000E+00  1.255318052116857E+00 -1.068188698429890E+00  4.354595518849987E+00  2.046111014223253E+01  6.820370047413274E+00  6.820370047413274E+00  2.046111014223982E+01 -7.293721182577428E-12  2.999999999998931E+00  1.506063548456006E+03  1.181134854730626E+02  1.624177033929068E+03  4.253077773122194E+21  3.335488999029764E+20
  0.000000000000000E+00  1.255339302030914E+00 -1.067650876748175E+00  4.354445634988119E+00  2.061270311803223E+01  6.870901039345647E+00  6.870901039345647E+00  2.061270311803694E+01 -4.710898338089464E-12  2.999999999999315E+00  1.510632045277200E+03  1.186011619912897E+02  1.629233207268490E+03  4.317991158123983E+21  3.390096022540324E+20
  0.000000000000000E+00  1.255360551944962E+00 -1.067113055066460E+00  4.354295614714675E+00  2.076037991410821E+01  6.920126638035709E+00  6.920126638035709E+00  2.076037991410713E+01  1.080024958355352E-12  3.000000000000156E+00  1.514508128707836E+03  1.119715129256903E+02  1.626479641633526E+03  4.337635167378951E+21  3.206926149848323E+20
  0.000000000000000E+00  1.255381801859008E+00 -1.066575233384745E+00  4.354145457850116E+00  2.089507026676343E+01  6.965023422252180E+00  6.965023422252180E+00  2.089507026675654E+01  6.885159109515371E-12  3.000000000000989E+00  1.517390197521298E+03  9.822417684327603E+01  1.615614374364574E+03  4.329697895207468E+21  2.802713583042302E+20
  0.000000000000000E+00  1.255231846508505E+00 -1.070370507033524E+00  4.355202164880088E+00  1.974702212692844E+01  6.582340708974457E+00  6.582340708974457E+00  1.974702212692338E+01  5.066169705969514E-12  3.000000000000770E+00  1.479842083602455E+03  1.660220284375957E+02  1.645864112040050E+03  3.884090709564690E+21  4.357523180228612E+20
  0.000000000000000E+00  1.255253397910607E+00 -1.069825054882616E+00  4.355050712908210E+00  1.995068677798210E+01  6.650228925992980E+00  6.650228925992981E+00  1.995068677797894E+01  3.154809746774845E-12  3.000000000000474E+00  1.487810337771265E+03  1.495981168826621E+02  1.637408454653928E+03  3.961151770477378E+21  3.982905821433684E+20
  0.000000000000000E+00  1.255274949312682E+00 -1.069279602731707E+00  4.354899121369960E+00  2.013503472557590E+01  6.711678241858989E+00  6.711678241858989E+00  2.013503472557697E+01 -1.069366817318951E-12  2.999999999999841E+00  1.494766283297990E+03  1.361386207274322E+02  1.630904904025422E+03  4.054216976500465E+21  3.692453552623267E+20
  0.000000000000000E+00  1.255296500714756E+00 -1.068734150580798E+00  4.354747390079327E+00  2.030389837767199E+01  6.767966125892434E+00  6.767966125892434E+00  2.030389837767730E+01 -5.311306949806749E-12  2.999999999999215E+00  1.500815727951083E+03  1.256436926861312E+02  1.626459420637214E+03  4.154509130157454E+21  3.478027706464993E+20
  0.000000000000000E+00  1.255144301908511E+00 -1.072586204646454E+00  4.355815951396792E+00  1.877440852581412E+01  6.258136175271933E+00  6.258136175271933E+00  1.877440852581580E+01 -1.680433570072637E-12  2.999999999999731E+00  1.438884268050096E+03  1.947278730563447E+02  1.633612141106441E+03  3.636031974722258E+21  4.920734686758526E+20
  0.000000000000000E+00  1.255166188058488E+00 -1.072032280243221E+00  4.355662719705116E+00  1.902931047974188E+01  6.343103493247500E+00  6.343103493247500E+00  1.902931047974250E+01 -6.252776074688882E-13  2.999999999999901E+00  1.450050761570730E+03  1.930106978458367E+02  1.643061459416567E+03  3.706912412668496E+21  4.934129001439387E+20
  0.000000000000000E+00  1.255188074208508E+00 -1.071478355839989E+00  4.355509344850854E+00  1.927956503174856E+01  6.426521677248956E+00  6.426521677248956E+00  1.927956503174687E+01  1.691091711109038E-12  3.000000000000263E+00  1.460720255627453E+03  1.876541255875251E+02  1.648374381214978E+03  3.766286850009430E+21  4.838429965131997E+20
  0.000000000000000E+00  1.255209960358529E+00 -1.070924431436758E+00  4.355355826640469E+00  1.952039473106661E+01  6.506798243687531E+00  6.506798243687531E+00  1.952039473106259E+01  4.014566457044566E-12  3.000000000000616E+00  1.470710767046139E+03  1.786579659089135E+02  1.649368732955053E+03  3.822486777725116E+21  4.643453544531383E+20
  0.000000000000000E+00  1.255055299598516E+00 -1.074838796056359E+00  4.356437613236213E+00  1.771529563529587E+01  5.905098545096974E+00  5.905098545096974E+00  1.771529563529092E+01  4.941824727211497E-12  3.000000000000837E+00  1.389868019053764E+03  2.060264068216365E+02  1.595894425875401E+03  3.240067836928142E+21  4.802898729586746E+20
  0.000000000000000E+00  1.255077550176336E+00 -1.074275648203896E+00  4.356282418723863E+00  1.798673379083039E+01  5.995577930275494E+00  5.995577930275494E+00  1.798673379082648E+01  3.907985046680551E-12  3.000000000000651E+00  1.402716221239290E+03  2.009590445875695E+02  1.603675265826859E+03  3.343307166375971E+21  4.789762916722379E+20
  0.000000000000000E+00  1.255099800753513E+00 -1.073712500351407E+00  4.356127077047484E+00  1.825240151374449E+01  6.084133837914287E+00  6.084133837914287E+00  1.825240151374286E+01  1.627142864890629E-12  3.000000000000268E+00  1.415141185904387E+03  1.973867818649027E+02  1.612527967769290E+03  3.447870022333849E+21  4.809159501368158E+20
  0.000000000000000E+00  1.255122051330690E+00 -1.073149352498918E+00  4.355971588005702E+00  1.851429452006385E+01  6.171431506688164E+00  6.171431506688164E+00  1.851429452006450E+01 -6.501466032204917E-13  2.999999999999895E+00  1.427183720195765E+03  1.953096981792757E+02  1.622493418375041E+03  3.547572483627579E+21  4.854843151877919E+20
  0.000000000000000E+00  1.254964731017872E+00 -1.077131028612079E+00  4.357067801332617E+00  1.654895803203978E+01  5.516319344013264E+00  5.516319344013264E+00  1.654895803203980E+01 -1.065814103640150E-14  2.999999999999998E+00  1.333497905131093E+03  2.194989695511833E+02  1.552996874682276E+03  2.843971758211656E+21  4.681288721625377E+20
  0.000000000000000E+00  1.254987373162767E+00 -1.076557970473139E+00  4.356910481837162E+00  1.684643880685158E+01  5.615479602283604E+00  5.615479602283604E+00  1.684643880685081E+01  7.638334409421077E-13  3.000000000000135E+00  1.348025063776956E+03  2.182815343810376E+02  1.566306598157994E+03  2.943504784774786E+21  4.766326369914411E+20
  0.000000000000000E+00  1.255010015308194E+00 -1.075984912334219E+00  4.356753010797143E+00  1.714128690018121E+01  5.713762300059580E+00  5.713762300059580E+00  1.714128690017874E+01  2.465583293087548E-12  3.000000000000432E+00  1.362332623337526E+03  2.156303472683377E+02  1.577962970605864E+03  3.041392295585704E+21  4.813923308022476E+20
  0.000000000000000E+00  1.255032657453620E+00 -1.075411854195300E+00  4.356595388000854E+00  1.743155496025415E+01  5.810518320083323E+00  5.810518320083324E+00  1.743155496024998E+01  4.170885858911788E-12  3.000000000000718E+00  1.376315096396361E+03  2.115453306146718E+02  1.587860427011033E+03  3.139574471620939E+21  4.825655994963852E+20
  0.000000000000000E+00  1.254872502390624E+00 -1.079465275937934E+00  4.357707052021391E+00  1.534665879818778E+01  5.115552932729203E+00  5.115552932729203E+00  1.534665879818761E+01  1.634248292248230E-13  3.000000000000032E+00  1.274291350559662E+03  2.114711576010141E+02  1.485762508160676E+03  2.418777810692756E+21  4.014009381623715E+20
  0.000000000000000E+00  1.254895559547379E+00 -1.078881714106468E+00  4.357547473971194E+00  1.564213887324167E+01  5.214046291080508E+00  5.214046291080508E+00  1.564213887324153E+01  1.421085471520200E-13  3.000000000000027E+00  1.288861998258364E+03  2.155139023756380E+02  1.504375900634002E+03  2.527563864487650E+21  4.226404011255412E+20
  0.000000000000000E+00  1.254918616704248E+00 -1.078298152275006E+00  4.357387739654121E+00  1.594226709597401E+01  5.314089031991307E+00  5.314089031991307E+00  1.594226709597392E+01  8.348877145181177E-14  3.000000000000016E+00  1.303666976657032E+03  2.181995025017791E+02  1.521866479158811E+03  2.634735688708776E+21  4.409853335198667E+20
  0.000000000000000E+00  1.254941673861117E+00 -1.077714590443545E+00  4.357227848848590E+00  1.624516597827623E+01  5.415055326092070E+00  5.415055326092070E+00  1.624516597827621E+01  2.131628207280301E-14  3.000000000000004E+00  1.318585496911290E+03  2.195278831651015E+02  1.538113380076391E+03  2.740230858844511E+21  4.562139362483024E+20
  0.000000000000000E+00  1.254778541328677E+00 -1.081843370089135E+00  4.358355743043669E+00  1.424878914317707E+01  4.749596381059026E+00  4.749596381059026E+00  1.424878914317708E+01 -1.065814103640150E-14  2.999999999999998E+00  1.220320441629455E+03  1.724600342419815E+02  1.392780475871436E+03  1.954155824740848E+21  2.761682660981818E+20
  0.000000000000000E+00  1.254802031594164E+00 -1.081248846551335E+00  4.358193812417538E+00  1.450117571471644E+01  4.833725238238809E+00  4.833725238238809E+00  1.450117571471643E+01  1.243449787580175E-14  3.000000000000003E+00  1.232695451049127E+03  1.853431468609313E+02  1.418038597910058E+03  2.076802109064250E+21  3.122596404276396E+20
  0.000000000000000E+00  1.254825521859651E+00 -1.080654323013534E+00  4.358031720526848E+00  1.477024399358554E+01  4.923414664528488E+00  4.923414664528488E+00  1.477024399358547E+01  7.105427357601002E-14  3.000000000000014E+00  1.245916410020313E+03  1.961394497750712E+02  1.442055859795385E+03  2.193758437090057E+21  3.453542864751646E+20
  0.000000000000000E+00  1.254849012125137E+00 -1.080059799475734E+00  4.357869467139105E+00  1.505305226100308E+01  5.017684087000982E+00  5.017684087000982E+00  1.505305226100295E+01  1.296740492762183E-13  3.000000000000026E+00  1.259831764053633E+03  2.048488257624105E+02  1.464680589816044E+03  2.307059286717425E+21  3.751281713422569E+20
  0.000000000000000E+00  1.254682804242141E+00 -1.084266414289302E+00  4.359014045492581E+00  1.343515299490685E+01  4.478384331635630E+00  4.478384331635630E+00  1.343515299490689E+01 -4.085620730620576E-14  2.999999999999991E+00  1.180402950800375E+03  1.112444750806512E+02  1.291647425881027E+03  1.438924867820487E+21  1.356083034972490E+20
  0.000000000000000E+00  1.254706738513800E+00 -1.083660653239262E+00  4.358849719790499E+00  1.360571456712153E+01  4.535238189040520E+00  4.535238189040520E+00  1.360571456712156E+01 -3.375077994860476E-14  2.999999999999993E+00  1.188797520553566E+03  1.263104784511900E+02  1.315107999004756E+03  1.585965794906882E+21  1.685098554618695E+20
  0.000000000000000E+00  1.254730672785409E+00 -1.083054892189219E+00  4.358685227644432E+00  1.379802317081842E+01  4.599341056939481E+00  4.599341056939481E+00  1.379802317081844E+01 -2.486899575160351E-14  2.999999999999994E+00  1.198237313338631E+03  1.415350667400893E+02  1.339772380078721E+03  1.712954083793742E+21  2.023331003580085E+20
  0.000000000000000E+00  1.254754607057018E+00 -1.082449131139176E+00  4.358520568810326E+00  1.401230572362708E+01  4.670768574542366E+00  4.670768574542366E+00  1.401230572362710E+01 -1.598721155460225E-14  2.999999999999996E+00  1.208739362190967E+03  1.569182489896063E+02  1.365657611180573E+03  1.831650505923777E+21  2.377844216386796E+20
  0.000000000000000E+00  1.254585280012442E+00 -1.086734690099240E+00  4.359681902615310E+00  1.260483150374407E+01  4.201610501248036E+00  4.201610501248036E+00  1.260483150374411E+01 -3.552713678800501E-14  2.999999999999991E+00  1.142540330201309E+03  1.835472418468532E+02  1.326087572048163E+03  1.145751835530317E+21  1.840631649436003E+20
  0.000000000000000E+00  1.254609661070498E+00 -1.086117621146781E+00  4.359515196131664E+00  1.285510971470123E+01  4.285036571567090E+00  4.285036571567090E+00  1.285510971470127E+01 -4.085620730620576E-14  2.999999999999991E+00  1.153851936805293E+03  1.592717685015023E+02  1.313123705306795E+03  1.167927777991673E+21  1.612147249999835E+20
  0.000000000000000E+00  1.254634042127291E+00 -1.085500552194271E+00  4.359348317953421E+00  1.307289065850963E+01  4.357630219503223E+00  4.357630219503223E+00  1.307289065850967E+01 -3.907985046680551E-14  2.999999999999991E+00  1.163591149810930E+03  1.391293222559682E+02  1.302720472066899E+03  1.216766704252543E+21  1.454874651923844E+20
  0.000000000000000E+00  1.254658423184085E+00 -1.084883483241762E+00  4.359181267825563E+00  1.326422239772594E+01  4.421407465908661E+00  4.421407465908660E+00  1.326422239772598E+01 -4.085620730620576E-14  2.999999999999991E+00  1.172271835390312E+03  1.231201441143316E+02  1.295391979504643E+03  1.303338722367817E+21  1.368857004691972E+20
  0.000000000000000E+00  1.254485991868360E+00 -1.089247609101827E+00  4.360359021336617E+00  1.139438718534581E+01  3.798129061781917E+00  3.798129061781917E+00  1.139438718534575E+01  6.039613253960852E-14  3.000000000000016E+00  1.082539359141245E+03  2.152591256994527E+02  1.297798484840698E+03  1.077984955224877E+21  2.143534985766685E+20
  0.000000000000000E+00  1.254510813903725E+00 -1.088619379351155E+00  4.360190007258381E+00  1.171262858263061E+01  3.904209527543523E+00  3.904209527543523E+00  1.171262858263057E+01  3.907985046680551E-14  3.000000000000010E+00  1.099141253638874E+03  2.115461375857741E+02  1.310687391224648E+03  1.096826513849477E+21  2.111006313686778E+20
  0.000000000000000E+00  1.254535635940401E+00 -1.087991149600534E+00  4.360020816291660E+00  1.202324000528062E+01  4.007746668426869E+00  4.007746668426869E+00  1.202324000528061E+01  7.105427357601002E-15  3.000000000000002E+00  1.114800173352060E+03  2.050232720916497E+02  1.319823445443710E+03  1.114955681901030E+21  2.050518717208121E+20
  0.000000000000000E+00  1.254560457977077E+00 -1.087362919849913E+00  4.359851448167221E+00  1.232203609756279E+01  4.107345365854269E+00  4.107345365854269E+00  1.232203609756281E+01 -2.486899575160351E-14  2.999999999999994E+00  1.129328449080899E+03  1.956903624382657E+02  1.325018811519165E+03  1.131548843478601E+21  1.960751130259232E+20
  0.000000000000000E+00  1.254385010944955E+00 -1.091803433954325E+00  4.361044804633997E+00  1.006340341923747E+01  3.354467806412504E+00  3.354467806412504E+00  1.006340341923752E+01 -4.263256414560601E-14  2.999999999999988E+00  1.009775122568997E+03  2.213182386569347E+02  1.231093361225932E+03  9.976983694164176E+20  2.186713070018712E+20
  0.000000000000000E+00  1.254410256407011E+00 -1.091164477750336E+00  4.360873632077610E+00  1.039884970977904E+01  3.466283236593021E+00  3.466283236593021E+00  1.039884970977906E+01 -2.131628207280301E-14  2.999999999999993E+00  1.028273781512697E+03  2.212930885889699E+02  1.249566870101667E+03  1.018009913018093E+21  2.190842185381351E+20
  0.000000000000000E+00  1.254435501406657E+00 -1.090525521528076E+00  4.360702277273121E+00  1.073349884017773E+01  3.577832946725905E+00  3.577832946725905E+00  1.073349884017772E+01  1.065814103640150E-14  3.000000000000003E+00  1.046728416189044E+03  2.202748929885640E+02  1.267003309177608E+03  1.038327230505052E+21  2.185069365168595E+20
  0.000000000000000E+00  1.254460746406304E+00 -1.089886565305817E+00  4.360530740324680E+00  1.106584620163338E+01  3.688615400544442E+00  3.688615400544442E+00  1.106584620163333E+01  4.973799150320701E-14  3.000000000000014E+00  1.064896866781408E+03  2.182635919835919E+02  1.283160458765000E+03  1.058401736851801E+21  2.169323359408158E+20
  0.000000000000000E+00  1.254282447111457E+00 -1.094399196216340E+00  4.361738326215493E+00  8.714003148774641E+00  2.904667716258205E+00  2.904667716258205E+00  8.714003148774616E+00  2.486899575160351E-14  3.000000000000009E+00  9.378555825751234E+02  2.152296314779649E+02  1.153085214053088E+03  9.193966154938260E+20  2.109934604126257E+20
  0.000000000000000E+00  1.254308087838631E+00 -1.093750255641702E+00  4.361565225561847E+00  9.047310528914471E+00  3.015770176304818E+00  3.015770176304819E+00  9.047310528914458E+00  1.243449787580175E-14  3.000000000000004E+00  9.550686326570041E+02  2.178028104101351E+02  1.172871443067139E+03  9.380849767049894E+20  2.139296981845805E+20
  0.000000000000000E+00  1.254333729028206E+00 -1.093101315085333E+00  4.361391938863420E+00  9.384031990927429E+00  3.128010663642478E+00  3.128010663642478E+00  9.384031990927436E+00 -7.105427357601002E-15  2.999999999999997E+00  9.728849644166500E+02  2.196753332872367E+02  1.192560297703887E+03  9.574375195162482E+20  2.161873334403413E+20
  0.000000000000000E+00  1.254359370217781E+00 -1.092452374528964E+00  4.361218465445986E+00  9.723089099479699E+00  3.241029699826576E+00  3.241029699826576E+00  9.723089099479731E+00 -3.197442310920451E-14  2.999999999999990E+00  9.911661630449313E+02  2.208471570551224E+02  1.212013320100054E+03  9.773445528679573E+20  2.177674884512917E+20
  0.000000000000000E+00  1.254178462668293E+00 -1.097030975728404E+00  4.362438432328131E+00  7.424268504242709E+00  2.474756168080948E+00  2.474756168080948E+00  7.424268504242846E+00 -1.367794766338193E-13  2.999999999999944E+00  8.750001607893519E+02  1.953368807075136E+02  1.070337041496865E+03  8.512878852026955E+20  1.900433023116012E+20
  0.000000000000000E+00  1.254204458779150E+00 -1.096373030850391E+00  4.362263691754421E+00  7.734282631530766E+00  2.578094210510292E+00  2.578094210510292E+00  7.734282631530878E+00 -1.127986593019159E-13  2.999999999999956E+00  8.896754748735810E+02  2.018266607141454E+02  1.091502135587726E+03  8.671784188853818E+20  1.967231079983165E+20
  0.000000000000000E+00  1.254230454889875E+00 -1.095715085972372E+00  4.362088760744946E+00  8.053628478276583E+00  2.684542826092213E+00  2.684542826092213E+00  8.053628478276639E+00 -5.684341886080801E-14  2.999999999999979E+00  9.050428331152252E+02  2.073054210995249E+02  1.112348254214750E+03  8.838165681536498E+20  2.024434193961545E+20
  0.000000000000000E+00  1.254256451000600E+00 -1.095057141094354E+00  4.361913638999056E+00  8.380727999138445E+00  2.793575999712815E+00  2.793575999712815E+00  8.380727999138447E+00 -1.776356839400250E-15  3.000000000000000E+00  9.211027291322584E+02  2.117730989814930E+02  1.132875828113752E+03  9.012173760352671E+20  2.072012062745218E+20
  0.000000000000000E+00  1.254073247222177E+00 -1.099693911098174E+00  4.363143730184349E+00  6.294495863899862E+00  2.098165287966619E+00  2.098165287966619E+00  6.294495863899858E+00  3.552713678800501E-15  3.000000000000002E+00  8.219561458816382E+02  1.605427925928307E+02  9.824989384744689E+02  7.938797765568940E+20  1.550589735839377E+20
  0.000000000000000E+00  1.254099551083636E+00 -1.099028177255729E+00  4.362967696631809E+00  6.555793302717143E+00  2.185264434239054E+00  2.185264434239054E+00  6.555793302717163E+00 -1.953992523340276E-14  2.999999999999991E+00  8.343526883674151E+02  1.702888309994765E+02  1.004641519366892E+03  8.072903618924159E+20  1.647654929629309E+20
  0.000000000000000E+00  1.254125854945235E+00 -1.098362443413289E+00  4.362791469344468E+00  6.831923428436830E+00  2.277307809478965E+00  2.277307809478965E+00  6.831923428436895E+00 -6.572520305780927E-14  2.999999999999971E+00  8.472968805286224E+02  1.793365544640214E+02  1.026633434992644E+03  8.212959431541874E+20  1.738332667395855E+20
  0.000000000000000E+00  1.254152158806835E+00 -1.097696709570849E+00  4.362615048013170E+00  7.121782931973744E+00  2.373927643991286E+00  2.373927643991286E+00  7.121782931973859E+00 -1.145750161413162E-13  2.999999999999952E+00  8.608318293983275E+02  1.876859190216374E+02  1.048517748419965E+03  8.359454343467129E+20  1.822599742936614E+20
  0.000000000000000E+00  1.253967022712652E+00 -1.102382385268800E+00  4.363852652743262E+00  5.399398369959666E+00  1.799799456653219E+00  1.799799456653219E+00  5.399398369959658E+00  7.993605777301127E-15  3.000000000000004E+00  7.769879459270790E+02  1.202395003626590E+02  8.972274462897379E+02  7.452479121750730E+20  1.153277049868871E+20
  0.000000000000000E+00  1.253993578840162E+00 -1.101710266726148E+00  4.363675716728548E+00  5.599103219664602E+00  1.866367739888199E+00  1.866367739888199E+00  5.599103219664598E+00  4.440892098500626E-15  3.000000000000003E+00  7.874942560378422E+02  1.302781956653462E+02  9.177724517031884E+02  7.566120683855918E+20  1.251692368955689E+20
  0.000000000000000E+00  1.254020134967414E+00 -1.101038148183487E+00  4.363498584507399E+00  5.814828563335852E+00  1.938276187778616E+00  1.938276187778616E+00  5.814828563335849E+00  2.664535259100376E-15  3.000000000000002E+00  7.984809699189403E+02  1.403416417742919E+02  9.388226116932321E+02  7.684926467916123E+20  1.350708705720998E+20
  0.000000000000000E+00  1.254046691094667E+00 -1.100366029640825E+00  4.363321255764616E+00  6.046613183804057E+00  2.015537727934685E+00  2.015537727934685E+00  6.046613183804054E+00  3.552713678800501E-15  3.000000000000001E+00  8.099632718529901E+02  1.504298402349777E+02  9.603931120879679E+02  7.809088090915255E+20  1.450337212463707E+20
  0.000000000000000E+00  1.253860031783723E+00 -1.105090257030345E+00  4.364563522014278E+00  4.746490481408332E+00  1.582163493802554E+00  1.582163493802554E+00  4.746490481407662E+00  6.705747068735946E-13  3.000000000000424E+00  7.396570251788836E+02  8.425152164904281E+01  8.239085468279264E+02  7.047479770345064E+20  8.027516460062273E+19
  0.000000000000000E+00  1.253886779516113E+00 -1.104413289089965E+00  4.364386101667742E+00  4.888414555438517E+00  1.629471518479316E+00  1.629471518479316E+00  4.888414555437950E+00  5.675460101883800E-13  3.000000000000348E+00  7.482129176680909E+02  9.256617226226771E+01  8.407790899303586E+02  7.140616017201951E+20  8.834109605686279E+19
  0.000000000000000E+00  1.253913527248187E+00 -1.103736321149572E+00  4.364208483553419E+00  5.044053934309755E+00  1.681351311436470E+00  1.681351311436471E+00  5.044053934309414E+00  3.410605131648481E-13  3.000000000000203E+00  7.572947541826539E+02  1.013356995277482E+02  8.586304537104022E+02  7.239212214067681E+20  9.686989506934191E+19
  0.000000000000000E+00  1.253940274980261E+00 -1.103059353209179E+00  4.364030667351937E+00  5.214138558868115E+00  1.738046186289333E+00  1.738046186289333E+00  5.214138558867998E+00  1.163513729807164E-13  3.000000000000067E+00  7.668904378115745E+02  1.105601325322783E+02  8.774505703438529E+02  7.343191760407685E+20  1.058644382836970E+20
  0.000000000000000E+00  1.253752519101024E+00 -1.107811334055056E+00  4.365274675621694E+00  4.297159348624358E+00  1.432386449541441E+00  1.432386449541441E+00  4.297159348624324E+00  3.375077994860476E-14  3.000000000000024E+00  7.107625729159624E+02  5.633540978284456E+01  7.670979826988070E+02  6.729291054075449E+20  5.333670954621205E+19
  0.000000000000000E+00  1.253779397271895E+00 -1.107131064798886E+00  4.365097185159917E+00  4.393018284444022E+00  1.464339428147963E+00  1.464339428147963E+00  4.393018284443890E+00  1.314504061156185E-13  3.000000000000090E+00  7.171431621554796E+02  6.253716700575609E+01  7.796803291612357E+02  6.800305541932813E+20  5.930082943101677E+19
  0.000000000000000E+00  1.253806275442374E+00 -1.106450795542700E+00  4.364919496285751E+00  4.499302559703609E+00  1.499767519901085E+00  1.499767519901085E+00  4.499302559703256E+00  3.526068326209497E-13  3.000000000000235E+00  7.240919006757872E+02  6.925708252002742E+01  7.933489831958146E+02  6.877043048735045E+20  6.577672495376808E+19
  0.000000000000000E+00  1.253833153612852E+00 -1.105770526286515E+00  4.364741608677869E+00  4.616848012619563E+00  1.538949337539664E+00  1.538949337539664E+00  4.616848012618993E+00  5.702105454474804E-13  3.000000000000370E+00  7.315995774164519E+02  7.649518963224905E+01  8.080947670487009E+02  6.959451544448493E+20  7.276720518470115E+19
  0.000000000000000E+00  1.253644735287144E+00 -1.110539273053079E+00  4.365984441147663E+00  4.002446758390800E+00  1.334148919463593E+00  1.334148919463593E+00  4.002446758390779E+00  2.131628207280301E-14  3.000000000000016E+00  6.907523306221630E+02  3.579065054568713E+01  7.265429811678500E+02  6.500131656097382E+20  3.367979090201502E+19
  0.000000000000000E+00  1.253671681240134E+00 -1.109857288303554E+00  4.365807297275182E+00  4.063982203134669E+00  1.354660734378216E+00  1.354660734378216E+00  4.063982203134647E+00  2.220446049250313E-14  3.000000000000016E+00  6.949446932128761E+02  4.033057816738592E+01  7.352752713802621E+02  6.549386231215620E+20  3.800885680920378E+19
  0.000000000000000E+00  1.253698627194085E+00 -1.109175303554068E+00  4.365629955278264E+00  4.133184198443007E+00  1.377728066147660E+00  1.377728066147660E+00  4.133184198442980E+00  2.664535259100376E-14  3.000000000000020E+00  6.996684741933038E+02  4.526799683587059E+01  7.449364710291744E+02  6.603896365285411E+20  4.272668710889565E+19
  0.000000000000000E+00  1.253725573148035E+00 -1.108493318804581E+00  4.365452414834720E+00  4.210695621283630E+00  1.403565207094533E+00  1.403565207094533E+00  4.210695621283600E+00  3.019806626980426E-14  3.000000000000022E+00  7.049367858633167E+02  5.060293216855627E+01  7.555397180318730E+02  6.663814037578871E+20  4.783528629655873E+19
  0.000000000000000E+00  1.253536910446110E+00 -1.113268250564806E+00  4.366691310192485E+00  3.821551085663531E+00  1.273850361887835E+00  1.273850361887835E+00  3.821551085663507E+00  2.442490654175344E-14  3.000000000000019E+00  6.786467878673959E+02  2.093013233797736E+01  6.995769202053733E+02  6.349058627127831E+20  1.958111931907172E+19
  0.000000000000000E+00  1.253563866656417E+00 -1.112586006186876E+00  4.366514888744334E+00  3.858012857536264E+00  1.286004285845413E+00  1.286004285845413E+00  3.858012857536240E+00  2.398081733190338E-14  3.000000000000019E+00  6.810582013318337E+02  2.416705106216061E+01  7.052252523939943E+02  6.380769624462713E+20  2.264188068343081E+19
  0.000000000000000E+00  1.253590822866627E+00 -1.111903761808943E+00  4.366338270300273E+00  3.899972150154991E+00  1.299990716718322E+00  1.299990716718322E+00  3.899972150154968E+00  2.309263891220326E-14  3.000000000000018E+00  6.838507111422995E+02  2.772276330066603E+01  7.115734744429654E+02  6.416234799251841E+20  2.601090497135446E+19
  0.000000000000000E+00  1.253617779076838E+00 -1.111221517431009E+00  4.366161454541278E+00  3.947944828709806E+00  1.315981609569928E+00  1.315981609569928E+00  3.947944828709785E+00  2.087219286295294E-14  3.000000000000016E+00  6.870677557891946E+02  3.159728960975518E+01  7.186650453989498E+02  6.455880480698348E+20  2.968969559636543E+19
  0.000000000000000E+00  1.253429251239236E+00 -1.115993035967808E+00  4.367393953768021E+00  3.721043375326498E+00  1.240347791775521E+00  1.240347791775521E+00  3.721043375326563E+00 -6.483702463810914E-14  2.999999999999948E+00  6.721473200964367E+02  1.089004663898771E+01  6.830373667354245E+02  6.253275356603486E+20  1.013147835954683E+19
  0.000000000000000E+00  1.253456166040949E+00 -1.115311839617057E+00  4.367218585879234E+00  3.740306810686058E+00  1.246768936895370E+00  1.246768936895370E+00  3.740306810686110E+00 -5.195843755245733E-14  2.999999999999959E+00  6.733554234681648E+02  1.298792520650101E+01  6.863433486746658E+02  6.273113766886894E+20  1.209981082450594E+19
  0.000000000000000E+00  1.253483080842673E+00 -1.114630643266307E+00  4.367043022863836E+00  3.763183241835429E+00  1.254394413945150E+00  1.254394413945150E+00  3.763183241835450E+00 -2.087219286295294E-14  2.999999999999984E+00  6.748239954821804E+02  1.536055388383132E+01  6.901845493660118E+02  6.295519651291115E+20  1.433005783401039E+19
  0.000000000000000E+00  1.253509995644398E+00 -1.113949446915557E+00  4.366867264406810E+00  3.790116667314594E+00  1.263372222438194E+00  1.263372222438194E+00  3.790116667314582E+00  1.110223024625157E-14  3.000000000000009E+00  6.765791631997009E+02  1.800795036348641E+01  6.945871135631874E+02  6.320749415208363E+20  1.682341814826352E+19
  0.000000000000000E+00  1.253321936320754E+00 -1.118709107642662E+00  4.368091248229665E+00  3.672406374622382E+00  1.224135458207518E+00  1.224135458207518E+00  3.672406374622555E+00 -1.731947918415244E-13  2.999999999999858E+00  6.694718460889478E+02  4.734853158563733E+00  6.742066992475116E+02  6.195318573418258E+20  4.381651579080835E+18
  0.000000000000000E+00  1.253348765050332E+00 -1.118030089723947E+00  4.367917213880888E+00  3.681007735836630E+00  1.227002578612262E+00  1.227002578612262E+00  3.681007735836786E+00 -1.558753126573720E-13  2.999999999999873E+00  6.698677454036641E+02  5.973125278169952E+00  6.758408706818341E+02  6.207103066282711E+20  5.534794664143366E+18
  0.000000000000000E+00  1.253375593779995E+00 -1.117351071805235E+00  4.367742986894127E+00  3.691765844645237E+00  1.230588614881786E+00  1.230588614881786E+00  3.691765844645357E+00 -1.199040866595169E-13  2.999999999999903E+00  6.704288423639446E+02  7.411739656988281E+00  6.778405820209329E+02  6.220529400405012E+20  6.876933319556551E+18
  0.000000000000000E+00  1.253402422509658E+00 -1.116672053886523E+00  4.367568566959883E+00  3.705003468618446E+00  1.235001156206176E+00  1.235001156206176E+00  3.705003468618528E+00 -8.215650382226158E-14  2.999999999999933E+00  6.711803712684791E+02  9.050709156700318E+00  6.802310804251795E+02  6.235839733824655E+20  8.408882946320009E+18
  0.000000000000000E+00  1.253215114496512E+00 -1.121412700121809E+00  4.368782282806499E+00  3.655691932305933E+00  1.218563977435344E+00  1.218563977435344E+00  3.655691932306033E+00 -9.992007221626409E-14  2.999999999999918E+00  6.690412611510812E+02  5.828677322514045E-01  6.696241288833327E+02  6.160005923963075E+20  5.366587820575068E+17
  0.000000000000000E+00  1.253241819955130E+00 -1.120736802002123E+00  4.368609808951311E+00  3.657405397945445E+00  1.219135132648518E+00  1.219135132648519E+00  3.657405397945556E+00 -1.110223024625157E-13  2.999999999999909E+00  6.690271223079197E+02  1.560000690875257E+00  6.705871229987951E+02  6.167562960129327E+20  1.438118449611994E+18
  0.000000000000000E+00  1.253268525408633E+00 -1.120060903882235E+00  4.368437145435896E+00  3.660718944595677E+00  1.220239648198604E+00  1.220239648198604E+00  3.660718944595814E+00 -1.367794766338193E-13  2.999999999999888E+00  6.690773403678500E+02  2.577707520757006E+00  6.716550478886070E+02  6.175810200563317E+20  2.379311245544141E+18
  0.000000000000000E+00  1.253295230862137E+00 -1.119385005762347E+00  4.368264291961728E+00  3.665697595680150E+00  1.221899198560104E+00  1.221899198560104E+00  3.665697595680312E+00 -1.616484723854228E-13  2.999999999999868E+00  6.692172241450941E+02  3.635990812960118E+00  6.728532149580542E+02  6.184983696264407E+20  3.360425148449214E+18
  0.000000000000000E+00  1.253108899079606E+00 -1.124100943472520E+00  4.369466390163657E+00  3.667943224867941E+00  1.222647741622617E+00  1.222647741622617E+00  3.667943224867852E+00  8.881784197001252E-14  3.000000000000072E+00  6.698535487783423E+02 -5.085570337608130E+00  6.647679784407342E+02  6.137839196612678E+20 -4.659886181424254E+18
  0.000000000000000E+00  1.253135452931403E+00 -1.123428882634746E+00  4.369295643101926E+00  3.661290954827074E+00  1.220430318275671E+00  1.220430318275671E+00  3.661290954827014E+00  5.906386491005833E-14  3.000000000000048E+00  6.695095089282319E+02 -3.295589174332918E+00  6.662139197538989E+02  6.141940279314376E+20 -3.023304616884466E+18
  0.000000000000000E+00  1.253162006788059E+00 -1.122756821797164E+00  4.369124709721310E+00  3.657296087819622E+00  1.219098695939876E+00  1.219098695939876E+00  3.657296087819628E+00 -5.329070518200751E-15  2.999999999999996E+00  6.692669778157062E+02 -1.754178570895150E+00  6.675127992448110E+02  6.147072929322844E+20 -1.611175205676606E+18
  0.000000000000000E+00  1.253188560644715E+00 -1.122084760959583E+00  4.368953589722732E+00  3.655561966195828E+00  1.218520655398633E+00  1.218520655398633E+00  3.655561966195899E+00 -7.105427357601002E-14  2.999999999999941E+00  6.691146365400464E+02 -4.613543333434596E-01  6.686532822067029E+02  6.153130279364138E+20 -4.242581409802410E+17
  0.000000000000000E+00  1.253003386036109E+00 -1.126771410824739E+00  4.370143026835282E+00  3.736666760484061E+00  1.245555586828046E+00  1.245555586828046E+00  3.736666760484137E+00 -7.593925488436071E-14  2.999999999999939E+00  6.738322421424012E+02 -2.066930886413239E+01  6.531629332782688E+02  6.146455378241137E+20 -1.885380020233964E+19
  0.000000000000000E+00  1.253029764296853E+00 -1.126103793986679E+00  4.369974142024635E+00  3.709012824251710E+00  1.236337608083920E+00  1.236337608083920E+00  3.709012824251760E+00 -5.018208071305708E-14  2.999999999999959E+00  6.721327800754892E+02 -1.448194429553923E+01  6.576508357799501E+02  6.137670256697614E+20 -1.322438086592054E+19
  0.000000000000000E+00  1.253056142557857E+00 -1.125436177148630E+00  4.369805074500714E+00  3.689955165637078E+00  1.229985055212357E+00  1.229985055212357E+00  3.689955165637071E+00  6.661338147750939E-15  3.000000000000005E+00  6.710173277034766E+02 -9.822135360377210E+00  6.611951923430994E+02  6.134361892364103E+20 -8.979281215069544E+18
  0.000000000000000E+00  1.253082520818862E+00 -1.124768560310580E+00  4.369635823976314E+00  3.677072420541908E+00  1.225690806847282E+00  1.225690806847282E+00  3.677072420541846E+00  6.261657858885883E-14  3.000000000000051E+00  6.703142892672936E+02 -6.689978545461451E+00  6.636243107218321E+02  6.134944435665247E+20 -6.122895977208163E+18
  0.000000000000000E+00  1.252898640675212E+00 -1.129422448658379E+00  4.370811853391923E+00  4.031196103355284E+00  1.343732034451834E+00  1.343732034451834E+00  4.031196103355502E+00 -2.184918912462308E-13  2.999999999999837E+00  6.943637228554231E+02 -1.022320961586249E+02  5.921316266967982E+02  6.308724032054639E+20 -9.288418456410731E+19
  0.000000000000000E+00  1.252924827015436E+00 -1.128759689199969E+00  4.370644915448783E+00  3.900787418315974E+00  1.300262472772056E+00  1.300262472772056E+00  3.900787418316170E+00 -1.962874307537277E-13  2.999999999999849E+00  6.848837823188184E+02 -6.535526185972161E+01  6.195285204590967E+02  6.228114653310180E+20 -5.943199044388761E+19
  0.000000000000000E+00  1.252951013355660E+00 -1.128096929741559E+00  4.370477798560741E+00  3.819759737393626E+00  1.273253245797924E+00  1.273253245797924E+00  3.819759737393774E+00 -1.478817068800709E-13  2.999999999999884E+00  6.792054345886542E+02 -3.946872642464157E+01  6.397367081640125E+02  6.182490511035255E+20 -3.592654212944796E+19
  0.000000000000000E+00  1.252977199695885E+00 -1.127434170283149E+00  4.370310502449270E+00  3.770817903734302E+00  1.256939301244800E+00  1.256939301244800E+00  3.770817903734401E+00 -9.858780458671390E-14  2.999999999999921E+00  6.759704502940435E+02 -2.457317903292456E+01  6.513972712611189E+02  6.159398558766723E+20 -2.239092011401877E+19
  0.000000000000000E+00  1.252794711778856E+00 -1.132052822298733E+00  4.371472641218411E+00  4.939588394857457E+00  1.646529464952167E+00  1.646529464952167E+00  4.939588394856503E+00  9.547918011776346E-13  3.000000000000580E+00  1.719401770015064E-12 -1.015028220737224E+02 -1.015028220737207E+02  1.557888361674208E+06 -9.196807165340693E+19
  0.000000000000000E+00  1.252820694002945E+00 -1.131395228888644E+00  4.371307707153508E+00  4.738431278946511E+00  1.579477092981913E+00  1.579477092981913E+00  4.738431278945740E+00  7.709388682997087E-13  3.000000000000488E+00  1.111294020865968E+02 -1.507174825177917E+02 -3.958808043119490E+01  1.007675352676291E+20 -1.366643655944909E+20
  0.000000000000000E+00  1.252846676227034E+00 -1.130737635478556E+00  4.371142598007489E+00  4.485954967185358E+00  1.495318322394997E+00  1.495318322394997E+00  4.485954967184990E+00  3.677058657558518E-13  3.000000000000246E+00  3.538235253440729E+02 -1.672452708546541E+02  1.865782544894188E+02  3.210355627365737E+20 -1.517470597570993E+20
  0.000000000000000E+00  1.252872658451123E+00 -1.130080042068468E+00  4.370977313510442E+00  4.233197296384712E+00  1.411065765461582E+00  1.411065765461582E+00  4.233197296384747E+00 -3.463895836830488E-14  2.999999999999976E+00  5.929082182424651E+02 -1.510841533222924E+02  4.418240649201727E+02  5.382993711603947E+20 -1.371687931173725E+20
  0.000000000000000E+00  1.254330452440217E+00 -1.131708548164948E+00  4.372597484765671E+00 -4.367855545865501E-01  1.671627942361257E+00  1.671627942361257E+00  5.014883827083771E+00 -5.451669381670322E+00 -2.612935232283620E-01  1.057135844744861E-28  7.381595418892098E-01  7.381595418892098E-01  9.597003845766972E-11  6.701239010592895E+17
  0.000000000000000E+00  1.253946439120947E+00 -1.131794267576456E+00  4.372315964344264E+00  4.059669344086044E-01  1.664587324064632E+00  1.664587324064632E+00  4.993761972193898E+00 -4.587795037785294E+00  2.438844322190943E-01 -1.039789997201026E-17  1.625556564068988E+03  1.625556564068988E+03 -9.434622086644506E+00  1.474962435081992E+21
  0.000000000000000E+00  1.253562477643303E+00 -1.131880219234142E+00  4.372034649877527E+00  2.257897343273074E+00  1.657673343814025E+00  1.657673343814025E+00  4.973020031442076E+00 -2.715122688169002E+00  1.362088225463067E+00 -4.800790282336983E-18  2.164178032908934E+03  2.164178032908934E+03 -4.353914939233881E+00  1.962728324815959E+21
  0.000000000000000E+00  1.253178568398776E+00 -1.131966403890676E+00  4.371753541968111E+00  4.106579790568733E+00  1.651462043484762E+00  1.651462043484761E+00  4.954386130454285E+00 -8.478063398855520E-01  2.486632863752297E+00  3.273550644813236E-18  1.617600404477599E+03  1.617600404477599E+03  2.967440096984894E+00  1.466338181983334E+21
  0.000000000000000E+00  1.255880515985744E+00 -1.131365042346247E+00  4.373735548164007E+00 -4.395567251823380E-01  1.704183097932009E+00  1.704183097932009E+00  5.112549293796027E+00 -5.552106018978365E+00 -2.579281097880451E-01  4.277958449574090E-29  7.359341598611820E-01  7.359341598611820E-01  3.893123063546949E-11  6.697312011744435E+17
  0.000000000000000E+00  1.255492921406404E+00 -1.131450563194958E+00  4.373450718391538E+00 -4.388650344043251E-01  1.695185197209090E+00  1.695185197209090E+00  5.085555591627270E+00 -5.524420626031596E+00 -2.588891379696220E-01  8.043750204222683E-17  7.364801013709106E-01  7.364801013709107E-01  7.315403868334374E+01  6.697932240227610E+17
  0.000000000000000E+00  1.255105378823589E+00 -1.131536319704703E+00  4.373166097078485E+00 -4.381726135862950E-01  1.686753130464672E+00  1.686753130464672E+00  5.060259391394016E+00 -5.498432004980311E+00 -2.597728177718489E-01  4.488236724179961E-17  7.370329878395183E-01  7.370329878395185E-01  4.079288297364288E+01  6.698777775841375E+17
  0.000000000000000E+00  1.254717888935469E+00 -1.131622313989895E+00  4.372881685458501E+00 -4.374794559173393E-01  1.678897258561235E+00  1.678897258561235E+00  5.036691775683704E+00 -5.474171231601043E+00 -2.605754781517997E-01 -1.314283984296912E-17  7.375928058461096E-01  7.375928058461096E-01 -1.193820574908634E+01  6.699872158867816E+17
  0.000000000000000E+00  1.257461445535034E+00 -1.131018812139817E+00  4.374899088928139E+00 -4.423690674273624E-01  1.745722645457070E+00  1.745722645457070E+00  5.237167936371212E+00 -5.679537003798575E+00 -2.534016893110417E-01  1.626995873030334E-27  7.334862600760373E-01  7.334862600760373E-01  1.484835339985717E-09  6.693971007599165E+17
  0.000000000000000E+00  1.257066131997368E+00 -1.131104998603422E+00  4.374607878128844E+00 -4.416671884248609E-01  1.734714321410887E+00  1.734714321410887E+00  5.204142964232663E+00 -5.645810152657523E+00 -2.546051433216056E-01 -3.262597865905306E-17  7.340874890654118E-01  7.340874890654118E-01 -2.975349694398632E+01  6.694563890565684E+17
  0.000000000000000E+00  1.256670872077169E+00 -1.131191431000072E+00  4.374316883547023E+00 -4.409645098430110E-01  1.724089385538428E+00  1.724089385538428E+00  5.172268156615285E+00 -5.613232666458296E+00 -2.557666171729832E-01  3.188962050183654E-17  7.346958913684432E-01  7.346958913684432E-01  2.906111246742955E+01  6.695306997205286E+17
  0.000000000000000E+00  1.256275666498579E+00 -1.131278111518202E+00  4.374026106464614E+00 -4.402610244920807E-01  1.713896192744024E+00  1.713896192744024E+00  5.141688578232074E+00 -5.581949602724155E+00 -2.568772988445719E-01  8.049599173734398E-17  7.353114529930874E-01  7.353114529930874E-01  7.330480898003998E+01  6.696217344383322E+17
  0.000000000000000E+00  1.259091599663945E+00 -1.130666160514833E+00  4.376101828371344E+00 -4.452535155732438E-01  1.793899057151744E+00  1.793899057151744E+00  5.381697171455234E+00 -5.826950687028478E+00 -2.482043311178239E-01  2.089721876883436E-28  7.307624483303349E-01  7.307624483303349E-01  1.913082529147953E-10  6.689927919705307E+17
  0.000000000000000E+00  1.258683975438195E+00 -1.130753926681335E+00  4.375800797956476E+00 -4.445337596168842E-01  1.781531355232552E+00  1.781531355232552E+00  5.344594065697658E+00 -5.789127825314542E+00 -2.495233992437124E-01 -3.201326302326884E-17  7.314430255646205E-01  7.314430255646205E-01 -2.928405812346751E+01  6.690858116859386E+17
  0.000000000000000E+00  1.258276407961448E+00 -1.130841956417912E+00  4.375499997280764E+00 -4.438131000375441E-01  1.769350413585187E+00  1.769350413585187E+00  5.308051240755563E+00 -5.751864340793107E+00 -2.508339199685479E-01 -4.583762987445807E-17  7.321238564564574E-01  7.321238564564574E-01 -4.189699327586055E+01  6.691835589026720E+17
  0.000000000000000E+00  1.257868897803721E+00 -1.130930251109195E+00  4.375199427289551E+00 -4.430915361895835E-01  1.757399690797432E+00  1.757399690797432E+00  5.272199072392297E+00 -5.715290608581880E+00 -2.521290623355736E-01 -3.674471995928797E-17  7.328049362329400E-01  7.328049362329400E-01 -3.355976759088565E+01  6.692869989669068E+17
  0.000000000000000E+00  1.260792427684399E+00 -1.130302926988809E+00  4.377359912868169E+00 -4.482456996532277E-01  1.846612182549894E+00  1.846612182549894E+00  5.539836547649683E+00 -5.988082247302911E+00 -2.427394901263284E-01  1.642699494010826E-28  7.277764519973438E-01  7.277764519973438E-01  1.508910794225960E-10  6.685031244034862E+17
  0.000000000000000E+00  1.260367128673439E+00 -1.130393303838028E+00  4.377045017602749E+00 -4.474991882489910E-01  1.833331074030611E+00  1.833331074030611E+00  5.499993222091833E+00 -5.947492410340824E+00 -2.440907671221413E-01 -9.649972843112004E-18  7.285453104718885E-01  7.285453104718885E-01 -8.856524881370385E+00  6.686422619319181E+17
  0.000000000000000E+00  1.259941890907416E+00 -1.130483968894543E+00  4.376730371755668E+00 -4.467516438984711E-01  1.820097732578628E+00  1.820097732578628E+00  5.460293197735884E+00 -5.907044841634355E+00 -2.454547554792756E-01 -1.119648130837441E-18  7.292992507881140E-01  7.292992507881140E-01 -1.026721023391949E+00  6.687698148239651E+17
  0.000000000000000E+00  1.259516714524771E+00 -1.130574921379697E+00  4.376415975340984E+00 -4.460030814053334E-01  1.806943334762740E+00  1.806943334762740E+00  5.420830004288222E+00 -5.866833085693555E+00 -2.468273757261434E-01  7.977449920338526E-18  7.300382907976146E-01  7.300382907976146E-01  7.309216703011843E+00  6.688864389273041E+17
  0.000000000000000E+00  1.262590098918005E+00 -1.129924235489425E+00  4.378693172741926E+00 -4.513883005070211E-01  1.902649591548920E+00  1.902649591548920E+00  5.707948774646761E+00 -6.159337075153782E+00 -2.372419506523806E-01 -2.086867533027964E-28  7.244193532146505E-01  7.244193532146505E-01 -1.923841206285085E-10  6.678276317436288E+17
  0.000000000000000E+00  1.262140579665820E+00 -1.130018425943651E+00  4.378359441866820E+00 -4.506044416179992E-01  1.888698921392441E+00  1.888698921392441E+00  5.666096764177324E+00 -6.116701205795323E+00 -2.385792867853133E-01 -5.948204440856036E-18  7.252856620609054E-01  7.252856620609053E-01 -5.478562032537114E+00  6.680204976846038E+17
  0.000000000000000E+00  1.261691127951845E+00 -1.130112938718278E+00  4.378025988289245E+00 -4.498193759203074E-01  1.874694362559188E+00  1.874694362559188E+00  5.624083087677565E+00 -6.073902463597872E+00 -2.399427794225873E-01 -1.306369837102290E-17  7.261339328186635E-01  7.261339328186635E-01 -1.202136956958092E+01  6.681970231943512E+17
  0.000000000000000E+00  1.261241743912548E+00 -1.130207772753325E+00  4.377692811970035E+00 -4.490331223025241E-01  1.860658065971045E+00  1.860658065971045E+00  5.581974197913135E+00 -6.031007320215659E+00 -2.413302747639349E-01 -1.365128077382432E-17  7.269641884773268E-01  7.269641884773268E-01 -1.255074062242249E+01  6.683577257354124E+17
  0.000000000000000E+00  1.264517762272357E+00 -1.129524132657321E+00  4.380126873570576E+00 -4.547343932187695E-01  1.961405951713813E+00  1.961405951713813E+00  5.884217855141439E+00 -6.338952248360209E+00 -2.318410387311394E-01  4.328948295309567E-30  7.205704721888869E-01  7.205704721888869E-01  4.006330768272281E-12  6.668695157589962E+17
  0.000000000000000E+00  1.264035731354666E+00 -1.129623602849537E+00  4.379767972514331E+00 -4.539000284837776E-01  1.946910921103236E+00  1.946910921103236E+00  5.840732763309709E+00 -6.294632791793487E+00 -2.331385702159247E-01 -3.754213483716330E-19  7.215565642682193E-01  7.215565642682193E-01 -3.471050638467218E-01  6.671329118487235E+17
  0.000000000000000E+00  1.263553776905214E+00 -1.129723443604963E+00  4.379409388426893E+00 -4.530642130383183E-01  1.932275036344949E+00  1.932275036344949E+00  5.796825109034848E+00 -6.249889322073166E+00 -2.344719072163376E-01  2.209689658893388E-20  7.225267287675200E-01  7.225267287675200E-01  2.041035778173259E-02  6.673800993572671E+17
  0.000000000000000E+00  1.263071899300745E+00 -1.129823654594594E+00  4.379051121704585E+00 -4.522269645051477E-01  1.917515519229871E+00  1.917515519229871E+00  5.752546557689612E+00 -6.204773522194760E+00 -2.358400544715147E-01  4.090553590500397E-19  7.234809852414266E-01  7.234809852414266E-01  3.774668264443826E-01  6.676115235994973E+17
  0.000000000000000E+00  1.266618571423705E+00 -1.129095143530893E+00  4.381694086973567E+00 -4.583517641775362E-01  2.022565335341278E+00  2.022565335341278E+00  6.067696006023837E+00 -6.526047770201373E+00 -2.266190150540655E-01 -5.719541649196463E-29  7.160565780750352E-01  7.160565780750352E-01 -5.315666794369746E-11  6.654935672158696E+17
  0.000000000000000E+00  1.266093234166297E+00 -1.129201728433211E+00  4.381301720882979E+00 -4.574501247583908E-01  2.007607985975384E+00  2.007607985975384E+00  6.022823957926152E+00 -6.480274082684543E+00 -2.278582910378997E-01  8.648044327031686E-18  7.172087039657845E-01  7.172087039657845E-01  8.028938106802139E+00  6.658643360327868E+17
  0.000000000000000E+00  1.265567986463809E+00 -1.129308754736285E+00  4.380909729395021E+00 -4.565466706342721E-01  1.992419105367261E+00  1.992419105367261E+00  5.977257316101785E+00 -6.433803986736057E+00 -2.291418855623336E-01  4.433331020197086E-18  7.183450489131794E-01  7.183450489131794E-01  4.111617888948082E+00  6.662169687066163E+17
  0.000000000000000E+00  1.265042828953433E+00 -1.129416222718271E+00  4.380518113346093E+00 -4.556414205420938E-01  1.977013493839281E+00  1.977013493839281E+00  5.931040481517844E+00 -6.386681902059937E+00 -2.304695551962351E-01 -2.004119095672810E-18  7.194656319822197E-01  7.194656319822197E-01 -1.856724360433142E+00  6.665518872007707E+17
  0.000000000000000E+00  1.268949427470335E+00 -1.128627811925093E+00  4.383438677673989E+00 -4.623277065074271E-01  2.085829400978603E+00  2.085829400978603E+00  6.257488202935809E+00 -6.719815909443236E+00 -2.216517354154266E-01  4.263471495379267E-30  7.105747591951149E-01  7.105747591951149E-01  3.980728362374097E-12  6.634511572507918E+17
  0.000000000000000E+00  1.268366548169182E+00 -1.128743818375617E+00  4.383001837376916E+00 -4.613373000014259E-01  2.070505955962869E+00  2.070505955962869E+00  6.211517867888608E+00 -6.672855167890034E+00 -2.228138000148304E-01  5.589171307101611E-19  7.120106108549767E-01  7.120106108549767E-01  5.212542917097418E-01  6.640315106811311E+17
  0.000000000000000E+00  1.267783779067932E+00 -1.128860378517311E+00  4.382565459346734E+00 -4.603444680670007E-01  2.054846361869824E+00  2.054846361869824E+00  6.164539085609473E+00 -6.624883553676473E+00 -2.240286556743379E-01 -6.951077303104921E-18  7.134028149777253E-01  7.134028149777253E-01 -6.475223316756960E+00  6.645649789738918E+17
  0.000000000000000E+00  1.267201120156226E+00 -1.128977488264346E+00  4.382129542806813E+00 -4.593492697703160E-01  2.038862270921837E+00  2.038862270921838E+00  6.116586812765515E+00 -6.575936082535831E+00 -2.252968610590007E-01 -1.099084348081100E-17  7.147514459627015E-01  7.147514459627015E-01 -1.022660953929514E+01  6.650521380155076E+17
  0.000000000000000E+00  1.271584126711915E+00 -1.128110548052696E+00  4.385417962118257E+00 -4.667716966807178E-01  2.150726572325719E+00  2.150726572325719E+00  6.452179716977158E+00 -6.918951413657876E+00 -2.170297715603929E-01 -9.639195831153340E-30  7.039196082122318E-01  7.039196082122318E-01 -9.045784223464723E-12  6.605846585224731E+17
  0.000000000000000E+00  1.270925244225874E+00 -1.128238803121497E+00  4.384922261154758E+00 -4.656655377979207E-01  2.135172745755682E+00  2.135172745755682E+00  6.405518237267044E+00 -6.871183775064964E+00 -2.180926759783608E-01 -1.503982959124081E-17  7.056905261245092E-01  7.056905261245092E-01 -1.409624096529906E+01  6.614159849904965E+17
  0.000000000000000E+00  1.270266500742888E+00 -1.128367772250480E+00  4.384427148711072E+00 -4.645560801093503E-01  2.119170178451792E+00  2.119170178451792E+00  6.357510535355377E+00 -6.822066615464728E+00 -2.192160331591407E-01 -1.637459998157485E-18  7.073899266011354E-01  7.073899266011354E-01 -1.532786017544192E+00  6.621703062461930E+17
  0.000000000000000E+00  1.269607895434021E+00 -1.128497445248670E+00  4.383932621863849E+00 -4.634434331631409E-01  2.102721515248088E+00  2.102721515248088E+00  6.308164545744264E+00 -6.771607978907404E+00 -2.204017173945461E-01  1.259796945190960E-17  7.090179557450815E-01  7.090179557450815E-01  1.177762024684383E+01  6.628484267116014E+17
  0.000000000000000E+00  1.274610815864140E+00 -1.127530757881530E+00  4.387701206531853E+00 -4.718075696072018E-01  2.216559468874537E+00  2.216559468874537E+00  6.649678406623611E+00 -7.121485976230812E+00 -2.128558138107448E-01 -2.196162119738425E-29  6.957151548929478E-01  6.957151548929478E-01 -2.072553521444674E-11  6.565575834481400E+17
  0.000000000000000E+00  1.273853876566556E+00 -1.127674306788003E+00  4.387129246008987E+00 -4.705553242724494E-01  2.200928229942721E+00  2.200928229942721E+00  6.602784689828163E+00 -7.073340014100613E+00 -2.137985772869548E-01  2.046830462532400E-18  6.978808180918036E-01  6.978808180918036E-01  1.928968703626041E+00  6.576950468552636E+17
  0.000000000000000E+00  1.273097115401947E+00 -1.127818794952725E+00  4.386558053173370E+00 -4.692985082665642E-01  2.184756533533707E+00  2.184756533533707E+00  6.554269600601121E+00 -7.023568108867686E+00 -2.148058610025087E-01 -7.071909392963105E-18  6.999700004289401E-01  6.999700004289401E-01 -6.655403868552054E+00  6.587447307173743E+17
  0.000000000000000E+00  1.272340532180378E+00 -1.127964212124641E+00  4.385987625919034E+00 -4.680372546993768E-01  2.168028080657904E+00  2.168028080657904E+00  6.504084241973713E+00 -6.972121496673090E+00 -2.158815464038396E-01 -1.266344059338986E-17  7.019828734236334E-01  7.019828734236333E-01 -1.190081468202636E+01  6.597076067093322E+17
  0.000000000000000E+00  1.278110709541128E+00 -1.126879645386749E+00  4.390353998202930E+00 -4.775327752271974E-01  2.282493579951016E+00  2.282493579951016E+00  6.847480739853047E+00 -7.325013515080244E+00 -2.092153859365710E-01 -6.340187110051536E-31  6.853412018269798E-01  6.853412018269798E-01 -6.020035153657543E-13  6.507344429484498E+17
  0.000000000000000E+00  1.277235388511407E+00 -1.127040547563060E+00  4.389689278370312E+00 -4.761110589536138E-01  2.266901678420624E+00  2.266901678420624E+00  6.800705035261874E+00 -7.276816094215488E+00 -2.100272206271097E-01 -3.622058443509698E-19  6.880133666598356E-01  6.880133666598356E-01 -3.434044660257231E-01  6.522999738442743E+17
  0.000000000000000E+00  1.276360297430474E+00 -1.127202700679827E+00  4.389025570882758E+00 -4.746828848339528E-01  2.250741577575894E+00  2.250741577575894E+00  6.752224732727685E+00 -7.226907617561637E+00 -2.109006602815763E-01 -1.367144508636771E-18  6.906330058464197E-01  6.906330058464197E-01 -1.294215392867039E+00  6.537917984103498E+17
  0.000000000000000E+00  1.275485438985621E+00 -1.127366104273751E+00  4.388362879142072E+00 -4.732483545059151E-01  2.233973950149605E+00  2.233973950149605E+00  6.701921850448816E+00 -7.175170204954731E+00 -2.118414829654672E-01 -1.689421611684088E-18  6.932002313818367E-01  6.932002313818367E-01 -1.596836110506906E+00  6.552107263377714E+17
  0.000000000000000E+00  1.282103988327330E+00 -1.126162240653829E+00  4.393397143907921E+00 -4.839275547137108E-01  2.347535203020702E+00  2.347535203020702E+00  7.042605609062107E+00 -7.526533163775818E+00 -2.061428318906633E-01 -1.291529079019089E-30  6.721361979730536E-01  6.721361979730536E-01 -1.234210467922144E-12  6.423065069799117E+17
  0.000000000000000E+00  1.281105225780244E+00 -1.126339115129304E+00  4.392634388675848E+00 -4.823424484613672E-01  2.332100991940976E+00  2.332100991940976E+00  6.996302975822930E+00 -7.478645424284297E+00 -2.068274273404944E-01  1.363242065849178E-18  6.755165834005114E-01  6.755165834005114E-01  1.300726314981306E+00  6.445386466914671E+17
  0.000000000000000E+00  1.280106754979924E+00 -1.126517637060557E+00  4.391872940745826E+00 -4.807482080276970E-01  2.316148980268034E+00  2.316148980268034E+00  6.948446940804102E+00 -7.429195148831798E+00 -2.075635946233747E-01  9.643782428703469E-19  6.788441391741925E-01  6.788441391741925E-01  9.186953190615034E-01  6.466870625113340E+17
  0.000000000000000E+00  1.279108581156757E+00 -1.126697811971676E+00  4.391112807975921E+00 -4.791449460654053E-01  2.299629674204003E+00  2.299629674204004E+00  6.898889022612012E+00 -7.378033968677418E+00 -2.083574374779526E-01  8.232714906229316E-20  6.821189755507234E-01  6.821189755507234E-01  7.830000243311981E-02  6.487521802180472E+17
  0.000000000000000E+00  1.286494115786287E+00 -1.125405277377391E+00  4.396762773628057E+00 -4.907746931245248E-01  2.410307532679914E+00  2.410307532679914E+00  7.230922598039742E+00 -7.721697291164267E+00 -2.036149688246853E-01 -2.613910564580999E-29  6.557788771072141E-01  6.557788771072141E-01 -2.513781420202842E-11  6.306584392637181E+17
  0.000000000000000E+00  1.285396058254411E+00 -1.125591452323114E+00  4.395918994741940E+00 -4.890810492642713E-01  2.395302558149010E+00  2.395302558149010E+00  7.185907674447032E+00 -7.674988723711303E+00 -2.041834120705873E-01 -1.904112313202892E-18  6.600369366943748E-01  6.600369366943748E-01 -1.828402353586446E+00  6.337930174276393E+17
  0.000000000000000E+00  1.284298348343695E+00 -1.125779677470672E+00  4.395076794185682E+00 -4.873751298617353E-01  2.379862310282535E+00  2.379862310282535E+00  7.139586930847607E+00 -7.626962060709342E+00 -2.047913140839961E-01 -1.381495001714171E-18  6.641822920105549E-01  6.641822920105549E-01 -1.324496456508685E+00  6.367790626475293E+17
  0.000000000000000E+00  1.283200990289536E+00 -1.125969943390699E+00  4.394236175936282E+00 -4.856572074878904E-01  2.363951591199946E+00  2.363951591199946E+00  7.091854773599840E+00 -7.577511981087730E+00 -2.054429580097153E-01 -1.666469336644785E-19  6.682152702769338E-01  6.682152702769338E-01 -1.595147317790965E-01  6.396168070126437E+17
  0.000000000000000E+00  1.291100169936257E+00 -1.124647543122801E+00  4.400316464530974E+00 -4.977329785740570E-01  2.468979013655471E+00  2.468979013655471E+00  7.406937040966415E+00 -7.904670019540473E+00 -2.015946574763037E-01 -3.536985521842132E-29  6.364641767942795E-01  6.364641767942795E-01 -3.421472401506418E-11  6.156781253418783E+17
  0.000000000000000E+00  1.289948090484609E+00 -1.124833514565879E+00  4.399425443121184E+00 -4.960154396621787E-01  2.454945462364627E+00  2.454945462364627E+00  7.364836387093884E+00 -7.860851826756062E+00 -2.020474374141134E-01 -1.205882221710118E-17  6.415372596571870E-01  6.415372596571870E-01 -1.164877468245849E+01  6.197224615809038E+17
  0.000000000000000E+00  1.288796386243485E+00 -1.125021810215930E+00  4.398536154235035E+00 -4.942829350900118E-01  2.440486767552613E+00  2.440486767552613E+00  7.321460302657840E+00 -7.815743237747852E+00 -2.025345687842808E-01 -3.719380921985012E-18  6.464470524776499E-01  6.464470524776499E-01 -3.587740662644153E+00  6.235673153861142E+17
  0.000000000000000E+00  1.287645060311255E+00 -1.125212405883065E+00  4.397648597797381E+00 -4.925358808974846E-01  2.425606325548139E+00  2.425606325548139E+00  7.276818976644417E+00 -7.769354857541902E+00 -2.030568092232284E-01  6.496323634096649E-18  6.511940827072896E-01  6.511940827072896E-01  6.257084408980139E+00  6.272126469719050E+17
  0.000000000000000E+00  1.295762499771324E+00 -1.123919118139646E+00  4.403936914881045E+00 -5.045218417084494E-01  2.520854275630397E+00  2.520854275630397E+00  7.562562826891193E+00 -8.067084668599643E+00 -2.001392331900193E-01 -6.910017232331500E-30  6.150314877678794E-01  6.150314877678794E-01 -6.719033909616438E-12  5.980328677704204E+17
  0.000000000000000E+00  1.294596359125227E+00 -1.124097626563957E+00  4.403029171312236E+00 -5.028489907422079E-01  2.508742476206212E+00  2.508742476206212E+00  7.526227428618639E+00 -8.029076419360846E+00 -2.004386641958682E-01  6.960906567472586E-18  6.207165548185857E-01  6.207165548185857E-01  6.760195016803726E+00  6.028187449520316E+17
  0.000000000000000E+00  1.293430590085022E+00 -1.124278562195323E+00  4.402123186045055E+00 -5.011595197349796E-01  2.496012369815716E+00  2.496012369815716E+00  7.488037109447150E+00 -7.989196629182130E+00 -2.007840689395224E-01 -1.841091439041282E-17  6.261831980506551E-01  6.261831980506550E-01 -1.785733478496144E+01  6.073551137759452E+17
  0.000000000000000E+00  1.292265193429202E+00 -1.124461882044639E+00  4.401218952645884E+00 -4.994539939308881E-01  2.482734400838829E+00  2.482734400838829E+00  7.448203202516487E+00 -7.947657196447374E+00 -2.011709322439565E-01 -3.461476465468574E-17  6.314321586089635E-01  6.314321586089635E-01 -3.352986103931819E+01  6.116416721339539E+17
  0.000000000000000E+00  1.300393589797468E+00 -1.123234741826468E+00  4.407556242095098E+00 -5.109910425413388E-01  2.560471794045634E+00  2.560471794045634E+00  7.681415382136903E+00 -8.192406424678241E+00 -1.995690964960622E-01 -3.115595940094728E-30  5.915603476721967E-01  5.915603476721967E-01 -3.043248681057429E-12  5.778237237542908E+17
  0.000000000000000E+00  1.299235287714213E+00 -1.123402226028907E+00  4.406648844465582E+00 -5.093996832773559E-01  2.552119644817534E+00  2.552119644817534E+00  7.656358934452603E+00 -8.165758617729960E+00 -1.995986686250267E-01  1.177891692392425E-20  5.976570256273062E-01  5.976570256273062E-01  1.149289452791372E-02  5.831443759867231E+17
  0.000000000000000E+00  1.298077335356667E+00 -1.123572128731958E+00  4.405743154863839E+00 -5.077907755195927E-01  2.542636517201023E+00  2.542636517201023E+00  7.627909551603070E+00 -8.135700327122663E+00 -1.997103290558327E-01 -4.336165721540892E-21  6.036007875505311E-01  6.036007875505311E-01 -4.226154246883032E-03  5.882870248838490E+17
  0.000000000000000E+00  1.296919737712986E+00 -1.123744432060559E+00  4.404839177098673E+00 -5.061647010644803E-01  2.532166648403008E+00  2.532166648403008E+00  7.596499945209024E+00 -8.102664646273503E+00 -1.998939135319981E-01 -1.831000702823835E-20  6.093921146668368E-01  6.093921146668368E-01 -1.782500508764800E-02  5.932503208522276E+17
  0.000000000000000E+00  1.304959325755287E+00 -1.122599121171218E+00  4.411146977814992E+00 -5.170793885017073E-01  2.579610009040600E+00  2.579610009040600E+00  7.738830027121798E+00 -8.255909415623506E+00 -2.004486673138696E-01 -4.934625106148977E-32  5.658980210703736E-01  5.658980210703736E-01 -4.839673636628672E-14  5.550090786394059E+17
  0.000000000000000E+00  1.303817393858677E+00 -1.122754422237689E+00  4.410246817974418E+00 -5.155846986859145E-01  2.577101059122120E+00  2.577101059122120E+00  7.731303177366361E+00 -8.246887876052275E+00 -2.000638263140315E-01  1.866231490543933E-18  5.724343094316913E-01  5.724343094316913E-01  1.828513339820376E+00  5.608649174929737E+17
  0.000000000000000E+00  1.302675788050151E+00 -1.122912121125272E+00  4.409348299704720E+00 -5.140716222288422E-01  2.573008873824779E+00  2.573008873824779E+00  7.719026621474340E+00 -8.233098243703182E+00 -1.997939561959902E-01  7.567338327228566E-18  5.788899874676988E-01  5.788899874676989E-01  7.406943407786330E+00  5.666200176459844E+17
  0.000000000000000E+00  1.301534517104738E+00 -1.123072225199641E+00  4.408451436570601E+00 -5.125403424181102E-01  2.567432702386608E+00  2.567432702386608E+00  7.702298107159825E+00 -8.214838449577934E+00 -1.996314613978657E-01  9.491468756522954E-18  5.852652645436188E-01  5.852652645436189E-01  9.280773485572709E+00  5.722733212886787E+17
  0.000000000000000E+00  1.309450177501982E+00 -1.122012767981062E+00  4.414700530063970E+00 -5.227647289808378E-01  2.573426182427276E+00  2.573426182427276E+00  7.720278547281831E+00 -8.243043276262668E+00 -2.031395858760409E-01  8.868720601497229E-31  5.379258359295953E-01  5.379258359295953E-01  8.730673653575444E-13  5.295526981124203E+17
  0.000000000000000E+00  1.308326995622198E+00 -1.122155734178215E+00  4.413809751663175E+00 -5.213723735454332E-01  2.577338244083389E+00  2.577338244083389E+00  7.732014732250168E+00 -8.253387105795600E+00 -2.022910166107652E-01 -1.883390924391746E-18  5.451038836849085E-01  5.451038836849085E-01 -1.852379716689355E+00  5.361284078357871E+17
  0.000000000000000E+00  1.307204121719940E+00 -1.122301119861922E+00  4.412920561156255E+00 -5.199605064461839E-01  2.579688195089029E+00  2.579688195089029E+00  7.739064585267088E+00 -8.259025091713273E+00 -2.015594394066835E-01 -1.451177392324366E-18  5.521583541849345E-01  5.521583541849345E-01 -1.425958532960621E+00  5.425628326764282E+17
  0.000000000000000E+00  1.306081562772029E+00 -1.122448917902738E+00  4.412032967058979E+00 -5.185294154944788E-01  2.580453096417124E+00  2.580453096417124E+00  7.741359289251372E+00 -8.259888704745851E+00 -2.009451038712698E-01 -2.920106584930929E-19  5.590896120541692E-01  5.590896120541692E-01 -2.866658255734335E-01  5.488562850277949E+17
  0.000000000000000E+00  1.313865454957440E+00 -1.121474929348960E+00  4.418215229086395E+00 -5.280385011412048E-01  2.544724263800416E+00  2.544724263800416E+00  7.634172791401248E+00 -8.162211292542453E+00 -2.075032287987879E-01 -1.121999774019907E-30  5.081390810223076E-01  5.081390810223076E-01 -1.108349789401486E-12  5.019571808111136E+17
  0.000000000000000E+00  1.312761202282549E+00 -1.121605799043587E+00  4.417334267070485E+00 -5.267500291092332E-01  2.553659359057827E+00  2.553659359057828E+00  7.660978077173484E+00 -8.187728106282718E+00 -2.062726288221846E-01  2.025515790159889E-20  5.157953098698679E-01  5.157953098698679E-01  1.999196582836579E-02  5.090931534301078E+17
  0.000000000000000E+00  1.311657234420273E+00 -1.121739071762932E+00  4.416454825914911E+00 -5.254413620207535E-01  2.561497280569019E+00  2.561497280569019E+00  7.684491841707057E+00 -8.209933203727811E+00 -2.051305562596694E-01  2.889334376453481E-20  5.233115625824544E-01  5.233115625824544E-01  2.849354849182856E-02  5.160705353556301E+17
  0.000000000000000E+00  1.310553557462717E+00 -1.121874732933316E+00  4.415576911611088E+00 -5.241128214524077E-01  2.568124173352623E+00  2.568124173352623E+00  7.704372520057872E+00 -8.228485341510279E+00 -2.040839095284832E-01  2.308728441086860E-20  5.306882632178551E-01  5.306882632178551E-01  2.274803036281042E-02  5.228901117181112E+17
  0.000000000000000E+00  1.318207375622363E+00 -1.120984208852097E+00  4.421691674329240E+00 -5.328999699444104E-01  2.501392745366925E+00  2.501392745366925E+00  7.504178236100776E+00 -8.037078206045186E+00 -2.130413030626425E-01 -1.363039144664653E-29  4.765903892940815E-01  4.765903892940815E-01 -1.350667638829071E-11  4.722646582206835E+17
  0.000000000000000E+00  1.317121496846992E+00 -1.121103326423181E+00  4.420820374513035E+00 -5.317154968367991E-01  2.513279368701306E+00  2.513279368701306E+00  7.539838106103920E+00 -8.071553602940719E+00 -2.115624325168251E-01 -6.107372853755143E-18  4.847424214611595E-01  4.847424214611595E-01 -6.047378231322126E+00  4.799806459401271E+17
  0.000000000000000E+00  1.316035880504356E+00 -1.121224836008706E+00  4.419950532097332E+00 -5.305101579488032E-01  2.524513012039587E+00  2.524513012039587E+00  7.573539036118762E+00 -8.104049194067565E+00 -2.101435625083972E-01 -4.330359884830469E-18  4.927175197407808E-01  4.927175197407808E-01 -4.284513081336406E+00  4.875009733320699E+17
  0.000000000000000E+00  1.314950531554492E+00 -1.121348712140142E+00  4.419082149514148E+00 -5.292843578578094E-01  2.535019401649909E+00  2.535019401649909E+00  7.605058204949728E+00 -8.134342562807538E+00 -2.087890757417187E-01 -3.834532997815618E-19  5.005162254142828E-01  5.005162254142828E-01 -3.790941344704216E-01  4.948262679442815E+17
  0.000000000000000E+00  1.322479184130653E+00 -1.120539394707118E+00  4.425131412192221E+00 -5.373481820913317E-01  2.448624425293378E+00  2.448624425293378E+00  7.345873275880136E+00 -7.883221457971468E+00 -2.194490002389607E-01 -7.769039246929121E-33  4.430967902859495E-01  4.430967902859495E-01 -7.720027754873926E-15  4.403014852132706E+17
  0.000000000000000E+00  1.321410866118282E+00 -1.120647045547865E+00  4.424269379385023E+00 -5.362680179885769E-01  2.462775904998721E+00  2.462775904998721E+00  7.388327714996163E+00 -7.924595732984740E+00 -2.177494171922457E-01 -3.665889838284429E-20  4.517143551546045E-01  4.517143551546045E-01 -3.640315397357084E-02  4.485630487592815E+17
  0.000000000000000E+00  1.320342788210514E+00 -1.120757078868770E+00  4.423408742624637E+00 -5.351663534035582E-01  2.476265376577161E+00  2.476265376577161E+00  7.428796129731484E+00 -7.963962483135042E+00 -2.161183362920885E-01 -1.552023201283659E-19  4.601688173244796E-01  4.601688173244796E-01 -1.540135109777067E-01  4.566440446250064E+17
  0.000000000000000E+00  1.319274956135743E+00 -1.120869473645094E+00  4.422549506206698E+00 -5.340435501256960E-01  2.489126452532096E+00  2.489126452532096E+00  7.467379357596291E+00 -8.001422907721986E+00 -2.145505904621411E-01 -1.962739483489478E-19  4.684606654163166E-01  4.684606654163166E-01 -1.946331910996667E-01  4.645445561249380E+17
  0.000000000000000E+00  1.326684614384401E+00 -1.120139442448167E+00  4.428536489993189E+00 -5.413818223332691E-01  2.385427353876471E+00  2.385427353876471E+00  7.156282061629415E+00 -7.697663883962685E+00 -2.269538082782061E-01 -8.797652837077350E-30  4.075340835158822E-01  4.075340835158822E-01 -8.764236864689153E-12  4.059861538653028E+17
  0.000000000000000E+00  1.325632922275011E+00 -1.120235869651883E+00  4.427683204256427E+00 -5.404063697133983E-01  2.402410307228096E+00  2.402410307228096E+00  7.207230921684288E+00 -7.747637291397687E+00 -2.249434112430694E-01  5.989241653991382E-18  4.166389035502986E-01  4.166389035502986E-01  5.962833915074839E+00  4.148018610626076E+17
  0.000000000000000E+00  1.324581448782677E+00 -1.120334680982255E+00  4.426831258348076E+00 -5.394087414623396E-01  2.418592550210278E+00  2.418592550210278E+00  7.255777650630835E+00 -7.795186392093174E+00 -2.230258839652186E-01  4.743586491000485E-18  4.256006802698641E-01  4.256006802698641E-01  4.719719793091793E+00  4.234593294406960E+17
  0.000000000000000E+00  1.323530200527768E+00 -1.120435861110320E+00  4.425980658832889E+00 -5.383892435862613E-01  2.433991462879784E+00  2.433991462879784E+00  7.301974388639353E+00 -7.840363632225614E+00 -2.211960279224909E-01  1.122283683423885E-18  4.344198350798275E-01  4.344198350798275E-01  1.115926442030646E+00  4.319590385821113E+17
  0.000000000000000E+00  1.330827712514686E+00 -1.119783350501643E+00  4.431909278839646E+00 -5.450003532182360E-01  2.311854162312467E+00  2.311854162312467E+00  6.935562486937401E+00 -7.480562840155637E+00 -2.357416666253252E-01 -2.499864053169712E-30  3.700929259996457E-01  3.700929259996457E-01 -2.496170402620870E-12  3.695460986881734E+17
  0.000000000000000E+00  1.329791635866460E+00 -1.119868809869755E+00  4.431064147151091E+00 -5.441295734573313E-01  2.330989185350611E+00  2.330989185350611E+00  6.992967556051834E+00 -7.537097129509165E+00 -2.334329034544564E-01 -9.628865425697557E-19  3.796614409602005E-01  3.796614409602005E-01 -9.609270368412877E-01  3.788888174624678E+17
  0.000000000000000E+00  1.328755756110549E+00 -1.119956655990979E+00  4.430220300778142E+00 -5.432360317428666E-01  2.349725406450327E+00  2.349725406450327E+00  7.049176219350981E+00 -7.592412251093847E+00 -2.311912831395563E-01 -1.951556089442587E-18  3.890908642361505E-01  3.890908642361505E-01 -1.946457550107158E+00  3.880743446049208E+17
  0.000000000000000E+00  1.327720080024135E+00 -1.120046872354167E+00  4.429377746245549E+00 -5.423200180448450E-01  2.367919303372113E+00  2.367919303372113E+00  7.103757910116340E+00 -7.646077928161184E+00 -2.290280827022003E-01 -1.965232511749747E-18  3.983816073999656E-01  3.983816073999656E-01 -1.958938365069059E+00  3.971056910608698E+17
  0.000000000000000E+00  1.334912698552848E+00 -1.119470091177858E+00  4.435252341608212E+00 -5.482050220617536E-01  2.237085756989449E+00  2.237085756989449E+00  6.711257270968348E+00 -7.259462293030102E+00 -2.450531993907550E-01 -7.225076652911867E-30  3.309556115068638E-01  3.309556115068638E-01 -7.229325580944046E-12  3.311502401098105E+17
  0.000000000000000E+00  1.333891183022051E+00 -1.119544842431087E+00  4.434414722030162E+00 -5.474384752620450E-01  2.255167827622577E+00  2.255167827622577E+00  6.765503482867731E+00 -7.312941958129776E+00 -2.427484414049844E-01 -6.949753759866909E-18  3.409956469938649E-01  3.409956469938649E-01 -6.950401937231912E+00  3.410274503738958E+17
  0.000000000000000E+00  1.332869842590565E+00 -1.119621985995559E+00  4.433578335529280E+00 -5.466486108124041E-01  2.273824463402101E+00  2.273824463402101E+00  6.821473390206304E+00 -7.368122001018708E+00 -2.404093278135055E-01 -6.634173451515593E-18  3.508648778081853E-01  3.508648778081853E-01 -6.631395866486565E+00  3.507179782676572E+17
  0.000000000000000E+00  1.331848683630680E+00 -1.119701496982127E+00  4.432743186401545E+00 -5.458357847765584E-01  2.292803847306054E+00  2.292803847306054E+00  6.878411541918164E+00 -7.424247326694722E+00 -2.380647543913937E-01 -2.998491984216990E-18  3.605638033126091E-01  3.605638033126091E-01 -2.995662460905570E+00  3.602235577184579E+17
  0.000000000000000E+00  1.338943923499826E+00 -1.119198878245956E+00  4.438568459683180E+00 -5.509959158727654E-01  2.176175563601811E+00  2.176175563601811E+00  6.528526690805434E+00 -7.079522606678199E+00 -2.531946066707992E-01 -3.667161532987952E-31  2.900308254607661E-01  2.900308254607661E-01 -3.675574933986983E-13  2.906962299199727E+17
  0.000000000000000E+00  1.337935881153195E+00 -1.119263107989995E+00  4.437737652097558E+00 -5.503335914653228E-01  2.189457865600999E+00  2.189457865600999E+00  6.568373596802997E+00 -7.118707188268321E+00 -2.513561005725305E-01  1.231897399095805E-19  3.004808462731881E-01  3.004808462731881E-01  1.234228653052234E-01  3.010494789874220E+17
  0.000000000000000E+00  1.336927991435541E+00 -1.119329732688299E+00  4.436908025564088E+00 -5.496474717776403E-01  2.204155404368199E+00  2.204155404368199E+00  6.612466213104600E+00 -7.162113684882240E+00 -2.493687471801434E-01  3.200221621910054E-19  3.107847001623982E-01  3.107847001623982E-01  3.204959015426070E-01  3.112447649945793E+17
  0.000000000000000E+00  1.335920261513285E+00 -1.119398733398408E+00  4.436079586593505E+00 -5.489378506847674E-01  2.220090571099115E+00  2.220090571099115E+00  6.660271713297346E+00 -7.209209563982114E+00 -2.472592144801556E-01  3.570203795745765E-19  3.209428125596489E-01  3.209428125596489E-01  3.573947775557303E-01  3.212793769351375E+17
  0.000000000000000E+00  1.342925842108689E+00 -1.118969057635224E+00  4.441860580443967E+00 -5.533728290216127E-01  2.139975046285045E+00  2.139975046285045E+00  6.419925138855137E+00 -6.973297967876750E+00 -2.585884494224626E-01  3.014252201384487E-32  2.473217179533926E-01  2.473217179533926E-01  3.025321601113251E-14  2.482299707387346E+17
  0.000000000000000E+00  1.341930159468215E+00 -1.119022919796655E+00  4.441035843873521E+00 -5.528147799065397E-01  2.146416166710755E+00  2.146416166710755E+00  6.439248500132267E+00 -6.992063280038807E+00 -2.575524674479566E-01 -1.204641034752206E-18  2.581833354682971E-01  2.581833354682971E-01 -1.208700382121612E+00  2.590533505295666E+17
  0.000000000000000E+00  1.340934606927058E+00 -1.119079186545194E+00  4.440212239303120E+00 -5.522324530501919E-01  2.154654547065861E+00  2.154654547065861E+00  6.463963641197584E+00 -7.016196094247776E+00 -2.562974439694772E-01 -3.136577533986794E-19  2.689218178172320E-01  2.689218178172320E-01 -3.146104277989273E-01  2.697386155170388E+17
  0.000000000000000E+00  1.339939192324501E+00 -1.119137843991431E+00  4.439389775131806E+00 -5.516260858923426E-01  2.164603306359751E+00  2.164603306359751E+00  6.493809919079252E+00 -7.045436004971594E+00 -2.548393436670950E-01  7.355940487760643E-19  2.795375266101796E-01  2.795375266101796E-01  7.375638617023601E-01  2.802860870889078E+17
  0.000000000000000E+00  1.346862973883997E+00 -1.118780111132400E+00  4.445131782217474E+00 -5.553352264616739E-01  2.133851397562186E+00  2.133851397562186E+00  6.401554192686560E+00 -6.956889419148234E+00 -2.602501875698164E-01  1.888518727600360E-30  2.028633724110168E-01  2.028633724110168E-01  1.897226987163702E-12  2.037988076158850E+17
  0.000000000000000E+00  1.345878521598888E+00 -1.118823725205489E+00  4.444312343345890E+00 -5.548815913726053E-01  2.132400119101705E+00  2.132400119101705E+00  6.397200357305113E+00 -6.952081948677718E+00 -2.602145753051049E-01 -8.679030538673449E-19  2.141636448502665E-01  2.141636448502665E-01 -8.716962917352702E-01  2.150996637338953E+17
  0.000000000000000E+00  1.344894176779521E+00 -1.118869764440007E+00  4.443493991108643E+00 -5.544031568443393E-01  2.132956448897211E+00  2.132956448897211E+00  6.398869346691633E+00 -6.953272503535972E+00 -2.599223988520623E-01 -1.318009677318698E-18  2.253398831393650E-01  2.253398831393650E-01 -1.323483035912229E+00  2.262756622971897E+17
  0.000000000000000E+00  1.343909947568565E+00 -1.118918213646428E+00  4.442676734001900E+00 -5.539001577647252E-01  2.135491165205919E+00  2.135491165205919E+00  6.406473495617758E+00 -6.960373653382484E+00 -2.593783419896818E-01 -1.109291002051081E-18  2.363924517770947E-01  2.363924517770947E-01 -1.113649870379443E+00  2.373213365956045E+17
  0.000000000000000E+00  1.350759862006388E+00 -1.118631591350401E+00  4.448385221335209E+00 -5.568829598039221E-01  2.156885252980957E+00  2.156885252980957E+00  6.470655758942871E+00 -7.027538718746793E+00 -2.581884961354682E-01  6.742563748818337E-32  1.569836827330016E-01  1.569836827330016E-01  6.777101433782129E-14  1.577878060873619E+17
  0.000000000000000E+00  1.349785505948095E+00 -1.118665084078562E+00  4.447570294248876E+00 -5.565335258550402E-01  2.149122246044187E+00  2.149122246044187E+00  6.447366738132564E+00 -7.003900263987604E+00 -2.589585245229449E-01 -3.911186918733129E-21  1.686421741092500E-01  1.686421741092500E-01 -3.930624598958686E-03  1.694802860995458E+17
  0.000000000000000E+00  1.348811233661692E+00 -1.118701013053744E+00  4.446756406468718E+00 -5.561589356240051E-01  2.142479885727642E+00  2.142479885727642E+00  6.427439657182926E+00 -6.983598592806931E+00 -2.595865376981679E-01 -1.216408264101465E-20  1.801747069295090E-01  1.801747069295090E-01 -1.222354458539292E-02  1.810554587887319E+17
  0.000000000000000E+00  1.347837053517039E+00 -1.118739361122754E+00  4.445943566362805E+00 -5.557594241473665E-01  2.137281745183060E+00  2.137281745183061E+00  6.411845235549183E+00 -6.967604659696550E+00 -2.600309600734296E-01 -1.434249591171178E-20  1.915816491672716E-01  1.915816491672716E-01 -1.441128382496295E-02  1.925004921597714E+17
  0.000000000000000E+00  1.354621043870778E+00 -1.118523200298114E+00  4.451624122039072E+00 -5.580154252731742E-01  2.188689469366109E+00  2.188689469366109E+00  6.566068408098329E+00 -7.124083833371503E+00 -2.549541326366354E-01  5.544821843195755E-31  1.095118957959800E-01  1.095118957959800E-01  5.576625705093429E-13  1.101400316150455E+17
  0.000000000000000E+00  1.353655649962637E+00 -1.118546622604768E+00  4.450812894048974E+00 -5.577704998254529E-01  2.181627537484636E+00  2.181627537484636E+00  6.544882612453909E+00 -7.102653112279362E+00 -2.556671522713491E-01  2.555295055862535E-20  1.215663970907579E-01  1.215663970907579E-01  2.569539595739779E-02  1.222440712353226E+17
  0.000000000000000E+00  1.352690315822531E+00 -1.118572507137898E+00  4.450002662132523E+00 -5.574999615404650E-01  2.173639838975205E+00  2.173639838975205E+00  6.520919516925618E+00 -7.078419478466083E+00 -2.564822154728754E-01  2.076969327500011E-20  1.334962855877666E-01  1.334962855877666E-01  2.088272295084397E-02  1.342227788337938E+17
  0.000000000000000E+00  1.351725050240451E+00 -1.118600836014207E+00  4.449193435014148E+00 -5.572040387545185E-01  2.165225901564938E+00  2.165225901564938E+00  6.495677704694816E+00 -7.052881743449334E+00 -2.573422192815049E-01  5.587404170961747E-21  1.453019248467729E-01  1.453019248467729E-01  5.617034636348784E-03  1.460724729444419E+17
  0.000000000000000E+00  1.358451052725410E+00 -1.118454895055319E+00  4.454851797381734E+00 -5.587303469387059E-01  2.199648663807703E+00  2.199648663807703E+00  6.598945991423109E+00 -7.157676338361815E+00 -2.540089042999782E-01 -1.111687358749908E-35  6.051769532694295E-02  6.051769532694295E-02 -1.118681376765753E-17  6.089843353365426E+16
  0.000000000000000E+00  1.357493489073678E+00 -1.118468252822441E+00  4.454043439181532E+00 -5.585904585515991E-01  2.199902341072328E+00  2.199902341072328E+00  6.599707023216985E+00 -7.158297481768584E+00 -2.539160253265232E-01 -3.659756495523528E-20  7.293655886078412E-02  7.293655886078412E-02 -3.682380759962068E-02  7.338744568806946E+16
  0.000000000000000E+00  1.356535960187565E+00 -1.118484100757042E+00  4.453236034178001E+00 -5.584245407094240E-01  2.198043037247190E+00  2.198043037247190E+00  6.594129111741571E+00 -7.152553652450996E+00 -2.540553261453834E-01 -1.566486211549647E-19  8.524165433986493E-02  8.524165433986493E-02 -1.575971901018516E-01  8.575782604754998E+16
  0.000000000000000E+00  1.355578475356717E+00 -1.118502422151480E+00  4.452429591960610E+00 -5.582327955655068E-01  2.194246748091909E+00  2.194246748091909E+00  6.582740244275730E+00 -7.140973039841237E+00 -2.544074845050764E-01 -1.984900038396959E-19  9.743331930324456E-02  9.743331930324456E-02 -1.996626763587077E-01  9.800895220048253E+16
  0.000000000000000E+00  1.362254405862352E+00 -1.118426755788279E+00  4.458071604717386E+00 -5.590251529958011E-01  2.179364918901125E+00  2.179364918901125E+00  6.538094756703376E+00 -7.097119909699177E+00 -2.565082828247375E-01 -1.312837573712361E-30  1.013391362448073E-02  1.013391362448073E-02 -1.321244367733859E-12  1.019880643847277E+16
  0.000000000000000E+00  1.361303544761356E+00 -1.118430027077429E+00  4.457265276974221E+00 -5.589908707157286E-01  2.186768395884446E+00  2.186768395884446E+00  6.560305187653340E+00 -7.119296058369069E+00 -2.556241766470393E-01  5.188593143518558E-20  2.288384360052962E-02  2.288384360052962E-02  5.221915641694380E-02  2.303080961145824E+16
  0.000000000000000E+00  1.360352692356000E+00 -1.118435817912933E+00  4.456459859592934E+00 -5.589301911705576E-01  2.192817430500961E+00  2.192817430500961E+00  6.578452291502884E+00 -7.137382482673442E+00 -2.548913481788891E-01  4.103653294979317E-20  3.553090819511685E-02  3.553090819511685E-02  4.129972063818121E-02  3.575878557466159E+16
  0.000000000000000E+00  1.359401858419585E+00 -1.118444112502871E+00  4.455655362959225E+00 -5.588432910237346E-01  2.197211145544201E+00  2.197211145544201E+00  6.591633436632604E+00 -7.150476727656338E+00 -2.543420973250713E-01  9.639457562215587E-21  4.807541973927537E-02  4.807541973927537E-02  9.700877348939155E-03  4.838174216540508E+16
  0.000000000000000E+00  1.366035596082839E+00 -1.118438977221337E+00  4.461286932841330E+00 -5.588970889938728E-01  2.146257923633088E+00  2.146257923633088E+00  6.438773770899266E+00 -6.997670859893138E+00 -2.604053701280213E-01  1.257589734483194E-32 -4.147473360454643E-02 -4.147473360454643E-02  1.265280295040728E-14 -4.172836477029738E+16
  0.000000000000000E+00  1.365090316006857E+00 -1.118432113608211E+00  4.460481789084346E+00 -5.589690034027627E-01  2.154044216275226E+00  2.154044216275227E+00  6.462132648825682E+00 -7.021101652228444E+00 -2.594974602560999E-01 -7.274638268246300E-20 -2.844355869503033E-02 -2.844355869503033E-02 -7.319290948885003E-02 -2.861814897647170E+16
  0.000000000000000E+00  1.364145017454127E+00 -1.118427798097624E+00  4.459677512237192E+00 -5.590142255073350E-01  2.162489800957225E+00  2.162489800957225E+00  6.487469402871676E+00 -7.046483628379011E+00 -2.585049072878344E-01 -2.691602667617645E-19 -1.549857724236252E-02 -1.549857724236252E-02 -2.708370062056226E-01 -1.559512594956436E+16
  0.000000000000000E+00  1.363199710660632E+00 -1.118426016790629E+00  4.458874113679070E+00 -5.590328953556583E-01  2.171096195794163E+00  2.171096195794163E+00  6.513288587382492E+00 -7.072321482738150E+00 -2.574887729243014E-01 -3.311738096306823E-19 -2.639513330787290E-03 -2.639513330787291E-03 -3.332720811911301E-01 -2.656236923035090E+15
  0.000000000000000E+00  1.369799083821458E+00 -1.118491855432671E+00  4.464501188776556E+00 -5.583434161819868E-01  2.130283067253751E+00  2.130283067253751E+00  6.390849201761252E+00 -6.949192617943239E+00 -2.620982275852072E-01 -4.633631878889445E-31 -9.415408437576164E-02 -9.415408437576164E-02 -4.661758243429267E-13 -9.472560411865078E+16
  0.000000000000000E+00  1.368858271373919E+00 -1.118474780660075E+00  4.463696377651539E+00 -5.585221421992829E-01  2.131494114973536E+00  2.131494114973536E+00  6.394482344920607E+00 -6.953004487119889E+00 -2.620331617505861E-01  6.486528517517971E-19 -8.086813327889399E-02 -8.086813327889399E-02  6.525958071133017E-01 -8.135970506313226E+16
  0.000000000000000E+00  1.367917412149120E+00 -1.118460284592368E+00  4.462892389848210E+00 -5.586739158919227E-01  2.134709241497301E+00  2.134709241497301E+00  6.404127724491904E+00 -6.962801640383827E+00 -2.617096066441651E-01  5.971961294866581E-19 -6.765976332904959E-02 -6.765976332904959E-02  6.008413012084919E-01 -6.807274567072186E+16
  0.000000000000000E+00  1.366976516825834E+00 -1.118448354391979E+00  4.462089237542392E+00 -5.587988579325661E-01  2.139704994994126E+00  2.139704994994126E+00  6.419114984982379E+00 -6.977913842914945E+00 -2.611569628709962E-01  2.468666911972604E-19 -5.452871738552027E-02 -5.452871738552027E-02  2.483783479740373E-01 -5.486261704920114E+16
  0.000000000000000E+00  1.373549307537773E+00 -1.118586003468316E+00  4.467717849044306E+00 -5.573591299776397E-01  2.145505312094503E+00  2.145505312094503E+00  6.436515936283509E+00 -6.993875066261149E+00 -2.597798881390463E-01  1.491148394430562E-31 -1.480749126505329E-01 -1.480749126505329E-01  1.500431195558004E-13 -1.489967189383793E+17
  0.000000000000000E+00  1.372611855569875E+00 -1.118558543580113E+00  4.466912498824650E+00 -5.576460376532130E-01  2.138950695860295E+00  2.138950695860295E+00  6.416852087580885E+00 -6.974498125234098E+00 -2.607100943151592E-01  5.132307161028773E-18 -1.345727648129442E-01 -1.345727648129442E-01  5.163678016147585E+00 -1.353953310731909E+17
  0.000000000000000E+00  1.371674326986429E+00 -1.118533699319271E+00  4.466107928538646E+00 -5.579057269373534E-01  2.134137371718708E+00  2.134137371718708E+00  6.402412115156126E+00 -6.960317842093480E+00 -2.614197822176971E-01  5.341083716037756E-18 -1.210853406659541E-01 -1.210853406659541E-01  5.373510638855419E+00 -1.218204770549112E+17
  0.000000000000000E+00  1.370736732749577E+00 -1.118511470124040E+00  4.465304153447594E+00 -5.581381892927236E-01  2.131202456554831E+00  2.131202456554831E+00  6.393607369664494E+00 -6.951745558957217E+00 -2.618888635268256E-01  2.877793210644743E-18 -1.076124955759811E-01 -1.076124955759811E-01  2.895256350095172E+00 -1.082655140103498E+17
  0.000000000000000E+00  1.377290734683794E+00 -1.118722067370162E+00  4.470940437230944E+00 -5.559397107210073E-01  2.184319193523279E+00  2.184319193523279E+00  6.552957580569839E+00 -7.108897291290846E+00 -2.545139521592920E-01 -4.172674335368540E-33 -2.030080529673745E-01 -2.030080529673745E-01 -4.197524263487644E-15 -2.042170463175332E+17
  0.000000000000000E+00  1.376355529213606E+00 -1.118684049546043E+00  4.470133667060605E+00 -5.563359190382440E-01  2.173192835087033E+00  2.173192835087033E+00  6.519578505261098E+00 -7.075914424299341E+00 -2.559993342771921E-01 -1.011761029407841E-19 -1.891731432347029E-01 -1.891731432347029E-01 -1.017929306756232E-01 -1.903264515559588E+17
  0.000000000000000E+00  1.375420214909101E+00 -1.118648709674465E+00  4.469327636824456E+00 -5.567044930126358E-01  2.162867904448328E+00  2.162867904448328E+00  6.488603713344984E+00 -7.045308206357620E+00 -2.573918138355433E-01 -4.021883337245968E-19 -1.754061398647175E-01 -1.754061398647175E-01 -4.046945721577906E-01 -1.764991840240943E+17
  0.000000000000000E+00  1.374484803705437E+00 -1.118616032675273E+00  4.468522359763410E+00 -5.570455306553717E-01  2.153565147989905E+00  2.153565147989905E+00  6.460695443969716E+00 -7.017740974625087E+00 -2.586620289501373E-01 -5.023804504836593E-19 -1.617068096749979E-01 -1.617068096749979E-01 -5.055433614125094E-01 -1.627248911610473E+17
  0.000000000000000E+00  1.381027774831955E+00 -1.118900940202800E+00  4.474172491869041E+00 -5.540794882823253E-01  2.233134088863941E+00  2.233134088863941E+00  6.699402266591822E+00 -7.253481754874148E+00 -2.481174287945250E-01  1.700851044751097E-29 -2.587112194308707E-01 -2.587112194308707E-01  1.709493901441987E-11 -2.600258577707576E+17
  0.000000000000000E+00  1.380093716007832E+00 -1.118852144884412E+00  4.473363420354453E+00 -5.545862652161462E-01  2.220508281603224E+00  2.220508281603224E+00  6.661524844809675E+00 -7.216111110025821E+00 -2.497564498231596E-01 -1.205370628237582E-18 -2.446263293438425E-01 -2.446263293438425E-01 -1.211773413602227E+00 -2.459257553001724E+17
  0.000000000000000E+00  1.379159514326925E+00 -1.118806085179886E+00  4.472555046008731E+00 -5.550651118684155E-01  2.208098745189972E+00  2.208098745189972E+00  6.624296235569918E+00 -7.179361347438333E+00 -2.513769427556378E-01 -1.005242550989103E-18 -2.306476944057901E-01 -2.306476944057901E-01 -1.010832638983447E+00 -2.319303111296366E+17
  0.000000000000000E+00  1.378225182861492E+00 -1.118762734778657E+00  4.471747380959635E+00 -5.555162023373104E-01  2.196003156778539E+00  2.196003156778539E+00  6.588009470335617E+00 -7.143525672672927E+00 -2.529669416105182E-01 -3.018845154381960E-19 -2.167750334913097E-01 -2.167750334913097E-01 -3.036320470480172E-01 -2.180298882581938E+17
  0.000000000000000E+00  1.388411540737684E+00 -1.119384209715419E+00  4.480596576027654E+00 -5.490872817121324E-01  2.337630092019993E+00  2.337630092019993E+00  7.012890276059981E+00 -7.561977557772113E+00 -2.348905772502504E-01  9.424755796363376E-30 -3.702500117606546E-01 -3.702500117606546E-01  9.456980633161983E-12 -3.715159592781779E+17
  0.000000000000000E+00  1.386566716438990E+00 -1.119247073792167E+00  4.478986865535393E+00 -5.504989639629040E-01  2.310429658964731E+00  2.310429658964731E+00  6.931288976894194E+00 -7.481787940857099E+00 -2.382669222700224E-01 -1.773894742638525E-18 -3.422170028991190E-01 -3.422170028991190E-01 -1.780442263615841E+00 -3.434801404187350E+17
  0.000000000000000E+00  1.384721079577552E+00 -1.119120873714080E+00  4.477379533642488E+00 -5.518015062223671E-01  2.284090842491133E+00  2.284090842491133E+00  6.852272527473399E+00 -7.404074033695767E+00 -2.415847460867832E-01 -1.299179932246689E-18 -3.142836412636003E-01 -3.142836412636003E-01 -1.304537943949981E+00 -3.155797938489713E+17
  0.000000000000000E+00  1.382874731819747E+00 -1.119005524258508E+00  4.475774702139099E+00 -5.529949878692612E-01  2.258397649992952E+00  2.258397649992952E+00  6.775192949978857E+00 -7.328187937848118E+00 -2.448616557278949E-01 -1.727586961247854E-19 -2.864487917856944E-01 -2.864487917856944E-01 -1.735569010358309E-01 -2.877722842494326E+17
  0.000000000000000E+00  1.395809467175370E+00 -1.120046971260533E+00  4.487082109717325E+00 -5.423192054172222E-01  2.462498764090630E+00  2.462498764090630E+00  7.387496292271891E+00 -7.929815497689113E+00 -2.202312599403451E-01  3.932182952739999E-31 -4.832599316809826E-01 -4.832599316809826E-01  3.940334851119391E-13 -4.842617888939463E+17
  0.000000000000000E+00  1.393961559662862E+00 -1.119864302422988E+00  4.485457609104327E+00 -5.441756216322293E-01  2.428491357433979E+00  2.428491357433979E+00  7.285474072301938E+00 -7.829649693934168E+00 -2.240797028024932E-01 -6.457591530328988E-19 -4.550740111176735E-01 -4.550740111176735E-01 -6.474154848283363E-01 -4.562412474632234E+17
  0.000000000000000E+00  1.392112529600461E+00 -1.119692992333785E+00  4.483835094772046E+00 -5.459227722970392E-01  2.396447837579501E+00  2.396447837579501E+00  7.189343512738505E+00 -7.735266285035545E+00 -2.278049885902966E-01 -4.527064501112461E-18 -4.268441647005083E-01 -4.268441647005083E-01 -4.540389084487931E+00 -4.281005021482047E+17
  0.000000000000000E+00  1.390262486716093E+00 -1.119532981321679E+00  4.482214704686250E+00 -5.475601585956681E-01  2.366212612962928E+00  2.366212612962928E+00  7.098637838888785E+00 -7.646197997484453E+00 -2.314078437397995E-01 -6.152217358332623E-18 -3.985697457276698E-01 -3.985697457276698E-01 -6.172046633735970E+00 -3.998543799977468E+17
  0.000000000000000E+00  1.403235835691841E+00 -1.120898334502205E+00  4.493639818297148E+00 -5.337557285569411E-01  2.616412249789974E+00  2.616412249789974E+00  7.849236749369924E+00 -8.382992477926864E+00 -2.040029160541451E-01 -6.748149093290757E-31 -5.952417098915258E-01 -5.952417098915258E-01 -6.745471945311722E-13 -5.950055636359165E+17
  0.000000000000000E+00  1.401381310558952E+00 -1.120667957514218E+00  4.491997918820529E+00 -5.360585419156120E-01  2.576132645410643E+00  2.576132645410643E+00  7.728397936231930E+00 -8.264456478147542E+00 -2.080865451049639E-01  1.784007127821888E-18 -5.674723993734023E-01 -5.674723993734023E-01  1.784430177737329E+00 -5.676069667452620E+17
  0.000000000000000E+00  1.399525328785716E+00 -1.120449308762278E+00  4.490357567960544E+00 -5.382540099343776E-01  2.536783318373562E+00  2.536783318373562E+00  7.610349955120686E+00 -8.148603965055063E+00 -2.121797340891829E-01  9.643947217584186E-19 -5.395524678076539E-01 -5.395524678076539E-01  9.652365631492913E-01 -5.400234550390232E+17
  0.000000000000000E+00  1.397668008336426E+00 -1.120242332069884E+00  4.488718915305642E+00 -5.403412064794951E-01  2.498770085619851E+00  2.498770085619851E+00  7.496310256859552E+00 -8.036651463339046E+00 -2.162428666763300E-01 -3.402173731008076E-19 -5.114817405522853E-01 -5.114817405522853E-01 -3.407247556911835E-01 -5.122445379605601E+17
  0.000000000000000E+00  1.410704805549988E+00 -1.121948545751227E+00  4.500280333444889E+00 -5.233916787341910E-01  2.776193695222695E+00  2.776193695222695E+00  8.328581085668086E+00 -8.851972764402277E+00 -1.885285164485638E-01 -7.278259729061358E-30 -7.048537052269541E-01 -7.048537052269541E-01 -7.257135055881910E-12 -7.028079134145530E+17
  0.000000000000000E+00  1.408840175108683E+00 -1.121667845722777E+00  4.498618436176929E+00 -5.261404756403952E-01  2.737827616633325E+00  2.737827616633325E+00  8.213482849899977E+00 -8.739623325540371E+00 -1.921744351046411E-01  3.350525543503218E-18 -6.779284203681075E-01 -6.779284203681075E-01  3.342868659190856E+00 -6.763791650589260E+17
  0.000000000000000E+00  1.406973721830451E+00 -1.121399255393828E+00  4.496957608227259E+00 -5.287851496497177E-01  2.698050265244120E+00  2.698050265244120E+00  8.094150795732359E+00 -8.622935945382077E+00 -1.959878792702452E-01  1.218593893810846E-18 -6.506844726110708E-01 -6.506844726110708E-01  1.216571373864305E+00 -6.496045210936340E+17
  0.000000000000000E+00  1.405105567947450E+00 -1.121142757431322E+00  4.495298014212249E+00 -5.313241006569646E-01  2.657399267486022E+00  2.657399267486021E+00  7.972197802458065E+00 -8.503521903115029E+00 -1.999413889955697E-01 -1.529089690024400E-18 -6.231221654489117E-01 -6.231221654489117E-01 -1.527516126622574E+00 -6.224809197189760E+17
  0.000000000000000E+00  1.418230885285898E+00 -1.123208692066754E+00  4.507014481359727E+00 -5.112394505036512E-01  2.910191288398567E+00  2.910191288398567E+00  8.730573865195701E+00 -9.241813315699353E+00 -1.756721121878480E-01 -1.524472578717165E-31 -8.097527012443829E-01 -8.097527012443829E-01 -1.516767069513036E-13 -8.056597729886592E+17
  0.000000000000000E+00  1.416352561785931E+00 -1.122874948376929E+00  4.505329950618501E+00 -5.144281232841305E-01  2.880160825852749E+00  2.880160825852749E+00  8.640482477558249E+00 -9.154910600842380E+00 -1.786109020949620E-01 -5.949340888055210E-19 -7.841693612663996E-01 -7.841693612663996E-01 -5.922386024964409E-01 -7.806165008452772E+17
  0.000000000000000E+00  1.414472020843290E+00 -1.122553685428767E+00  4.503645965478615E+00 -5.175177484485325E-01  2.847749707352162E+00  2.847749707352162E+00  8.543249122056487E+00 -9.060766870505020E+00 -1.817286635522897E-01 -2.863073158213821E-18 -7.581578854754324E-01 -7.581578854754324E-01 -2.851568987369034E+00 -7.551115162910441E+17
  0.000000000000000E+00  1.412589392187976E+00 -1.122244889220716E+00  4.501962701391082E+00 -5.205062816981288E-01  2.813059981080809E+00  2.813059981080809E+00  8.439179943242427E+00 -8.959686224940556E+00 -1.850320594650614E-01 -3.703861007495245E-18 -7.317190958328462E-01 -7.317190958328462E-01 -3.690950486652397E+00 -7.291685480075517E+17
  0.000000000000000E+00  1.425828413389272E+00 -1.124690919636129E+00  4.513852813255182E+00 -4.973320124449696E-01  3.008964822086201E+00  3.008964822086201E+00  9.026894466258604E+00 -9.524226478703573E+00 -1.652834253144093E-01  1.618190020199108E-30 -9.078804023417504E-01 -9.078804023417504E-01  1.606231640006752E-12 -9.011711908864380E+17
  0.000000000000000E+00  1.423932848907861E+00 -1.124301140703493E+00  4.512143081265938E+00 -5.009494332581406E-01  2.987471259208567E+00  2.987471259208567E+00  8.962413777625702E+00 -9.463363210883843E+00 -1.676834318368809E-01  8.228120712725925E-19 -8.842101524843572E-01 -8.842101524843572E-01  8.172390478296059E-01 -8.782212710855942E+17
  0.000000000000000E+00  1.422034652247344E+00 -1.123924162623920E+00  4.510433324611263E+00 -5.044749117289145E-01  2.963931561292545E+00  2.963931561292545E+00  8.891794683877638E+00 -9.396269595606553E+00 -1.702046424813254E-01  6.189852136526928E-19 -8.599646427588119E-01 -8.599646427588119E-01  6.151593673544967E-01 -8.546493420496671E+17
  0.000000000000000E+00  1.420133954131948E+00 -1.123560006158108E+00  4.508723729320570E+00 -5.079058000723864E-01  2.938215110351443E+00  2.938215110351443E+00  8.814645331054331E+00 -9.322551131126717E+00 -1.728620203071637E-01  1.047179844334251E-19 -8.351451114682181E-01 -8.351451114682181E-01  1.041305960833988E-01 -8.304605817600506E+17
  0.000000000000000E+00  1.433512036249025E+00 -1.126408240168063E+00  4.520805915928547E+00 -4.817245511737637E-01  3.079019465975097E+00  3.079019465975097E+00  9.237058397925294E+00 -9.718782949099058E+00 -1.564538829640708E-01 -8.317294963041582E-30 -9.972618042658177E-01 -9.972618042658177E-01 -8.234095781922943E-12 -9.872860410105165E+17
  0.000000000000000E+00  1.431595607486702E+00 -1.125959195797808E+00  4.519068406029321E+00 -4.857541128547846E-01  3.063722796172271E+00  3.063722796172271E+00  9.191168388516813E+00 -9.676922501371598E+00 -1.585502818537213E-01  5.371881566901008E-19 -9.759808809697000E-01 -9.759808809697000E-01  5.321738222968408E-01 -9.668706754715663E+17
  0.000000000000000E+00  1.429676106453402E+00 -1.125523262894268E+00  4.517330255968369E+00 -4.897006881508790E-01  3.047079916468748E+00  3.047079916468748E+00  9.141239749406246E+00 -9.630940437557125E+00 -1.607114685453973E-01 -5.146102463758421E-20 -9.539892292431695E-01 -9.539892292431695E-01 -5.101440562212781E-02 -9.457097646712687E+17
  0.000000000000000E+00  1.427753664602974E+00 -1.125100488494643E+00  4.515591660167482E+00 -4.935610602762173E-01  3.028893150546176E+00  3.028893150546176E+00  9.086679451638529E+00 -9.580240511914747E+00 -1.629509645090046E-01 -6.159301604285979E-19 -9.312885381972463E-01 -9.312885381972463E-01 -6.109829817306826E-01 -9.238083868525286E+17
  0.000000000000000E+00  1.441296309050363E+00 -1.128374562629823E+00  4.527884004007435E+00 -4.644978044354740E-01  3.131251919206891E+00  3.131251919206891E+00  9.393755757620674E+00 -9.858253562056149E+00 -1.483425212728095E-01 -6.083307068856267E-32 -1.075839590633581E+00 -1.075839590633581E+00 -6.004071827221944E-14 -1.061826750420396E+18
  0.000000000000000E+00  1.439355402206040E+00 -1.127862840913120E+00  4.526116230994599E+00 -4.689162367232366E-01  3.119437911847493E+00  3.119437911847493E+00  9.358313735542481E+00 -9.827229972265718E+00 -1.503207468699129E-01  2.311739518894116E-20 -1.057404524390165E+00 -1.057404524390165E+00  2.283500055776409E-02 -1.044487612331968E+18
  0.000000000000000E+00  1.437410967222878E+00 -1.127364500415424E+00  4.524347158306631E+00 -4.732625994931060E-01  3.106882105643854E+00  3.106882105643854E+00  9.320646316931564E+00 -9.793908916424670E+00 -1.523271831375234E-01  8.346800077247021E-20 -1.038161853220009E+00 -1.038161853220009E+00  8.251275955198295E-02 -1.026280713303450E+18
  0.000000000000000E+00  1.435463134953123E+00 -1.126879610409488E+00  4.522576986330787E+00 -4.775332514187318E-01  3.093453092913786E+00  3.093453092913786E+00  9.280359278741358E+00 -9.757892530160090E+00 -1.543689970643562E-01  1.021933259597074E-19 -1.018113628241211E+00 -1.018113628241211E+00  1.010990429956619E-01 -1.007211699094818E+18
  0.000000000000000E+00  1.449195824480821E+00 -1.130604688678392E+00  4.535096958050231E+00 -4.457583628630841E-01  3.173713392792840E+00  3.173713392792840E+00  9.521140178378520E+00 -9.966898541241603E+00 -1.404532507173940E-01 -5.715001340696079E-30 -1.141795688125302E+00 -1.141795688125302E+00 -5.618915152424598E-12 -1.122598703047533E+18
  0.000000000000000E+00  1.447226804337857E+00 -1.130026672752516E+00  4.533296514798188E+00 -4.505358934157662E-01  3.164011670092917E+00  3.164011670092917E+00  9.492035010278752E+00 -9.942570903694518E+00 -1.423938785290685E-01  5.981050062623125E-20 -1.126719154533293E+00 -1.126719154533293E+00  5.886598920766155E-02 -1.108926307193187E+18
  0.000000000000000E+00  1.445253798441360E+00 -1.129462232985315E+00  4.531494073753983E+00 -4.552544730990088E-01  3.153670901948918E+00  3.153670901948918E+00  9.461012705846755E+00 -9.916267178945764E+00 -1.443570008581646E-01  4.894212531691493E-20 -1.110699472311405E+00 -1.110699472311405E+00  4.821680289881512E-02 -1.094238903387958E+18
  0.000000000000000E+00  1.443276926706979E+00 -1.128911489552509E+00  4.529689836109772E+00 -4.599098580573865E-01  3.142736010830392E+00  3.142736010830392E+00  9.428208032491177E+00 -9.888117890548564E+00 -1.463405950969029E-01  1.354042082502215E-20 -1.093738896101558E+00 -1.093738896101558E+00  1.335223913616197E-02 -1.078538361694230E+18
  0.000000000000000E+00  1.457225037799204E+00 -1.133113926740418E+00  4.542454039476101E+00 -4.256427413827366E-01  3.198432948264375E+00  3.198432948264375E+00  9.595298844793124E+00 -1.002094158617586E+01 -1.330785257242022E-01 -2.109180962943665E-28 -1.193844132021455E+00 -1.193844132021455E+00 -2.064046339219358E-10 -1.168296914105616E+18
  0.000000000000000E+00  1.455224319342495E+00 -1.132465796848353E+00  4.540618677224682E+00 -4.307429902006724E-01  3.195433666875754E+00  3.195433666875754E+00  9.586301000627264E+00 -1.001704399082794E+01 -1.347995405649648E-01 -2.531397548689552E-19 -1.182287084431415E+00 -1.182287084431415E+00 -2.480241213935661E-01 -1.158394561545121E+18
  0.000000000000000E+00  1.453219132019977E+00 -1.131831460603042E+00  4.538780573974089E+00 -4.357986169987069E-01  3.190040381949375E+00  3.190040381949375E+00  9.570121145848125E+00 -1.000591976284683E+01 -1.366122571565688E-01 -1.889522320906717E-19 -1.169758323286191E+00 -1.169758323286191E+00 -1.853541622229908E-01 -1.147483528599113E+18
  0.000000000000000E+00  1.451209594257477E+00 -1.131211047910913E+00  4.536939932823597E+00 -4.408052113588432E-01  3.182663491312612E+00  3.182663491312612E+00  9.547990473937837E+00 -9.988795685296679E+00 -1.385019850707006E-01 -2.998408856147800E-20 -1.156260381035682E+00 -1.156260381035682E+00 -2.944714482790550E-02 -1.135554506828357E+18
  0.000000000000000E+00  1.465398109990424E+00 -1.135918487261241E+00  4.549963744734494E+00 -4.043134050551998E-01  3.186209854608005E+00  3.186209854608005E+00  9.558629563824015E+00 -9.962942968879215E+00 -1.268947820465962E-01  2.413750916421603E-29 -1.230488364544545E+00 -1.230488364544545E+00  2.349813240574241E-11 -1.197894046029346E+18
  0.000000000000000E+00  1.463362122839165E+00 -1.135196359249888E+00  4.548091381147361E+00 -4.096925463001584E-01  3.192275572491214E+00  3.192275572491214E+00  9.576826717473642E+00 -9.986519263773801E+00 -1.283387154387925E-01 -3.402732622774038E-18 -1.222899704789099E+00 -1.222899704789099E+00 -3.317058348581603E+00 -1.192109438190798E+18
  0.000000000000000E+00  1.461321215532287E+00 -1.134488101318781E+00  4.546215512153193E+00 -4.150436845287739E-01  3.196585752292703E+00  3.196585752292703E+00  9.589757256878110E+00 -1.000480094140688E+01 -1.298396841789994E-01 -6.955008039622050E-18 -1.214261120180053E+00 -1.214261120180053E+00 -6.788807687143483E+00 -1.185244528822394E+18
  0.000000000000000E+00  1.459275487406672E+00 -1.133793896228698E+00  4.544336332708149E+00 -4.203620171024865E-01  3.198763756665936E+00  3.198763756665936E+00  9.596291269997810E+00 -1.001665328710030E+01 -1.314138989559606E-01 -7.035001383272144E-18 -1.204575127506109E+00 -1.204575127506109E+00 -6.875738212567128E+00 -1.177305132276940E+18
  0.000000000000000E+00  1.473728644769750E+00 -1.139034643483297E+00  4.557633382811617E+00 -3.819637537399308E-01  3.148698654840385E+00  3.148698654840385E+00  9.446095964521158E+00 -9.828059718261089E+00 -1.213084501283573E-01  1.451478813524829E-32 -1.251553622377998E+00 -1.251553622377998E+00  1.404541618735112E-14 -1.211081508272058E+18
  0.000000000000000E+00  1.471654030838816E+00 -1.138234381240107E+00  4.555722262072477E+00 -3.875725021755965E-01  3.159922483177367E+00  3.159922483177367E+00  9.479767449532103E+00 -9.867339951707699E+00 -1.226525347501197E-01 -1.273476982842221E-21 -1.247789101252680E+00 -1.247789101252680E+00 -1.234255219687200E-03 -1.209358498064611E+18
  0.000000000000000E+00  1.469574004783583E+00 -1.137448147779375E+00  4.553806819086105E+00 -3.931701291109158E-01  3.169881805613707E+00  3.169881805613707E+00  9.509645416841122E+00 -9.902815545952038E+00 -1.240330565053342E-01 -5.807953211332857E-21 -1.243021618586472E+00 -1.243021618586472E+00 -5.637702718825733E-03 -1.206584506395483E+18
  0.000000000000000E+00  1.467488665026603E+00 -1.136676123115091E+00  4.551887247972937E+00 -3.987519811895599E-01  3.178627352605291E+00  3.178627352605291E+00  9.535882057815876E+00 -9.934634039005436E+00 -1.254478543584958E-01 -7.447323406515795E-21 -1.237253853827342E+00 -1.237253853827342E+00 -7.239709487265588E-03 -1.202762116638142E+18
  0.000000000000000E+00  1.482229473008082E+00 -1.142479403798867E+00  4.565468923559470E+00 -3.588093826697252E-01  3.083685729957188E+00  3.083685729957188E+00  9.251057189871563E+00 -9.609866572541289E+00 -1.163573120256670E-01 -3.107170170317761E-30 -1.256171065821620E+00 -1.256171065821620E+00 -2.985106434519497E-12 -1.206822969421675E+18
  0.000000000000000E+00  1.480112938369571E+00 -1.141597010291176E+00  4.563517558608447E+00 -3.645910912178422E-01  3.103499398527561E+00  3.103499398527561E+00  9.310498195582683E+00 -9.675089286800526E+00 -1.174774164257356E-01  4.448325032117810E-19 -1.256545746772265E+00 -1.256545746772265E+00  4.281705754801596E-01 -1.209479774135306E+18
  0.000000000000000E+00  1.477990575352621E+00 -1.140728594653390E+00  4.561561062431400E+00 -3.703805862552320E-01  3.120693411650032E+00  3.120693411650032E+00  9.362080234950099E+00 -9.732460821205331E+00 -1.186853488627059E-01  4.058837941914290E-19 -1.255899481736055E+00 -1.255899481736055E+00  3.913980471366058E-01 -1.211077189052618E+18
  0.000000000000000E+00  1.475862454103819E+00 -1.139874393509451E+00  4.559599611016875E+00 -3.761730722674199E-01  3.135636815146882E+00  3.135636815146882E+00  9.406910445440648E+00 -9.783083517708068E+00 -1.199670416070806E-01  1.635965534635913E-19 -1.254234684435117E+00 -1.254234684435117E+00  1.580370569806605E-01 -1.211612066970020E+18
  0.000000000000000E+00  1.490911854939010E+00 -1.146269095386242E+00  4.573474063310587E+00 -3.350940155222074E-01  2.960935786052158E+00  2.960935786052158E+00  8.882807358156475E+00 -9.217901373678682E+00 -1.131716591425953E-01 -8.584035516479125E-30 -1.245340455680812E+00 -1.245340455680812E+00 -8.177662148366348E-12 -1.186385294736920E+18
  0.000000000000000E+00  1.488750646900581E+00 -1.145300351338465E+00  4.571481610947015E+00 -3.409884325951781E-01  2.999140602730446E+00  2.999140602730447E+00  8.997421808191342E+00 -9.338410240786521E+00 -1.136953806983037E-01 -1.725779903857419E-18 -1.249442433814416E+00 -1.249442433814416E+00 -1.647659832809762E+00 -1.192884508043365E+18
  0.000000000000000E+00  1.486583140241538E+00 -1.144345656945354E+00  4.569483158125895E+00 -3.469087590508343E-01  3.031907297992916E+00  3.031907297992916E+00  9.095721893978752E+00 -9.442630653029585E+00 -1.144193159469234E-01 -1.722756502075661E-18 -1.252613390427221E+00 -1.252613390427221E+00 -1.648285905090092E+00 -1.198465943086379E+18
  0.000000000000000E+00  1.484409395448498E+00 -1.143405258875843E+00  4.567478872276610E+00 -3.528505555290565E-01  3.059875723261264E+00  3.059875723261264E+00  9.179627169783794E+00 -9.532477725312850E+00 -1.153153223991015E-01 -8.571192028146580E-19 -1.254855571252952E+00 -1.254855571252952E+00 -8.217792152243395E-01 -1.203116466388549E+18
  0.000000000000000E+00  1.499784038116522E+00 -1.150419350034005E+00  4.581648964713411E+00 -3.110801771445272E-01  2.739312570079679E+00  2.739312570079679E+00  8.217937710239040E+00 -8.529017887383567E+00 -1.135614024271347E-01  5.126737053706752E-29 -1.219118133416791E+00 -1.219118133416791E+00  4.837968295773686E-11 -1.150450045806191E+18
  0.000000000000000E+00  1.497575966877744E+00 -1.149360633623134E+00  4.579615351102580E+00 -3.170203523810126E-01  2.804153829864749E+00  2.804153829864749E+00  8.412461489594246E+00 -8.729481841975259E+00 -1.130538378475133E-01 -4.201425205444040E-18 -1.226962381761973E+00 -1.226962381761973E+00 -3.974543220096292E+00 -1.160704945889867E+18
  0.000000000000000E+00  1.495361222766478E+00 -1.148315831855400E+00  4.577574898480940E+00 -3.230054864519663E-01  2.862802108298329E+00  2.862802108298329E+00  8.588406324894990E+00 -8.911411811346957E+00 -1.128284366969267E-01 -2.793211057154133E-18 -1.233946288443464E+00 -1.233946288443464E+00 -2.648704865092363E+00 -1.170108334309990E+18
  0.000000000000000E+00  1.493139840535856E+00 -1.147285225515029E+00  4.575527752837497E+00 -3.290314254636205E-01  2.915111421615705E+00  2.915111421615705E+00  8.745334264847113E+00 -9.074365690310733E+00 -1.128709602740517E-01  1.781876914407344E-20 -1.240071742950477E+00 -1.240071742950477E+00  1.693642558692757E-02 -1.178666305574634E+18
  0.000000000000000E+00  1.508842275292425E+00 -1.154939513734075E+00  4.589981914718438E+00 -2.870707276819175E-01  2.412304194034856E+00  2.412304194034856E+00  7.236912582104569E+00 -7.523983309786487E+00 -1.190027063716863E-01  5.058985480434265E-30 -1.179528159481701E+00 -1.179528159481701E+00  4.721481231373501E-12 -1.100837329620350E+18
  0.000000000000000E+00  1.506588339330573E+00 -1.153788344124866E+00  4.587910133310687E+00 -2.929835548486877E-01  2.502633304102490E+00  2.502633304102490E+00  7.507899912307471E+00 -7.800883467156158E+00 -1.170701094596674E-01  5.587845191345861E-19 -1.190503450187887E+00 -1.190503450187887E+00  5.230227092619953E-01 -1.114312080204660E+18
  0.000000000000000E+00  1.504327301981537E+00 -1.152651076541242E+00  4.585830622912656E+00 -2.989584079737198E-01  2.587294432765025E+00  2.587294432765025E+00  7.761883298295077E+00 -8.060841706268796E+00 -1.155486612531473E-01  1.574204343103622E-18 -1.200759166262662E+00 -1.200759166262662E+00  1.477608316493593E+00 -1.127078411356430E+18
  0.000000000000000E+00  1.502059191993969E+00 -1.151527986629017E+00  4.583743520091256E+00 -3.049917833185031E-01  2.666212536073682E+00  2.666212536073682E+00  7.998637608221047E+00 -8.303629391539550E+00 -1.143913994822184E-01  1.804426939548394E-18 -1.210296915995554E+00 -1.210296915995554E+00  1.698320515274443E+00 -1.139127352267904E+18
  0.000000000000000E+00  1.518036099114508E+00 -1.159812731476226E+00  4.598417756783571E+00 -2.634769467319830E-01  1.972300872739901E+00  1.972300872739901E+00  5.916902618219702E+00 -6.180379564951686E+00 -1.335886174232451E-01 -4.994095580320986E-29 -1.127919323976522E+00 -1.127919323976522E+00 -4.602452567878329E-11 -1.039466527122751E+18
  0.000000000000000E+00  1.515748632921858E+00 -1.158573838165463E+00  4.596321374981373E+00 -2.692617121282219E-01  2.094570370136077E+00  2.094570370136077E+00  6.283711110408234E+00 -6.552972822536455E+00 -1.285522396226434E-01  7.155463714421246E-18 -1.141673962174388E+00 -1.141673962174388E+00  6.615633819867434E+00 -1.055542614268408E+18
  0.000000000000000E+00  1.513453831809833E+00 -1.157348485870426E+00  4.594216529363788E+00 -2.751240988797934E-01  2.207963813936464E+00  2.207963813936464E+00  6.623891441809393E+00 -6.899015540689186E+00 -1.246053477612429E-01  5.859885284685913E-18 -1.154859595012171E+00 -1.154859595012171E+00  5.435106265047730E+00 -1.071144624026129E+18
  0.000000000000000E+00  1.511151708394624E+00 -1.156136951942752E+00  4.592103336086593E+00 -2.810613547949433E-01  2.313526617462308E+00  2.313526617462308E+00  6.940579852386927E+00 -7.221641207181870E+00 -1.214861124456124E-01  1.626062879050345E-18 -1.167477343544823E+00 -1.167477343544823E+00  1.512930070436360E+00 -1.086250477985013E+18
  0.000000000000000E+00  1.527165941435556E+00 -1.164930003810239E+00  4.606765422101500E+00 -2.410272607110292E-01  1.355174623409936E+00  1.355174623409936E+00  4.065523870229809E+00 -4.306551130940838E+00 -1.778569761766555E-01  1.010597140857637E-30 -1.068422545691369E+00 -1.068422545691369E+00  9.190174076544624E-13 -9.716027074721194E+17
  0.000000000000000E+00  1.524894453158247E+00 -1.163631235445101E+00  4.604691683231939E+00 -2.465121063883855E-01  1.530172529101071E+00  1.530172529101071E+00  4.590517587303212E+00 -4.837029693691598E+00 -1.611008573871103E-01 -3.114333340491918E-18 -1.083939568204437E+00 -1.083939568204437E+00 -2.841801499690241E+00 -9.890852242587532E+17
  0.000000000000000E+00  1.522615655161643E+00 -1.162345249562175E+00  4.602609100419127E+00 -2.520833359448497E-01  1.690980613266714E+00  1.690980613266714E+00  5.072941839800142E+00 -5.325025175744991E+00 -1.490752371535848E-01 -1.399078071989444E-17 -1.099027690781160E+00 -1.099027690781160E+00 -1.280925144435596E+01 -1.006214186139570E+18
  0.000000000000000E+00  1.520329539721734E+00 -1.161072322719777E+00  4.600517761285322E+00 -2.577389493896419E-01  1.838167264836459E+00  1.838167264836459E+00  5.514501794509377E+00 -5.772240743899019E+00 -1.402151775412957E-01 -1.792206858125484E-17 -1.113687476062943E+00 -1.113687476062943E+00 -1.646272626148181E+01 -1.023003119095368E+18
  0.000000000000000E+00  1.535763548750155E+00 -1.169996560924053E+00  4.614593025471247E+00 -2.209266394770956E-01  7.544945097989854E-01  7.544945097989854E-01  2.263483529396956E+00 -2.484410168874052E+00 -2.928141114452318E-01 -1.423730899551412E-27 -1.006513798480475E+00 -1.006513798480475E+00 -1.276499166354469E-09 -9.024275760885810E+17
  0.000000000000000E+00  1.533623872245946E+00 -1.168713511679753E+00  4.612648344270749E+00 -2.258283584991822E-01  8.582161570594892E-01  8.582161570594892E-01  2.574648471178468E+00 -2.800476829677650E+00 -2.631369226057677E-01  5.286518053852047E-17 -1.022325475897065E+00 -1.022325475897065E+00  4.757588740984179E+01 -9.200392629332145E+17
  0.000000000000000E+00  1.531477711963458E+00 -1.167441274000425E+00  4.610695470993106E+00 -2.308129643594883E-01  1.005668766750442E+00  1.005668766750442E+00  3.017006300251327E+00 -3.247819264610816E+00 -2.295119148477689E-01  4.179080246105512E-17 -1.037914069306635E+00 -1.037914069306635E+00  3.774525051506687E+01 -9.374389638868475E+17
  0.000000000000000E+00  1.529325068245670E+00 -1.166180040504457E+00  4.608734473524391E+00 -2.358795630870815E-01  1.177704276368405E+00  1.177704276368405E+00  3.533112829105215E+00 -3.768992392192296E+00 -2.002876000539329E-01  9.733279962677169E-18 -1.053279737612934E+00 -1.053279737612934E+00  8.821633936553210E+00 -9.546266329171146E+17
  0.000000000000000E+00  1.543289310801067E+00 -1.174625455063487E+00  4.621413561091030E+00 -2.042404527090687E-01  6.973445659884598E-01  6.973445659884598E-01  2.092033697965380E+00 -2.296274150674449E+00 -2.928831207275065E-01 -9.457801022318115E-30 -9.494874462047701E-01 -9.494874462047701E-01 -8.356694881322713E-12 -8.389452117734241E+17
  0.000000000000000E+00  1.541415398968727E+00 -1.173456048662271E+00  4.619718192396065E+00 -2.083129647575907E-01  6.948424471282805E-01  6.948424471282805E-01  2.084527341384842E+00 -2.292840306142432E+00 -2.997988473768822E-01 -7.393937230406242E-18 -9.639266979014626E-01 -9.639266979014626E-01 -6.558561951756428E+00 -8.550211839966350E+17
  0.000000000000000E+00  1.539536478862610E+00 -1.172294667026157E+00  4.618016294254297E+00 -2.124517560569807E-01  6.934842348101694E-01  6.934842348101694E-01  2.080452704430509E+00 -2.292904460487490E+00 -3.063541251448003E-01 -2.844632066441729E-17 -9.782442921949247E-01 -9.782442921949247E-01 -2.532649187844541E+01 -8.709560865072196E+17
  0.000000000000000E+00  1.537652534212994E+00 -1.171141455873850E+00  4.616307895265725E+00 -2.166564423744216E-01  7.083436740338350E-01  7.083436740338349E-01  2.125031022101505E+00 -2.341687464475926E+00 -3.058634534570188E-01 -3.531432129740147E-17 -9.924400673285473E-01 -9.924400673285473E-01 -3.155372844509912E+01 -8.867559458044893E+17
  0.000000000000000E+00  1.549580133544473E+00 -1.178631695801244E+00  4.627089705831716E+00 -1.909811895743811E-01  6.998600928487061E-01  6.998600928487061E-01  2.099580278546119E+00 -2.290561468120500E+00 -2.728848115871452E-01 -2.908064127467438E-28 -9.003304513085384E-01 -9.003304513085384E-01 -2.532074016296652E-10 -7.839247148323122E+17
  0.000000000000000E+00  1.548012680548184E+00 -1.177621918663866E+00  4.625677681417726E+00 -1.942248853633414E-01  6.998159962042125E-01  6.998159962042125E-01  2.099447988612638E+00 -2.293672873975980E+00 -2.775370760554390E-01  4.052324548036315E-18 -9.126558031086075E-01 -9.126558031086075E-01  3.542248670235835E+00 -7.977776129779800E+17
  0.000000000000000E+00  1.546441726381034E+00 -1.176617576071251E+00  4.624260968830825E+00 -1.975159963193732E-01  6.983636849341577E-01  6.983636849341577E-01  2.095091054802473E+00 -2.292607051121847E+00 -2.828268430624297E-01  3.409444953203720E-18 -9.249571837432357E-01 -9.249571837432357E-01  2.991467723803014E+00 -8.115630547041395E+17
  0.000000000000000E+00  1.544867270109752E+00 -1.175618733159193E+00  4.622839588406201E+00 -2.008545196865808E-01  6.970306959063154E-01  6.970306959063154E-01  2.091092087718947E+00 -2.291946607405527E+00 -2.881573521312707E-01  1.049178356316433E-18 -9.372344517655032E-01 -9.372344517655032E-01  9.238568427007255E-01 -8.252843344180426E+17
  0.000000000000000E+00  1.554837520593180E+00 -1.182074639489625E+00  4.631814223291166E+00 -1.803959922239269E-01  6.974175073439853E-01  6.974175073439853E-01  2.092252522031956E+00 -2.272648514255883E+00 -2.586628387218715E-01  3.379267857806325E-31 -8.588707733521851E-01 -8.588707733521851E-01  2.899514767719175E-13 -7.369372881005206E+17
  0.000000000000000E+00  1.553526884959061E+00 -1.181208254119144E+00  4.630638130291538E+00 -1.829921880270166E-01  6.979387086812694E-01  6.979387086812694E-01  2.093816126043809E+00 -2.276808314070825E+00 -2.621894813267684E-01  2.939160941031804E-18 -8.692286928853338E-01 -8.692286928853338E-01  2.531712131072440E+00 -7.487296104586559E+17
  0.000000000000000E+00  1.552213775372592E+00 -1.180345611147106E+00  4.629458672261853E+00 -1.856217436496418E-01  6.984344472771551E-01  6.984344472771551E-01  2.095303341831466E+00 -2.280925085481107E+00 -2.657683113616284E-01  1.006029360952969E-17 -8.795913603250554E-01 -8.795913603250554E-01  8.698106929232749E+00 -7.604926857094276E+17
  0.000000000000000E+00  1.550898191634240E+00 -1.179486746424233E+00  4.628275860309644E+00 -1.882847228970231E-01  6.990323622826361E-01  6.990323622826361E-01  2.097097086847909E+00 -2.285381809744932E+00 -2.693505094416429E-01  1.216534080127112E-17 -8.899586558356768E-01 -8.899586558356766E-01  1.055597245393132E+01 -7.722248977322163E+17
  0.000000000000000E+00  1.559341150474036E+00 -1.185092409865409E+00  4.635846584125921E+00 -1.716926413512056E-01  6.980124448370962E-01  6.980124448370962E-01  2.094037334511289E+00 -2.265729975862495E+00 -2.459736106729094E-01 -1.504501192394739E-30 -8.231745035749697E-01 -8.231745035749697E-01 -1.272269167779928E-12 -6.961108079508915E+17
  0.000000000000000E+00  1.558217962809102E+00 -1.184333918649229E+00  4.634842251157302E+00 -1.738315108534476E-01  6.974933975361466E-01  6.974933975361466E-01  2.092480192608440E+00 -2.266311703461887E+00 -2.492231632120059E-01 -5.181253127889148E-21 -8.320899826660991E-01 -8.320899826660991E-01 -4.398127330932396E-03 -7.063228922092399E+17
  0.000000000000000E+00  1.557092965572403E+00 -1.183578107001438E+00  4.633835411752636E+00 -1.759949947574749E-01  6.971704655359743E-01  6.971704655359743E-01  2.091511396607923E+00 -2.267506391365398E+00 -2.524418394892453E-01 -1.356251028892752E-19 -8.410112664759120E-01 -8.410112664759120E-01 -1.155516088445231E-01 -7.165355293923703E+17
  0.000000000000000E+00  1.555966153316307E+00 -1.182825004191686E+00  4.632826068283486E+00 -1.781831396765479E-01  6.971197888130853E-01  6.971197888130853E-01  2.091359366439256E+00 -2.269542506115804E+00 -2.555990269332651E-01 -2.025594774382055E-19 -8.499382379185635E-01 -8.499382379185635E-01 -1.731991443166793E-01 -7.267424728345782E+17
  0.000000000000000E+00  1.563316757605387E+00 -1.187808349216843E+00  4.639394217227979E+00 -1.642919827741184E-01  7.022953614878935E-01  7.022953614878935E-01  2.106886084463681E+00 -2.271178067237799E+00 -2.339357367049199E-01  2.844810855990973E-29 -7.917016373888999E-01 -7.917016373888999E-01  2.371951867419041E-11 -6.601065140371753E+17
  0.000000000000000E+00  1.562324982787053E+00 -1.187126257827959E+00  4.638510284111157E+00 -1.661133725560961E-01  7.007994309744429E-01  7.007994309744429E-01  2.102398292923329E+00 -2.268511665479425E+00 -2.370341144899616E-01 -2.797567234886536E-19 -7.995365687399083E-01 -7.995365687399083E-01 -2.340988041776349E-01 -6.690475649851297E+17
  0.000000000000000E+00  1.561331788868097E+00 -1.186446229819400E+00  4.637624363947475E+00 -1.679538969802341E-01  6.995942128543383E-01  6.995942128543383E-01  2.098782638563015E+00 -2.266736535543250E+00 -2.400733080609453E-01 -2.087344913134216E-19 -8.073937347141523E-01 -8.073937347141523E-01 -1.752912521770307E-01 -6.780338882538710E+17
  0.000000000000000E+00  1.560337177534949E+00 -1.185768276671704E+00  4.636736462127732E+00 -1.698136289455861E-01  6.986688398883119E-01  6.986688398883119E-01  2.096006519664936E+00 -2.265820148610522E+00 -2.430531022003675E-01 -3.193323989549977E-20 -8.152730689366556E-01 -8.152730689366556E-01 -2.691120098413358E-02 -6.870576705308768E+17
  0.000000000000000E+00  1.566925399899524E+00 -1.190315841741765E+00  4.642604279560152E+00 -1.578037225859043E-01  7.113159198634221E-01  7.113159198634221E-01  2.133947759590267E+00 -2.291751482176171E+00 -2.218475900500072E-01  1.416429884207421E-29 -7.633178603538544E-01 -7.633178603538544E-01  1.165394930829883E-11 -6.280344512542258E+17
  0.000000000000000E+00  1.566025008057728E+00 -1.189686428204185E+00  4.641804257418505E+00 -1.594022095606210E-01  7.084502537493661E-01  7.084502537493661E-01  2.125350761248098E+00 -2.284752970808719E+00 -2.250012738608093E-01  1.568772639873363E-18 -7.703813861734274E-01 -7.703813861734274E-01  1.295025344122926E+00 -6.359515677272869E+17
  0.000000000000000E+00  1.565123437120768E+00 -1.189058701373053E+00  4.641002571096169E+00 -1.610163742223729E-01  7.060116592066007E-01  7.060116592066007E-01  2.118034977619803E+00 -2.279051351842176E+00 -2.280647523630407E-01  1.808352604849819E-18 -7.774665671134682E-01 -7.774665671134682E-01  1.497778913304431E+00 -6.439413568453062E+17
  0.000000000000000E+00  1.564220686999652E+00 -1.188432671595048E+00  4.640199223407905E+00 -1.626462781129442E-01  7.039700553983637E-01  7.039700553983637E-01  2.111910166195091E+00 -2.274556444308036E+00 -2.310414723832331E-01  1.143056218167301E-18 -7.845733392704256E-01 -7.845733392704256E-01  9.499020690438670E-01 -6.519957867728896E+17
  0.000000000000000E+00  1.570281280964363E+00 -1.192683868838218E+00  4.645580563456447E+00 -1.519651542537670E-01  7.263074655683252E-01  7.263074655683252E-01  2.178922396704976E+00 -2.330887550958743E+00 -2.092297841587742E-01  8.100303420127486E-30 -7.371142513975191E-01 -7.371142513975191E-01  6.585200906181981E-12 -5.992424214877372E+17
  0.000000000000000E+00  1.569443849225151E+00 -1.192089685676531E+00  4.644838678725264E+00 -1.534045314612553E-01  7.221414377758471E-01  7.221414377758471E-01  2.166424313327541E+00 -2.319828844788796E+00 -2.124300357748922E-01 -6.586634638884568E-21 -7.436365388644316E-01 -7.436365388644316E-01 -5.370271743342489E-03 -6.063081544563950E+17
  0.000000000000000E+00  1.568605392982237E+00 -1.191496946413833E+00  4.644095335948739E+00 -1.548573850475672E-01  7.181531938102603E-01  7.181531938102603E-01  2.154459581430781E+00 -2.309316966478349E+00 -2.156328014444245E-01 -2.386606274583909E-19 -7.501779446320207E-01 -7.501779446320207E-01 -1.951674034872841E-01 -6.134664237098970E+17
  0.000000000000000E+00  1.567765910464177E+00 -1.190905661589215E+00  4.643350535940037E+00 -1.563237653200132E-01  7.144941992974803E-01  7.144941992974804E-01  2.143482597892441E+00 -2.299806363212455E+00 -2.187894114098016E-01 -3.525866847767099E-19 -7.567384063910774E-01 -7.567384063910774E-01 -2.892074052773072E-01 -6.207107654239593E+17
  0.000000000000000E+00  1.573468489464600E+00 -1.194965027773973E+00  4.648399024348790E+00 -1.465939411996047E-01  7.366766383896202E-01  7.366766383896202E-01  2.210029915168861E+00 -2.356623856368465E+00 -1.989936066386739E-01  8.553762387161215E-30 -7.123864629345811E-01 -7.123864629345811E-01  6.883016575012573E-12 -5.732410616821692E+17
  0.000000000000000E+00  1.572673070101535E+00 -1.194392809314601E+00  4.647696396261804E+00 -1.479185690127741E-01  7.360780727089922E-01  7.360780727089922E-01  2.208234218126977E+00 -2.356152787139751E+00 -2.009549998798205E-01 -9.968265301879205E-20 -7.185339687828873E-01 -7.185339687828873E-01 -8.040612269190664E-02 -5.795845987502747E+17
  0.000000000000000E+00  1.571876730398397E+00 -1.193821870168258E+00  4.646992443418991E+00 -1.492552779021158E-01  7.337375483320988E-01  7.337375483320988E-01  2.201212644996297E+00 -2.350467922898412E+00 -2.034178000586130E-01 -1.160256618851545E-19 -7.247044790365197E-01 -7.247044790365197E-01 -9.382434243281970E-02 -5.860334696562552E+17
  0.000000000000000E+00  1.571079468103300E+00 -1.193252220090833E+00  4.646287165808162E+00 -1.506041217037424E-01  7.302742757786426E-01  7.302742757786426E-01  2.190822827335928E+00 -2.341426949039670E+00 -2.062295314225101E-01 -7.271198902610765E-20 -7.308979286835671E-01 -7.308979286835671E-01 -5.895233968174774E-02 -5.925864983416756E+17
  0.000000000000000E+00  1.576552793358002E+00 -1.197202120710101E+00  4.651118624059527E+00 -1.415570976984524E-01  7.265009784177656E-01  7.265009784177656E-01  2.179502935253297E+00 -2.321060032951750E+00 -1.948477729606741E-01  2.226858213435290E-27 -6.886652630519488E-01 -6.886652630519488E-01  1.777342520516184E-09 -5.496506454878786E+17
  0.000000000000000E+00  1.575783011807723E+00 -1.196641065716039E+00  4.650440601091003E+00 -1.427994253109902E-01  7.306999056109189E-01  7.306999056109189E-01  2.192099716832757E+00 -2.334899142143747E+00 -1.954282793995975E-01 -5.962352725145675E-19 -6.945505344935682E-01 -6.945505344935682E-01 -4.767689900281460E-01 -5.553850503635156E+17
  0.000000000000000E+00  1.575012367054765E+00 -1.196081195050678E+00  4.649761325653754E+00 -1.440529656570103E-01  7.337527451733709E-01  7.337527451733709E-01  2.201258235520113E+00 -2.345311201177123E+00 -1.963235798497402E-01 -4.737263731957036E-19 -7.004658616444518E-01 -7.004658616444518E-01 -3.795552101414333E-01 -5.612215877276628E+17
  0.000000000000000E+00  1.574240859480076E+00 -1.195522513980997E+00  4.649080799484516E+00 -1.453177828990396E-01  7.357236163509838E-01  7.357236163509838E-01  2.207170849052952E+00 -2.352488631951992E+00 -1.975168115708745E-01 -1.141918925072427E-19 -7.064111895757800E-01 -7.064111895757800E-01 -9.168348074879494E-02 -5.671701841362908E+17
  0.000000000000000E+00  1.579589656102563E+00 -1.199433262635054E+00  4.653788641357274E+00  2.138764632376441E+00  7.129215441253781E-01  7.129215441253781E-01  2.138764632376135E+00  3.064215547965432E-13  3.000000000000430E+00  1.962734171947003E-22  1.290354484775493E+01  1.290354484775493E+01  1.558123408953263E-04  1.024352435145155E+19
  0.000000000000000E+00  1.578831708789681E+00 -1.198873753468015E+00  4.653122982274451E+00  1.795560580625255E+00  7.184434031695413E-01  7.184434031695413E-01  2.155330209508624E+00 -3.597696288833694E-01  2.499237341040113E+00 -3.486844455915213E-19 -3.589741644984869E+02 -3.589741644984869E+02 -2.770771250759786E-01 -2.852537035515264E+20
  0.000000000000000E+00  1.578072915011678E+00 -1.198315390973678E+00  4.652456091481158E+00  1.010652572567736E+00  7.211533063344121E-01  7.211533063344121E-01  2.163459919003237E+00 -1.152807346435500E+00  1.401439283007430E+00 -1.103710084799103E-18 -4.849623649286335E+02 -4.849623649286335E+02 -8.781305579358396E-01 -3.858443244814420E+20
  0.000000000000000E+00  1.577313276092977E+00 -1.197758178828790E+00  4.651787971295207E+00  2.197201618958469E-01  7.231421869678628E-01  7.231421869678629E-01  2.169426560903589E+00 -1.949706399007742E+00  3.038408847603459E-01 -1.307392114295625E-18 -3.654158885595313E+02 -3.654158885595313E+02 -1.041714301426098E+00 -2.911589820058491E+20
