# length                 R                      Z                      theta_geo              Phi                    T_e                    Te_float               Phi_float              Phi_error              Phi_Te_ratio           vparB_norm             vExB_norm              vflow_norm             partF_vpar             partF_ExB              
# time step #000500,  t_now =   1.411010E+02
  0.000000000000000E+00  1.579589656102563E+00 -1.199433262635054E+00  4.653788641357274E+00  2.113655010574091E+00  7.045516701912495E-01  7.045516701912495E-01  2.113655010573749E+00  3.419486915845482E-13  3.000000000000485E+00  1.095910264414946E-12  6.531830976260247E+01  6.531830976260356E+01  8.684884899337891E+05  5.176354492950622E+19
  0.000000000000000E+00  1.579711972000091E+00 -1.198995244165320E+00  4.653869968398856E+00  2.057753890362139E+00  6.859179634539408E-01  6.859179634539408E-01  2.057753890361823E+00  3.161915174132446E-13  3.000000000000461E+00  1.102942222883766E+02  6.378022825772797E+01  1.740744505461045E+02  8.744531293991233E+19  5.056730900004566E+19
  0.000000000000000E+00  1.579834287897621E+00 -1.198557225695588E+00  4.653951356414447E+00  2.007164370092826E+00  6.690547900308550E-01  6.690547900308550E-01  2.007164370092565E+00  2.597921877622866E-13  3.000000000000389E+00  3.523209691365844E+02  5.291259794216695E+01  4.052335670787514E+02  2.794387792193307E+20  4.196693659908267E+19
  0.000000000000000E+00  1.579956603795151E+00 -1.198119207225856E+00  4.654032805471561E+00  1.969868770853383E+00  6.566229236177262E-01  6.566229236177262E-01  1.969868770853179E+00  2.038369473211787E-13  3.000000000000310E+00  5.935202742706439E+02  3.271325189955894E+01  6.262335261702027E+02  4.709163907025417E+20  2.595565337951476E+19
  0.000000000000000E+00  1.580078919692679E+00 -1.197681188756122E+00  4.654114315637816E+00  1.953849413731046E+00  6.512831379102890E-01  6.512831379102890E-01  1.953849413730867E+00  1.783018177548001E-13  3.000000000000274E+00  7.022949834212598E+02  3.180023213596993E+00  7.054750066348568E+02  5.574545171655188E+20  2.524179079957230E+18
  0.000000000000000E+00  1.580202005791068E+00 -1.197240412164100E+00  4.654196400814737E+00  1.964670819664858E+00  6.548902732216478E-01  6.548902732216478E-01  1.964670819664944E+00 -8.548717289613705E-14  2.999999999999869E+00  7.043818135408247E+02 -2.997272778229756E+01  6.744090857585272E+02  5.593909458225254E+20 -2.380310255135336E+19
  0.000000000000000E+00  1.580325091889457E+00 -1.196799635572079E+00  4.654278548010481E+00  2.008291281726948E+00  6.694304272425380E-01  6.694304272425380E-01  2.008291281727614E+00 -6.661338147750939E-13  2.999999999999005E+00  7.131919005029823E+02 -7.303097384904504E+01  6.401609266539373E+02  5.667001990179864E+20 -5.803019830363052E+19
  0.000000000000000E+00  1.580448177987846E+00 -1.196358858980058E+00  4.654360757294253E+00  2.093232388440478E+00  6.977441294805745E-01  6.977441294805745E-01  2.093232388441724E+00 -1.245670233629426E-12  2.999999999998214E+00  7.293364242135694E+02 -1.259970282948946E+02  6.033393959186749E+02  5.798621405642103E+20 -1.001744930134090E+20
  0.000000000000000E+00  1.580571264086235E+00 -1.195918082388036E+00  4.654443028735352E+00  2.228015728328608E+00  7.426719094433725E-01  7.426719094433725E-01  2.228015728330118E+00 -1.509459224280363E-12  2.999999999997967E+00  7.534218890923446E+02 -1.888732044281278E+02  5.645486846642168E+02  5.993537227928895E+20 -1.502502911697938E+20
  0.000000000000000E+00  1.580695053245394E+00 -1.195474788105264E+00  4.654525832867269E+00  2.418419818426210E+00  8.061399394756945E-01  8.061399394756945E-01  2.418419818427084E+00 -8.744116541947733E-13  2.999999999998915E+00  7.854198132696484E+02 -2.506409794580053E+02  5.347788338116432E+02  6.251539363694061E+20 -1.994973799697886E+20
  0.000000000000000E+00  1.580818842404555E+00 -1.195031493822492E+00  4.654608700009530E+00  2.661016859499786E+00  8.870056198330877E-01  8.870056198330877E-01  2.661016859499263E+00  5.222489107836736E-13  3.000000000000589E+00  8.236684456820761E+02 -3.095265970014304E+02  5.141418486806458E+02  6.559452689161797E+20 -2.464978572035535E+20
  0.000000000000000E+00  1.580942631563715E+00 -1.194588199539721E+00  4.654691630232946E+00  2.953304308733109E+00  9.844347695770632E-01  9.844347695770631E-01  2.953304308731190E+00  1.919797654181821E-12  3.000000000001950E+00  8.668125175264304E+02 -3.655293777069773E+02  5.012831398194531E+02  6.906510611950621E+20 -2.912432013922744E+20
  0.000000000000000E+00  1.581066420722875E+00 -1.194144905256949E+00  4.654774623608430E+00  3.292779623309949E+00  1.097593207769132E+00  1.097593207769132E+00  3.292779623307396E+00  2.552624778218160E-12  3.000000000002326E+00  9.135066322374844E+02 -4.186486422232877E+02  4.948579900141966E+02  7.281991839226689E+20 -3.337245607846634E+20
  0.000000000000000E+00  1.581190821563115E+00 -1.193699420518020E+00  4.654858090772811E+00  3.681116639600250E+00  1.227038879866037E+00  1.227038879866037E+00  3.681116639598113E+00  2.136957277798501E-12  3.000000000001742E+00  9.628882656119903E+02 -4.733723503605312E+02  4.895159152514590E+02  7.679037266689992E+20 -3.775146140272878E+20
  0.000000000000000E+00  1.581315222403355E+00 -1.193253935779092E+00  4.654941621858819E+00  4.113786204675486E+00  1.371262068224752E+00  1.371262068224752E+00  4.113786204674258E+00  1.227462576025573E-12  3.000000000000895E+00  1.014009662597262E+03 -5.207002803632323E+02  4.933093822340292E+02  8.090099756757913E+20 -4.154316637102368E+20
  0.000000000000000E+00  1.581439623243595E+00 -1.192808451040164E+00  4.655025216938743E+00  4.584351043166355E+00  1.528117014388679E+00  1.528117014388679E+00  4.584351043166037E+00  3.179678742526448E-13  3.000000000000208E+00  1.066121030745850E+03 -5.606306847401838E+02  5.054903460056667E+02  8.509213868935637E+20 -4.474657436036721E+20
  0.000000000000000E+00  1.581564024083836E+00 -1.192362966301236E+00  4.655108876084982E+00  5.086373879703556E+00  1.695457959901216E+00  1.695457959901216E+00  5.086373879703650E+00 -9.325873406851315E-14  2.999999999999945E+00  1.118478126429989E+03 -5.931618159998774E+02  5.253163104301111E+02  8.930454208050316E+20 -4.736082280534838E+20
  0.000000000000000E+00  1.581688916641732E+00 -1.191915720700314E+00  4.655192930429386E+00  5.613546438048131E+00  1.871182146016116E+00  1.871182146016116E+00  5.613546438048348E+00 -2.176037128265307E-13  2.999999999999884E+00  1.170661023462449E+03 -6.132920659704070E+02  5.573689574920421E+02  9.350503083747396E+20 -4.898590829592140E+20
  0.000000000000000E+00  1.581813809199628E+00 -1.191468475099392E+00  4.655277049494132E+00  6.153648805017306E+00  2.051216268339265E+00  2.051216268339265E+00  6.153648805017795E+00 -4.893863092547690E-13  2.999999999999762E+00  1.222204958352258E+03 -6.228923846806281E+02  5.993125736716298E+02  9.765657188676937E+20 -4.977032250326788E+20
  0.000000000000000E+00  1.581938701757524E+00 -1.191021229498470E+00  4.655361233352806E+00  6.697490339033971E+00  2.232496779678244E+00  2.232496779678244E+00  6.697490339034732E+00 -7.611689056830073E-13  2.999999999999659E+00  1.272923037361817E+03 -6.219602771981737E+02  6.509627601636438E+02  1.017443924675013E+21 -4.971311594265678E+20
  0.000000000000000E+00  1.582063594315420E+00 -1.190573983897548E+00  4.655445482079107E+00  7.235880398521013E+00  2.411960132840632E+00  2.411960132840632E+00  7.235880398521898E+00 -8.855138844410249E-13  2.999999999999633E+00  1.322629787963620E+03 -6.104932485906140E+02  7.121365393730058E+02  1.057538688554041E+21 -4.881337433656624E+20
  0.000000000000000E+00  1.582188825197155E+00 -1.190125526744464E+00  4.655530024234012E+00  7.761900649126567E+00  2.587300216375783E+00  2.587300216375783E+00  7.761900649127349E+00 -7.824851877558103E-13  2.999999999999698E+00  1.371392645519762E+03 -5.917874443958225E+02  7.796052011239393E+02  1.096907157112941E+21 -4.733406478210547E+20
  0.000000000000000E+00  1.582314056078889E+00 -1.189677069591380E+00  4.655614631757187E+00  8.270443386831507E+00  2.756814462277355E+00  2.756814462277355E+00  8.270443386832065E+00 -5.577760475716786E-13  2.999999999999798E+00  1.419196086900441E+03 -5.706246445412784E+02  8.485714423591621E+02  1.135537813462492E+21 -4.565724688442372E+20
  0.000000000000000E+00  1.582439286960624E+00 -1.189228612438296E+00  4.655699304723265E+00  8.759362232834308E+00  2.919787410944881E+00  2.919787410944881E+00  8.759362232834643E+00 -3.357314426466473E-13  2.999999999999885E+00  1.466130118530270E+03 -5.470042663615383E+02  9.191258521687322E+02  1.173504716242124E+21 -4.378275013020782E+20
  0.000000000000000E+00  1.582564517842359E+00 -1.188780155285213E+00  4.655784043206986E+00  9.226510808333451E+00  3.075503602777894E+00  3.075503602777894E+00  9.226510808333682E+00 -2.309263891220326E-13  2.999999999999925E+00  1.512284091425893E+03 -5.209257271909892E+02  9.913583642349038E+02  1.210881807417208E+21 -4.171038296623242E+20
  0.000000000000000E+00  1.582689901674890E+00 -1.188331150408757E+00  4.655868950898840E+00  9.671538526891265E+00  3.223846175630384E+00  3.223846175630384E+00  9.671538526891151E+00  1.136868377216160E-13  3.000000000000035E+00  1.557841969606488E+03 -4.958949779330259E+02  1.061946991673462E+03  1.247819469937795E+21 -3.972080741062003E+20
  0.000000000000000E+00  1.582815285507417E+00 -1.187882145532300E+00  4.655953924418751E+00  1.009522433380858E+01  3.365074777935903E+00  3.365074777935903E+00  1.009522433380771E+01  8.650857807879220E-13  3.000000000000257E+00  1.602800135146339E+03 -4.722505159950442E+02  1.130549619151295E+03  1.284316942351313E+21 -3.784123331579384E+20
  0.000000000000000E+00  1.582940669339943E+00 -1.187433140655842E+00  4.656038963842079E+00  1.049878529916149E+01  3.499595099719958E+00  3.499595099719958E+00  1.049878529915988E+01  1.616484723854228E-12  3.000000000000462E+00  1.647134017148813E+03 -4.499926717683948E+02  1.197141345380418E+03  1.320357597072860E+21 -3.607182151607730E+20
  0.000000000000000E+00  1.583066053172475E+00 -1.186984135779387E+00  4.656124069244296E+00  1.088343849302613E+01  3.627812831008055E+00  3.627812831008055E+00  1.088343849302417E+01  1.961097950697877E-12  3.000000000000540E+00  1.690819246525606E+03 -4.291217756442372E+02  1.261697470881369E+03  1.355925169834179E+21 -3.441272730456496E+20
  0.000000000000000E+00  1.583191369509080E+00 -1.186535372600155E+00  4.656209194833762E+00  1.125035477026118E+01  3.750118256753175E+00  3.750118256753175E+00  1.125035477025953E+01  1.659117287999834E-12  3.000000000000442E+00  1.733800081095406E+03 -4.099994662220583E+02  1.323800614873348E+03  1.390978127809272E+21 -3.289308243474338E+20
  0.000000000000000E+00  1.583316685843013E+00 -1.186086609420176E+00  4.656294386479859E+00  1.160116264153214E+01  3.867054213843715E+00  3.867054213843715E+00  1.160116264153115E+01  9.912071163853398E-13  3.000000000000257E+00  1.776021394080914E+03 -3.923569475402950E+02  1.383664446540619E+03  1.425476166949251E+21 -3.149148312737987E+20
  0.000000000000000E+00  1.583442002176946E+00 -1.185637846240198E+00  4.656379644260584E+00  1.193715909982964E+01  3.979053033276439E+00  3.979053033276438E+00  1.193715909982932E+01  3.250733016102458E-13  3.000000000000081E+00  1.817390400392347E+03 -3.761945716872474E+02  1.441195828705100E+03  1.459348544175963E+21 -3.020809400116584E+20
  0.000000000000000E+00  1.583567318513551E+00 -1.185189083060966E+00  4.656464968254047E+00  1.225964113814435E+01  4.086547046048108E+00  4.086547046048108E+00  1.225964113814432E+01  2.309263891220326E-14  3.000000000000006E+00  1.857815042434015E+03 -3.615126907508804E+02  1.496302351683135E+03  1.492525136879597E+21 -2.904308372591041E+20
  0.000000000000000E+00  1.583692315528325E+00 -1.184741463402156E+00  4.656550140865074E+00  1.256905515736900E+01  4.189685052456325E+00  4.189685052456325E+00  1.256905515736898E+01  2.131628207280301E-14  3.000000000000005E+00  1.897124520989395E+03 -3.480933966718414E+02  1.549031124317553E+03  1.524870609664245E+21 -2.797904850896479E+20
  0.000000000000000E+00  1.583817312545172E+00 -1.184293843743925E+00  4.656635379502304E+00  1.286717524547367E+01  4.289058415157883E+00  4.289058415157883E+00  1.286717524547365E+01  2.131628207280301E-14  3.000000000000005E+00  1.935389578196490E+03 -3.356714011582758E+02  1.599718177038214E+03  1.556447107709524E+21 -2.699481217422158E+20
  0.000000000000000E+00  1.583942309562018E+00 -1.183846224085693E+00  4.656720684239502E+00  1.315487307123111E+01  4.384957690410361E+00  4.384957690410361E+00  1.315487307123108E+01  2.131628207280301E-14  3.000000000000005E+00  1.972576041767682E+03 -3.242469408368241E+02  1.648329100930858E+03  1.587230569502175E+21 -2.609048501382859E+20
  0.000000000000000E+00  1.584067306576792E+00 -1.183398604426883E+00  4.656806055150550E+00  1.343302030341404E+01  4.477673434471340E+00  4.477673434471340E+00  1.343302030341402E+01  2.131628207280301E-14  3.000000000000005E+00  2.008650030086319E+03 -3.138202523341343E+02  1.694829777752184E+03  1.617197155304141E+21 -2.526618434022478E+20
  0.000000000000000E+00  1.584191707315719E+00 -1.182953120052656E+00  4.656891084592754E+00  1.370114766692231E+01  4.567049222307398E+00  4.567049222307398E+00  1.370114766692219E+01  1.136868377216160E-13  3.000000000000025E+00  2.043441108624904E+03 -3.041952656342023E+02  1.739245842990702E+03  1.646208070169544E+21 -2.450614794234882E+20
  0.000000000000000E+00  1.584316108055235E+00 -1.182507635678594E+00  4.656976179731147E+00  1.396115696708065E+01  4.653718989026776E+00  4.653718989026776E+00  1.396115696708033E+01  3.250733016102458E-13  3.000000000000070E+00  2.077146677645817E+03 -2.951587145204273E+02  1.781987963125390E+03  1.674429387838527E+21 -2.379333298839465E+20
  0.000000000000000E+00  1.584440508794751E+00 -1.182062151304532E+00  4.657061340640151E+00  1.421356012781838E+01  4.737853375939282E+00  4.737853375939283E+00  1.421356012781785E+01  5.311306949806749E-13  3.000000000000112E+00  2.109776690413529E+03 -2.867107379617634E+02  1.823065952451765E+03  1.701871814319277E+21 -2.312779954470749E+20
  0.000000000000000E+00  1.584564909533678E+00 -1.181616666930306E+00  4.657146567394302E+00  1.445886907306479E+01  4.819623024354720E+00  4.819623024354720E+00  1.445886907306416E+01  6.270539643082884E-13  3.000000000000130E+00  2.141341056286134E+03 -2.788514749273332E+02  1.862489581358800E+03  1.728545992269372E+21 -2.250961368386698E+20
  0.000000000000000E+00  1.584688421544466E+00 -1.181174365125259E+00  4.657231250497876E+00  1.469586119083655E+01  4.898620396945369E+00  4.898620396945369E+00  1.469586119083611E+01  4.369837824924616E-13  3.000000000000089E+00  2.171654946888635E+03 -2.714664029444510E+02  1.900188543944183E+03  1.754295818209068E+21 -2.192946794572564E+20
  0.000000000000000E+00  1.584811933554487E+00 -1.180732063319997E+00  4.657315998656742E+00  1.492660612635047E+01  4.975535375450148E+00  4.975535375450148E+00  1.492660612635044E+01  2.309263891220326E-14  3.000000000000004E+00  2.200981121711938E+03 -2.643880532557285E+02  1.936593068456209E+03  1.779343836853629E+21 -2.137397947022827E+20
  0.000000000000000E+00  1.584935445564508E+00 -1.180289761514735E+00  4.657400811945342E+00  1.515136904500017E+01  5.050456348333514E+00  5.050456348333514E+00  1.515136904500054E+01 -3.730349362740526E-13  2.999999999999926E+00  2.229336393930558E+03 -2.576164978442987E+02  1.971719896086259E+03  1.803705608262685E+21 -2.084316764431862E+20
  0.000000000000000E+00  1.585058957575296E+00 -1.179847459709688E+00  4.657485690438232E+00  1.537041511217928E+01  5.123471704059930E+00  5.123471704059930E+00  1.537041511217979E+01 -5.098144129078719E-13  2.999999999999901E+00  2.256737478699024E+03 -2.511518086932222E+02  2.005585670005802E+03  1.827396560577660E+21 -2.033705540501915E+20
  0.000000000000000E+00  1.585181285820662E+00 -1.179409397024325E+00  4.657569819779729E+00  1.558195264521308E+01  5.193984215071109E+00  5.193984215071109E+00  1.558195264521333E+01 -2.504663143554353E-13  2.999999999999952E+00  2.282966309465785E+03 -2.449396463460911E+02  2.038026663119695E+03  1.850226168555723E+21 -1.985109204228113E+20
  0.000000000000000E+00  1.585303614066810E+00 -1.178971334339181E+00  4.657654013226247E+00  1.578822664909859E+01  5.262742216366119E+00  5.262742216366119E+00  1.578822664909836E+01  2.327027459614328E-13  3.000000000000044E+00  2.308318663966749E+03 -2.388457638698360E+02  2.069472900096913E+03  1.872449508972430E+21 -1.937456211135421E+20
  0.000000000000000E+00  1.585425942312959E+00 -1.178533271654038E+00  4.657738270849207E+00  1.598933880735341E+01  5.329779602450903E+00  5.329779602450903E+00  1.598933880735271E+01  6.998845947236987E-13  3.000000000000131E+00  2.332804732925172E+03 -2.328701888678373E+02  2.099934544057335E+03  1.894076205513558E+21 -1.890744979563478E+20
  0.000000000000000E+00  1.585548270558325E+00 -1.178095208968675E+00  4.657822592720137E+00  1.618539080349513E+01  5.395130267831406E+00  5.395130267831406E+00  1.618539080349422E+01  9.094947017729282E-13  3.000000000000169E+00  2.356434656960674E+03 -2.270129489433893E+02  2.129421708017284E+03  1.915115759050190E+21 -1.844974036287044E+20
  0.000000000000000E+00  1.585669131369340E+00 -1.177662401225242E+00  4.657905966244209E+00  1.637419827478152E+01  5.458066091593563E+00  5.458066091593563E+00  1.637419827478069E+01  8.277822871605167E-13  3.000000000000152E+00  2.378965320391447E+03 -2.212708040819527E+02  2.157694516309494E+03  1.935347952362389E+21 -1.800093485713875E+20
  0.000000000000000E+00  1.585789992180094E+00 -1.177229593481736E+00  4.657989402624949E+00  1.655815917461997E+01  5.519386391539772E+00  5.519386391539772E+00  1.655815917461932E+01  6.465938895416912E-13  3.000000000000117E+00  2.400705160644819E+03 -2.155391172239940E+02  2.185166043420825E+03  1.955045980872259E+21 -1.755271291774708E+20
  0.000000000000000E+00  1.585910852990849E+00 -1.176796785738230E+00  4.658072901932529E+00  1.673728305089784E+01  5.579094350299123E+00  5.579094350299123E+00  1.673728305089737E+01  4.618527782440651E-13  3.000000000000083E+00  2.421656520236694E+03 -2.098178909615361E+02  2.211838629275157E+03  1.974212588201676E+21 -1.710503195249608E+20
  0.000000000000000E+00  1.586031713801864E+00 -1.176363977994797E+00  4.658156464237226E+00  1.691157945150251E+01  5.637193150500708E+00  5.637193150500708E+00  1.691157945150213E+01  3.801403636316536E-13  3.000000000000068E+00  2.441821748240998E+03 -2.041071278864754E+02  2.237714620354523E+03  1.992850414155731E+21 -1.665784878170206E+20
  0.000000000000000E+00  1.586150847753042E+00 -1.175937354207147E+00  4.658238894324665E+00  1.707866113688588E+01  5.692887045628469E+00  5.692887045628470E+00  1.707866113688541E+01  4.654054919228656E-13  3.000000000000082E+00  2.460947200341342E+03 -1.984563084597953E+02  2.262490891881547E+03  2.010719706587885E+21 -1.621489523470662E+20
  0.000000000000000E+00  1.586269981702941E+00 -1.175510730419140E+00  4.658321385755984E+00  1.724101981272823E+01  5.747006604242525E+00  5.747006604242525E+00  1.724101981272758E+01  6.465938895416912E-13  3.000000000000113E+00  2.479339576761107E+03 -1.927567475471624E+02  2.286582829213944E+03  2.028101858130058E+21 -1.576751815409648E+20
  0.000000000000000E+00  1.586389115652840E+00 -1.175084106631133E+00  4.658403938599682E+00  1.739861573109407E+01  5.799538577031078E+00  5.799538577031078E+00  1.739861573109324E+01  8.313350008393172E-13  3.000000000000143E+00  2.496994215395594E+03 -1.870084343586248E+02  2.309985781036970E+03  2.044993464254970E+21 -1.531565526527879E+20
  0.000000000000000E+00  1.586508249604018E+00 -1.174657482843482E+00  4.658486552924353E+00  1.755140914404792E+01  5.850469714682333E+00  5.850469714682333E+00  1.755140914404700E+01  9.166001291305292E-13  3.000000000000157E+00  2.513906510957276E+03 -1.812113581041468E+02  2.332695152853129E+03  2.061391032062074E+21 -1.485924265184520E+20
  0.000000000000000E+00  1.586625434722985E+00 -1.174237837916540E+00  4.658567875862336E+00  1.769697268106349E+01  5.898990893687394E+00  5.898990893687394E+00  1.769697268106219E+01  1.303845920119784E-12  3.000000000000221E+00  2.529828835342451E+03 -1.754338319108231E+02  2.354395003431628E+03  2.077047707240957E+21 -1.440352142612628E+20
  0.000000000000000E+00  1.586742619843491E+00 -1.173818192990028E+00  4.658649258416343E+00  1.783776216734708E+01  5.945920722448306E+00  5.945920722448306E+00  1.783776216734492E+01  2.160049916710705E-12  3.000000000000363E+00  2.545049349360777E+03 -1.695392893980900E+02  2.375510059962687E+03  2.092240622300464E+21 -1.393752889089283E+20
  0.000000000000000E+00  1.586859804963996E+00 -1.173398548063515E+00  4.658730700649527E+00  1.797368279723605E+01  5.991227599077678E+00  5.991227599077678E+00  1.797368279723304E+01  3.012701199622825E-12  3.000000000000503E+00  2.559555578580099E+03 -1.635277048293939E+02  2.396027873750705E+03  2.106959613056520E+21 -1.346117554839328E+20
  0.000000000000000E+00  1.586976990082964E+00 -1.172978903136573E+00  4.658812202625135E+00  1.810463976506776E+01  6.034879921688120E+00  6.034879921688120E+00  1.810463976506436E+01  3.399946990612079E-12  3.000000000000564E+00  2.573335161195540E+03 -1.573990524681971E+02  2.415936108727343E+03  2.121194438279814E+21 -1.297436881602855E+20
  0.000000000000000E+00  1.587092050159661E+00 -1.172566868071600E+00  4.658892284829619E+00  1.822828992950335E+01  6.076096643167014E+00  6.076096643167014E+00  1.822828992950105E+01  2.302158463862725E-12  3.000000000000379E+00  2.586160814762429E+03 -1.512276781638421E+02  2.434933136598587E+03  2.134702506318513E+21 -1.248283176198146E+20
  0.000000000000000E+00  1.587207110236202E+00 -1.172154833006583E+00  4.658972424754250E+00  1.834691097478782E+01  6.115636991595972E+00  6.115636991595972E+00  1.834691097478792E+01 -9.592326932761353E-14  2.999999999999984E+00  2.598285413795641E+03 -1.448667073630139E+02  2.453418706432627E+03  2.147743519648942E+21 -1.197468647207917E+20
  0.000000000000000E+00  1.587322170312743E+00 -1.171742797941566E+00  4.659052622460560E+00  1.846035172893439E+01  6.153450576312297E+00  6.153450576312297E+00  1.846035172893689E+01 -2.497557716196752E-12  2.999999999999594E+00  2.609687418815221E+03 -1.383160990278542E+02  2.471371319787367E+03  2.160299534517129E+21 -1.144980821043133E+20
  0.000000000000000E+00  1.587437230389440E+00 -1.171330762876592E+00  4.659132878010168E+00  1.856846101995629E+01  6.189487006653292E+00  6.189487006653292E+00  1.856846101995988E+01 -3.584688101909705E-12  2.999999999999420E+00  2.620345467130048E+03 -1.315758121205706E+02  2.488769655009477E+03  2.172352531997191E+21 -1.090806735963577E+20
  0.000000000000000E+00  1.587550039967020E+00 -1.170926786946390E+00  4.659211620030817E+00  1.866912616152638E+01  6.223042053842993E+00  6.223042053842993E+00  1.866912616152898E+01 -2.597033699203166E-12  2.999999999999583E+00  2.630066549175096E+03 -1.247506320435308E+02  2.505315917131566E+03  2.183675972451757E+21 -1.035772109367612E+20
  0.000000000000000E+00  1.587662849544756E+00 -1.170522811016231E+00  4.659290417771432E+00  1.876432274572441E+01  6.254774248574944E+00  6.254774248574944E+00  1.876432274572483E+01 -4.263256414560601E-13  2.999999999999932E+00  2.639052595941575E+03 -1.176659349449202E+02  2.521386660996655E+03  2.194498981651720E+21 -9.784487615321535E+19
  0.000000000000000E+00  1.587775659122493E+00 -1.170118835086073E+00  4.659369271290061E+00  1.885384775511556E+01  6.284615918371272E+00  6.284615918371272E+00  1.885384775511382E+01  1.744382416291046E-12  3.000000000000278E+00  2.647271819761578E+03 -1.103216657127075E+02  2.536950154048870E+03  2.204794780268532E+21 -9.188200127322558E+19
  0.000000000000000E+00  1.587888468700072E+00 -1.169714859155870E+00  4.659448180644830E+00  1.893749817226506E+01  6.312499390754108E+00  6.312499390754108E+00  1.893749817226233E+01  2.732036818997585E-12  3.000000000000433E+00  2.654692681288184E+03 -1.027177692348560E+02  2.551974912053328E+03  2.214536499172810E+21 -8.568684830735965E+19
  0.000000000000000E+00  1.587998953894042E+00 -1.169319206940807E+00  4.659525518291209E+00  1.901352338024310E+01  6.337841126746965E+00  6.337841126746963E+00  1.901352338024089E+01  2.209787908213912E-12  3.000000000000348E+00  2.661170071173036E+03 -9.497224718051255E+01  2.566197823992524E+03  2.223525857143487E+21 -7.935353309599175E+19
  0.000000000000000E+00  1.588109439087497E+00 -1.168923554725600E+00  4.659602909607014E+00  1.908345639749390E+01  6.361152132497616E+00  6.361152132497616E+00  1.908345639749285E+01  1.051603248924948E-12  3.000000000000166E+00  2.666839612488209E+03 -8.688417063364531E+01  2.579955441854563E+03  2.231947609853916E+21 -7.271562791846069E+19
  0.000000000000000E+00  1.588219924280953E+00 -1.168527902510394E+00  4.659680354647655E+00  1.914703468625771E+01  6.382344895419267E+00  6.382344895419267E+00  1.914703468625780E+01 -9.237055564881302E-14  2.999999999999985E+00  2.671657897290073E+03 -7.845346832457089E+01  2.593204428965502E+03  2.239764784383759E+21 -6.577088920867260E+19
  0.000000000000000E+00  1.588330409474922E+00 -1.168132250295330E+00  4.659757853468614E+00  1.920399570877475E+01  6.401331902925120E+00  6.401331902925120E+00  1.920399570877536E+01 -6.110667527536862E-13  2.999999999999905E+00  2.675581845716371E+03 -6.968006898367554E+01  2.605901776732696E+03  2.246940278992944E+21 -5.851697412773694E+19
  0.000000000000000E+00  1.588438545326380E+00 -1.167745010334427E+00  4.659833756456258E+00  1.925307273170478E+01  6.417690910568314E+00  6.417690910568314E+00  1.925307273170494E+01 -1.669775429036235E-13  2.999999999999974E+00  2.678526501597396E+03 -6.071543124236496E+01  2.617811070355031E+03  2.253315674140574E+21 -5.107697564277789E+19
  0.000000000000000E+00  1.588546680915570E+00 -1.167357770300287E+00  4.659909710835256E+00  1.929525178861044E+01  6.431750596203207E+00  6.431750596203207E+00  1.929525178860962E+01  8.135714324453147E-13  3.000000000000126E+00  2.680548427836103E+03 -5.135070500847158E+01  2.629197722827632E+03  2.259018903088973E+21 -4.327555215808084E+19
  0.000000000000000E+00  1.588654816504760E+00 -1.166970530266147E+00  4.659985716887564E+00  1.933023282004353E+01  6.443410940013909E+00  6.443410940013909E+00  1.933023282004173E+01  1.797673121473053E-12  3.000000000000279E+00  2.681590919106648E+03 -4.158580883843589E+01  2.640005110268212E+03  2.264001005138625E+21 -3.510987165823452E+19
  0.000000000000000E+00  1.588762952356217E+00 -1.166583290305244E+00  4.660061774895504E+00  1.935771576655585E+01  6.452571922184535E+00  6.452571922184535E+00  1.935771576655361E+01  2.245315045001917E-12  3.000000000000348E+00  2.681597685829183E+03 -3.142066128229328E+01  2.650177024546890E+03  2.268212816195959E+21 -2.657697200085874E+19
  0.000000000000000E+00  1.588868758381630E+00 -1.166204395240186E+00  4.660136244397429E+00  1.937699866800621E+01  6.458999556001480E+00  6.458999556001480E+00  1.937699866800444E+01  1.769251412042649E-12  3.000000000000274E+00  2.680559114210111E+03 -2.092831860629132E+01  2.659630795603819E+03  2.271550287452423E+21 -1.773500457199417E+19
  0.000000000000000E+00  1.588974564669801E+00 -1.165825500248502E+00  4.660210763749117E+00  1.938843949479224E+01  6.462813164930515E+00  6.462813164930515E+00  1.938843949479155E+01  6.963318810448982E-13  3.000000000000108E+00  2.678429743219770E+03 -1.011108453600604E+01  2.668318658683765E+03  2.274062691412652E+21 -8.584597065223109E+18
  0.000000000000000E+00  1.589080370957972E+00 -1.165446605256819E+00  4.660285332768467E+00  1.939180019773152E+01  6.463933399243962E+00  6.463933399243962E+00  1.939180019773189E+01 -3.659295089164516E-13  2.999999999999944E+00  2.675134783611675E+03  1.031105555935663E+00  2.676165889167611E+03  2.275684393602330E+21  8.771411579612050E+17
  0.000000000000000E+00  1.589186176983385E+00 -1.165067710191761E+00  4.660359951273142E+00  1.938684272764158E+01  6.462280909214141E+00  6.462280909214141E+00  1.938684272764242E+01 -8.455458555545192E-13  2.999999999999869E+00  2.670599986560653E+03  1.249831628965880E+01  2.683098302850312E+03  2.276349436133001E+21  1.065323724322222E+19
  0.000000000000000E+00  1.589289709324456E+00 -1.164696956441564E+00  4.660433014422547E+00  1.937400975475942E+01  6.458003251586717E+00  6.458003251586717E+00  1.937400975476015E+01 -7.283063041541027E-13  2.999999999999887E+00  2.664903879699730E+03  2.308837303794752E+01  2.687992252737677E+03  2.276020940401972E+21  1.971914293588027E+19
  0.000000000000000E+00  1.589393241665243E+00 -1.164326202691288E+00  4.660506125267072E+00  1.935369132268881E+01  6.451230440896421E+00  6.451230440896421E+00  1.935369132268927E+01 -4.583000645652646E-13  2.999999999999929E+00  2.657879293595943E+03  3.329669443197277E+01  2.691175988027916E+03  2.274648926904849E+21  2.849575992470915E+19
  0.000000000000000E+00  1.589496774006030E+00 -1.163955448941012E+00  4.660579283852905E+00  1.932616322372901E+01  6.442054407909732E+00  6.442054407909732E+00  1.932616322372920E+01 -1.882938249764265E-13  2.999999999999971E+00  2.649423926469866E+03  4.312320560394028E+01  2.692547132073807E+03  2.272141391838554E+21  3.698238678323924E+19
  0.000000000000000E+00  1.589600306347101E+00 -1.163584695190815E+00  4.660652490226289E+00  1.929170125017932E+01  6.430567083393125E+00  6.430567083393125E+00  1.929170125017938E+01 -6.394884621840902E-14  2.999999999999990E+00  2.639436195225430E+03  5.256783168605165E+01  2.692004026911482E+03  2.268405810176362E+21  4.517827520919788E+19
  0.000000000000000E+00  1.589701652124428E+00 -1.163221771620871E+00  4.660724196837307E+00  1.925155180367079E+01  6.417183934556956E+00  6.417183934556956E+00  1.925155180367087E+01 -8.526512829121202E-14  2.999999999999987E+00  2.628081702740024E+03  6.132402215752669E+01  2.689405724897550E+03  2.263473374033110E+21  5.281620095656102E+19
  0.000000000000000E+00  1.589802997902028E+00 -1.162858848051003E+00  4.660795949326060E+00  1.920540528765560E+01  6.401801762551910E+00  6.401801762551910E+00  1.920540528765573E+01 -1.314504061156185E-13  2.999999999999980E+00  2.615049164605726E+03  6.959997791524368E+01  2.684649142520970E+03  2.257171351652472E+21  6.007499910603737E+19
  0.000000000000000E+00  1.589904343679629E+00 -1.162495924481135E+00  4.660867747735609E+00  1.915360080564121E+01  6.384533601880462E+00  6.384533601880462E+00  1.915360080564139E+01 -1.811883976188255E-13  2.999999999999972E+00  2.600206376795647E+03  7.739560690460902E+01  2.677601983700255E+03  2.249377889367036E+21  6.695313435847800E+19
  0.000000000000000E+00  1.590005689456955E+00 -1.162133000911191E+00  4.660939592109068E+00  1.909647746113506E+01  6.365492487045088E+00  6.365492487045088E+00  1.909647746113527E+01 -2.025046796916286E-13  2.999999999999968E+00  2.583422047326321E+03  8.471081707109552E+01  2.668132864397417E+03  2.239970318630242E+21  7.344898062728426E+19
  0.000000000000000E+00  1.590104959206696E+00 -1.161777511684157E+00  4.661010009382586E+00  1.903573425534603E+01  6.345244751782097E+00  6.345244751782097E+00  1.903573425534629E+01 -2.629008122312371E-13  2.999999999999959E+00  2.564964765368828E+03  9.137652132063771E+01  2.656341286689466E+03  2.229064119750939E+21  7.941010645196970E+19
  0.000000000000000E+00  1.590204228956458E+00 -1.161422022457129E+00  4.661080470838942E+00  1.897038505515423E+01  6.323461685051542E+00  6.323461685051542E+00  1.897038505515463E+01 -3.979039320256561E-13  2.999999999999937E+00  2.544407348037830E+03  9.807446306765469E+01  2.642481811105484E+03  2.216382071333688E+21  8.543069244256716E+19
  0.000000000000000E+00  1.590303498706218E+00 -1.161066533230101E+00  4.661150976519015E+00  1.890040819433083E+01  6.300136064777121E+00  6.300136064777121E+00  1.890040819433137E+01 -5.364597654988756E-13  2.999999999999915E+00  2.521669755738664E+03  1.048046481937902E+02  2.626474403932454E+03  2.201841387520672E+21  9.151206714220760E+19
  0.000000000000000E+00  1.590402768455960E+00 -1.160711044003067E+00  4.661221526463734E+00  1.882578200664700E+01  6.275260668882529E+00  6.275260668882529E+00  1.882578200664759E+01 -5.861977570020827E-13  2.999999999999906E+00  2.496672521208142E+03  1.115670825806207E+02  2.608239603788763E+03  2.185358352053594E+21  9.765560106931072E+19
  0.000000000000000E+00  1.590500090203884E+00 -1.160362530653357E+00  4.661290734994251E+00  1.874797043137939E+01  6.249323477126590E+00  6.249323477126592E+00  1.874797043137978E+01 -3.836930773104541E-13  2.999999999999938E+00  2.469908650097898E+03  1.188059769843229E+02  2.588714627082221E+03  2.167242158177383E+21  1.042473056457658E+20
  0.000000000000000E+00  1.590597411951626E+00 -1.160014017303595E+00  4.661359986147154E+00  1.866477918772221E+01  6.221593062574042E+00  6.221593062574042E+00  1.866477918772213E+01  7.815970093361102E-14  3.000000000000012E+00  2.441031687394937E+03  1.274928393349252E+02  2.568524526729862E+03  2.147278744481466E+21  1.121503933730718E+20
  0.000000000000000E+00  1.590694733699367E+00 -1.159665503953833E+00  4.661429279961325E+00  1.857522979704615E+01  6.191743265681871E+00  6.191743265681871E+00  1.857522979704562E+01  5.364597654988756E-13  3.000000000000087E+00  2.410241608723836E+03  1.376279352546215E+02  2.547869543978457E+03  2.125627475123223E+21  1.213760975094108E+20
  0.000000000000000E+00  1.590792055447291E+00 -1.159316990604122E+00  4.661498616475692E+00  1.847834378072193E+01  6.159447926907059E+00  6.159447926907059E+00  1.847834378072118E+01  7.460698725481052E-13  3.000000000000121E+00  2.377737178872278E+03  1.492115303655797E+02  2.526948709237859E+03  2.102447752143829E+21  1.319361321337629E+20
  0.000000000000000E+00  1.590887569399432E+00 -1.158974950962108E+00  4.661566706584045E+00  1.837508093104878E+01  6.125026977015946E+00  6.125026977015946E+00  1.837508093104784E+01  9.379164112033322E-13  3.000000000000153E+00  2.344451371477096E+03  1.626415396828883E+02  2.507092911159984E+03  2.078445289224515E+21  1.441879094182883E+20
  0.000000000000000E+00  1.590983083324513E+00 -1.158632911312538E+00  4.661634837871013E+00  1.826173647215596E+01  6.087245490718201E+00  6.087245490718201E+00  1.826173647215460E+01  1.360689338980592E-12  3.000000000000223E+00  2.310265492733788E+03  1.796208123258574E+02  2.489886305059646E+03  2.053603744553375E+21  1.596656202294776E+20
  0.000000000000000E+00  1.591078597249594E+00 -1.158290871662968E+00  4.661703010397295E+00  1.813595670654308E+01  6.045318902180433E+00  6.045318902180433E+00  1.813595670654130E+01  1.779909553079051E-12  3.000000000000294E+00  2.275653506303604E+03  2.001499872419573E+02  2.475803493545561E+03  2.028332473040494E+21  1.783974218733019E+20
  0.000000000000000E+00  1.591174111201735E+00 -1.157948832020955E+00  4.661771224223658E+00  1.799538793670973E+01  5.998462645569250E+00  5.998462645569250E+00  1.799538793670775E+01  1.971756091734278E-12  3.000000000000329E+00  2.241086433263684E+03  2.242297033797632E+02  2.465316136643447E+03  2.003042701709741E+21  2.004124714669267E+20
  0.000000000000000E+00  1.591267965173460E+00 -1.157612737014426E+00  4.661838292780594E+00  1.784016199226375E+01  5.946720664087193E+00  5.946720664087193E+00  1.784016199226158E+01  2.167155344068306E-12  3.000000000000364E+00  2.207673122424145E+03  2.533139628295226E+02  2.460987085253668E+03  1.978647363168908E+21  2.270349715795499E+20
  0.000000000000000E+00  1.591361819172369E+00 -1.157276642015490E+00  4.661905401286095E+00  1.766352149103317E+01  5.887840497010191E+00  5.887840497010191E+00  1.766352149103058E+01  2.589928271845565E-12  3.000000000000440E+00  2.175165842882946E+03  2.899685303415858E+02  2.465134373224532E+03  1.955028029659259E+21  2.606222446861992E+20
  0.000000000000000E+00  1.591455673171278E+00 -1.156940547016553E+00  4.661972549751157E+00  1.746053459618101E+01  5.820178198725996E+00  5.820178198725996E+00  1.746053459617799E+01  3.016253913301625E-12  3.000000000000518E+00  2.143790505238284E+03  3.341947447312062E+02  2.477985249969490E+03  1.932364490157749E+21  3.012356179104062E+20
  0.000000000000000E+00  1.591549527143003E+00 -1.156604452010025E+00  4.662039738186787E+00  1.722626947087030E+01  5.742089823622364E+00  5.742089823622364E+00  1.722626947086709E+01  3.211653165635653E-12  3.000000000000559E+00  2.113771602843247E+03  3.859939448108707E+02  2.499765547654118E+03  1.910839369583205E+21  3.489366709124228E+20
  0.000000000000000E+00  1.591641873233248E+00 -1.156273756704472E+00  4.662105886222431E+00  1.695961348858068E+01  5.653204496192549E+00  5.653204496192549E+00  1.695961348857765E+01  3.030464768016827E-12  3.000000000000536E+00  2.085715299718794E+03  4.470169892240226E+02  2.532732288942816E+03  1.890887942715485E+21  4.052609841940768E+20
  0.000000000000000E+00  1.591734219323567E+00 -1.155943061398939E+00  4.662172073045509E+00  1.665140242339107E+01  5.550467474462807E+00  5.550467474462807E+00  1.665140242338843E+01  2.639666263348772E-12  3.000000000000476E+00  2.058989965444411E+03  5.156664581084501E+02  2.574656423552861E+03  1.872073017802137E+21  4.688537965759642E+20
  0.000000000000000E+00  1.591826565413886E+00 -1.155612366093407E+00  4.662238298689501E+00  1.629675116963302E+01  5.432250389876921E+00  5.432250389876921E+00  1.629675116963077E+01  2.248867758680717E-12  3.000000000000414E+00  2.033374474386864E+03  5.919436775963475E+02  2.625318151983212E+03  1.854274627493061E+21  5.398052134999940E+20
  0.000000000000000E+00  1.591918911504131E+00 -1.155281670787853E+00  4.662304563187925E+00  1.589077462163809E+01  5.296924873878673E+00  5.296924873878673E+00  1.589077462163602E+01  2.069455717901292E-12  3.000000000000391E+00  2.008649020962275E+03  6.758499738203752E+02  2.684498994782651E+03  1.837368305133445E+21  6.182191652018574E+20
  0.000000000000000E+00  1.592009903675754E+00 -1.154955823922660E+00  4.662369894196047E+00  1.543568658375839E+01  5.145228861252177E+00  5.145228861252177E+00  1.543568658375654E+01  1.859845610852062E-12  3.000000000000361E+00  1.984889233728392E+03  7.646374162358028E+02  2.749526649964195E+03  1.821295680693749E+21  7.016163924025096E+20
  0.000000000000000E+00  1.592100895847377E+00 -1.154629977057466E+00  4.662435262992544E+00  1.492540750114158E+01  4.975135833713389E+00  4.975135833713389E+00  1.492540750114017E+01  1.410427330483799E-12  3.000000000000283E+00  1.961425058248949E+03  8.506932015694352E+02  2.812118259818384E+03  1.805436779478498E+21  7.830392436899504E+20
  0.000000000000000E+00  1.592191888018999E+00 -1.154304130192273E+00  4.662500669609649E+00  1.436166909447711E+01  4.787223031492053E+00  4.787223031492053E+00  1.436166909447616E+01  9.503509090791340E-13  3.000000000000199E+00  1.937991513034133E+03  9.340168597208420E+02  2.872008372754975E+03  1.789546211146744E+21  8.624735047697671E+20
  0.000000000000000E+00  1.592282880190621E+00 -1.153978283327079E+00  4.662566114079636E+00  1.374620308445447E+01  4.582067694817913E+00  4.582067694817913E+00  1.374620308445374E+01  7.318590178329032E-13  3.000000000000160E+00  1.914325213310042E+03  1.014607920589566E+03  2.928933133899608E+03  1.773377010622157E+21  9.399042276926208E+20
  0.000000000000000E+00  1.592372672545678E+00 -1.153656733056412E+00  4.662630732742327E+00  1.309134085615476E+01  4.363780285384894E+00  4.363780285384894E+00  1.309134085615468E+01  7.283063041541027E-14  3.000000000000016E+00  1.890512037537888E+03  1.082936255656463E+03  2.973448293194351E+03  1.756840707217054E+21  1.006365714410512E+21
  0.000000000000000E+00  1.592462464900736E+00 -1.153335182785746E+00  4.662695388328773E+00  1.240165343905394E+01  4.133884479685093E+00  4.133884479685093E+00  1.240165343905528E+01 -1.337596700068389E-12  2.999999999999676E+00  1.866271209258281E+03  1.126497438497786E+03  2.992768647756067E+03  1.739772485005163E+21  1.050141714775825E+21
  0.000000000000000E+00  1.592552257255793E+00 -1.153013632515079E+00  4.662760080870092E+00  1.169257877947248E+01  3.897526259825076E+00  3.897526259825076E+00  1.169257877947523E+01 -2.748024030552187E-12  2.999999999999295E+00  1.841734221672509E+03  1.145287278260455E+03  2.987021499932965E+03  1.722452295683415E+21  1.071111498305812E+21
  0.000000000000000E+00  1.592642049610850E+00 -1.152692082244413E+00  4.662824810397431E+00  1.097955482373084E+01  3.659851607911407E+00  3.659851607911407E+00  1.097955482373422E+01 -3.385736135896877E-12  2.999999999999075E+00  1.817031791098954E+03  1.139301584090621E+03  2.956333375189576E+03  1.705152259775116E+21  1.069151723263214E+21
  0.000000000000000E+00  1.592730795200694E+00 -1.152374280484823E+00  4.662888821704801E+00  1.028844812987336E+01  3.429482709958893E+00  3.429482709958893E+00  1.028844812987668E+01 -3.318234575999668E-12  2.999999999999032E+00  1.792661965895647E+03  1.098815432754467E+03  2.891477398650114E+03  1.688141417963989E+21  1.034749371616232E+21
  0.000000000000000E+00  1.592819540790538E+00 -1.152056478725233E+00  4.662952869201483E+00  9.634392683222774E+00  3.211464227741981E+00  3.211464227741981E+00  9.634392683225945E+00 -3.170796958329447E-12  2.999999999999013E+00  1.768852195939083E+03  1.019079045598242E+03  2.787931241537324E+03  1.671623034784279E+21  9.630629460160199E+20
  0.000000000000000E+00  1.592908286380383E+00 -1.151738676965644E+00  4.663016952917650E+00  9.041553148770472E+00  3.013851049591164E+00  3.013851049591165E+00  9.041553148773497E+00 -3.025135697498627E-12  2.999999999998996E+00  1.746189377185802E+03  9.000858627746236E+02  2.646275239960426E+03  1.656361407428731E+21  8.537833902499135E+20
  0.000000000000000E+00  1.592997031970227E+00 -1.151420875206054E+00  4.663081072883505E+00  8.534094191507860E+00  2.844698063836938E+00  2.844698063836938E+00  8.534094191510816E+00 -2.955857780762017E-12  2.999999999998961E+00  1.725256900805344E+03  7.418293244360950E+02  2.467086225241439E+03  1.643115963546316E+21  7.065102041549541E+20
  0.000000000000000E+00  1.593084881941415E+00 -1.151106280695246E+00  4.663144581484466E+00  8.136244864352335E+00  2.712081621451851E+00  2.712081621451851E+00  8.136244864355554E+00 -3.218758592993254E-12  2.999999999998813E+00  1.706833243189620E+03  5.530311949910810E+02  2.259864438180701E+03  1.631677028025898E+21  5.286798228527409E+20
  0.000000000000000E+00  1.593172731912602E+00 -1.150791686184438E+00  4.663208125666141E+00  7.873186812466108E+00  2.624395604156635E+00  2.624395604156635E+00  7.873186812469907E+00 -3.798739101057436E-12  2.999999999998553E+00  1.691583492422345E+03  2.995217430265699E+02  1.991105235448915E+03  1.622354013160749E+21  2.872635634036644E+20
  0.000000000000000E+00  1.593260581883790E+00 -1.150477091673630E+00  4.663271705457928E+00  7.784341027270490E+00  2.594780342424955E+00  2.594780342424955E+00  7.784341027274865E+00 -4.375166895442817E-12  2.999999999998314E+00  1.680515494550684E+03 -1.870973285468082E+01  1.661805761696003E+03  1.617021494291079E+21 -1.800283322383280E+19
  0.000000000000000E+00  1.593348431854978E+00 -1.150162497162822E+00  4.663335320889254E+00  7.909128500186792E+00  2.636376166730477E+00  2.636376166730477E+00  7.909128500191430E+00 -4.638067707674054E-12  2.999999999998241E+00  1.674631058777522E+03 -4.016739340500870E+02  1.272957124727434E+03  1.617536005601232E+21 -3.879792193223783E+20
  0.000000000000000E+00  1.593435535244074E+00 -1.149850576194472E+00  4.663398430908233E+00  8.296011795954438E+00  2.765337265320452E+00  2.765337265320452E+00  8.296011795961356E+00 -6.917133532624575E-12  2.999999999997498E+00  1.675034502347964E+03 -9.035937674726621E+02  7.714407348753017E+02  1.625576864308974E+21 -8.769139507743751E+20
  0.000000000000000E+00  1.593522638633170E+00 -1.149538655226122E+00  4.663461576021276E+00  9.030368424338041E+00  3.010122808116659E+00  3.010122808116659E+00  9.030368424349978E+00 -1.193711796076968E-11  2.999999999996034E+00  1.683062436305299E+03 -1.552164158390431E+03  1.308982779148676E+02  1.641752388534784E+21 -1.514066952875259E+21
  0.000000000000000E+00  1.593609742022267E+00 -1.149226734257772E+00  4.663524756257159E+00  1.020075200362349E+01  3.400250667880147E+00  3.400250667880147E+00  1.020075200364044E+01 -1.695354967523599E-11  2.999999999995014E+00  1.700129667182019E+03 -2.347409145962055E+03 -6.472794787800368E+02  1.666219450362160E+21 -2.300588509488820E+21
  0.000000000000000E+00  1.593696845411363E+00 -1.148914813289422E+00  4.663587971644690E+00  1.189571615209666E+01  3.965238717371963E+00  3.965238717371963E+00  1.189571615211589E+01 -1.923261550018651E-11  2.999999999995150E+00  1.727642487682809E+03 -3.289352769345812E+03 -1.561710281663003E+03  1.699090644216235E+21 -3.234991357163440E+21
  0.000000000000000E+00  1.593783349155265E+00 -1.148605039676204E+00  4.663650786656978E+00  1.418261666332425E+01  4.727538887780558E+00  4.727538887780558E+00  1.418261666334168E+01 -1.742783695135586E-11  2.999999999996314E+00  1.766326760795861E+03 -4.359665055751317E+03 -2.593338294955456E+03  1.743029067710339E+21 -4.302161460901855E+21
  0.000000000000000E+00  1.593869852899167E+00 -1.148295266062987E+00  4.663713636395312E+00  1.715419181237236E+01  5.718063937461938E+00  5.718063937461938E+00  1.715419181238582E+01 -1.345767941529630E-11  2.999999999997647E+00  1.817335581778319E+03 -5.572804329161188E+03 -3.755468747382869E+03  1.802361640888523E+21 -5.526887194509805E+21
  0.000000000000000E+00  1.593956356643069E+00 -1.147985492449769E+00  4.663776520887999E+00  2.089603637569454E+01  6.965345458568004E+00  6.965345458568004E+00  2.089603637570401E+01 -9.478640095039736E-12  2.999999999998639E+00  1.882017823155260E+03 -6.928793825515580E+03 -5.046776002360320E+03  1.878957655630814E+21 -6.917527582663071E+21
  0.000000000000000E+00  1.594042860386972E+00 -1.147675718836551E+00  4.663839440163376E+00  2.549374512974431E+01  8.497915043250659E+00  8.497915043250659E+00  2.549374512975198E+01 -7.673861546209082E-12  2.999999999999097E+00  1.961714142980128E+03 -8.427656780749508E+03 -6.465942637769381E+03  1.974857299295732E+21 -8.484120670169901E+21
  0.000000000000000E+00  1.594128909413241E+00 -1.147367573586658E+00  4.663902063232804E+00  3.099568355662440E+01  1.033189451887950E+01  1.033189451887950E+01  3.099568355663850E+01 -1.409361516380159E-11  2.999999999998636E+00  2.057236930956171E+03 -1.007610189492163E+04 -8.018864963965460E+03  2.107387747364286E+21 -1.032173463106292E+22
  0.000000000000000E+00  1.594214958439510E+00 -1.147059428336766E+00  4.663964720776228E+00  3.758390785475557E+01  1.252796928492793E+01  1.252796928492793E+01  3.758390785478378E+01 -2.821565203703358E-11  2.999999999997748E+00  2.171476945005378E+03 -1.207079140674440E+04 -9.899314461739024E+03  2.288999480970001E+21 -1.272407488759530E+22
  0.000000000000000E+00  1.594301007465780E+00 -1.146751283086874E+00  4.664027412821630E+00  4.546484522672149E+01  1.515494840892127E+01  1.515494840892127E+01  4.546484522676383E+01 -4.233413619658677E-11  2.999999999997207E+00  2.307490238016293E+03 -1.441178135386441E+04 -1.210429111584812E+04  2.511574043750764E+21 -1.568641781284170E+22
  0.000000000000000E+00  1.594387056492049E+00 -1.146443137836981E+00  4.664090139397023E+00  5.484492287510587E+01  1.828164095838487E+01  1.828164095838487E+01  5.484492287515462E+01 -4.875744252785807E-11  2.999999999997333E+00  2.468314476278214E+03 -1.709912777392374E+04 -1.463081329764553E+04  2.764169948788589E+21 -1.914865208522518E+22
  0.000000000000000E+00  1.594472794463631E+00 -1.146136106487251E+00  4.664152673595829E+00  6.603221751797342E+01  2.201073917267383E+01  2.201073917267383E+01  6.603221751802151E+01 -4.808953235624358E-11  2.999999999997815E+00  2.657696340384598E+03 -2.063343529422486E+04 -1.797573895384026E+04  3.044078397101645E+21 -2.363317196277407E+22
  0.000000000000000E+00  1.594558532435214E+00 -1.145829075137520E+00  4.664215242131043E+00  7.946406041911997E+01  2.648802013972218E+01  2.648802013972218E+01  7.946406041916657E+01 -4.659739261114737E-11  2.999999999998241E+00  2.880256093513461E+03 -2.465567853990317E+04 -2.177542244638970E+04  3.362392307161681E+21 -2.878287942420225E+22
  0.000000000000000E+00  1.594644270406796E+00 -1.145522043787790E+00  4.664277845030462E+00  9.543016279487006E+01  3.181005426497171E+01  3.181005426497171E+01  9.543016279491516E+01 -4.510525286605116E-11  2.999999999998582E+00  3.138427147582352E+03 -2.916593615724134E+04 -2.602750900965899E+04  3.722730300870880E+21 -3.459596453257448E+22
  0.000000000000000E+00  1.594730008378378E+00 -1.145215012438059E+00  4.664340482321913E+00  1.142202358615482E+02  3.807341195386422E+01  3.807341195386422E+01  1.142202358615926E+02 -4.442313183972146E-11  2.999999999998833E+00  3.434627837244171E+03 -3.416428679253738E+04 -3.072965895529322E+04  4.128474387378421E+21 -4.106598725386571E+22
  0.000000000000000E+00  1.594815577515818E+00 -1.144908585690626E+00  4.664403030587061E+00  1.358371069129348E+02  4.527903563764748E+01  4.527903563764748E+01  1.358371069129425E+02 -7.617018127348274E-12  2.999999999999832E+00  3.768094110311753E+03 -3.831968461618973E+04 -3.455159050587798E+04  4.631114836892463E+21 -4.709618570444721E+22
  0.000000000000000E+00  1.594901146653258E+00 -1.144602158943193E+00  4.664465613164396E+00  1.591560484371228E+02  5.305201614568313E+01  5.305201614568313E+01  1.591560484370494E+02  7.338485374930315E-11  3.000000000001384E+00  4.127109491993666E+03 -3.990932720989699E+04 -3.578221771790332E+04  5.246417062030888E+21 -5.073307980182334E+22
  0.000000000000000E+00  1.594986715790698E+00 -1.144295732195760E+00  4.664528230081666E+00  1.826555240231529E+02  6.088517467433287E+01  6.088517467433286E+01  1.826555240229986E+02  1.543014604976634E-10  3.000000000002534E+00  4.495855019678299E+03 -3.893280153065039E+04 -3.443694651097209E+04  5.905351089009223E+21 -5.113862900624798E+22
  0.000000000000000E+00  1.595072284928138E+00 -1.143989305448327E+00  4.664590881366654E+00  2.048139972600662E+02  6.827133241995836E+01  6.827133241995836E+01  2.048139972598751E+02  1.910791525006061E-10  3.000000000002799E+00  4.858604376542853E+03 -3.538969453539894E+04 -3.053109015885608E+04  6.514945690470255E+21 -4.745435520817456E+22
  0.000000000000000E+00  1.595157827837701E+00 -1.143682972624042E+00  4.664653547828051E+00  2.239298585009041E+02  7.464328616694168E+01  7.464328616694166E+01  2.239298585008250E+02  7.906919563538395E-11  3.000000000001060E+00  5.197462206272794E+03 -2.915196781881146E+04 -2.395450561253866E+04  7.063997550691456E+21 -3.962114991839382E+22
  0.000000000000000E+00  1.595243370747266E+00 -1.143376639799757E+00  4.664716248691708E+00  2.394054004271707E+02  7.980180014244600E+01  7.980180014244600E+01  2.394054004273380E+02 -1.672901817073580E-10  2.999999999997903E+00  5.504077586276068E+03 -2.310767172559282E+04 -1.760359413931675E+04  7.622327328641403E+21 -3.200068220957415E+22
  0.000000000000000E+00  1.595328913656830E+00 -1.143070306975472E+00  4.664778983985467E+00  2.513556475931277E+02  8.378521586451370E+01  8.378521586451370E+01  2.513556475935412E+02 -4.134506070840871E-10  2.999999999995066E+00  5.776792193281015E+03 -1.725683748082168E+04 -1.148004528754067E+04  8.200201314182154E+21 -2.449621462123070E+22
  0.000000000000000E+00  1.595414456566393E+00 -1.142763974151187E+00  4.664841753737202E+00  2.598956245530366E+02  8.663187485118712E+01  8.663187485118712E+01  2.598956245535614E+02 -5.248352863418404E-10  2.999999999993942E+00  6.013958246785225E+03 -1.159949630957070E+04 -5.585538062785477E+03  8.807523981255465E+21 -1.698762075237878E+22
  0.000000000000000E+00  1.595500115193550E+00 -1.142457226937247E+00  4.664904642956190E+00  2.657619922465950E+02  8.858733074881007E+01  8.858733074881007E+01  2.657619922464302E+02  1.647322278586216E-10  3.000000000001860E+00  6.218991107020483E+03 -8.291159465713876E+03 -2.072168358693393E+03  9.454709439977342E+21 -1.260501941872037E+22
  0.000000000000000E+00  1.595585773820706E+00 -1.142150479723306E+00  4.664967566782467E+00  2.698720682031633E+02  8.995735606716076E+01  8.995735606716076E+01  2.698720682014823E+02  1.680916739132954E-09  3.000000000018685E+00  6.397644920367798E+03 -5.680119059926244E+03  7.175258604415538E+02  1.021608799140421E+22 -9.070305845377026E+21
  0.000000000000000E+00  1.595671432447861E+00 -1.141843732509366E+00  4.665030525244106E+00  2.726397548184178E+02  9.087991827174024E+01  9.087991827174024E+01  2.726397548152207E+02  3.197044406988425E-09  3.000000000035178E+00  6.552664297089281E+03 -3.766487451993685E+03  2.786176845095595E+03  1.120607249110411E+22 -6.441277854356739E+21
  0.000000000000000E+00  1.595757091075017E+00 -1.141536985295425E+00  4.665093518369211E+00  2.744789544880349E+02  9.149298482804957E+01  9.149298482804957E+01  2.744789544841487E+02  3.886157173838001E-09  3.000000000042474E+00  6.686778109166405E+03 -2.550377001696293E+03  4.136401107470111E+03  1.254562673625239E+22 -4.784976767233114E+21
  0.000000000000000E+00  1.595843009787688E+00 -1.141229306703879E+00  4.665156737610292E+00  2.756173859339721E+02  9.187246197722367E+01  9.187246197722367E+01  2.756173859316710E+02  2.301078438904369E-09  3.000000000025046E+00  6.802819471560993E+03 -1.289148808314033E+03  5.513670663246960E+03  1.440150028670742E+22 -2.729115039750269E+21
  0.000000000000000E+00  1.595928928500287E+00 -1.140921628112313E+00  4.665219991782321E+00  2.760283594148451E+02  9.200945313867710E+01  9.200945313867710E+01  2.760283594160313E+02 -1.186208464787342E-09  2.999999999987108E+00  6.900931379097626E+03 -1.052208276911580E+02  6.795710551406469E+03  1.669930723228107E+22 -2.546199682801827E+20
  0.000000000000000E+00  1.596014847212885E+00 -1.140613949520747E+00  4.665283280913814E+00  2.757579457167989E+02  9.191931524049097E+01  9.191931524049097E+01  2.757579457214729E+02 -4.674063802667661E-09  2.999999999949150E+00  6.980930561478354E+03  1.001394433592087E+03  7.982324995070442E+03  1.920061625611005E+22  2.754273240662998E+21
  0.000000000000000E+00  1.596100765925556E+00 -1.140306270929201E+00  4.665346605033321E+00  2.748522156259789E+02  9.161740521074645E+01  9.161740521074645E+01  2.748522156322394E+02 -6.260449936235091E-09  2.999999999931668E+00  7.042635263198927E+03  2.030684468955644E+03  9.073319732154570E+03  2.165152901934433E+22  6.243035748063710E+21
  0.000000000000000E+00  1.596187089817494E+00 -1.139997141373806E+00  4.665410263044127E+00  2.733599142797572E+02  9.111997142849437E+01  9.111997142849437E+01  2.733599142854831E+02 -5.725951268686913E-09  2.999999999937160E+00  7.086756076465576E+03  2.943033564646194E+03  1.002978964111177E+04  2.350419326198496E+22  9.760972288812294E+21
  0.000000000000000E+00  1.596273413709504E+00 -1.139688011818432E+00  4.665473956431450E+00  2.713582091677562E+02  9.045273639076804E+01  9.045273639076804E+01  2.713582091723042E+02 -4.547985099634388E-09  2.999999999949720E+00  7.114400172075078E+03  3.735651812755254E+03  1.085005198483033E+04  2.450795473964838E+22  1.286871462606911E+22
  0.000000000000000E+00  1.596359737601514E+00 -1.139378882263057E+00  4.665537685224209E+00  2.689187139464060E+02  8.963957131659184E+01  8.963957131659184E+01  2.689187139497756E+02 -3.369564183230978E-09  2.999999999962410E+00  7.126719999238199E+03  4.408519772722792E+03  1.153523977196099E+04  2.489165360918606E+22  1.539773516057786E+22
  0.000000000000000E+00  1.596446061493451E+00 -1.139069752707663E+00  4.665601449451348E+00  2.661130422721368E+02  8.870434742499019E+01  8.870434742499019E+01  2.661130422749706E+02 -2.833814960467862E-09  2.999999999968054E+00  7.124861424576817E+03  4.961618003986305E+03  1.208647942856312E+04  2.489467448058357E+22  1.733617789114800E+22
  0.000000000000000E+00  1.596456678035430E+00 -1.139031734415965E+00  4.665609293941788E+00  2.657394795114833E+02  8.857982650458501E+01  8.857982650458500E+01  2.657394795137550E+02 -2.271747234772192E-09  2.999999999974353E+00  7.123685885403274E+03  5.196042602658611E+03  1.231972848806189E+04  2.488079083775500E+22  1.814814005846557E+22
  0.000000000000000E+00  1.596467294577409E+00 -1.138993716124267E+00  4.665617138968679E+00  2.653505699837427E+02  8.845018999492602E+01  8.845018999492602E+01  2.653505699847781E+02 -1.035346031130757E-09  2.999999999988294E+00  7.122261976164199E+03  5.379336929126939E+03  1.250159890529114E+04  2.487153097944548E+22  1.878509180502114E+22
  0.000000000000000E+00  1.596477911119388E+00 -1.138955697832569E+00  4.665624984532075E+00  2.649500715086558E+02  8.831669050281825E+01  8.831669050281825E+01  2.649500715084548E+02  2.009983290918171E-10  3.000000000002276E+00  7.120582749616313E+03  5.511499963292918E+03  1.263208271290923E+04  2.487634536117819E+22  1.925488142840323E+22
  0.000000000000000E+00  1.596488527661366E+00 -1.138917679540872E+00  4.665632830632028E+00  2.645417419059633E+02  8.818058063506673E+01  8.818058063506673E+01  2.645417419052002E+02  7.630660547874868E-10  3.000000000008653E+00  7.118641263791070E+03  5.592530685034971E+03  1.271117194882604E+04  2.490467294605021E+22  1.956555225784362E+22
  0.000000000000000E+00  1.596501196298731E+00 -1.138872312607673E+00  4.665642194024595E+00  2.640449244429836E+02  8.801497481396987E+01  8.801497481396987E+01  2.640449244419096E+02  1.073942712537246E-09  3.000000000012202E+00  7.116019235454670E+03  5.736676928903167E+03  1.285269616435784E+04  2.497950776287354E+22  2.013757427251787E+22
  0.000000000000000E+00  1.596513864936096E+00 -1.138826945674474E+00  4.665651558181360E+00  2.635358589463184E+02  8.784528631485345E+01  8.784528631485345E+01  2.635358589445604E+02  1.757996415108209E-09  3.000000000020012E+00  7.113085531077159E+03  5.871957977824331E+03  1.298504350890149E+04  2.510482512388781E+22  2.072440680265154E+22
  0.000000000000000E+00  1.596526533573461E+00 -1.138781578741275E+00  4.665660923102417E+00  2.630153230331114E+02  8.767177434355644E+01  8.767177434355645E+01  2.630153230306694E+02  2.442050117679173E-09  3.000000000027855E+00  7.109810748230733E+03  5.998373620699354E+03  1.310818436893009E+04  2.528657198355407E+22  2.133366297855551E+22
  0.000000000000000E+00  1.596539202210825E+00 -1.138736211808075E+00  4.665670288787856E+00  2.624840943205064E+02  8.749469810591781E+01  8.749469810591781E+01  2.624840943177534E+02  2.752983618847793E-09  3.000000000031465E+00  7.106165510895651E+03  6.115923646443809E+03  1.322208915733946E+04  2.553066528600555E+22  2.197297533989513E+22
  0.000000000000000E+00  1.596560247155207E+00 -1.138660848960562E+00  4.665685848609412E+00  2.615786022933362E+02  8.719286743010035E+01  8.719286743010035E+01  2.615786022903010E+02  3.035154350072844E-09  3.000000000034809E+00  7.099339284441609E+03  6.312434686181390E+03  1.341177397062300E+04  2.608116148937525E+22  2.319027473475369E+22
  0.000000000000000E+00  1.596581292099589E+00 -1.138585486113049E+00  4.665701410540984E+00  2.606460880611644E+02  8.688202935250294E+01  8.688202935250294E+01  2.606460880575088E+02  3.655600266938563E-09  3.000000000042075E+00  7.091615365515153E+03  6.487094978544788E+03  1.357871034405994E+04  2.680189115778646E+22  2.451718044250563E+22
  0.000000000000000E+00  1.596602337043970E+00 -1.138510123265536E+00  4.665716974582993E+00  2.596897353395488E+02  8.656324511175757E+01  8.656324511175757E+01  2.596897353352728E+02  4.276046183804283E-09  3.000000000049398E+00  7.082987812842925E+03  6.639903659275791E+03  1.372289147211872E+04  2.767825116285135E+22  2.594680748219532E+22
  0.000000000000000E+00  1.596623381988352E+00 -1.138434760418022E+00  4.665732540735862E+00  2.587127278440467E+02  8.623757594649616E+01  8.623757594649616E+01  2.587127278394885E+02  4.558160071610473E-09  3.000000000052856E+00  7.073450695265081E+03  6.770859864098275E+03  1.384431055936336E+04  2.869557596153490E+22  2.746802542713684E+22
  0.000000000000000E+00  1.596677439204742E+00 -1.138241179210013E+00  4.665772534500889E+00  2.561184171365954E+02  8.537280571097691E+01  8.537280571097691E+01  2.561184171329307E+02  3.664638370537432E-09  3.000000000042925E+00  7.044976766406708E+03  7.068935031822114E+03  1.411391179822882E+04  3.177079844928808E+22  3.187884326575036E+22
  0.000000000000000E+00  1.596731496421132E+00 -1.138047598002004E+00  4.665812542203288E+00  2.534438309248612E+02  8.448127697438734E+01  8.448127697438734E+01  2.534438309231621E+02  1.699106633168412E-09  3.000000000020112E+00  7.011650109210152E+03  7.200442489493238E+03  1.421209259870339E+04  3.519856137980079E+22  3.614630122447788E+22
  0.000000000000000E+00  1.596785553637522E+00 -1.137854016793995E+00  4.665852563850219E+00  2.507512958161725E+02  8.358376527214629E+01  8.358376527214629E+01  2.507512958164389E+02 -2.664251042006072E-10  2.999999999996812E+00  6.974597763914615E+03  7.165365317654404E+03  1.413996308156902E+04  3.863212474336671E+22  3.968878151161683E+22
  0.000000000000000E+00  1.596839610853913E+00 -1.137660435585985E+00  4.665892599448844E+00  2.481031384178579E+02  8.270104613967258E+01  8.270104613967258E+01  2.481031384190178E+02 -1.159889961854788E-09  2.999999999985975E+00  6.934942518866434E+03  6.963686596846584E+03  1.389862911571302E+04  4.173359860881406E+22  4.190657679998731E+22
  0.000000000000000E+00  1.596905584278140E+00 -1.137424181927160E+00  4.665941479286968E+00  2.450312050236185E+02  8.167706834162009E+01  8.167706834162009E+01  2.450312050248602E+02 -1.241772906723781E-09  2.999999999984797E+00  6.885135375865800E+03  6.485909006830938E+03  1.337104438269673E+04  4.465771545133771E+22  4.206829104415419E+22
  0.000000000000000E+00  1.596971557702367E+00 -1.137187928268334E+00  4.665990379929388E+00  2.421870915969546E+02  8.072903053279218E+01  8.072903053279218E+01  2.421870915983766E+02 -1.421966544512543E-09  2.999999999982386E+00  6.835516800146558E+03  5.966236520295646E+03  1.280175332044221E+04  4.663721720161833E+22  4.070631037982231E+22
  0.000000000000000E+00  1.597037531126595E+00 -1.136951674609509E+00  4.666039301389157E+00  2.395899068580492E+02  7.986330228655045E+01  7.986330228655045E+01  2.395899068596514E+02 -1.602217025720165E-09  2.999999999979938E+00  6.787198387774381E+03  5.404663949898934E+03  1.219186233767332E+04  4.782545251350261E+22  3.808353378220470E+22
  0.000000000000000E+00  1.597103504550822E+00 -1.136715420950683E+00  4.666088243679334E+00  2.372587595270851E+02  7.908625317625642E+01  7.908625317625642E+01  2.372587595287692E+02 -1.684099970589159E-09  2.999999999978705E+00  6.741286540880236E+03  4.801186108306281E+03  1.154247264918652E+04  4.837250847872597E+22  3.445120072016130E+22
  0.000000000000000E+00  1.597169813958040E+00 -1.136477964122371E+00  4.666137456221009E+00  2.351516545611290E+02  7.838388485416422E+01  7.838388485416422E+01  2.351516545624927E+02 -1.363702040180215E-09  2.999999999982602E+00  6.697899791784062E+03  4.394748580845630E+03  1.109264837262969E+04  4.847213172549032E+22  3.180442209249893E+22
  0.000000000000000E+00  1.597236123365257E+00 -1.136240507294059E+00  4.666186689832291E+00  2.332159285660736E+02  7.773864285557750E+01  7.773864285557750E+01  2.332159285667325E+02 -6.589004897250561E-10  2.999999999991524E+00  6.656755260572937E+03  4.054494309787289E+03  1.071124957036023E+04  4.831610915375179E+22  2.942835990910196E+22
  0.000000000000000E+00  1.597302432772475E+00 -1.136003050465747E+00  4.666235944526473E+00  2.314212018080464E+02  7.714040060266683E+01  7.714040060266683E+01  2.314212018080005E+02  4.587263902067207E-11  3.000000000000595E+00  6.617676493176688E+03  3.780431542149626E+03  1.039810803532632E+04  4.804976844275407E+22  2.744903900957783E+22
  0.000000000000000E+00  1.597368742179693E+00 -1.135765593637435E+00  4.666285220316861E+00  2.297370945531746E+02  7.657903151760279E+01  7.657903151760279E+01  2.297370945528084E+02  3.661853043013252E-10  3.000000000004782E+00  6.580487835040783E+03  3.572568524948864E+03  1.015305635998965E+04  4.781476449626482E+22  2.595879316995036E+22
  0.000000000000000E+00  1.597435381418168E+00 -1.135526955669257E+00  4.666334762478483E+00  2.281233792765827E+02  7.604112642542418E+01  7.604112642542418E+01  2.281233792762725E+02  3.101945367234293E-10  3.000000000004079E+00  6.544600583225842E+03  3.431590010745523E+03  9.976190593971365E+03  4.770817674243675E+22  2.501526268231522E+22
  0.000000000000000E+00  1.597502020656643E+00 -1.135288317701079E+00  4.666384325973681E+00  2.265697455601413E+02  7.552324851998478E+01  7.552324851998478E+01  2.265697455599544E+02  1.869864263426280E-10  3.000000000002475E+00  6.509806936802142E+03  3.312206671613777E+03  9.822013608415918E+03  4.770495772899568E+22  2.427240635444289E+22
  0.000000000000000E+00  1.597568659895119E+00 -1.135049679732901E+00  4.666433910815995E+00  2.250662326920157E+02  7.502207756398391E+01  7.502207756398391E+01  2.250662326919518E+02  6.394884621840902E-11  3.000000000000852E+00  6.475961988547121E+03  3.214421211531893E+03  9.690383200079013E+03  4.775926635258824E+22  2.370588324676113E+22
  0.000000000000000E+00  1.597635299133594E+00 -1.134811041764723E+00  4.666483517018975E+00  2.236028799603710E+02  7.453429332012098E+01  7.453429332012098E+01  2.236028799603629E+02  8.043343768804334E-12  3.000000000000108E+00  6.442921504457392E+03  3.138236334479318E+03  9.581157838936711E+03  4.782620929163320E+22  2.329532458770129E+22
  0.000000000000000E+00  1.597702272524026E+00 -1.134571207184071E+00  4.666533393499726E+00  2.221690191510860E+02  7.405633971702733E+01  7.405633971702733E+01  2.221690191510820E+02  3.950617610826157E-12  3.000000000000053E+00  6.410477520223957E+03  3.053554948561175E+03  9.464032468785132E+03  4.786966391919053E+22  2.280214674885840E+22
  0.000000000000000E+00  1.597769245914458E+00 -1.134331372603420E+00  4.666583291583375E+00  2.207724016522225E+02  7.359080055074254E+01  7.359080055074254E+01  2.207724016522276E+02 -5.144329406903125E-12  2.999999999999930E+00  6.378787812725476E+03  2.977701039995396E+03  9.356488852720873E+03  4.789305596559864E+22  2.235710086998285E+22
  0.000000000000000E+00  1.597836219304890E+00 -1.134091538022768E+00  4.666633211283712E+00  2.194089350190286E+02  7.313631167301428E+01  7.313631167301428E+01  2.194089350190428E+02 -1.423927642463241E-11  2.999999999999805E+00  6.347765869689943E+03  2.910675719737895E+03  9.258441589427839E+03  4.791210509013383E+22  2.196939897126273E+22
  0.000000000000000E+00  1.597903192695322E+00 -1.133851703442117E+00  4.666683152614540E+00  2.180745268067522E+02  7.269150893559021E+01  7.269150893559021E+01  2.180745268067706E+02 -1.838884600147139E-11  2.999999999999747E+00  6.317325582903741E+03  2.852480098739482E+03  9.169805681643224E+03  4.794220042522867E+22  2.164747895420101E+22
  0.000000000000000E+00  1.597970504670367E+00 -1.133610656375457E+00  4.666733368232978E+00  2.167603456028917E+02  7.225344853430300E+01  7.225344853430302E+01  2.167603456029091E+02 -1.742250788083766E-11  2.999999999999759E+00  6.287249872132045E+03  2.793108309833910E+03  9.080358181965956E+03  4.798354759818983E+22  2.131667235397578E+22
  0.000000000000000E+00  1.598037816645413E+00 -1.133369609308797E+00  4.666783605729152E+00  2.154744924994479E+02  7.182483083315437E+01  7.182483083315437E+01  2.154744924994631E+02 -1.520561454526614E-11  2.999999999999788E+00  6.257672993735522E+03  2.731008291333732E+03  8.988681285069253E+03  4.801792380098092E+22  2.095624813958642E+22
  0.000000000000000E+00  1.598105128620459E+00 -1.133128562242137E+00  4.666833865117109E+00  2.142182351364052E+02  7.140607837880604E+01  7.140607837880604E+01  2.142182351364182E+02 -1.296029950026423E-11  2.999999999999818E+00  6.228578506538370E+03  2.666179699119379E+03  8.894758205657750E+03  4.803361725798394E+22  2.056107265471105E+22
  0.000000000000000E+00  1.598172440595504E+00 -1.132887515175477E+00  4.666884146410908E+00  2.129928411537479E+02  7.099761371791996E+01  7.099761371791996E+01  2.129928411537599E+02 -1.196553967020009E-11  2.999999999999831E+00  6.199950041896759E+03  2.598622189072409E+03  8.798572230969168E+03  4.801912654209751E+22  2.012654406711884E+22
  0.000000000000000E+00  1.598240095672816E+00 -1.132645239444901E+00  4.666934706086085E+00  2.117967726516788E+02  7.059892421722950E+01  7.059892421722950E+01  2.117967726516885E+02 -9.720224625198171E-12  2.999999999999862E+00  6.171736618368714E+03  2.514002645223396E+03  8.685739263592110E+03  4.794761475044310E+22  1.953103927928587E+22
  0.000000000000000E+00  1.598307750750128E+00 -1.132402963714324E+00  4.666985287919502E+00  2.106414334210068E+02  7.021381114033723E+01  7.021381114033723E+01  2.106414334210117E+02 -4.973799150320701E-12  2.999999999999929E+00  6.144282415342710E+03  2.424706291774766E+03  8.568988707117476E+03  4.777685865961192E+22  1.885408937322314E+22
  0.000000000000000E+00  1.598375405827441E+00 -1.132160687983748E+00  4.667035891925470E+00  2.095290078575882E+02  6.984300261919611E+01  6.984300261919611E+01  2.095290078575883E+02 -1.421085471520200E-13  2.999999999999998E+00  6.117729038973309E+03  2.330732535740377E+03  8.448461574713687E+03  4.747235839353554E+22  1.808602008216922E+22
  0.000000000000000E+00  1.598443060904753E+00 -1.131918412253171E+00  4.667086518118312E+00  2.084616803572794E+02  6.948722678575909E+01  6.948722678575909E+01  2.084616803572773E+02  2.074784788419493E-12  3.000000000000030E+00  6.092217393101424E+03  2.232080784134893E+03  8.324298177236316E+03  4.700013374554278E+22  1.722001836375530E+22
  0.000000000000000E+00  1.598484180475576E+00 -1.131771161308260E+00  4.667117298677858E+00  2.078343287817582E+02  6.927810959391849E+01  6.927810959391850E+01  2.078343287817555E+02  2.643218977027573E-12  3.000000000000039E+00  6.077287132078662E+03  2.182908179617117E+03  8.260195311695777E+03  4.662974894266376E+22  1.674899641373664E+22
  0.000000000000000E+00  1.598525300046399E+00 -1.131623910363349E+00  4.667148087441740E+00  2.072197343602849E+02  6.907324478676030E+01  6.907324478676030E+01  2.072197343602809E+02  3.979039320256561E-12  3.000000000000057E+00  6.062788666438597E+03  2.142443149033640E+03  8.205231815472238E+03  4.623138558090813E+22  1.633705556263964E+22
  0.000000000000000E+00  1.598566419617223E+00 -1.131476659418438E+00  4.667178884413183E+00  2.066154210347044E+02  6.887180701156639E+01  6.887180701156639E+01  2.066154210346992E+02  5.172751116333529E-12  3.000000000000075E+00  6.048679004071035E+03  2.110686364547313E+03  8.159365368618348E+03  4.583958791378492E+22  1.599572288444709E+22
  0.000000000000000E+00  1.598607539188047E+00 -1.131329408473526E+00  4.667209689595408E+00  2.060189127468615E+02  6.867297091561858E+01  6.867297091561858E+01  2.060189127468557E+02  5.769607014372014E-12  3.000000000000084E+00  6.034915278257007E+03  2.087638498318599E+03  8.122553776575606E+03  4.548858140814560E+22  1.573571614562444E+22
  0.000000000000000E+00  1.598648658758870E+00 -1.131182157528615E+00  4.667240502991641E+00  2.054262427706380E+02  6.847541425687758E+01  6.847541425687758E+01  2.054262427706328E+02  5.172751116333529E-12  3.000000000000075E+00  6.021430476699335E+03  2.083289792619506E+03  8.104720269318841E+03  4.519690692928964E+22  1.563719040319736E+22
  0.000000000000000E+00  1.598689778329694E+00 -1.131034906583703E+00  4.667271324605110E+00  2.048340114940813E+02  6.827800383135914E+01  6.827800383135914E+01  2.048340114940774E+02  3.893774191965349E-12  3.000000000000057E+00  6.008136011517372E+03  2.084659122800089E+03  8.092795134317461E+03  4.496558755599141E+22  1.560183093907521E+22
  0.000000000000000E+00  1.598730897900517E+00 -1.130887655638792E+00  4.667302154439044E+00  2.042405935302852E+02  6.808019784342754E+01  6.808019784342754E+01  2.042405935302827E+02  2.529532139305957E-12  3.000000000000037E+00  5.994956913234276E+03  2.091746930095227E+03  8.086703843329503E+03  4.480230216180680E+22  1.563231885808482E+22
  0.000000000000000E+00  1.598772017471340E+00 -1.130740404693881E+00  4.667332992496673E+00  2.036443634923434E+02  6.788145449744714E+01  6.788145449744714E+01  2.036443634923415E+02  1.932676241267473E-12  3.000000000000028E+00  5.981818434789063E+03  2.104553655739351E+03  8.086372090528415E+03  4.471466737283986E+22  1.573174072576103E+22
  0.000000000000000E+00  1.598813137042164E+00 -1.130593153748970E+00  4.667363838781230E+00  2.030441265732297E+02  6.768137552440946E+01  6.768137552440946E+01  2.030441265732284E+02  1.222133505507372E-12  3.000000000000018E+00  5.968663548675733E+03  2.118413658521688E+03  8.087077207197422E+03  4.468703368000081E+22  1.586043872878977E+22
  0.000000000000000E+00  1.598854256612987E+00 -1.130445902804058E+00  4.667394693295948E+00  2.024405481580811E+02  6.748018271936044E+01  6.748018271936044E+01  2.024405481580814E+02 -2.557953848736361E-13  2.999999999999996E+00  5.955475224092762E+03  2.128175718525320E+03  8.083650942618083E+03  4.469096040140197E+22  1.597021449758932E+22
  0.000000000000000E+00  1.598895376183811E+00 -1.130298651859147E+00  4.667425556044063E+00  2.018347931482357E+02  6.727826438274583E+01  6.727826438274583E+01  2.018347931482375E+02 -1.818989403545856E-12  2.999999999999973E+00  5.942238908723657E+03  2.133839519518321E+03  8.076078428241978E+03  4.471489972837738E+22  1.605698148750551E+22
  0.000000000000000E+00  1.598936495754634E+00 -1.130151400914235E+00  4.667456427028812E+00  2.012280264450317E+02  6.707600881501136E+01  6.707600881501136E+01  2.012280264450341E+02 -2.415845301584341E-12  2.999999999999964E+00  5.928940094016125E+03  2.135404745273122E+03  8.064344839289248E+03  4.474740193949354E+22  1.611650867187500E+22
  0.000000000000000E+00  1.598977615325458E+00 -1.130004149969324E+00  4.667487306253433E+00  2.006218217264505E+02  6.687394057548428E+01  6.687394057548428E+01  2.006218217264529E+02 -2.330580173293129E-12  2.999999999999965E+00  5.915593024068187E+03  2.130063595237239E+03  8.045656619305426E+03  4.476668542151965E+22  1.611941296635039E+22
  0.000000000000000E+00  1.599018734896281E+00 -1.129856899024413E+00  4.667518193721168E+00  2.000176739351089E+02  6.667255797837042E+01  6.667255797837042E+01  2.000176739351113E+02 -2.359001882723533E-12  2.999999999999965E+00  5.902230633520838E+03  2.121038676109789E+03  8.023269309630627E+03  4.476114387991005E+22  1.608546382735469E+22
  0.000000000000000E+00  1.599059854467105E+00 -1.129709648079502E+00  4.667549089435258E+00  1.994166298692985E+02  6.647220995643356E+01  6.647220995643356E+01  1.994166298693007E+02 -2.245315045001917E-12  2.999999999999966E+00  5.888866452201675E+03  2.108329703721480E+03  7.997196155923156E+03  4.473464071945771E+22  1.601587887578591E+22
  0.000000000000000E+00  1.599100974037928E+00 -1.129562397134590E+00  4.667579993398949E+00  1.988197363273104E+02  6.627324544243753E+01  6.627324544243753E+01  1.988197363273126E+02 -2.160049916710705E-12  2.999999999999967E+00  5.875513969590692E+03  2.091936393904351E+03  7.967450363495043E+03  4.469100722207726E+22  1.591192616883838E+22
  0.000000000000000E+00  1.599142093608752E+00 -1.129415146189679E+00  4.667610905615484E+00  1.982282333753187E+02  6.607607779177356E+01  6.607607779177356E+01  1.982282333753207E+02 -2.046363078989089E-12  2.999999999999969E+00  5.862209114557694E+03  2.070984398548192E+03  7.933193513105885E+03  4.462509862791611E+22  1.576502667101829E+22
  0.000000000000000E+00  1.599183213179575E+00 -1.129267895244768E+00  4.667641826088111E+00  1.976428084482124E+02  6.588093614940462E+01  6.588093614940462E+01  1.976428084482139E+02 -1.449507180950604E-12  2.999999999999978E+00  5.848981672892992E+03  2.049264665004891E+03  7.898246337897883E+03  4.453539899472560E+22  1.560354000162982E+22
  0.000000000000000E+00  1.599224332750399E+00 -1.129120644299856E+00  4.667672754820080E+00  1.970636793973554E+02  6.568789313245209E+01  6.568789313245209E+01  1.970636793973563E+02 -9.094947017729282E-13  2.999999999999986E+00  5.835835879549508E+03  2.026777134137086E+03  7.862613013686594E+03  4.443109586218334E+22  1.543085360808289E+22
  0.000000000000000E+00  1.599265452321222E+00 -1.128973393354945E+00  4.667703691814639E+00  1.964910640741114E+02  6.549702135803736E+01  6.549702135803736E+01  1.964910640741121E+02 -6.536993168992922E-13  2.999999999999990E+00  5.822775956363820E+03  2.003521746804145E+03  7.826297703167966E+03  4.432129415917678E+22  1.525023070780604E+22
  0.000000000000000E+00  1.599306571892046E+00 -1.128826142410034E+00  4.667734637075043E+00  1.959252488519361E+02  6.530841628397876E+01  6.530841628397877E+01  1.959252488519364E+02 -3.126388037344441E-13  2.999999999999996E+00  5.809823529351494E+03  1.979282248547881E+03  7.789105777899375E+03  4.420382513842742E+22  1.505929499792742E+22
  0.000000000000000E+00  1.599347691462869E+00 -1.128678891465122E+00  4.667765590604544E+00  1.953662176424198E+02  6.512207254747312E+01  6.512207254747312E+01  1.953662176424194E+02  3.979039320256561E-13  3.000000000000006E+00  5.796992893202894E+03  1.955871554763905E+03  7.752864447966799E+03  4.407510378279985E+22  1.487068267120403E+22
  0.000000000000000E+00  1.599388811033693E+00 -1.128531640520211E+00  4.667796552406399E+00  1.948137346041292E+02  6.493791153470930E+01  6.493791153470931E+01  1.948137346041279E+02  1.250555214937776E-12  3.000000000000020E+00  5.784277277835193E+03  1.933289729473851E+03  7.717567007309044E+03  4.394200287929502E+22  1.468681717326760E+22
  0.000000000000000E+00  1.599429930604516E+00 -1.128384389575300E+00  4.667827522483864E+00  1.942675638956304E+02  6.475585463187630E+01  6.475585463187630E+01  1.942675638956289E+02  1.506350599811412E-12  3.000000000000024E+00  5.771669932876491E+03  1.911536836701058E+03  7.683206769577549E+03  4.381133440358042E+22  1.451000846400349E+22
  0.000000000000000E+00  1.599471050175340E+00 -1.128237138630388E+00  4.667858500840198E+00  1.937277231280236E+02  6.457590770934081E+01  6.457590770934081E+01  1.937277231280224E+02  1.136868377216160E-12  3.000000000000018E+00  5.759183425202461E+03  1.888866922105361E+03  7.648050347307822E+03  4.367876313064209E+22  1.432553276822307E+22
  0.000000000000000E+00  1.599512169746163E+00 -1.128089887685477E+00  4.667889487478663E+00  1.931941865097169E+02  6.439806216990547E+01  6.439806216990547E+01  1.931941865097164E+02  4.547473508864641E-13  3.000000000000007E+00  5.746827715537297E+03  1.867255138182584E+03  7.614082853719880E+03  4.353903795406690E+22  1.414667297428404E+22
  0.000000000000000E+00  1.599553289316987E+00 -1.127942636740566E+00  4.667920482402520E+00  1.926666530952389E+02  6.422221769841302E+01  6.422221769841302E+01  1.926666530952390E+02 -1.705302565824240E-13  2.999999999999997E+00  5.734592182767164E+03  1.846701566628645E+03  7.581293749395809E+03  4.339751698810724E+22  1.397523312129567E+22
  0.000000000000000E+00  1.599594408887810E+00 -1.127795385795655E+00  4.667951485615034E+00  1.921448219391182E+02  6.404827397970622E+01  6.404827397970622E+01  1.921448219391187E+02 -5.115907697472721E-13  2.999999999999992E+00  5.722466237088529E+03  1.827206289139414E+03  7.549672526227943E+03  4.325951233943394E+22  1.381293479713630E+22
  0.000000000000000E+00  1.599635528458633E+00 -1.127648134850743E+00  4.667982497119469E+00  1.916287073311162E+02  6.387623577703843E+01  6.387623577703843E+01  1.916287073311153E+02  8.526512829121202E-13  3.000000000000013E+00  5.710459971174076E+03  1.806568468493547E+03  7.517028439667623E+03  4.312010342144619E+22  1.364153143399922E+22
  0.000000000000000E+00  1.599676648029457E+00 -1.127500883905832E+00  4.668013516919093E+00  1.911183025995472E+02  6.370610086651445E+01  6.370610086651445E+01  1.911183025995434E+02  3.865352482534945E-12  3.000000000000060E+00  5.698582289612101E+03  1.787099676914573E+03  7.485681966526673E+03  4.297424375655043E+22  1.347690587411119E+22
  0.000000000000000E+00  1.599717767600280E+00 -1.127353632960921E+00  4.668044545017176E+00  1.906132753567700E+02  6.353775845225436E+01  6.353775845225436E+01  1.906132753567631E+02  6.878053682157770E-12  3.000000000000108E+00  5.686820871673075E+03  1.768800004636289E+03  7.455620876309365E+03  4.282699057245009E+22  1.332069056376336E+22
  0.000000000000000E+00  1.599758887171104E+00 -1.127206382016009E+00  4.668075581416988E+00  1.901132932151428E+02  6.337109773837820E+01  6.337109773837820E+01  1.901132932151346E+02  8.213874025386758E-12  3.000000000000129E+00  5.675163433140447E+03  1.751669541887443E+03  7.426832975027889E+03  4.268335908838930E+22  1.317444703424205E+22
  0.000000000000000E+00  1.599800006741927E+00 -1.127059131071098E+00  4.668106626121801E+00  1.896183410787730E+02  6.320611369292203E+01  6.320611369292203E+01  1.896183410787661E+02  6.906475391588174E-12  3.000000000000109E+00  5.663618441396563E+03  1.733456263752621E+03  7.397074705149184E+03  4.253877335493663E+22  1.301978653531699E+22
  0.000000000000000E+00  1.599841126312751E+00 -1.126911880126187E+00  4.668137679134890E+00  1.891284243497420E+02  6.304280811657934E+01  6.304280811657934E+01  1.891284243497381E+02  3.950617610826157E-12  3.000000000000062E+00  5.652194035987551E+03  1.716304011267267E+03  7.368498047254818E+03  4.238858876877090E+22  1.287140966367920E+22
  0.000000000000000E+00  1.599882245883574E+00 -1.126764629181275E+00  4.668168740459530E+00  1.886432413873694E+02  6.288108046245613E+01  6.288108046245613E+01  1.886432413873684E+02  9.663381206337363E-13  3.000000000000015E+00  5.640877496659852E+03  1.700212866316857E+03  7.341090362976709E+03  4.223765683279998E+22  1.273082204545755E+22
  0.000000000000000E+00  1.599923365454398E+00 -1.126617378236364E+00  4.668199810098999E+00  1.881624905509749E+02  6.272083018365841E+01  6.272083018365841E+01  1.881624905509752E+02 -3.410605131648481E-13  2.999999999999994E+00  5.629656141017869E+03  1.685182910784574E+03  7.314839051802443E+03  4.209079010140881E+22  1.259946938206603E+22
  0.000000000000000E+00  1.599964485025221E+00 -1.126470127291453E+00  4.668230888056575E+00  1.876861647097819E+02  6.256205490326072E+01  6.256205490326072E+01  1.876861647097822E+02 -2.842170943040401E-13  2.999999999999996E+00  5.618537527370736E+03  1.669113005269403E+03  7.287650532640138E+03  4.194371315241096E+22  1.246032384244658E+22
  0.000000000000000E+00  1.600005604596044E+00 -1.126322876346541E+00  4.668261974335540E+00  1.872142877961408E+02  6.240476259871357E+01  6.240476259871357E+01  1.872142877961408E+02  8.526512829121202E-14  3.000000000000002E+00  5.607529393547565E+03  1.653940285561452E+03  7.261469679109016E+03  4.179200919941025E+22  1.232654931938398E+22
  0.000000000000000E+00  1.600046724166868E+00 -1.126175625401630E+00  4.668293068939176E+00  1.867466047640618E+02  6.224886825468715E+01  6.224886825468715E+01  1.867466047640615E+02  3.126388037344441E-13  3.000000000000005E+00  5.596619382684034E+03  1.639664820896379E+03  7.236284203580413E+03  4.164022304718680E+22  1.219950906005813E+22
  0.000000000000000E+00  1.600087843737692E+00 -1.126028374456719E+00  4.668324171870768E+00  1.862828605675552E+02  6.209428685585157E+01  6.209428685585157E+01  1.862828605675547E+02  5.115907697472721E-13  3.000000000000008E+00  5.585795174835799E+03  1.626286680510195E+03  7.212081855345994E+03  4.149286417095651E+22  1.208051677967746E+22
  0.000000000000000E+00  1.600128963308515E+00 -1.125881123511808E+00  4.668355283133600E+00  1.858230505498646E+02  6.194101684995464E+01  6.194101684995464E+01  1.858230505498639E+02  7.105427357601002E-13  3.000000000000012E+00  5.575063511200804E+03  1.612016121531409E+03  7.187079632732212E+03  4.134583585460701E+22  1.195504837243768E+22
  0.000000000000000E+00  1.600170082879339E+00 -1.125733872566896E+00  4.668386402730962E+00  1.853672000899182E+02  6.178906669663901E+01  6.178906669663901E+01  1.853672000899171E+02  1.136868377216160E-12  3.000000000000018E+00  5.564431449659036E+03  1.598484284051533E+03  7.162915733710569E+03  4.119486325555112E+22  1.183397479030591E+22
  0.000000000000000E+00  1.600211202450162E+00 -1.125586621621985E+00  4.668417530666142E+00  1.849150991952531E+02  6.163836639841718E+01  6.163836639841719E+01  1.849150991952516E+02  1.534772309241816E-12  3.000000000000025E+00  5.553887199730129E+03  1.585691225074954E+03  7.139578424805083E+03  4.104413843425919E+22  1.171851854663684E+22
  0.000000000000000E+00  1.600252322020985E+00 -1.125439370677074E+00  4.668448666942432E+00  1.844665378734067E+02  6.148884595780163E+01  6.148884595780163E+01  1.844665378734049E+02  1.733724275254644E-12  3.000000000000028E+00  5.543419006283847E+03  1.573637001608145E+03  7.117056007891992E+03  4.089782179829098E+22  1.160986127767218E+22
  0.000000000000000E+00  1.600293441591809E+00 -1.125292119732162E+00  4.668479811563122E+00  1.840215152546770E+02  6.134050508489170E+01  6.134050508489170E+01  1.840215152546751E+02  1.904254531837068E-12  3.000000000000031E+00  5.533032690071013E+03  1.560822922914043E+03  7.093855612985057E+03  4.075192625531997E+22  1.149578255092321E+22
  0.000000000000000E+00  1.600334561162632E+00 -1.125144868787251E+00  4.668510964531510E+00  1.835800598252441E+02  6.119335327508058E+01  6.119335327508058E+01  1.835800598252418E+02  2.359001882723533E-12  3.000000000000038E+00  5.522734605944545E+03  1.548592642255007E+03  7.071327248199553E+03  4.060230501507297E+22  1.138501762102724E+22
  0.000000000000000E+00  1.600375680733456E+00 -1.124997617842340E+00  4.668542125850890E+00  1.831420056264671E+02  6.104733520882143E+01  6.104733520882143E+01  1.831420056264643E+02  2.785327524179593E-12  3.000000000000045E+00  5.512513850891716E+03  1.536946204683056E+03  7.049460055574772E+03  4.045283380577136E+22  1.127867086926182E+22
  0.000000000000000E+00  1.600416800304279E+00 -1.124850366897428E+00  4.668573295524560E+00  1.827071866997054E+02  6.090239556656745E+01  6.090239556656745E+01  1.827071866997024E+02  3.012701199622825E-12  3.000000000000050E+00  5.502359554683901E+03  1.525883655249728E+03  7.028243209933629E+03  4.030735982566801E+22  1.117781216094840E+22
  0.000000000000000E+00  1.600457919875103E+00 -1.124703115952517E+00  4.668604473555820E+00  1.822756126820561E+02  6.075853756068447E+01  6.075853756068447E+01  1.822756126820535E+02  2.643218977027573E-12  3.000000000000043E+00  5.492277226844731E+03  1.514144977272894E+03  7.006422204117625E+03  4.016203582784423E+22  1.107211859746561E+22
  0.000000000000000E+00  1.600499039445926E+00 -1.124555865007606E+00  4.668635659947971E+00  1.818473195264295E+02  6.061577317547592E+01  6.061577317547592E+01  1.818473195264278E+02  1.762145984685048E-12  3.000000000000029E+00  5.482273139440607E+03  1.502851183408594E+03  6.985124322849201E+03  4.001292721451213E+22  1.096871197156501E+22
  0.000000000000000E+00  1.600540159016750E+00 -1.124408614062695E+00  4.668666854704316E+00  1.814221807479048E+02  6.047406024930130E+01  6.047406024930132E+01  1.814221807479040E+02  8.242295734817162E-13  3.000000000000014E+00  5.472337612678199E+03  1.492002307992466E+03  6.964339920670664E+03  3.986370890719301E+22  1.086861774698938E+22
  0.000000000000000E+00  1.600581278587573E+00 -1.124261363117783E+00  4.668698057828159E+00  1.810000698615610E+02  6.033335662052019E+01  6.033335662052019E+01  1.810000698615606E+02  3.979039320256561E-13  3.000000000000007E+00  5.462460995957393E+03  1.481598385361057E+03  6.944059381318451E+03  3.971802936547104E+22  1.077283082133772E+22
  0.000000000000000E+00  1.600622398158397E+00 -1.124114112172872E+00  4.668729269322808E+00  1.805810097185414E+02  6.019366990618029E+01  6.019366990618029E+01  1.805810097185409E+02  4.547473508864641E-13  3.000000000000008E+00  5.452649191908174E+03  1.470571187666907E+03  6.923220379575081E+03  3.957228153358591E+22  1.067258409726694E+22
  0.000000000000000E+00  1.600663517729220E+00 -1.123966861227960E+00  4.668760489191568E+00  1.801650416072632E+02  6.005501386908750E+01  6.005501386908750E+01  1.801650416072625E+02  6.536993168992922E-13  3.000000000000011E+00  5.442908770682142E+03  1.459891540354130E+03  6.902800311036273E+03  3.942281249047669E+22  1.057394729116526E+22
  0.000000000000000E+00  1.600704637300044E+00 -1.123819610283049E+00  4.668791717437752E+00  1.797520666987163E+02  5.991735556623852E+01  5.991735556623851E+01  1.797520666987156E+02  7.673861546209082E-13  3.000000000000013E+00  5.433231124588690E+03  1.449559470250764E+03  6.882790594839455E+03  3.927316329291662E+22  1.047788773798237E+22
  0.000000000000000E+00  1.600745756870867E+00 -1.123672359338138E+00  4.668822954064670E+00  1.793419861638910E+02  5.978066205463004E+01  5.978066205463004E+01  1.793419861638901E+02  8.526512829121202E-13  3.000000000000014E+00  5.423607671941160E+03  1.439575004185710E+03  6.863182676126871E+03  3.912685000666024E+22  1.038534471317169E+22
  0.000000000000000E+00  1.600786876441691E+00 -1.123525108393227E+00  4.668854199075636E+00  1.789348212585939E+02  5.964494041953105E+01  5.964494041953105E+01  1.789348212585932E+02  6.821210263296962E-13  3.000000000000012E+00  5.414044495676340E+03  1.429083275488939E+03  6.843127771165279E+03  3.898052580936897E+22  1.028924264446318E+22
  0.000000000000000E+00  1.600827996012514E+00 -1.123377857448315E+00  4.668885452473964E+00  1.785306032832068E+02  5.951020109440212E+01  5.951020109440212E+01  1.785306032832064E+02  3.979039320256561E-13  3.000000000000007E+00  5.404548061175138E+03  1.418886083049721E+03  6.823434144224860E+03  3.883077633125570E+22  1.019445983397460E+22
  0.000000000000000E+00  1.600869115583338E+00 -1.123230606503404E+00  4.668916714262970E+00  1.781292484755820E+02  5.937641615852731E+01  5.937641615852731E+01  1.781292484755819E+02  5.684341886080801E-14  3.000000000000000E+00  5.395110397572848E+03  1.408983449606842E+03  6.804093847179691E+03  3.868098001557533E+22  1.010189906049698E+22
  0.000000000000000E+00  1.600910235154161E+00 -1.123083355558492E+00  4.668947984445974E+00  1.777306730735717E+02  5.924355769119058E+01  5.924355769119058E+01  1.777306730735718E+02 -1.136868377216160E-13  2.999999999999998E+00  5.385723558139694E+03  1.399375397897816E+03  6.785098956037510E+03  3.853449192027250E+22  1.001243739705565E+22
  0.000000000000000E+00  1.600951354724985E+00 -1.122936104613581E+00  4.668979263026295E+00  1.773348822077115E+02  5.911162740257048E+01  5.911162740257048E+01  1.773348822077115E+02  2.842170943040401E-14  3.000000000000000E+00  5.376393260846390E+03  1.389428917843717E+03  6.765822178690108E+03  3.838815490708735E+22  9.920705190783342E+21
  0.000000000000000E+00  1.600992474295808E+00 -1.122788853668670E+00  4.669010550007255E+00  1.769418885957252E+02  5.898062953190833E+01  5.898062953190833E+01  1.769418885957250E+02  1.989519660128281E-13  3.000000000000003E+00  5.367125461229869E+03  1.379736936159132E+03  6.746862397389001E+03  3.823872001161813E+22  9.830098955687004E+21
  0.000000000000000E+00  1.601033593866632E+00 -1.122641602723759E+00  4.669041845392178E+00  1.765516198562481E+02  5.885053995208254E+01  5.885053995208254E+01  1.765516198562476E+02  4.547473508864641E-13  3.000000000000008E+00  5.357912604480938E+03  1.370299472494002E+03  6.728212076974941E+03  3.808937078306259E+22  9.741451297284745E+21
  0.000000000000000E+00  1.601074713437455E+00 -1.122494351778847E+00  4.669073149184388E+00  1.761640036079152E+02  5.872133453597151E+01  5.872133453597151E+01  1.761640036079146E+02  6.252776074688882E-13  3.000000000000010E+00  5.348747158726406E+03  1.361116546496227E+03  6.709863705222633E+03  3.794326914265204E+22  9.655571655497859E+21
  0.000000000000000E+00  1.601115833008278E+00 -1.122347100833936E+00  4.669104461387212E+00  1.757790277067935E+02  5.859300923559753E+01  5.859300923559753E+01  1.757790277067926E+02  9.094947017729282E-13  3.000000000000016E+00  5.339634353432039E+03  1.351756415873344E+03  6.691390769305383E+03  3.779739976884241E+22  9.568609807153280E+21
  0.000000000000000E+00  1.601156952579102E+00 -1.122199849889025E+00  4.669135782003980E+00  1.753966882701819E+02  5.846556275672680E+01  5.846556275672680E+01  1.753966882701804E+02  1.506350599811412E-12  3.000000000000026E+00  5.330579714309664E+03  1.342607177087904E+03  6.673186891397569E+03  3.764866493215154E+22  9.482527314992133E+21
  0.000000000000000E+00  1.601198072149925E+00 -1.122052598944113E+00  4.669167111038021E+00  1.750169253085631E+02  5.833897510285365E+01  5.833897510285365E+01  1.750169253085610E+02  2.103206497849897E-12  3.000000000000036E+00  5.321576114338487E+03  1.333668846424529E+03  6.655244960763016E+03  3.750007113876169E+22  9.398094764014673E+21
  0.000000000000000E+00  1.601239191720749E+00 -1.121905347999202E+00  4.669198448492669E+00  1.746396788324198E+02  5.821322627747247E+01  5.821322627747247E+01  1.746396788324174E+02  2.359001882723533E-12  3.000000000000041E+00  5.312616448200663E+03  1.324941440168473E+03  6.637557888369136E+03  3.735460482290592E+22  9.316061943027689E+21
  0.000000000000000E+00  1.601280311291572E+00 -1.121758097054291E+00  4.669229794371255E+00  1.742649231982041E+02  5.808830773273390E+01  5.808830773273390E+01  1.742649231982017E+02  2.359001882723533E-12  3.000000000000040E+00  5.303705581795081E+03  1.316175558496760E+03  6.619881140291842E+03  3.720940004601702E+22  9.233940710245868E+21
  0.000000000000000E+00  1.601321430862396E+00 -1.121610846109379E+00  4.669261148677116E+00  1.738926411168651E+02  5.796421370562096E+01  5.796421370562096E+01  1.738926411168629E+02  2.273736754432321E-12  3.000000000000039E+00  5.294848624921173E+03  1.307576460571114E+03  6.602425085492287E+03  3.706152516483977E+22  9.152438781784804E+21
  0.000000000000000E+00  1.601362550433219E+00 -1.121463595164468E+00  4.669292511413590E+00  1.735227851306315E+02  5.784092837687644E+01  5.784092837687644E+01  1.735227851306294E+02  2.160049916710705E-12  3.000000000000037E+00  5.286038882299359E+03  1.299144159274862E+03  6.585183041574222E+03  3.691383899545729E+22  9.072274986085720E+21
  0.000000000000000E+00  1.601403670004043E+00 -1.121316344219557E+00  4.669323882584015E+00  1.731553077817316E+02  5.771843592724314E+01  5.771843592724314E+01  1.731553077817294E+02  2.160049916710705E-12  3.000000000000037E+00  5.277269679086387E+03  1.290878667490745E+03  6.568148346577132E+03  3.676918157320361E+22  8.994149437168710E+21
  0.000000000000000E+00  1.601444789574866E+00 -1.121169093274646E+00  4.669355262191732E+00  1.727901726269967E+02  5.759672420899820E+01  5.759672420899820E+01  1.727901726269946E+02  2.074784788419493E-12  3.000000000000036E+00  5.268545662329610E+03  1.282695408042302E+03  6.551241070371912E+03  3.662484721884908E+22  8.916791532009984E+21
  0.000000000000000E+00  1.601485909145690E+00 -1.121021842329734E+00  4.669386650240083E+00  1.724273511181514E+02  5.747578370604977E+01  5.747578370604977E+01  1.724273511181493E+02  2.046363078989089E-12  3.000000000000036E+00  5.259871692018826E+03  1.274637244206894E+03  6.534508936225721E+03  3.647806784675140E+22  8.839817127997140E+21
  0.000000000000000E+00  1.601527028716513E+00 -1.120874591384823E+00  4.669418046732414E+00  1.720668076397638E+02  5.735560254658726E+01  5.735560254658726E+01  1.720668076397618E+02  2.017941369558685E-12  3.000000000000035E+00  5.251241441967523E+03  1.266704185652819E+03  6.517945627620342E+03  3.633156258577280E+22  8.763897624456326E+21
  0.000000000000000E+00  1.601568148287337E+00 -1.120727340439912E+00  4.669449451672069E+00  1.717085065764023E+02  5.723616885880008E+01  5.723616885880008E+01  1.717085065764003E+02  1.989519660128281E-12  3.000000000000035E+00  5.242648605355118E+03  1.258896242048336E+03  6.501544847403454E+03  3.618803296783278E+22  8.689687625409732E+21
  0.000000000000000E+00  1.601609267858160E+00 -1.120580089495000E+00  4.669480865062395E+00  1.713524029474310E+02  5.711746764914182E+01  5.711746764914182E+01  1.713524029474255E+02  5.542233338928781E-12  3.000000000000097E+00  5.234097546061713E+03  1.251272711897552E+03  6.485370257959265E+03  3.604492201996335E+22  8.616963464884492E+21
  0.000000000000000E+00  1.601650387428984E+00 -1.120432838550089E+00  4.669512286906744E+00  1.709984594065276E+02  5.699948646883809E+01  5.699948646883809E+01  1.709984594065143E+02  1.327293830399867E-11  3.000000000000233E+00  5.225592817136247E+03  1.243733957134873E+03  6.469326774271119E+03  3.589960647270929E+22  8.544400832661219E+21
  0.000000000000000E+00  1.601691506999807E+00 -1.120285587605178E+00  4.669543717208466E+00  1.706466517897297E+02  5.688221726323619E+01  5.688221726323619E+01  1.706466517897086E+02  2.108890839735977E-11  3.000000000000371E+00  5.217128422161376E+03  1.236279984319683E+03  6.453408406481060E+03  3.575466286284779E+22  8.472625257923875E+21
  0.000000000000000E+00  1.601732626570631E+00 -1.120138336660266E+00  4.669575155970913E+00  1.702969559330751E+02  5.676565197768348E+01  5.676565197768348E+01  1.702969559330505E+02  2.458477865729947E-11  3.000000000000433E+00  5.208698383131783E+03  1.228910800011356E+03  6.437609183143139E+03  3.561265128274206E+22  8.402247271627575E+21
  0.000000000000000E+00  1.601773746141454E+00 -1.119991085715355E+00  4.669606603197439E+00  1.699493210375406E+02  5.664977367917312E+01  5.664977367917312E+01  1.699493210375194E+02  2.123101694451179E-11  3.000000000000374E+00  5.200306822082957E+03  1.221808027994589E+03  6.422114850077545E+03  3.547114799903290E+22  8.333918530223071E+21
  0.000000000000000E+00  1.601814865712278E+00 -1.119843834770443E+00  4.669638058891404E+00  1.696037032870861E+02  5.653456776235741E+01  5.653456776235741E+01  1.696037032870723E+02  1.384137249260675E-11  3.000000000000245E+00  5.191958056476821E+03  1.214753144718816E+03  6.406711201195638E+03  3.532766144190274E+22  8.265549791678020E+21
  0.000000000000000E+00  1.601855985283101E+00 -1.119696583825532E+00  4.669669523056162E+00  1.692600889922240E+02  5.642002966407251E+01  5.642002966407251E+01  1.692600889922176E+02  6.451728040701710E-12  3.000000000000115E+00  5.183646428677013E+03  1.207746153899312E+03  6.391392582576325E+03  3.518462610309754E+22  8.197722864992328E+21
  0.000000000000000E+00  1.601897104853925E+00 -1.119549332880621E+00  4.669700995695075E+00  1.689184644634667E+02  5.630615482115451E+01  5.630615482115451E+01  1.689184644634636E+02  3.154809746774845E-12  3.000000000000056E+00  5.175366298479173E+03  1.200787059253066E+03  6.376153357732238E+03  3.504446113030733E+22  8.131006192959901E+21
  0.000000000000000E+00  1.601938224424748E+00 -1.119402081935710E+00  4.669732476811503E+00  1.685787750015719E+02  5.619292500052293E+01  5.619292500052293E+01  1.685787750015688E+02  3.041122909053229E-12  3.000000000000054E+00  5.167121661650234E+03  1.194160469682763E+03  6.361282131332998E+03  3.490486910152879E+22  8.066776362139095E+21
  0.000000000000000E+00  1.601979343995571E+00 -1.119254830990798E+00  4.669763966408811E+00  1.682409710512286E+02  5.608032368374187E+01  5.608032368374187E+01  1.682409710512256E+02  2.955857780762017E-12  3.000000000000053E+00  5.158916694755882E+03  1.187554597229523E+03  6.346471291985406E+03  3.476348624668944E+22  8.002365680753614E+21
  0.000000000000000E+00  1.602020463566395E+00 -1.119107580045887E+00  4.669795464490364E+00  1.679050466388460E+02  5.596834887961441E+01  5.596834887961441E+01  1.679050466388433E+02  2.785327524179593E-12  3.000000000000050E+00  5.150746055036015E+03  1.180969443515774E+03  6.331715498551789E+03  3.462260994450201E+22  7.938314947452080E+21
  0.000000000000000E+00  1.602061583137218E+00 -1.118960329100976E+00  4.669826971059527E+00  1.675709957908336E+02  5.585699859694362E+01  5.585699859694362E+01  1.675709957908309E+02  2.728484105318785E-12  3.000000000000048E+00  5.142604416230974E+03  1.174405010162218E+03  6.317009426393192E+03  3.448452325730745E+22  7.875153056419427E+21
  0.000000000000000E+00  1.602102702708042E+00 -1.118813078156065E+00  4.669858486119671E+00  1.672387596493365E+02  5.574625321644459E+01  5.574625321644459E+01  1.672387596493338E+02  2.671640686457977E-12  3.000000000000048E+00  5.134495705479117E+03  1.168231916561757E+03  6.302727622040873E+03  3.434705501057863E+22  7.814852364262741E+21
  0.000000000000000E+00  1.602143822278865E+00 -1.118665827211153E+00  4.669890009674164E+00  1.669082819434368E+02  5.563609398114477E+01  5.563609398114477E+01  1.669082819434343E+02  2.501110429875553E-12  3.000000000000045E+00  5.126423943391414E+03  1.162065884466348E+03  6.288489827857761E+03  3.420796822269268E+22  7.754316320199221E+21
  0.000000000000000E+00  1.602184941849689E+00 -1.118518576266242E+00  4.669921541726380E+00  1.665795605799496E+02  5.552652019331574E+01  5.552652019331574E+01  1.665795605799472E+02  2.330580173293129E-12  3.000000000000042E+00  5.118383968054583E+03  1.155906914445502E+03  6.274290882500085E+03  3.406942649547038E+22  7.694046773961569E+21
  0.000000000000000E+00  1.602226061420512E+00 -1.118371325321331E+00  4.669953082279692E+00  1.662525934656897E+02  5.541753115522913E+01  5.541753115522913E+01  1.662525934656874E+02  2.273736754432321E-12  3.000000000000041E+00  5.110370633536423E+03  1.149755007065911E+03  6.260125640602334E+03  3.393358009160338E+22  7.634535029995304E+21
  0.000000000000000E+00  1.602267180991336E+00 -1.118224074376419E+00  4.669984631337474E+00  1.659273159508778E+02  5.530910531695847E+01  5.530910531695847E+01  1.659273159508754E+02  2.415845301584341E-12  3.000000000000044E+00  5.102387686018432E+03  1.144050350340785E+03  6.246438036359217E+03  3.379838090774945E+22  7.578226488829445E+21
  0.000000000000000E+00  1.602308300562159E+00 -1.118076823431508E+00  4.670016188903106E+00  1.656036644717836E+02  5.520122149059357E+01  5.520122149059357E+01  1.656036644717807E+02  2.813749233609997E-12  3.000000000000051E+00  5.094438837565513E+03  1.138347035784146E+03  6.232785873349659E+03  3.366171643670522E+22  7.521675369340832E+21
  0.000000000000000E+00  1.602349420132983E+00 -1.117929572486597E+00  4.670047754979965E+00  1.652816385642949E+02  5.509387952143056E+01  5.509387952143056E+01  1.652816385642917E+02  3.154809746774845E-12  3.000000000000057E+00  5.086518915061179E+03  1.132645063522230E+03  6.219163978583409E+03  3.352562101515310E+22  7.465347082833675E+21
  0.000000000000000E+00  1.602390539703806E+00 -1.117782321541685E+00  4.670079329571434E+00  1.649612377642999E+02  5.498707925476552E+01  5.498707925476552E+01  1.649612377642966E+02  3.296918293926865E-12  3.000000000000060E+00  5.078622761480918E+03  1.126944433680695E+03  6.205567195161612E+03  3.339211656665550E+22  7.409697798195227E+21
  0.000000000000000E+00  1.602431659274629E+00 -1.117635070596774E+00  4.670110912680893E+00  1.646423914025828E+02  5.488079713419310E+01  5.488079713419310E+01  1.646423914025793E+02  3.524291969370097E-12  3.000000000000064E+00  5.070753778758030E+03  1.121738302639613E+03  6.192492081397644E+03  3.325927727300602E+22  7.357526486797758E+21
  0.000000000000000E+00  1.602472778845453E+00 -1.117487819651863E+00  4.670142504311727E+00  1.643250310514860E+02  5.477501035049394E+01  5.477501035049394E+01  1.643250310514819E+02  4.121147867408581E-12  3.000000000000075E+00  5.062915266064647E+03  1.116521682575618E+03  6.179436948640265E+03  3.312513327418686E+22  7.305065875136544E+21
  0.000000000000000E+00  1.602513898416277E+00 -1.117340568706952E+00  4.670174104467323E+00  1.640091596092342E+02  5.466971986974318E+01  5.466971986974318E+01  1.640091596092296E+02  4.632738637155853E-12  3.000000000000085E+00  5.055101936710977E+03  1.111294572701590E+03  6.166396509412567E+03  3.299162232915569E+22  7.252754009321873E+21
  0.000000000000000E+00  1.602555017987100E+00 -1.117193317762040E+00  4.670205713151069E+00  1.636947799740525E+02  5.456492665801586E+01  5.456492665801586E+01  1.636947799740476E+02  4.916955731459893E-12  3.000000000000090E+00  5.047308520524659E+03  1.106056972231044E+03  6.153365492755704E+03  3.286067047979803E+22  7.201020811105357E+21
  0.000000000000000E+00  1.602596137557923E+00 -1.117046066817129E+00  4.670237330366354E+00  1.633818186470796E+02  5.446060621569170E+01  5.446060621569170E+01  1.633818186470752E+02  4.462208380573429E-12  3.000000000000082E+00  5.039538106699505E+03  1.101342649934072E+03  6.140880756633577E+03  3.273054120414619E+22  7.152945412919789E+21
  0.000000000000000E+00  1.602637257128747E+00 -1.116898815872217E+00  4.670268956116569E+00  1.630702079003420E+02  5.435673596677948E+01  5.435673596677948E+01  1.630702079003385E+02  3.552713678800501E-12  3.000000000000065E+00  5.031793737393646E+03  1.096587333883477E+03  6.128381071277123E+03  3.259946680075074E+22  7.104457028792067E+21
  0.000000000000000E+00  1.602678376699570E+00 -1.116751564927306E+00  4.670300590405108E+00  1.627599592883959E+02  5.425331976279779E+01  5.425331976279779E+01  1.627599592883934E+02  2.529532139305957E-12  3.000000000000047E+00  5.024070097244278E+03  1.091791020941490E+03  6.115861118185769E+03  3.246930936308402E+22  7.055972494936102E+21
  0.000000000000000E+00  1.602719496270394E+00 -1.116604313982395E+00  4.670332233235365E+00  1.624510843657977E+02  5.415036145526519E+01  5.415036145526519E+01  1.624510843657956E+02  2.103206497849897E-12  3.000000000000039E+00  5.016361887579064E+03  1.086953707972101E+03  6.103315595551166E+03  3.234191979509055E+22  7.007901429770181E+21
  0.000000000000000E+00  1.602760615841217E+00 -1.116457063037483E+00  4.670363884610737E+00  1.621435120584414E+02  5.404783735281306E+01  5.404783735281306E+01  1.621435120584392E+02  2.188471626141109E-12  3.000000000000040E+00  5.008672134613960E+03  1.082649948129773E+03  6.091322082743733E+03  3.221575165504975E+22  6.963598518909538E+21
  0.000000000000000E+00  1.602801735412041E+00 -1.116309812092572E+00  4.670395544534623E+00  1.618371807219452E+02  5.394572690731426E+01  5.394572690731426E+01  1.618371807219428E+02  2.444267011014745E-12  3.000000000000045E+00  5.001003971745241E+03  1.078255321503852E+03  6.079259293249092E+03  3.208910370939810E+22  6.918660139530495E+21
  0.000000000000000E+00  1.602842854982864E+00 -1.116162561147661E+00  4.670427213010422E+00  1.615321160554521E+02  5.384403868514982E+01  5.384403868514982E+01  1.615321160554495E+02  2.643218977027573E-12  3.000000000000049E+00  4.993352285422570E+03  1.073769821118873E+03  6.067122106541443E+03  3.196357908910142E+22  6.873443858752070E+21
  0.000000000000000E+00  1.602883974553688E+00 -1.116015310202749E+00  4.670458890041537E+00  1.612283437581050E+02  5.374278125270073E+01  5.374278125270073E+01  1.612283437581022E+02  2.756905814749189E-12  3.000000000000051E+00  4.985711978207195E+03  1.069193439997399E+03  6.054905418204596E+03  3.184077133493528E+22  6.828301350855781E+21
  0.000000000000000E+00  1.602925094124511E+00 -1.115868059257838E+00  4.670490575631371E+00  1.609257984341752E+02  5.364193281139263E+01  5.364193281139263E+01  1.609257984341779E+02 -2.671640686457977E-12  2.999999999999950E+00  4.978086286262419E+03  1.065159138453326E+03  6.043245424715746E+03  3.171909704244012E+22  6.786922551237989E+21
  0.000000000000000E+00  1.602966213695335E+00 -1.115720808312927E+00  4.670522269783330E+00  1.606244256775560E+02  5.354147522585680E+01  5.354147522585680E+01  1.606244256775704E+02 -1.446665010007564E-11  2.999999999999730E+00  4.970478669539933E+03  1.060975825799340E+03  6.031454495339272E+03  3.159684846004957E+22  6.744519917768932E+21
  0.000000000000000E+00  1.603007333266158E+00 -1.115573557368016E+00  4.670553972500822E+00  1.603242676718218E+02  5.344142255728268E+01  5.344142255728268E+01  1.603242676718480E+02 -2.629008122312371E-11  2.999999999999508E+00  4.962884389676649E+03  1.056643490583355E+03  6.019527880260004E+03  3.147541917100231E+22  6.701404701186084E+21
  0.000000000000000E+00  1.603048452836982E+00 -1.115426306423104E+00  4.670585683787254E+00  1.600253666005475E+02  5.334178886685969E+01  5.334178886685969E+01  1.600253666005791E+02 -3.163336259603966E-11  2.999999999999407E+00  4.955298723299783E+03  1.052162121354701E+03  6.007460844654483E+03  3.135619443846609E+22  6.657883187316179E+21
  0.000000000000000E+00  1.603089572407805E+00 -1.115279055478193E+00  4.670617403646039E+00  1.597276613777852E+02  5.324255379260396E+01  5.324255379260396E+01  1.597276613778119E+02 -2.674482857401017E-11  2.999999999999498E+00  4.947725210337874E+03  1.048251109656516E+03  5.995976319994391E+03  3.123765723322399E+22  6.618174507626068E+21
  0.000000000000000E+00  1.603130691978629E+00 -1.115131804533282E+00  4.670649132080588E+00  1.594311013721541E+02  5.314370045739003E+01  5.314370045739003E+01  1.594311013721701E+02 -1.600142240931746E-11  2.999999999999699E+00  4.940167617515729E+03  1.044135754484291E+03  5.984303372000019E+03  3.111824458352095E+22  6.577038331905933E+21
  0.000000000000000E+00  1.603171811549452E+00 -1.114984553588370E+00  4.670680869094316E+00  1.591357444490799E+02  5.304524814969506E+01  5.304524814969506E+01  1.591357444490852E+02 -5.258016244624741E-12  2.999999999999901E+00  4.932621583450969E+03  1.039816040129468E+03  5.972437623580437E+03  3.099926075174537E+22  6.534766151525742E+21
  0.000000000000000E+00  1.603212931120276E+00 -1.114837302643459E+00  4.670712614690640E+00  1.588416484739882E+02  5.294721615799617E+01  5.294721615799617E+01  1.588416484739885E+02 -3.126388037344441E-13  2.999999999999994E+00  4.925082760608683E+03  1.035291950883688E+03  5.960374711492372E+03  3.088200221377631E+22  6.491644886621862E+21
  0.000000000000000E+00  1.603254050691099E+00 -1.114690051698548E+00  4.670744368872976E+00  1.585487522951971E+02  5.284958409839894E+01  5.284958409839894E+01  1.585487522951968E+02  2.557953848736361E-13  3.000000000000005E+00  4.917554879785847E+03  1.031395140825917E+03  5.948950020611764E+03  3.076511746755182E+22  6.452595535518118E+21
  0.000000000000000E+00  1.603295170261923E+00 -1.114542800753636E+00  4.670776131644745E+00  1.582570039982900E+02  5.275233466609617E+01  5.275233466609617E+01  1.582570039982886E+02  1.449507180950604E-12  3.000000000000028E+00  4.910041833690001E+03  1.027245080357960E+03  5.937286914047962E+03  3.064722315345936E+22  6.411800607279990E+21
  0.000000000000000E+00  1.603336289832746E+00 -1.114395549808725E+00  4.670807903009369E+00  1.579664753045906E+02  5.265549176819593E+01  5.265549176819593E+01  1.579664753045878E+02  2.785327524179593E-12  3.000000000000053E+00  4.902539537468127E+03  1.022841750009711E+03  5.925381287477837E+03  3.052955657041506E+22  6.369536610740046E+21
  0.000000000000000E+00  1.603377409403570E+00 -1.114248298863814E+00  4.670839682970270E+00  1.576772379354223E+02  5.255907931180631E+01  5.255907931180631E+01  1.576772379354189E+02  3.353761712787673E-12  3.000000000000064E+00  4.895043919271942E+03  1.018185130311628E+03  5.913229049583570E+03  3.041334762942553E+22  6.326075685932808E+21
  0.000000000000000E+00  1.603418528974393E+00 -1.114101047918903E+00  4.670871471530873E+00  1.573892262649442E+02  5.246307542164686E+01  5.246307542164686E+01  1.573892262649406E+02  3.581135388230905E-12  3.000000000000068E+00  4.887558699382821E+03  1.014237031880392E+03  5.901795731263213E+03  3.029739885207090E+22  6.287135515999243E+21
  0.000000000000000E+00  1.603459648545216E+00 -1.113953796973991E+00  4.670903268694606E+00  1.571023830886006E+02  5.236746102953215E+01  5.236746102953215E+01  1.571023830885965E+02  4.121147867408581E-12  3.000000000000079E+00  4.880087701245850E+03  1.009991081603226E+03  5.890078782849076E+03  3.018046255353002E+22  6.246198815226952E+21
  0.000000000000000E+00  1.603500768116040E+00 -1.113806546029080E+00  4.670935074464897E+00  1.568167927596426E+02  5.227226425321266E+01  5.227226425321266E+01  1.568167927596380E+02  4.604316927725449E-12  3.000000000000088E+00  4.872627027265128E+03  1.005447256581300E+03  5.878074283846428E+03  3.006368267026483E+22  6.203521651546225E+21
  0.000000000000000E+00  1.603541887686863E+00 -1.113659295084168E+00  4.670966888845177E+00  1.565325396313212E+02  5.217751321043880E+01  5.217751321043880E+01  1.565325396313164E+02  4.831690603168681E-12  3.000000000000092E+00  4.865172792283485E+03  1.000605533915171E+03  5.865778326198656E+03  2.994819631183809E+22  6.159355944753261E+21
  0.000000000000000E+00  1.603583007257687E+00 -1.113512044139257E+00  4.670998711838877E+00  1.562495509374401E+02  5.208318364581176E+01  5.208318364581176E+01  1.562495509374353E+02  4.774847184307873E-12  3.000000000000091E+00  4.857728564384286E+03  9.965675603402603E+02  5.854296124724547E+03  2.983291148375369E+22  6.120249705425785E+21
  0.000000000000000E+00  1.603624126828511E+00 -1.113364793194346E+00  4.671030543449431E+00  1.559677621136401E+02  5.198925403787851E+01  5.198925403787851E+01  1.559677621136356E+02  4.547473508864641E-12  3.000000000000087E+00  4.850297989215500E+03  9.921882839902867E+02  5.842486273205786E+03  2.971668584950004E+22  6.078914657295682E+21
  0.000000000000000E+00  1.603665246399334E+00 -1.113217542249435E+00  4.671062383680277E+00  1.556872698159289E+02  5.189575660530816E+01  5.189575660530816E+01  1.556872698159245E+02  4.376943252282217E-12  3.000000000000084E+00  4.842877316344175E+03  9.874676786260233E+02  5.830344994970198E+03  2.960057117616446E+22  6.035586986002063E+21
  0.000000000000000E+00  1.603706365970157E+00 -1.113070291304523E+00  4.671094232534850E+00  1.554081707003139E+02  5.180272356676986E+01  5.180272356676986E+01  1.554081707003096E+02  4.291678123991005E-12  3.000000000000083E+00  4.835462807351577E+03  9.824057180092999E+02  5.817868525360876E+03  2.948561295889781E+22  5.990498929242244E+21
  0.000000000000000E+00  1.603747485540981E+00 -1.112923040359612E+00  4.671126090016591E+00  1.551303841958115E+02  5.171012806526902E+01  5.171012806526902E+01  1.551303841958071E+02  4.405364961712621E-12  3.000000000000085E+00  4.828057874095314E+03  9.782461756770524E+02  5.806304049772366E+03  2.937082476218569E+22  5.951025805686480E+21
  0.000000000000000E+00  1.603788605111804E+00 -1.112775789414700E+00  4.671157956128939E+00  1.548538378322552E+02  5.161794594408347E+01  5.161794594408347E+01  1.548538378322504E+02  4.746425474877469E-12  3.000000000000092E+00  4.820666003380567E+03  9.737024039114604E+02  5.794368407292027E+03  2.925517585595939E+22  5.909107795027501E+21
  0.000000000000000E+00  1.603829724682628E+00 -1.112628538469789E+00  4.671189830875340E+00  1.545786404168779E+02  5.152621347229096E+01  5.152621347229094E+01  1.545786404168728E+02  5.059064278611913E-12  3.000000000000098E+00  4.813283586527394E+03  9.687743731745527E+02  5.782057959701947E+03  2.913963624640166E+22  5.864963560044244E+21
  0.000000000000000E+00  1.603870844253451E+00 -1.112481287524878E+00  4.671221714259237E+00  1.543049007569126E+02  5.143496691896913E+01  5.143496691896913E+01  1.543049007569074E+02  5.229594535194337E-12  3.000000000000102E+00  4.805907026451969E+03  9.634620539295912E+02  5.769369080381560E+03  2.902517015830362E+22  5.818807959133657E+21
  0.000000000000000E+00  1.603911963824275E+00 -1.112334036579967E+00  4.671253606284075E+00  1.540325311091713E+02  5.134417703638874E+01  5.134417703638874E+01  1.540325311091662E+02  5.030642569181509E-12  3.000000000000098E+00  4.798539649759803E+03  9.591463777371940E+02  5.757686027496997E+03  2.891087304033863E+22  5.778791294399066E+21
  0.000000000000000E+00  1.603953083395098E+00 -1.112186785635055E+00  4.671285506953306E+00  1.537614511214190E+02  5.125381704047146E+01  5.125381704047146E+01  1.537614511214144E+02  4.604316927725449E-12  3.000000000000090E+00  4.791184883433623E+03  9.544072932681720E+02  5.745592176701795E+03  2.879578522266258E+22  5.736140036449038E+21
  0.000000000000000E+00  1.603994202965922E+00 -1.112039534690144E+00  4.671317416270378E+00  1.534917806873191E+02  5.116392689577160E+01  5.116392689577160E+01  1.534917806873148E+02  4.291678123991005E-12  3.000000000000084E+00  4.783839298033458E+03  9.492447679763728E+02  5.733084066009831E+03  2.868078001195408E+22  5.691052452163357E+21
  0.000000000000000E+00  1.604035322536745E+00 -1.111892283745233E+00  4.671349334238743E+00  1.532236397005346E+02  5.107454656684352E+01  5.107454656684352E+01  1.532236397005306E+02  4.092726157978177E-12  3.000000000000080E+00  4.776499475155068E+03  9.436587693141342E+02  5.720158244469201E+03  2.856672551394055E+22  5.643723229121606E+21
  0.000000000000000E+00  1.604076442107569E+00 -1.111745032800321E+00  4.671381260861855E+00  1.529569341704287E+02  5.098564472347498E+01  5.098564472347498E+01  1.529569341704249E+02  3.751665644813329E-12  3.000000000000074E+00  4.769168672441165E+03  9.391543305057398E+02  5.708323002946904E+03  2.845277504284988E+22  5.602977946829527E+21
  0.000000000000000E+00  1.604117561678392E+00 -1.111597781855410E+00  4.671413196143169E+00  1.526915756981856E+02  5.089719189939419E+01  5.089719189939419E+01  1.526915756981826E+02  2.984279490192421E-12  3.000000000000058E+00  4.761850311459920E+03  9.341968213887412E+02  5.696047132848660E+03  2.833802593149359E+22  5.559455257533429E+21
  0.000000000000000E+00  1.604158681249216E+00 -1.111450530910499E+00  4.671445140086143E+00  1.524276925652003E+02  5.080923085506601E+01  5.080923085506601E+01  1.524276925651981E+02  2.216893335571513E-12  3.000000000000044E+00  4.754541235696985E+03  9.287862071394654E+02  5.683327442836450E+03  2.822325494224811E+22  5.513333171690976E+21
  0.000000000000000E+00  1.604199800820039E+00 -1.111303279965588E+00  4.671477092694236E+00  1.521654130528678E+02  5.072180435095530E+01  5.072180435095530E+01  1.521654130528659E+02  1.847411112976260E-12  3.000000000000036E+00  4.747238298821743E+03  9.229224529338024E+02  5.670160751755546E+03  2.810923421486555E+22  5.464786420794043E+21
  0.000000000000000E+00  1.604240920390863E+00 -1.111156029020676E+00  4.671509053970908E+00  1.519046376283296E+02  5.063487920944397E+01  5.063487920944397E+01  1.519046376283320E+02 -2.387423592153937E-12  2.999999999999953E+00  4.739944623916495E+03  9.182115822554441E+02  5.658156206171940E+03  2.799515204871998E+22  5.423158896927603E+21
  0.000000000000000E+00  1.604282039961686E+00 -1.111008778075765E+00  4.671541023919624E+00  1.516452695359135E+02  5.054842317864168E+01  5.054842317864168E+01  1.516452695359251E+02 -1.156763573817443E-11  2.999999999999771E+00  4.732663562570551E+03  9.130328774405223E+02  5.645696440011073E+03  2.788015916979601E+22  5.378684035691823E+21
  0.000000000000000E+00  1.604323159532510E+00 -1.110861527130854E+00  4.671573002543846E+00  1.513874412227938E+02  5.046248040760487E+01  5.046248040760489E+01  1.513874412228147E+02 -2.086153472191654E-11  2.999999999999587E+00  4.725392325428053E+03  9.073863025340182E+02  5.632778627962071E+03  2.776496471929709E+22  5.331525287553404E+21
  0.000000000000000E+00  1.604364279103333E+00 -1.110714276185942E+00  4.671604989847043E+00  1.511312851361450E+02  5.037709504539001E+01  5.037709504539001E+01  1.511312851361700E+02 -2.501110429875553E-11  2.999999999999504E+00  4.718128132159771E+03  9.012718215814642E+02  5.619399953741236E+03  2.765027361674237E+22  5.281843089407522E+21
  0.000000000000000E+00  1.604405398674156E+00 -1.110567025241031E+00  4.671636985832682E+00  1.508766969798372E+02  5.029223232661916E+01  5.029223232661916E+01  1.508766969798575E+02 -2.032152224273887E-11  2.999999999999596E+00  4.710873950369352E+03  8.963616399866509E+02  5.607235590356004E+03  2.753534303306700E+22  5.239287974746127E+21
  0.000000000000000E+00  1.604446518244980E+00 -1.110419774296119E+00  4.671668990504231E+00  1.506235718731771E+02  5.020785729106238E+01  5.020785729106238E+01  1.506235718731872E+02 -1.003286342893261E-11  2.999999999999800E+00  4.703632959295893E+03  8.909866620830878E+02  5.594619621378980E+03  2.741940531943672E+22  5.193926616571135E+21
  0.000000000000000E+00  1.604487637815804E+00 -1.110272523351208E+00  4.671701003865165E+00  1.503720413864944E+02  5.012401379549804E+01  5.012401379549804E+01  1.503720413864941E+02  3.126388037344441E-13  3.000000000000006E+00  4.696402708523233E+03  8.851468521539315E+02  5.581549560677164E+03  2.730312203872242E+22  5.145911461700246E+21
  0.000000000000000E+00  1.604528757386627E+00 -1.110125272406297E+00  4.671733025918956E+00  1.501222370901184E+02  5.004074569670448E+01  5.004074569670448E+01  1.501222370901135E+02  4.945377440890297E-12  3.000000000000099E+00  4.689180755572876E+03  8.788421744823232E+02  5.568022930055199E+03  2.718715081305585E+22  5.095392134357131E+21
  0.000000000000000E+00  1.604569876957450E+00 -1.109978021461386E+00  4.671765056669079E+00  1.498740513735511E+02  4.995801712451637E+01  4.995801712451637E+01  1.498740513735492E+02  1.932676241267473E-12  3.000000000000039E+00  4.681970069960606E+03  8.737652985603493E+02  5.555735368520955E+03  2.707083209309650E+22  5.052051451132102E+21
  0.000000000000000E+00  1.604610996528274E+00 -1.109830770516474E+00  4.671797096119013E+00  1.496273725544033E+02  4.987579085146932E+01  4.987579085146932E+01  1.496273725544080E+02 -4.661160346586257E-12  2.999999999999907E+00  4.674773679460630E+03  8.682451377418760E+02  5.543018817202505E+03  2.695347876103578E+22  5.006066279169769E+21
  0.000000000000000E+00  1.604652116099097E+00 -1.109683519571563E+00  4.671829144272236E+00  1.493823260951683E+02  4.979410869839318E+01  4.979410869839318E+01  1.493823260951796E+02 -1.128341864387039E-11  2.999999999999774E+00  4.667589240047175E+03  8.622816579693981E+02  5.529870898016573E+03  2.683570140394389E+22  4.957577008025363E+21
  0.000000000000000E+00  1.604693235669921E+00 -1.109536268626652E+00  4.671861201132229E+00  1.491390374583391E+02  4.971301248611779E+01  4.971301248611779E+01  1.491390374583534E+02 -1.429611984349322E-11  2.999999999999712E+00  4.660414415285424E+03  8.558748251830211E+02  5.516289240468445E+03  2.671810698184646E+22  4.906721399562189E+21
  0.000000000000000E+00  1.604734355240744E+00 -1.109389017681740E+00  4.671893266702474E+00  1.488973979481438E+02  4.963246598271778E+01  4.963246598271778E+01  1.488973979481534E+02 -9.549694368615746E-12  2.999999999999808E+00  4.653252440319320E+03  8.506850815633493E+02  5.503937521882670E+03  2.660012974661445E+22  4.862906930865235E+21
  0.000000000000000E+00  1.604775474811568E+00 -1.109241766736829E+00  4.671925340986457E+00  1.486572913186123E+02  4.955243043953710E+01  4.955243043953710E+01  1.486572913186113E+02  9.947598300641403E-13  3.000000000000020E+00  4.646106383156086E+03  8.450919970290939E+02  5.491198380185180E+03  2.648116353184073E+22  4.816725560548896E+21
  0.000000000000000E+00  1.604816594382391E+00 -1.109094515791918E+00  4.671957423987664E+00  1.484188317069408E+02  4.947294390230976E+01  4.947294390230976E+01  1.484188317069293E+02  1.153921402874403E-11  3.000000000000233E+00  4.638973668921773E+03  8.390955405951463E+02  5.478069209516920E+03  2.636174956245157E+22  4.768301800962901E+21
  0.000000000000000E+00  1.604857713953215E+00 -1.108947264847006E+00  4.671989515709582E+00  1.481821332503253E+02  4.939404441676967E+01  4.939404441676967E+01  1.481821332503091E+02  1.628563950362150E-11  3.000000000000330E+00  4.631851731127013E+03  8.326956812781827E+02  5.464547412405197E+03  2.624242588169473E+22  4.717757814029388E+21
  0.000000000000000E+00  1.604898833524038E+00 -1.108800013902095E+00  4.672021616155702E+00  1.479470886658120E+02  4.931569622193464E+01  4.931569622193464E+01  1.479470886658039E+02  8.071765478234738E-12  3.000000000000164E+00  4.624744127072495E+03  8.274660844026344E+02  5.452210211475129E+03  2.612272060671196E+22  4.673915948743066E+21
  0.000000000000000E+00  1.604939953094861E+00 -1.108652762957184E+00  4.672053725329515E+00  1.477135796933685E+02  4.923785989779282E+01  4.923785989779282E+01  1.477135796933785E+02 -9.976020010071807E-12  2.999999999999797E+00  4.617654149859622E+03  8.218912573618167E+02  5.439545407221438E+03  2.600209498380042E+22  4.628084704205663E+21
  0.000000000000000E+00  1.604981072665685E+00 -1.108505512012273E+00  4.672085843234516E+00  1.474817040045732E+02  4.916056800153375E+01  4.916056800153375E+01  1.474817040046013E+02 -2.810907062666956E-11  2.999999999999428E+00  4.610578850867819E+03  8.159711736412902E+02  5.426550024509109E+03  2.588098249753753E+22  4.580365361180289E+21
  0.000000000000000E+00  1.605022192236508E+00 -1.108358261067361E+00  4.672117969874200E+00  1.472515592710047E+02  4.908385309034697E+01  4.908385309034697E+01  1.472515592710409E+02 -3.629452294262592E-11  2.999999999999261E+00  4.603515291083027E+03  8.097058067266968E+02  5.413221097809724E+03  2.575981414171439E+22  4.530857349631955E+21
  0.000000000000000E+00  1.605063311807332E+00 -1.108211010122450E+00  4.672150105252063E+00  1.470230418930903E+02  4.900768063104067E+01  4.900768063104067E+01  1.470230418931220E+02 -3.171862772433087E-11  2.999999999999353E+00  4.596466943683275E+03  8.045293898731544E+02  5.400996333556429E+03  2.563819220826714E+22  4.487507337154721E+21
  0.000000000000000E+00  1.605104431378156E+00 -1.108063759177539E+00  4.672182249371606E+00  1.467960341918007E+02  4.893201139727416E+01  4.893201139727416E+01  1.467960341918225E+02 -2.179945113311987E-11  2.999999999999555E+00  4.589437211869719E+03  7.990823076649573E+02  5.388519519534677E+03  2.551563064816636E+22  4.442612041217369E+21
  0.000000000000000E+00  1.605145550948979E+00 -1.107916508232627E+00  4.672214402236330E+00  1.465706127195290E+02  4.885687090651359E+01  4.885687090651359E+01  1.465706127195408E+02 -1.182343112304807E-11  2.999999999999758E+00  4.582423066276011E+03  7.933645393207159E+02  5.375787605596727E+03  2.539242485432915E+22  4.396243898790058E+21
  0.000000000000000E+00  1.605186670519802E+00 -1.107769257287716E+00  4.672246563849736E+00  1.463468540286682E+02  4.878228467622515E+01  4.878228467622515E+01  1.463468540286755E+02 -7.275957614183426E-12  2.999999999999851E+00  4.575421487433576E+03  7.873760640592586E+02  5.362797551492835E+03  2.526886859195734E+22  4.348474200641571E+21
  0.000000000000000E+00  1.605227790090626E+00 -1.107622006342805E+00  4.672278734215331E+00  1.461246603766213E+02  4.870822012555331E+01  4.870822012555331E+01  1.461246603766600E+02 -3.868194653477985E-11  2.999999999999206E+00  4.568435409094474E+03  7.823627040243397E+02  5.350798113118814E+03  2.514462233696746E+22  4.306116418776285E+21
  0.000000000000000E+00  1.605268909661449E+00 -1.107474755397893E+00  4.672310913336619E+00  1.459039176520509E+02  4.863463921738615E+01  4.863463921738615E+01  1.459039176521585E+02 -1.076045919035096E-10  2.999999999997787E+00  4.561467893946910E+03  7.771653949466189E+02  5.338633288893529E+03  2.501926881139867E+22  4.262687007594354E+21
  0.000000000000000E+00  1.605310029232273E+00 -1.107327504452982E+00  4.672343101217111E+00  1.456846778542393E+02  4.856155928480530E+01  4.856155928480530E+01  1.456846778544159E+02 -1.766693458193913E-10  2.999999999996362E+00  4.554516130454888E+03  7.717841227106597E+02  5.326300253165547E+03  2.489298326199235E+22  4.218232782192184E+21
  0.000000000000000E+00  1.605351148803096E+00 -1.107180253508071E+00  4.672375297860315E+00  1.454669929824690E+02  4.848899766089234E+01  4.848899766089234E+01  1.454669929826770E+02 -2.080184913211269E-10  2.999999999995710E+00  4.547577316276620E+03  7.662188731999159E+02  5.313796189476536E+03  2.476594004440857E+22  4.172800010819901E+21
  0.000000000000000E+00  1.605392268373920E+00 -1.107033002563160E+00  4.672407503269744E+00  1.452507741645151E+02  4.841692472156244E+01  4.841692472156244E+01  1.452507741646873E+02 -1.722071374388179E-10  2.999999999996443E+00  4.540656252230213E+03  7.614808059611746E+02  5.302137058191388E+03  2.463788689140089E+22  4.131842827351073E+21
  0.000000000000000E+00  1.605433387944743E+00 -1.106885751618248E+00  4.672439717448911E+00  1.450359146163024E+02  4.834530487213196E+01  4.834530487213196E+01  1.450359146163959E+02 -9.350742402602918E-11  2.999999999998066E+00  4.533755889710477E+03  7.566537070684514E+02  5.290409596778929E+03  2.450853658425105E+22  4.090311766318003E+21
  0.000000000000000E+00  1.605474507515567E+00 -1.106738500673337E+00  4.672471940401333E+00  1.448224394693380E+02  4.827414648978424E+01  4.827414648978424E+01  1.448224394693528E+02 -1.477928890381008E-11  2.999999999999694E+00  4.526870672888005E+03  7.517375696987770E+02  5.278608242586783E+03  2.437801010801976E+22  4.048241577222628E+21
  0.000000000000000E+00  1.605515627086390E+00 -1.106591249728425E+00  4.672504172130526E+00  1.446103738551288E+02  4.820345795170259E+01  4.820345795170259E+01  1.446103738551078E+02  2.103206497849897E-11  3.000000000000437E+00  4.519995064259003E+03  7.467323870301573E+02  5.266727451289160E+03  2.424642808922669E+22  4.005666569680534E+21
  0.000000000000000E+00  1.605556746657214E+00 -1.106443998783514E+00  4.672536412640010E+00  1.443996452072948E+02  4.813321506909099E+01  4.813321506909099E+01  1.443996452072730E+02  2.177102942368947E-11  3.000000000000453E+00  4.513161810891796E+03  7.423482363904833E+02  5.255510047282279E+03  2.411379316143098E+22  3.966361627644811E+21
  0.000000000000000E+00  1.605597866228037E+00 -1.106296747838603E+00  4.672568661933307E+00  1.441901586444055E+02  4.806338621479401E+01  4.806338621479401E+01  1.441901586443821E+02  2.344791028008331E-11  3.000000000000488E+00  4.506381338884275E+03  7.379933316613295E+02  5.244374670545603E+03  2.398003888262861E+22  3.927121887279275E+21
  0.000000000000000E+00  1.605638985798861E+00 -1.106149496893692E+00  4.672600920013940E+00  1.439819058253932E+02  4.799396860845604E+01  4.799396860845604E+01  1.439819058253682E+02  2.503952600818593E-11  3.000000000000522E+00  4.499614743240501E+03  7.336676751077497E+02  5.233282418348251E+03  2.384518398423890E+22  3.887986348723286E+21
  0.000000000000000E+00  1.605680105369684E+00 -1.106002245948780E+00  4.672633186885433E+00  1.437748784091901E+02  4.792495946972141E+01  4.792495946972141E+01  1.437748784091643E+02  2.577849045337643E-11  3.000000000000538E+00  4.432406434107731E+03  7.192656654546798E+02  5.151672099562410E+03  2.339042202576444E+22  3.795664435049493E+21
  0.000000000000000E+00  1.605918649973619E+00 -1.105095110047088E+00  4.672818630290902E+00  1.425458693344111E+02  4.751528977812777E+01  4.751528977812777E+01  1.425458693343833E+02  2.773958840407431E-11  3.000000000000584E+00  4.391503840180881E+03  6.974527655739115E+02  5.088956605754793E+03  2.266323586280798E+22  3.599344804106611E+21
  0.000000000000000E+00  1.606157237917398E+00 -1.104187985530066E+00  4.673004425474900E+00  1.413499383552860E+02  4.711664611841799E+01  4.711664611841799E+01  1.413499383552540E+02  3.205968823749572E-11  3.000000000000680E+00  4.350532011466726E+03  6.813663679609443E+02  5.031898379427670E+03  2.193681097598178E+22  3.435672965962453E+21
  0.000000000000000E+00  1.606395739181488E+00 -1.103280838243704E+00  4.673190452784707E+00  1.401771342397866E+02  4.672571141325007E+01  4.672571141325007E+01  1.401771342397502E+02  3.637978807091713E-11  3.000000000000779E+00  4.309475530624563E+03  6.710089632621293E+02  4.980484493886693E+03  2.124633052587895E+22  3.308170128356292E+21
  0.000000000000000E+00  1.606634023746357E+00 -1.102373634033996E+00  4.673376592184574E+00  1.390175057558844E+02  4.633916858528203E+01  4.633916858528203E+01  1.390175057558461E+02  3.831246431218460E-11  3.000000000000827E+00  4.652995234573805E+03  7.291609077017170E+02  5.382156142275521E+03  2.248450676788179E+22  3.523498851293318E+21
  0.000000000000000E+00  1.606691888657198E+00 -1.102219564643197E+00  4.673424213124529E+00  1.387954823176632E+02  4.626516077254536E+01  4.626516077254536E+01  1.387954823176361E+02  2.705746737774462E-11  3.000000000000585E+00  4.645933096100755E+03  7.293095210991165E+02  5.375242617199872E+03  2.225851073081097E+22  3.494097625962723E+21
  0.000000000000000E+00  1.606749753568040E+00 -1.102065495252397E+00  4.673471847740482E+00  1.385733977680486E+02  4.619113258934870E+01  4.619113258934870E+01  1.385733977680461E+02  2.415845301584341E-12  3.000000000000052E+00  4.638888858721487E+03  7.296148857813538E+02  5.368503744502840E+03  2.203736095052013E+22  3.466085755127930E+21
  0.000000000000000E+00  1.606807618478881E+00 -1.101911425861598E+00  4.673519496038105E+00  1.383512043868464E+02  4.611706812895623E+01  4.611706812895623E+01  1.383512043868687E+02 -2.228262019343674E-11  2.999999999999517E+00  4.631857959222963E+03  7.300770186830221E+02  5.361934977905985E+03  2.182089794085948E+22  3.439426738448981E+21
  0.000000000000000E+00  1.606865483389722E+00 -1.101757356470798E+00  4.673567158023080E+00  1.381288544538629E+02  4.604295148463211E+01  4.604295148463211E+01  1.381288544538964E+02 -3.350919541844632E-11  2.999999999999273E+00  4.301882480505359E+03  6.770740234085089E+02  4.978956503913868E+03  2.010000480010782E+22  3.163543212119690E+21
  0.000000000000000E+00  1.607120708323909E+00 -1.100843385046214E+00  4.673769216698661E+00  1.369355550487674E+02  4.564518501626416E+01  4.564518501626416E+01  1.369355550487925E+02 -2.509636942704674E-11  2.999999999999450E+00  4.261980700555232E+03  6.829904319283449E+02  4.944971132483576E+03  1.955056468076497E+22  3.133014800845803E+21
  0.000000000000000E+00  1.607375933258095E+00 -1.099929413621630E+00  4.673971618988679E+00  1.357304563744037E+02  4.524348545813680E+01  4.524348545813680E+01  1.357304563744104E+02 -6.707523425575346E-12  2.999999999999852E+00  4.222142839320015E+03  6.907375251109629E+02  4.912880364430978E+03  1.907483336459855E+22  3.120619953324174E+21
  0.000000000000000E+00  1.607631158192280E+00 -1.099015442197046E+00  4.674174365753764E+00  1.345103492840283E+02  4.483678309467219E+01  4.483678309467219E+01  1.345103492840166E+02  1.173816599475686E-11  3.000000000000262E+00  4.182138814940689E+03  7.003161741254371E+02  4.882454989066126E+03  1.865449071294497E+22  3.123770430497629E+21
  0.000000000000000E+00  1.607886383126466E+00 -1.098101470772461E+00  4.674377457857364E+00  1.332720246308977E+02  4.442400821029253E+01  4.442400821029253E+01  1.332720246308776E+02  2.006572685786523E-11  3.000000000000452E+00  4.141743516044954E+03  7.117272501411032E+02  4.853470766186057E+03  1.827187421522435E+22  3.139883177156304E+21
  0.000000000000000E+00  1.608141608060652E+00 -1.097187499347877E+00  4.674580896165757E+00  1.320208478911691E+02  4.400694929705031E+01  4.400694929705031E+01  1.320208478911510E+02  1.813305061659776E-11  3.000000000000412E+00  4.100825328273279E+03  7.140206655526245E+02  4.814845993825904E+03  1.789794037822278E+22  3.116323734339801E+21
  0.000000000000000E+00  1.608396832994838E+00 -1.096273527923293E+00  4.674784681548062E+00  1.307704155090595E+02  4.359013850301520E+01  4.359013850301520E+01  1.307704155090456E+02  1.386979420203716E-11  3.000000000000318E+00  4.059560883120552E+03  7.111042665724057E+02  4.770665149692958E+03  1.751020044929522E+22  3.067222935319166E+21
  0.000000000000000E+00  1.608652057929024E+00 -1.095359556498709E+00  4.674988814876253E+00  1.295298647899150E+02  4.317662159663512E+01  4.317662159663512E+01  1.295298647899054E+02  9.634959496906959E-12  3.000000000000223E+00  4.018187405898946E+03  7.029755727468374E+02  4.721162978645783E+03  1.710152715457766E+22  2.991885303479339E+21
  0.000000000000000E+00  1.608907282863210E+00 -1.094445585074125E+00  4.675193297025164E+00  1.283083330390816E+02  4.276944434635798E+01  4.276944434635798E+01  1.283083330390739E+02  7.673861546209082E-12  3.000000000000179E+00  3.976937123755972E+03  6.896321036225060E+02  4.666569227378478E+03  1.666508099616335E+22  2.889855812849604E+21
  0.000000000000000E+00  1.609162507797397E+00 -1.093531613649540E+00  4.675398128872507E+00  1.271124096212790E+02  4.237080320708988E+01  4.237080320708988E+01  1.271124096212696E+02  9.308109838457312E-12  3.000000000000220E+00  3.936129801274910E+03  6.751112432105155E+02  4.611241044485426E+03  1.621744396154558E+22  2.781559376174451E+21
  0.000000000000000E+00  1.609417732731583E+00 -1.092617642224956E+00  4.675603311298882E+00  1.259407431848707E+02  4.198024772828593E+01  4.198024772828593E+01  1.259407431848578E+02  1.290345608140342E-11  3.000000000000307E+00  3.895914547133306E+03  6.621684750070549E+02  4.558083022140361E+03  1.578565739892594E+22  2.683006662587602E+21
  0.000000000000000E+00  1.609672957665769E+00 -1.091703670800372E+00  4.675808845187788E+00  1.247905599606692E+02  4.159685332021758E+01  4.159685332021758E+01  1.247905599606527E+02  1.645616976020392E-11  3.000000000000395E+00  3.856264208505676E+03  6.508045519918270E+02  4.507068760497503E+03  1.537850126627157E+22  2.595361231947311E+21
  0.000000000000000E+00  1.609928182599955E+00 -1.090789699375788E+00  4.676014731425633E+00  1.236590861794868E+02  4.121969539315627E+01  4.121969539315627E+01  1.236590861794688E+02  1.799094206944574E-11  3.000000000000436E+00  3.817152102151986E+03  6.410202271445380E+02  4.458172329296523E+03  1.500439617777448E+22  2.519711342029375E+21
  0.000000000000000E+00  1.610183407534141E+00 -1.089875727951204E+00  4.676220970901747E+00  1.225413106162411E+02  4.084710353874198E+01  4.084710353874198E+01  1.225413106162260E+02  1.509192770754453E-11  3.000000000000369E+00  3.778455085936585E+03  6.351434715809397E+02  4.413598557517525E+03  1.465567827969454E+22  2.463562003313116E+21
  0.000000000000000E+00  1.610438632468327E+00 -1.088961756526619E+00  4.676427564508397E+00  1.214338154788220E+02  4.047793849293774E+01  4.047793849293774E+01  1.214338154788132E+02  8.753886504564434E-12  3.000000000000216E+00  3.740047549931110E+03  6.294838558875632E+02  4.369531405818673E+03  1.431656382474902E+22  2.409607278824412E+21
  0.000000000000000E+00  1.610693857402513E+00 -1.088047785102035E+00  4.676634513140792E+00  1.203362171475009E+02  4.011207238249948E+01  4.011207238249948E+01  1.203362171474985E+02  2.430056156299543E-12  3.000000000000060E+00  3.701899938327962E+03  6.240414842033950E+02  4.325941422531357E+03  1.398315142409209E+22  2.357185962317650E+21
  0.000000000000000E+00  1.610949082336699E+00 -1.087133813677451E+00  4.676841817697102E+00  1.192481320025490E+02  3.974937733418318E+01  3.974937733418318E+01  1.192481320025496E+02 -5.826450433232822E-13  2.999999999999985E+00  3.663983333847792E+03  6.188164606676331E+02  4.282799794515425E+03  1.365169768887834E+22  2.305658753383167E+21
  0.000000000000000E+00  1.611204307270885E+00 -1.086219842252867E+00  4.677049479078464E+00  1.181712385249466E+02  3.939041284164895E+01  3.939041284164895E+01  1.181712385249469E+02 -3.268496584496461E-13  2.999999999999992E+00  3.626347361010502E+03  6.113161317149684E+02  4.237663492725469E+03  1.332425116157691E+22  2.246152634375359E+21
  0.000000000000000E+00  1.611459532205071E+00 -1.085305870828283E+00  4.677257498189000E+00  1.171081734300637E+02  3.903605781002111E+01  3.903605781002111E+01  1.171081734300634E+02  3.552713678800501E-13  3.000000000000009E+00  3.589068870049681E+03  6.032113655382223E+02  4.192280235587904E+03  1.300545231371577E+22  2.185813907073377E+21
  0.000000000000000E+00  1.611714757139257E+00 -1.084391899403699E+00  4.677465875935823E+00  1.160599904497568E+02  3.868666348325190E+01  3.868666348325190E+01  1.160599904497557E+02  1.136868377216160E-12  3.000000000000029E+00  3.552161881439539E+03  5.945018760866686E+02  4.146663757526208E+03  1.269555649473988E+22  2.124771450739305E+21
  0.000000000000000E+00  1.611969982073443E+00 -1.083477927979114E+00  4.677674613229053E+00  1.150277433158822E+02  3.834258110529355E+01  3.834258110529355E+01  1.150277433158807E+02  1.477928890381008E-12  3.000000000000039E+00  3.515640025077853E+03  5.851873773095750E+02  4.100827402387428E+03  1.239480189839579E+22  2.063146841956138E+21
  0.000000000000000E+00  1.612225207007629E+00 -1.082563956554530E+00  4.677883710981829E+00  1.140118915370731E+02  3.800396384569190E+01  3.800396384569190E+01  1.140118915370757E+02 -2.643218977027573E-12  2.999999999999930E+00  3.479508263202903E+03  5.760081773232816E+02  4.055516440526185E+03  1.209869780779776E+22  2.002854525725374E+21
  0.000000000000000E+00  1.612480431941815E+00 -1.081649985129946E+00  4.678093170110318E+00  1.130124658281949E+02  3.767082194273551E+01  3.767082194273551E+01  1.130124658282065E+02 -1.162447915703524E-11  2.999999999999691E+00  3.443746603208331E+03  5.665913381309055E+02  4.010337941339236E+03  1.180524563505738E+22  1.942288644321185E+21
  0.000000000000000E+00  1.612735656876002E+00 -1.080736013705362E+00  4.678302991533733E+00  1.120298767304517E+02  3.734329224349076E+01  3.734329224349077E+01  1.120298767304723E+02 -2.063416104647331E-11  2.999999999999448E+00  3.408329375086500E+03  5.569367482851092E+02  3.965266123371609E+03  1.151828328474399E+22  1.882140642076073E+21
  0.000000000000000E+00  1.612990881810188E+00 -1.079822042280778E+00  4.678513176174338E+00  1.110645347850474E+02  3.702151159502404E+01  3.702151159502404E+01  1.110645347850722E+02 -2.471267634973628E-11  2.999999999999333E+00  3.373231443542662E+03  5.470442963385287E+02  3.920275739881191E+03  1.124149305942887E+22  1.823057434218402E+21
  0.000000000000000E+00  1.613246106744374E+00 -1.078908070856193E+00  4.678723724957469E+00  1.101176577422213E+02  3.670588591407836E+01  3.670588591407836E+01  1.101176577422351E+02 -1.377031821903074E-11  2.999999999999625E+00  3.338465316145566E+03  5.361152695021113E+02  3.874580585647678E+03  1.097072803238175E+22  1.761760048028684E+21
  0.000000000000000E+00  1.613501331678560E+00 -1.077994099431609E+00  4.678934638811537E+00  1.091895906494446E+02  3.639653021647809E+01  3.639653021647809E+01  1.091895906494343E+02  1.027444795909105E-11  3.000000000000282E+00  3.304073052424469E+03  5.256967561920243E+02  3.829769808616493E+03  1.069298493892598E+22  1.701314531250687E+21
  0.000000000000000E+00  1.613756556612746E+00 -1.077080128007025E+00  4.679145918668050E+00  1.082794349937695E+02  3.609314499791173E+01  3.609314499791173E+01  1.082794349937352E+02  3.429079242778243E-11  3.000000000000950E+00  3.270073830359266E+03  5.157890003224798E+02  3.785862830681745E+03  1.039884542450621E+22  1.640210699898717E+21
  0.000000000000000E+00  1.614011781546932E+00 -1.076166156582441E+00  4.679357565461618E+00  1.073862922622483E+02  3.579543075406774E+01  3.579543075406774E+01  1.073862922622033E+02  4.507683115662076E-11  3.000000000001259E+00  3.236486276481634E+03  5.063922458078545E+02  3.742878522289489E+03  1.007927911310629E+22  1.577040144832223E+21
  0.000000000000000E+00  1.614267006481118E+00 -1.075252185157856E+00  4.679569580129970E+00  1.065067968753041E+02  3.550226562509150E+01  3.550226562509150E+01  1.065067968752745E+02  2.955857780762017E-11  3.000000000000833E+00  3.203306976756629E+03  5.002445290528245E+02  3.703551505809453E+03  9.798049238525265E+21  1.530112649998091E+21
  0.000000000000000E+00  1.614522231415304E+00 -1.074338213733272E+00  4.679781963613965E+00  1.056381853112375E+02  3.521272843708062E+01  3.521272843708062E+01  1.056381853112419E+02 -4.391154106997419E-12  2.999999999999876E+00  3.170460890846815E+03  4.940922248366400E+02  3.664553115683455E+03  9.584167431574477E+21  1.493619625823134E+21
  0.000000000000000E+00  1.614777456349490E+00 -1.073424242308688E+00  4.679994716857604E+00  1.047804621439177E+02  3.492682071465198E+01  3.492682071465199E+01  1.047804621439560E+02 -3.824141003860859E-11  2.999999999998905E+00  3.137860369142552E+03  4.879353319176469E+02  3.625795701060199E+03  9.378588178045250E+21  1.458364617041229E+21
  0.000000000000000E+00  1.615032681283676E+00 -1.072510270884104E+00  4.680207840808047E+00  1.039336319472140E+02  3.464454398242252E+01  3.464454398242252E+01  1.039336319472676E+02 -5.356071142159635E-11  2.999999999998454E+00  3.105419870970149E+03  4.817738490542073E+02  3.587193720024356E+03  9.124659342518195E+21  1.415596742278874E+21
  0.000000000000000E+00  1.615287906217862E+00 -1.071596299459520E+00  4.680421336415620E+00  1.031029942269802E+02  3.436766474233760E+01  3.436766474233760E+01  1.031029942270128E+02 -3.265654413553420E-11  2.999999999999050E+00  3.073109559567325E+03  4.694344218355322E+02  3.542543981402857E+03  8.887694223523025E+21  1.357644274764467E+21
  0.000000000000000E+00  1.615543131152048E+00 -1.070682328034936E+00  4.680635204633830E+00  1.022946074273806E+02  3.409820247578915E+01  3.409820247578915E+01  1.022946074273675E+02  1.315925146627706E-11  3.000000000000386E+00  3.041063765393228E+03  4.564363953504885E+02  3.497500160743717E+03  8.707212711742804E+21  1.306874531512475E+21
  0.000000000000000E+00  1.615798356086234E+00 -1.069768356610351E+00  4.680849446419384E+00  1.015096145297503E+02  3.383653817656378E+01  3.383653817656378E+01  1.015096145296914E+02  5.890399279451231E-11  3.000000000001741E+00  3.009442368306464E+03  4.427794593203163E+02  3.452221827626780E+03  8.492499433660421E+21  1.249502016425166E+21
  0.000000000000000E+00  1.616053581020420E+00 -1.068854385185767E+00  4.681064062732192E+00  1.007491585154241E+02  3.358305283844813E+01  3.358305283844813E+01  1.007491585153444E+02  7.970868409756804E-11  3.000000000002373E+00  2.978401119643238E+03  4.284633034661814E+02  3.406864423109420E+03  8.156550313099785E+21  1.173375362032319E+21
  0.000000000000000E+00  1.616308805954606E+00 -1.067940413761183E+00  4.681279054535386E+00  1.000018698450092E+02  3.333395661499224E+01  3.333395661499224E+01  1.000018698449767E+02  3.250022473366698E-11  3.000000000000975E+00  2.947934903038247E+03  4.282726542829394E+02  3.376207557321186E+03  7.714217316144987E+21  1.120712781783554E+21
  0.000000000000000E+00  1.616564030888792E+00 -1.067026442336599E+00  4.681494422795335E+00  9.925327682338323E+01  3.308442560781812E+01  3.308442560781812E+01  9.925327682345437E+01 -7.113953870430123E-11  2.999999999997850E+00  2.917740643234630E+03  4.300937931432323E+02  3.347834436377862E+03  7.339041988064367E+21  1.081822133164227E+21
  0.000000000000000E+00  1.616819255822978E+00 -1.066112470912015E+00  4.681710168481652E+00  9.849986919828642E+01  3.283328973282040E+01  3.283328973282040E+01  9.849986919846120E+01 -1.747793021422694E-10  2.999999999994677E+00  2.887528668163756E+03  4.339276729557660E+02  3.321456341119522E+03  7.180084970512404E+21  1.078997967095655E+21
  0.000000000000000E+00  1.617074480757164E+00 -1.065198499487431E+00  4.681926292567212E+00  9.773813671745926E+01  3.257937890589368E+01  3.257937890589368E+01  9.773813671768104E+01 -2.217888095401577E-10  2.999999999993192E+00  2.857016822944899E+03  4.397752466291610E+02  3.296792069574059E+03  7.380117318057789E+21  1.136007631329094E+21
  0.000000000000000E+00  1.617329705691350E+00 -1.064284528062846E+00  4.682142796028166E+00  9.698501766764871E+01  3.232833922260419E+01  3.232833922260419E+01  9.698501766781257E+01 -1.638653657209943E-10  2.999999999994931E+00  2.826329397765275E+03  4.236191816973893E+02  3.249948579462664E+03  7.462439488601600E+21  1.118494012809413E+21
  0.000000000000000E+00  1.617584930625536E+00 -1.063370556638262E+00  4.682359679843950E+00  9.626140832070392E+01  3.208713610691352E+01  3.208713610691352E+01  9.626140832074057E+01 -3.664979431050597E-11  2.999999999998857E+00  2.795936962953273E+03  4.060662615287322E+02  3.202003224482006E+03  7.086429548962438E+21  1.029193430560905E+21
  0.000000000000000E+00  1.617840155559722E+00 -1.062456585213678E+00  4.682576944997304E+00  9.556973540201834E+01  3.185657846730927E+01  3.185657846730927E+01  9.556973540192783E+01  9.050893368112156E-11  3.000000000002841E+00  2.766076350682878E+03  3.871158273535473E+02  3.153192178036426E+03  6.583373029213129E+21  9.213512477165348E+20
  0.000000000000000E+00  1.618095380493908E+00 -1.061542613789094E+00  4.682794592474280E+00  9.491242563698547E+01  3.163747521227905E+01  3.163747521227905E+01  9.491242563683718E+01  1.482902689531329E-10  3.000000000004687E+00  2.736977965596954E+03  3.667672204021437E+02  3.103745185999097E+03  6.270549994276862E+21  8.402815881975847E+20
  0.000000000000000E+00  1.618350605428094E+00 -1.060628642364509E+00  4.683012623264261E+00  9.427826852858279E+01  3.142608950947780E+01  3.142608950947780E+01  9.427826852843341E+01  1.493560830567731E-10  3.000000000004753E+00  2.708549266441590E+03  3.615478999566382E+02  3.070097166398228E+03  6.124281286935504E+21  8.174933590719749E+20
  0.000000000000000E+00  1.618605830362281E+00 -1.059714670939925E+00  4.683231038359972E+00  9.364992756055518E+01  3.121664252013451E+01  3.121664252013451E+01  9.364992756040355E+01  1.516298198112054E-10  3.000000000004857E+00  2.680428728958185E+03  3.602075639061815E+02  3.040636292864367E+03  5.932573815819586E+21  7.972448357992918E+20
  0.000000000000000E+00  1.618861055296467E+00 -1.058800699515341E+00  4.683449838757492E+00  9.302064042944765E+01  3.100688014309790E+01  3.100688014309789E+01  9.302064042929368E+01  1.539746108392137E-10  3.000000000004965E+00  2.652442022971979E+03  3.627480479757827E+02  3.015190070947761E+03  5.719415042757971E+21  7.821873670962043E+20
  0.000000000000000E+00  1.619116280230653E+00 -1.057886728090757E+00  4.683669025456272E+00  9.238364483180493E+01  3.079454827721664E+01  3.079454827721664E+01  9.238364483164992E+01  1.549977923787083E-10  3.000000000005033E+00  2.624419526123883E+03  3.691711878902998E+02  2.993590714014183E+03  5.507859607440599E+21  7.747782142952491E+20
  0.000000000000000E+00  1.619371505164839E+00 -1.056972756666173E+00  4.683888599459144E+00  9.173670622491785E+01  3.057890207493615E+01  3.057890207493615E+01  9.173670622480847E+01  1.093809487429098E-10  3.000000000003577E+00  2.596216160503966E+03  3.729937229686216E+02  2.969209883472587E+03  5.365625287189263E+21  7.708697690005946E+20
  0.000000000000000E+00  1.619626730099025E+00 -1.056058785241589E+00  4.684108561772343E+00  9.108654955244597E+01  3.036218318414565E+01  3.036218318414565E+01  9.108654955243696E+01  9.009681889438070E-12  3.000000000000297E+00  2.567834136097565E+03  3.729833740777974E+02  2.940817510175363E+03  5.297999253038614E+21  7.695456686556453E+20
  0.000000000000000E+00  1.619881955033211E+00 -1.055144813817004E+00  4.684328913405508E+00  9.043985174048727E+01  3.014661724685955E+01  3.014661724685955E+01  9.043985174057865E+01 -9.137579581874888E-11  2.999999999996969E+00  2.539327311925509E+03  3.691383286697875E+02  2.908465640595296E+03  5.235911893301639E+21  7.611369185369230E+20
  0.000000000000000E+00  1.620137179967397E+00 -1.054230842392420E+00  4.684549655371713E+00  8.980328971513974E+01  2.993442990509228E+01  2.993442990509228E+01  8.980328971527683E+01 -1.370921154375537E-10  2.999999999995420E+00  2.510748210470211E+03  3.614567741966231E+02  2.872204984666834E+03  5.113277043111562E+21  7.361266326385700E+20
  0.000000000000000E+00  1.620392404901583E+00 -1.053316870967836E+00  4.684770788687465E+00  8.918537620507774E+01  2.972845873506411E+01  2.972845873506411E+01  8.918537620519233E+01 -1.145821215686738E-10  2.999999999996146E+00  2.482282672230092E+03  3.485814156504771E+02  2.830864087880569E+03  4.928614561709642E+21  6.921143431150105E+20
  0.000000000000000E+00  1.620647629835769E+00 -1.052402899543252E+00  4.684992314372728E+00  8.858937519515592E+01  2.952979173174027E+01  2.952979173174027E+01  8.858937519522081E+01 -6.488676262961235E-11  2.999999999997803E+00  2.454114392904908E+03  3.363893004429189E+02  2.790503693347827E+03  4.731825441919650E+21  6.485987184734436E+20
  0.000000000000000E+00  1.620902854769955E+00 -1.051488928118667E+00  4.685214233450936E+00  8.801409049574272E+01  2.933803016525263E+01  2.933803016525263E+01  8.801409049575790E+01 -1.517719283583574E-11  2.999999999999483E+00  2.426290599847958E+03  3.248807532968254E+02  2.751171353144784E+03  4.535703538686623E+21  6.073315300615379E+20
  0.000000000000000E+00  1.621158079704141E+00 -1.050574956694083E+00  4.685436546949004E+00  8.745832591720665E+01  2.915277530573308E+01  2.915277530573308E+01  8.745832591719923E+01  7.418066161335446E-12  3.000000000000254E+00  2.398857057544152E+03  3.140560989351955E+02  2.712913156479348E+03  4.352462837526898E+21  5.698203213965160E+20
  0.000000000000000E+00  1.621413304638327E+00 -1.049660985269499E+00  4.685659255897345E+00  8.691773168203578E+01  2.897257722734309E+01  2.897257722734309E+01  8.691773168202927E+01  6.508571459562518E-12  3.000000000000224E+00  2.371804543611750E+03  3.077002756138564E+02  2.679504819225606E+03  4.169214817676671E+21  5.408829121049544E+20
  0.000000000000000E+00  1.621668529572513E+00 -1.048747013844915E+00  4.685882361329886E+00  8.638685257197194E+01  2.879561752398914E+01  2.879561752398914E+01  8.638685257196744E+01  4.504840944719035E-12  3.000000000000156E+00  2.345089679064435E+03  3.029835470501422E+02  2.648073226114577E+03  3.981646210323725E+21  5.144252276032007E+20
  0.000000000000000E+00  1.621923754506699E+00 -1.047833042420331E+00  4.686105864284080E+00  8.586283423626435E+01  2.862094474542058E+01  2.862094474542058E+01  8.586283423626176E+01  2.586375558166765E-12  3.000000000000091E+00  2.318706783368601E+03  2.999066880988408E+02  2.618613471467442E+03  3.813590786130593E+21  4.932583070167632E+20
  0.000000000000000E+00  1.622178979440885E+00 -1.046919070995747E+00  4.686329765800918E+00  8.534282232416209E+01  2.844760744138678E+01  2.844760744138678E+01  8.534282232416035E+01  1.733724275254644E-12  3.000000000000060E+00  2.292650217406045E+03  2.984704736146297E+02  2.591120691020674E+03  3.687814766346850E+21  4.801010688668984E+20
  0.000000000000000E+00  1.622434204375071E+00 -1.046005099571162E+00  4.686554066924952E+00  8.482496768426003E+01  2.827498922808902E+01  2.827498922808902E+01  8.482496768426707E+01 -7.034373084024992E-12  2.999999999999751E+00  2.266906907076147E+03  2.972740859803223E+02  2.564180993056469E+03  3.563938612682427E+21  4.673621974806390E+20
  0.000000000000000E+00  1.622689429309257E+00 -1.045091128146578E+00  4.686778768704301E+00  8.430912601141848E+01  2.810304200381500E+01  2.810304200381500E+01  8.430912601144502E+01 -2.653166575328214E-11  2.999999999999055E+00  2.241442448159054E+03  2.962482218554141E+02  2.537690670014468E+03  3.411687426619802E+21  4.509178161110965E+20
  0.000000000000000E+00  1.622944654243443E+00 -1.044177156721994E+00  4.687003872190675E+00  8.379500022428466E+01  2.793166674144367E+01  2.793166674144367E+01  8.379500022433103E+01 -4.637001893570414E-11  2.999999999998340E+00  2.216219731332100E+03  2.953929618868633E+02  2.511612693218964E+03  3.266986548671897E+21  4.354463681616419E+20
  0.000000000000000E+00  1.623199879177629E+00 -1.043263185297410E+00  4.687229378439380E+00  8.328229324150583E+01  2.776076441385398E+01  2.776076441385398E+01  8.328229324156194E+01 -5.611866527033271E-11  2.999999999997979E+00  2.191202688001861E+03  2.947083867217387E+02  2.485911074723599E+03  3.164172102084274E+21  4.255690542099212E+20
  0.000000000000000E+00  1.623455104111815E+00 -1.042349213872826E+00  4.687455288509338E+00  8.277283326799387E+01  2.759094442268248E+01  2.759094442268248E+01  8.277283326804746E+01 -5.358913313102676E-11  2.999999999998058E+00  2.166397958481540E+03  2.916389082396857E+02  2.458036866721225E+03  3.079792006690370E+21  4.145993467728539E+20
  0.000000000000000E+00  1.623710329046002E+00 -1.041435242448241E+00  4.687681603463107E+00  8.226920673864352E+01  2.742306891289665E+01  2.742306891289665E+01  8.226920673868995E+01 -4.642686235456495E-11  2.999999999998307E+00  2.141881418416069E+03  2.880847315631428E+02  2.429966149979212E+03  2.974591237376767E+21  4.000848556609029E+20
  0.000000000000000E+00  1.623965553980187E+00 -1.040521271023657E+00  4.687908324366886E+00  8.177225391707628E+01  2.725741797237177E+01  2.725741797237177E+01  8.177225391711534E+01 -3.905142875737511E-11  2.999999999998567E+00  2.117719962452572E+03  2.840456285904567E+02  2.401765591043028E+03  2.857718396227324E+21  3.833001683805403E+20
  0.000000000000000E+00  1.624220778914373E+00 -1.039607299599073E+00  4.688135452290537E+00  8.128281506691377E+01  2.709427168898318E+01  2.709427168898318E+01  8.128281506694954E+01 -3.576872131816344E-11  2.999999999998680E+00  2.093978238059471E+03  2.795213712198855E+02  2.373499609279356E+03  2.737913680006811E+21  3.654791497863939E+20
  0.000000000000000E+00  1.624476003848560E+00 -1.038693328174489E+00  4.688362988307599E+00  8.079908914244264E+01  2.693302971415091E+01  2.693302971415091E+01  8.079908914245274E+01 -1.010391770250862E-11  2.999999999999625E+00  2.070689526616534E+03  2.778641066123799E+02  2.348553633228914E+03  2.594545280086648E+21  3.481598747904185E+20
  0.000000000000000E+00  1.624731228782746E+00 -1.037779356749905E+00  4.688590933495306E+00  8.031712301300780E+01  2.677237433765370E+01  2.677237433765370E+01  8.031712301296110E+01  4.669686859415378E-11  3.000000000001744E+00  2.047764042145073E+03  2.775818045296693E+02  2.325345846674742E+03  2.436471378178421E+21  3.302724864390127E+20
  0.000000000000000E+00  1.624986453716932E+00 -1.036865385325320E+00  4.688819288934594E+00  7.983452881481804E+01  2.661150960490482E+01  2.661150960490482E+01  7.983452881471447E+01  1.035687091643922E-10  3.000000000003892E+00  2.025082935464935E+03  2.786751131918514E+02  2.303758048656786E+03  2.314659383554911E+21  3.185242216090537E+20
  0.000000000000000E+00  1.625241678651118E+00 -1.035951413900736E+00  4.689048055710127E+00  7.934891868408215E+01  2.644963956131756E+01  2.644963956131756E+01  7.934891868395270E+01  1.294466756007751E-10  3.000000000004894E+00  2.002531052895888E+03  2.811446808190331E+02  2.283675733714922E+03  2.277847079556933E+21  3.197975827693172E+20
  0.000000000000000E+00  1.625496903585304E+00 -1.035037442476152E+00  4.689277234910305E+00  7.886128554449078E+01  2.628709518147343E+01  2.628709518147344E+01  7.886128554442033E+01  7.045741767797153E-11  3.000000000002681E+00  1.979971590062630E+03  2.804386674450767E+02  2.260410257507707E+03  2.279246433636467E+21  3.228272748134409E+20
  0.000000000000000E+00  1.625752128519490E+00 -1.034123471051568E+00  4.689506827627286E+00  7.837717361848851E+01  2.612572453951590E+01  2.612572453951590E+01  7.837717361854772E+01 -5.920242074353155E-11  2.999999999997734E+00  1.957389957942509E+03  2.771737364514369E+02  2.234563694393946E+03  2.249585566205457E+21  3.185497270599063E+20
  0.000000000000000E+00  1.626007353453676E+00 -1.033209499626984E+00  4.689736834956993E+00  7.790102199041492E+01  2.596700733020128E+01  2.596700733020128E+01  7.790102199060384E+01 -1.889191025838954E-10  2.999999999992725E+00  1.934855430099448E+03  2.713486827845039E+02  2.206204112883952E+03  2.201803875987529E+21  3.087861615936457E+20
  0.000000000000000E+00  1.626262578387862E+00 -1.032295528202400E+00  4.689967257999142E+00  7.743726974460965E+01  2.581242324828584E+01  2.581242324828584E+01  7.743726974485753E+01 -2.478799387972686E-10  2.999999999990397E+00  1.912435039139884E+03  2.629623013907699E+02  2.175397340530654E+03  2.148283922880855E+21  2.953918291810906E+20
  0.000000000000000E+00  1.626517803322048E+00 -1.031381556777815E+00  4.690198097857246E+00  7.699105834614349E+01  2.566368611544722E+01  2.566368611544722E+01  7.699105834634167E+01 -1.981845798582071E-10  2.999999999992277E+00  1.890319729325349E+03  2.518515564998009E+02  2.142171285825150E+03  2.077465744161294E+21  2.767854417034374E+20
  0.000000000000000E+00  1.626773028256234E+00 -1.030467585353231E+00  4.690429355638638E+00  7.656303273280628E+01  2.552101091096507E+01  2.552101091096507E+01  7.656303273289524E+01 -8.897416137187975E-11  2.999999999996513E+00  1.868710315393737E+03  2.420671524015199E+02  2.110777467795257E+03  1.975523281729885E+21  2.559033850094098E+20
  0.000000000000000E+00  1.627028253190420E+00 -1.029553613928647E+00  4.690661032454487E+00  7.615088719801642E+01  2.538362906599870E+01  2.538362906599870E+01  7.615088719799611E+01  2.030731138802366E-11  3.000000000000800E+00  1.847684829591066E+03  2.336097150132454E+02  2.081294544604311E+03  1.850720546844177E+21  2.339935321183071E+20
  0.000000000000000E+00  1.627283478124606E+00 -1.028639642504063E+00  4.690893129419809E+00  7.575231603519227E+01  2.525077201170741E+01  2.525077201170741E+01  7.575231603512225E+01  7.001688118180027E-11  3.000000000002773E+00  1.827318208385977E+03  2.264798702523553E+02  2.053798078638332E+03  1.710927862487433E+21  2.120543201118506E+20
  0.000000000000000E+00  1.627538703058792E+00 -1.027725671079479E+00  4.691125647653489E+00  7.536072740301017E+01  2.512024246764568E+01  2.512024246764568E+01  7.536072740293704E+01  7.312905836442951E-11  3.000000000002911E+00  1.807566330476903E+03  2.258766221087905E+02  2.033442952585694E+03  1.613140768317443E+21  2.015808668207426E+20
  0.000000000000000E+00  1.627793927992979E+00 -1.026811699654894E+00  4.691358588278296E+00  7.496778325533239E+01  2.498926108508416E+01  2.498926108508416E+01  7.496778325525248E+01  7.990763606358087E-11  3.000000000003197E+00  1.788230250866598E+03  2.281155099848014E+02  2.016345760851399E+03  1.579372301793037E+21  2.014725552846412E+20
  0.000000000000000E+00  1.628049152927165E+00 -1.025897728230310E+00  4.691591952420898E+00  7.456855857835602E+01  2.485618619275646E+01  2.485618619275646E+01  7.456855857826937E+01  8.662937034387141E-11  3.000000000003485E+00  1.769154567265992E+03  2.331978708464972E+02  2.002352438112489E+03  1.566163463625225E+21  2.064409700953317E+20
  0.000000000000000E+00  1.628304377861351E+00 -1.024983756805726E+00  4.691825741211876E+00  7.415812835827813E+01  2.471937611939614E+01  2.471937611939614E+01  7.415812835818843E+01  8.969891496235505E-11  3.000000000003629E+00  1.750189175444346E+03  2.411250416599945E+02  1.991314217104341E+03  1.531880303779810E+21  2.110484439336410E+20
  0.000000000000000E+00  1.628559602795537E+00 -1.024069785381142E+00  4.692059955785750E+00  7.373128127064297E+01  2.457709375685319E+01  2.457709375685319E+01  7.373128127055958E+01  8.338929546880536E-11  3.000000000003392E+00  1.731154364081056E+03  2.519080569304436E+02  1.983062421011499E+03  1.483493046276399E+21  2.158697447848243E+20
  0.000000000000000E+00  1.628814827729723E+00 -1.023155813956558E+00  4.692294597280982E+00  7.328502929478306E+01  2.442834309823786E+01  2.442834309823786E+01  7.328502929471360E+01  6.946265784790739E-11  3.000000000002844E+00  1.711904505300508E+03  2.636126740133478E+02  1.975517179313856E+03  1.453095975326264E+21  2.237592777329298E+20
  0.000000000000000E+00  1.629070052663909E+00 -1.022241842531973E+00  4.692529666840004E+00  7.281778237257809E+01  2.427259412417417E+01  2.427259412417417E+01  7.281778237252252E+01  5.557865279115504E-11  3.000000000002290E+00  1.692347418148718E+03  2.762393245529749E+02  1.968586742701693E+03  1.438136585675342E+21  2.347448725844110E+20
  0.000000000000000E+00  1.629325277598095E+00 -1.021327871107389E+00  4.692765165609234E+00  7.232795044590776E+01  2.410931681528616E+01  2.410931681528616E+01  7.232795044585849E+01  4.926903329760535E-11  3.000000000002043E+00  1.672394669412769E+03  2.897884401935339E+02  1.962183109606303E+03  1.436137031324178E+21  2.488502970161574E+20
  0.000000000000000E+00  1.629580502532281E+00 -1.020413899682805E+00  4.693001094739082E+00  7.181586466230863E+01  2.393862155408635E+01  2.393862155408635E+01  7.181586466225907E+01  4.955325039190939E-11  3.000000000002070E+00  1.652005433402492E+03  3.015852827981822E+02  1.953590716200674E+03  1.405161576084596E+21  2.565221897774258E+20
  0.000000000000000E+00  1.629835727466467E+00 -1.019499928258221E+00  4.693237455383983E+00  7.128500763047866E+01  2.376166921014281E+01  2.376166921014281E+01  7.128500763042842E+01  5.023537141823908E-11  3.000000000002114E+00  1.631241536061209E+03  3.115730249903045E+02  1.942814561051513E+03  1.346598778738761E+21  2.572052302891718E+20
  0.000000000000000E+00  1.630090952400653E+00 -1.018585956833637E+00  4.693474248702400E+00  7.073851648403935E+01  2.357950549466281E+01  2.357950549466281E+01  7.073851648398845E+01  5.090328158985358E-11  3.000000000002159E+00  1.610169779473311E+03  3.197508151496343E+02  1.929920594622946E+03  1.320746622727511E+21  2.622765714565741E+20
  0.000000000000000E+00  1.630346177334839E+00 -1.017671985409053E+00  4.693711475856850E+00  7.017952835661222E+01  2.339317611885366E+01  2.339317611885366E+01  7.017952835656101E+01  5.120170953887282E-11  3.000000000002189E+00  1.588854878005532E+03  3.261178016559664E+02  1.914972679661498E+03  1.384791135368655E+21  2.842330329035394E+20
  0.000000000000000E+00  1.630601402269025E+00 -1.016758013984468E+00  4.693949138013918E+00  6.961562122868882E+01  2.320520707621824E+01  2.320520707621824E+01  6.961562122865470E+01  3.412026217120001E-11  3.000000000001470E+00  1.567439561983151E+03  3.253535469709451E+02  1.892793108954096E+03  1.477789208275442E+21  3.067448163548190E+20
  0.000000000000000E+00  1.630856627203211E+00 -1.015844042559884E+00  4.694187236344274E+00  6.905565254236649E+01  2.301855084745665E+01  2.301855084745665E+01  6.905565254236996E+01 -3.467448550509289E-12  2.999999999999849E+00  1.546100312205352E+03  3.216654270063866E+02  1.867765739211738E+03  1.515466939425639E+21  3.152921685198290E+20
  0.000000000000000E+00  1.631111852137397E+00 -1.014930071135300E+00  4.694425772022692E+00  6.850467862367513E+01  2.283489287457207E+01  2.283489287457207E+01  6.850467862371622E+01 -4.108358098164899E-11  2.999999999998201E+00  1.524947596302168E+03  3.150520691495739E+02  1.839999665451741E+03  1.516922801147170E+21  3.133941575438150E+20
  0.000000000000000E+00  1.631367077071583E+00 -1.014016099710716E+00  4.694664746228064E+00  6.796775579864472E+01  2.265591859956763E+01  2.265591859956763E+01  6.796775579870290E+01 -5.817923920403700E-11  2.999999999997432E+00  1.504087453156184E+03  3.055121007877715E+02  1.809599553943955E+03  1.500302186186437E+21  3.047432326866892E+20
  0.000000000000000E+00  1.631622302005769E+00 -1.013102128286132E+00  4.694904160143425E+00  6.744775774832307E+01  2.248258591612495E+01  2.248258591612495E+01  6.744775774837487E+01 -5.179856543691130E-11  2.999999999997696E+00  1.483581408754406E+03  2.960748349971532E+02  1.779656243751559E+03  1.481207302060629E+21  2.956010401359627E+20
  0.000000000000000E+00  1.631877526939955E+00 -1.012188156861547E+00  4.695144014955961E+00  6.694406310745509E+01  2.231468770249763E+01  2.231468770249763E+01  6.694406310749288E+01 -3.778666268772213E-11  2.999999999998307E+00  1.463414656927068E+03  2.867423567418722E+02  1.750157013668940E+03  1.462829656918450E+21  2.866277314848603E+20
  0.000000000000000E+00  1.632132751874141E+00 -1.011274185436963E+00  4.695384311857035E+00  6.645648563261658E+01  2.215216187754679E+01  2.215216187754679E+01  6.645648563264038E+01 -2.380318164796336E-11  2.999999999998926E+00  1.443575005974722E+03  2.775147165804020E+02  1.721089722555124E+03  1.444032315233858E+21  2.776026303007931E+20
  0.000000000000000E+00  1.632387976808327E+00 -1.010360214012379E+00  4.695625052042200E+00  6.598483908038331E+01  2.199494636013358E+01  2.199494636013358E+01  6.598483908040073E+01 -1.742250788083766E-11  2.999999999999208E+00  1.424050477427772E+03  2.683919650711985E+02  1.692442442498970E+03  1.423739032116895E+21  2.683332667172261E+20
  0.000000000000000E+00  1.632643201742513E+00 -1.009446242587795E+00  4.695866236711220E+00  6.552745633526300E+01  2.184248544509243E+01  2.184248544509243E+01  6.552745633527729E+01 -1.429611984349322E-11  2.999999999999346E+00  1.404797972060985E+03  2.612180489722070E+02  1.666016021033192E+03  1.403122540431366E+21  2.609065073910120E+20
  0.000000000000000E+00  1.632898426676699E+00 -1.008532271163211E+00  4.696107867068084E+00  6.508177528820246E+01  2.169392509606996E+01  2.169392509606996E+01  6.508177528820988E+01 -7.418066161335446E-12  2.999999999999658E+00  1.385760803759639E+03  2.549269101342607E+02  1.640687713893900E+03  1.383595773834299E+21  2.545286275535169E+20
  0.000000000000000E+00  1.633153651610885E+00 -1.007618299738626E+00  4.696349944321030E+00  6.464626720543615E+01  2.154875573514556E+01  2.154875573514556E+01  6.464626720543670E+01 -5.542233338928781E-13  2.999999999999974E+00  1.366907842374511E+03  2.495189635541992E+02  1.616426805928710E+03  1.364512809749137E+21  2.490817679804848E+20
  0.000000000000000E+00  1.633408876545071E+00 -1.006704328314042E+00  4.696592469682555E+00  6.421940335319849E+01  2.140646778439863E+01  2.140646778439863E+01  6.421940335319590E+01  2.586375558166765E-12  3.000000000000120E+00  1.348209151335987E+03  2.449946242288773E+02  1.593203775564864E+03  1.345261336076242E+21  2.444589514876401E+20
  0.000000000000000E+00  1.633664101479257E+00 -1.005790356889458E+00  4.696835444369444E+00  6.379942135577826E+01  2.126647378525881E+01  2.126647378525881E+01  6.379942135577645E+01  1.811883976188255E-12  3.000000000000085E+00  1.329629454546896E+03  2.415536474795440E+02  1.571183102026440E+03  1.326147721918053E+21  2.409211214677521E+20
  0.000000000000000E+00  1.633919326413443E+00 -1.004876385464874E+00  4.697078869602780E+00  6.338505132222870E+01  2.112835044074284E+01  2.112835044074284E+01  6.338505132222853E+01  1.634248292248230E-13  3.000000000000008E+00  1.311146757248483E+03  2.385692298889779E+02  1.549715987137461E+03  1.307579279097305E+21  2.379201107034504E+20
  0.000000000000000E+00  1.634174551347629E+00 -1.003962414040290E+00  4.697322746607963E+00  6.297550324593090E+01  2.099183441531079E+01  2.099183441531079E+01  6.297550324593239E+01 -1.485034317738609E-12  2.999999999999929E+00  1.292751472896230E+03  2.360415859158939E+02  1.528793058812123E+03  1.289136352687622E+21  2.353815064457042E+20
  0.000000000000000E+00  1.634429776281815E+00 -1.003048442615706E+00  4.697567076614734E+00  6.256998712026598E+01  2.085666237342274E+01  2.085666237342274E+01  6.256998712026822E+01 -2.245315045001917E-12  2.999999999999893E+00  1.274434435486606E+03  2.339709300189814E+02  1.508405365505587E+03  1.270422082404666E+21  2.332343099497133E+20
  0.000000000000000E+00  1.634685001216001E+00 -1.002134471191121E+00  4.697811860857190E+00  6.216805823480133E+01  2.072268607826811E+01  2.072268607826811E+01  6.216805823480432E+01 -2.991384917550022E-12  2.999999999999855E+00  1.256192309016689E+03  2.318748364039712E+02  1.488067145420660E+03  1.251599544692598E+21  2.310270788841659E+20
  0.000000000000000E+00  1.634940226150187E+00 -1.001220499766537E+00  4.698057100573799E+00  6.176984055736976E+01  2.058994685245813E+01  2.058994685245813E+01  6.176984055737441E+01 -4.646949491871055E-12  2.999999999999774E+00  1.238033829376894E+03  2.297415522622328E+02  1.467775381639127E+03  1.232976087525517E+21  2.288029886815738E+20
  0.000000000000000E+00  1.635195451084374E+00 -1.000306528341953E+00  4.698302797007431E+00  6.137539709875035E+01  2.045846569958555E+01  2.045846569958555E+01  6.137539709875666E+01 -6.309619493549690E-12  2.999999999999692E+00  1.219968126179875E+03  2.275710604885506E+02  1.447539186668426E+03  1.214395288385678E+21  2.265315115203925E+20
  0.000000000000000E+00  1.635450676018560E+00 -9.993925569173687E-01  4.698548951405360E+00  6.098479086972223E+01  2.032826362324310E+01  2.032826362324310E+01  6.098479086972930E+01 -7.062794793455396E-12  2.999999999999653E+00  1.202003889938978E+03  2.253633439777615E+02  1.427367233916739E+03  1.195709807553866E+21  2.241832683844517E+20
  0.000000000000000E+00  1.635798896790259E+00 -9.981455634141890E-01  4.698885537557469E+00  6.045865731277493E+01  2.015288577092713E+01  2.015288577092713E+01  6.045865731278140E+01 -6.465938895416912E-12  2.999999999999679E+00  1.177677376752860E+03  2.218315568785059E+02  1.399508933631366E+03  1.170194386995887E+21  2.204220339474699E+20
  0.000000000000000E+00  1.636147117561958E+00 -9.968985699110093E-01  4.699222981733415E+00  5.994130494336287E+01  1.998043498112268E+01  1.998043498112268E+01  5.994130494336804E+01 -5.165645688975928E-12  2.999999999999742E+00  1.153581388081869E+03  2.179923735754783E+02  1.371573761657348E+03  1.144886867389831E+21  2.163493692566326E+20
  0.000000000000000E+00  1.636495338333657E+00 -9.956515764078296E-01  4.699561287141149E+00  5.943345317818477E+01  1.981115105939621E+01  1.981115105939621E+01  5.943345317818864E+01 -3.872457909892546E-12  2.999999999999805E+00  1.129729632413154E+03  2.138455987726231E+02  1.343575231185778E+03  1.119759270505114E+21  2.119583171159933E+20
  0.000000000000000E+00  1.636843559105356E+00 -9.944045829046499E-01  4.699900457004226E+00  5.893582143393937E+01  1.964527381131420E+01  1.964527381131420E+01  5.893582143394262E+01 -3.254285729781259E-12  2.999999999999834E+00  1.106134586928089E+03  2.093910371738997E+02  1.315525624101989E+03  1.094786035251875E+21  2.072427588052579E+20
  0.000000000000000E+00  1.637200787375126E+00 -9.931253331649442E-01  4.700249301924940E+00  5.843659424619548E+01  1.947886474873254E+01  1.947886474873254E+01  5.843659424619763E+01 -2.152944489353104E-12  2.999999999999889E+00  1.082192418958091E+03  2.046014778114089E+02  1.286793896769500E+03  1.069398761632203E+21  2.021826831962982E+20
  0.000000000000000E+00  1.637558015644897E+00 -9.918460834252384E-01  4.700599063525037E+00  5.794927199460518E+01  1.931642399820164E+01  1.931642399820164E+01  5.794927199460491E+01  2.700062395888381E-13  3.000000000000014E+00  1.058497751666169E+03  1.996060111212080E+02  1.258103762787377E+03  1.044338740602900E+21  1.969359783173486E+20
  0.000000000000000E+00  1.637915243914667E+00 -9.905668336855324E-01  4.700949745336573E+00  5.747434598939176E+01  1.915811532979635E+01  1.915811532979636E+01  5.747434598938908E+01  2.685851541173179E-12  3.000000000000140E+00  1.035040087392453E+03  1.944045037300038E+02  1.229444591122457E+03  1.019613806629811E+21  1.915070908736417E+20
  0.000000000000000E+00  1.638272472184438E+00 -9.892875839458267E-01  4.701301350909306E+00  5.701230754077851E+01  1.900410251359158E+01  1.900410251359158E+01  5.701230754077473E+01  3.780087354243733E-12  3.000000000000199E+00  1.011809307631483E+03  1.889968222645692E+02  1.200806129896052E+03  9.952304581622624E+20  1.859000432145522E+20
  0.000000000000000E+00  1.638629319216968E+00 -9.880096994330126E-01  4.701653507088938E+00  5.656419274665974E+01  1.885473091555176E+01  1.885473091555176E+01  5.656419274665529E+01  4.455102953215828E-12  3.000000000000236E+00  9.888130090745765E+02  1.833156233114512E+02  1.172128632386028E+03  9.712706167562975E+20  1.800634466585480E+20
  0.000000000000000E+00  1.638986166249498E+00 -9.867318149201989E-01  4.702006592193103E+00  5.613018407115990E+01  1.871006135705132E+01  1.871006135705132E+01  5.613018407115396E+01  5.933031843596837E-12  3.000000000000317E+00  9.660126814698572E+02  1.773538981530998E+02  1.143366579622957E+03  9.477579531267286E+20  1.740024439812420E+20
  0.000000000000000E+00  1.639343013282029E+00 -9.854539304073848E-01  4.702360609813772E+00  5.571095049377443E+01  1.857031683125566E+01  1.857031683125566E+01  5.571095049376700E+01  7.432277016050648E-12  3.000000000000400E+00  9.434034713493718E+02  1.711114651853451E+02  1.114514936534717E+03  9.246874157101742E+20  1.677168076499717E+20
  0.000000000000000E+00  1.639699860314559E+00 -9.841760458945709E-01  4.702715563560976E+00  5.530716099399882E+01  1.843572033133023E+01  1.843572033133023E+01  5.530716099399071E+01  8.107292615022743E-12  3.000000000000440E+00  9.209806200959681E+02  1.645881428040699E+02  1.085568762900038E+03  9.020529617664379E+20  1.612055872278595E+20
  0.000000000000000E+00  1.640060738829594E+00 -9.828837244701737E-01  4.703075483155274E+00  5.491523972147078E+01  1.830507990715450E+01  1.830507990715450E+01  5.491523972146351E+01  7.275957614183426E-12  3.000000000000397E+00  8.984844435254269E+02  1.576984106625966E+02  1.056182854188024E+03  8.795420498804505E+20  1.543737171818313E+20
  0.000000000000000E+00  1.640421617344630E+00 -9.815914030457766E-01  4.703436367629662E+00  5.454031423597866E+01  1.818010474532441E+01  1.818010474532441E+01  5.454031423597326E+01  5.400124791776761E-12  3.000000000000298E+00  8.761605274618183E+02  1.506789727497315E+02  1.026839500211550E+03  8.573294396256227E+20  1.474404692084480E+20
  0.000000000000000E+00  1.640782495859666E+00 -9.802990816213795E-01  4.703798220774971E+00  5.418269246311806E+01  1.806089748770484E+01  1.806089748770484E+01  5.418269246311452E+01  3.538502824085299E-12  3.000000000000196E+00  8.540053672180344E+02  1.435297454746318E+02  9.975351126926662E+02  8.353814383330637E+20  1.403996857874132E+20
  0.000000000000000E+00  1.641143374374701E+00 -9.790067601969823E-01  4.704161046401398E+00  5.384268232848461E+01  1.794756077616064E+01  1.794756077616064E+01  5.384268232848193E+01  2.685851541173179E-12  3.000000000000150E+00  8.320155108249769E+02  1.362506452464491E+02  9.682661560714261E+02  8.136667939044325E+20  1.332458641007349E+20
  0.000000000000000E+00  1.641509199117952E+00 -9.776967261174234E-01  4.704529841435812E+00  5.351597649167981E+01  1.783865883055924E+01  1.783865883055924E+01  5.351597649167773E+01  2.067679361061892E-12  3.000000000000116E+00  8.098844061153910E+02  1.290553877268627E+02  9.389397938422537E+02  7.918494426292199E+20  1.261815094452552E+20
  0.000000000000000E+00  1.641875023861203E+00 -9.763866920378647E-01  4.704899643737135E+00  5.320684958346277E+01  1.773561652782069E+01  1.773561652782069E+01  5.320684958346209E+01  6.821210263296962E-13  3.000000000000039E+00  7.879065010825560E+02  1.220329365332210E+02  9.099394376157770E+02  7.701891183527460E+20  1.192888238253921E+20
  0.000000000000000E+00  1.642240848604453E+00 -9.750766579583059E-01  4.705270457336082E+00  5.291486817243963E+01  1.763828939081344E+01  1.763828939081344E+01  5.291486817244032E+01 -6.892264536872972E-13  2.999999999999961E+00  7.660787113243955E+02  1.151834093267285E+02  8.812621206511240E+02  7.486629762627270E+20  1.125648745591116E+20
  0.000000000000000E+00  1.642606673347704E+00 -9.737666238787470E-01  4.705642286284326E+00  5.263959882721646E+01  1.754653294240592E+01  1.754653294240592E+01  5.263959882721778E+01 -1.321609488513786E-12  2.999999999999925E+00  7.443980553816699E+02  1.085069237685973E+02  8.529049791502672E+02  7.272505271441928E+20  1.060074202760341E+20
  0.000000000000000E+00  1.643015935257057E+00 -9.724176547990018E-01  4.706060244648350E+00  5.233907417417283E+01  1.744635805805801E+01  1.744635805805801E+01  5.233907417417403E+01 -1.200817223434569E-12  2.999999999999931E+00  8.625187274524023E+02  1.261414988061431E+02  9.886602262585454E+02  8.422432156833654E+20  1.231762490530598E+20
  0.000000000000000E+00  1.643473940803965E+00 -9.710837260127535E-01  4.706530460714837E+00  5.200103901285089E+01  1.733367967095062E+01  1.733367967095062E+01  5.200103901285185E+01 -9.592326932761353E-13  2.999999999999944E+00  9.381178405451798E+02  1.378927090361227E+02  1.076010549581302E+03  9.154366876536288E+20  1.345588361673786E+20
  0.000000000000000E+00  1.643963677602869E+00 -9.697603035654782E-01  4.707035287896923E+00  5.164029347335130E+01  1.721343115778400E+01  1.721343115778400E+01  5.164029347335202E+01 -7.247535904753022E-13  2.999999999999958E+00  9.727638599428503E+02  1.439043275526282E+02  1.116668187495479E+03  9.484665578734299E+20  1.403099434892148E+20
  0.000000000000000E+00  1.644468133268211E+00 -9.684428535026516E-01  4.707556987599210E+00  5.127163768577476E+01  1.709054589525845E+01  1.709054589525845E+01  5.127163768577536E+01 -6.110667527536862E-13  2.999999999999964E+00  9.678044397391001E+02  1.442759110272146E+02  1.112080350766315E+03  9.427958959113791E+20  1.405477503616352E+20
  0.000000000000000E+00  1.644989138652189E+00 -9.670882395043079E-01  4.708097348526904E+00  5.089514298059361E+01  1.696504766019799E+01  1.696504766019799E+01  5.089514298059399E+01 -3.765876499528531E-13  2.999999999999978E+00  9.458544596600672E+02  1.427417296475211E+02  1.088596189307588E+03  9.205751177284232E+20  1.389267484368063E+20
  0.000000000000000E+00  1.645510144036168E+00 -9.657336255059641E-01  4.708639251860103E+00  5.052335084599040E+01  1.684111694866340E+01  1.684111694866340E+01  5.052335084599022E+01  1.776356839400250E-13  3.000000000000010E+00  9.241464024439219E+02  1.407797699103204E+02  1.064926172354242E+03  8.986643942637357E+20  1.368979701879250E+20
  0.000000000000000E+00  1.646031149420146E+00 -9.643790115076203E-01  4.709182703892569E+00  5.015738012103949E+01  1.671912670701292E+01  1.671912670701292E+01  5.015738012103877E+01  7.247535904753022E-13  3.000000000000044E+00  9.026735191139087E+02  1.383896264335577E+02  1.041063145547466E+03  8.770762004597089E+20  1.344652802649310E+20
  0.000000000000000E+00  1.646552154804124E+00 -9.630243975092766E-01  4.709727710950429E+00  4.979834964481535E+01  1.659944988160479E+01  1.659944988160479E+01  4.979834964481437E+01  9.805489753489383E-13  3.000000000000059E+00  8.814292057981969E+02  1.355708938352076E+02  1.017000099633405E+03  8.558211414650521E+20  1.316321677886954E+20
  0.000000000000000E+00  1.647083279450591E+00 -9.616434734284628E-01  4.710284910655180E+00  4.944093310334308E+01  1.648031103444739E+01  1.648031103444739E+01  4.944093310334219E+01  8.881784197001252E-13  3.000000000000054E+00  8.599905365597829E+02  1.320602841368644E+02  9.920508206966472E+02  8.344852062154660E+20  1.281436815359230E+20
  0.000000000000000E+00  1.647614404097058E+00 -9.602625493476491E-01  4.710843739756788E+00  4.909345930182434E+01  1.636448643394122E+01  1.636448643394122E+01  4.909345930182366E+01  6.821210263296962E-13  3.000000000000042E+00  8.387577971520569E+02  1.282081058362241E+02  9.669659029882810E+02  8.134491722473282E+20  1.243395625316227E+20
  0.000000000000000E+00  1.648145528743525E+00 -9.588816252668352E-01  4.711404205062319E+00  4.875683380351088E+01  1.625227793450347E+01  1.625227793450347E+01  4.875683380351042E+01  4.618527782440651E-13  3.000000000000029E+00  8.177263912121663E+02  1.240140308261593E+02  9.417404220383255E+02  7.926857160232025E+20  1.202164341016746E+20
  0.000000000000000E+00  1.648676653389992E+00 -9.575007011860215E-01  4.711966313414647E+00  4.843196217165441E+01  1.614398739055134E+01  1.614398739055134E+01  4.843196217165404E+01  3.765876499528531E-13  3.000000000000024E+00  7.968918180255616E+02  1.194777309995374E+02  9.163695490250991E+02  7.721694455608792E+20  1.157711137395884E+20
  0.000000000000000E+00  1.649259182704275E+00 -9.560726269782023E-01  4.712584704626726E+00  4.807324825023014E+01  1.602441608340990E+01  1.602441608340990E+01  4.807324825022969E+01  4.476419235288631E-13  3.000000000000028E+00  8.981954844342979E+02  1.373161253431280E+02  1.035511609777426E+03  8.698978228480984E+20  1.329899788498228E+20
  0.000000000000000E+00  1.649885192359860E+00 -9.546624869711848E-01  4.713251234143577E+00  4.767534537611021E+01  1.589178179203655E+01  1.589178179203655E+01  4.767534537610967E+01  5.400124791776761E-13  3.000000000000034E+00  9.509481387580605E+02  1.477089130626826E+02  1.098657051820743E+03  9.204242876014377E+20  1.429677030081362E+20
  0.000000000000000E+00  1.650533692133903E+00 -9.532618243486968E-01  4.713943721998518E+00  4.725872907883456E+01  1.575290969294464E+01  1.575290969294464E+01  4.725872907883391E+01  6.536993168992922E-13  3.000000000000041E+00  9.569064145960259E+02  1.507912090905155E+02  1.107697623686541E+03  9.255875525650285E+20  1.458559207478337E+20
  0.000000000000000E+00  1.651183691803561E+00 -9.518621822944660E-01  4.714639877655330E+00  4.684387488794317E+01  1.561462496264749E+01  1.561462496264749E+01  4.684387488794247E+01  6.963318810448982E-13  3.000000000000045E+00  9.173161434890130E+02  1.466142836176778E+02  1.063930427106691E+03  8.867477846109431E+20  1.417285546679725E+20
  0.000000000000000E+00  1.651845100216438E+00 -9.504217817508686E-01  4.715350439688032E+00  4.642844242643598E+01  1.547614747547843E+01  1.547614747547843E+01  4.642844242643530E+01  6.821210263296962E-13  3.000000000000044E+00  8.966669780463386E+02  1.445396595851612E+02  1.041206637631500E+03  8.662859438466748E+20  1.396423404593557E+20
  0.000000000000000E+00  1.652506508629314E+00 -9.489813812072712E-01  4.716063190491422E+00  4.602005590091746E+01  1.534001863363893E+01  1.534001863363893E+01  4.602005590091679E+01  6.679101716144942E-13  3.000000000000044E+00  8.762648034821906E+02  1.417887484418246E+02  1.018053551924015E+03  8.460988834041864E+20  1.369075891889832E+20
  0.000000000000000E+00  1.653167917042191E+00 -9.475409806636739E-01  4.716778139466795E+00  4.562063845336635E+01  1.520687948445523E+01  1.520687948445523E+01  4.562063845336569E+01  6.536993168992922E-13  3.000000000000044E+00  8.561047395939996E+02  1.383607401962686E+02  9.944654797902683E+02  8.261793091062440E+20  1.335242937645605E+20
  0.000000000000000E+00  1.653829325455067E+00 -9.461005801200765E-01  4.717495296064537E+00  4.523211322576140E+01  1.507737107525358E+01  1.507737107525358E+01  4.523211322576076E+01  6.394884621840902E-13  3.000000000000043E+00  8.361819223188809E+02  1.342548248570729E+02  9.704367471759538E+02  8.065200918142752E+20  1.294924116153557E+20
  0.000000000000000E+00  1.654505731278812E+00 -9.446275185483660E-01  4.718231007337530E+00  4.484846957890930E+01  1.494948985963579E+01  1.494948985963579E+01  4.484846957890737E+01  1.932676241267473E-12  3.000000000000129E+00  8.160298949331100E+02  1.291269881287488E+02  9.451568830618586E+02  7.866613062942399E+20  1.244797596141116E+20
  0.000000000000000E+00  1.655182137102556E+00 -9.431544569766555E-01  4.718969047633554E+00  4.448039738841482E+01  1.482679912947001E+01  1.482679912947001E+01  4.448039738841004E+01  4.781952611665474E-12  3.000000000000322E+00  7.960831040403658E+02  1.236655868607470E+02  9.197486909011128E+02  7.670339769589144E+20  1.191530211121616E+20
  0.000000000000000E+00  1.655858542926301E+00 -9.416813954049449E-01  4.719709427221682E+00  4.412885526190319E+01  1.470961842063185E+01  1.470961842063185E+01  4.412885526189555E+01  7.638334409421077E-12  3.000000000000520E+00  7.763390764631557E+02  1.178702173054772E+02  8.942092937686330E+02  7.476370875539839E+20  1.135124440432627E+20
  0.000000000000000E+00  1.656534948750045E+00 -9.402083338332344E-01  4.720452156425926E+00  4.379480180699966E+01  1.459826726899691E+01  1.459826726899691E+01  4.379480180699073E+01  8.924416761146858E-12  3.000000000000611E+00  7.567953061057805E+02  1.117404757153486E+02  8.685357818211291E+02  7.284693486207017E+20  1.075581612388460E+20
  0.000000000000000E+00  1.657248933572079E+00 -9.386811077839681E-01  4.721238444723605E+00  4.345476458843627E+01  1.448492152947620E+01  1.448492152947620E+01  4.345476458842860E+01  7.666756118851481E-12  3.000000000000529E+00  7.823680925352231E+02  1.135935773099129E+02  8.959616698451362E+02  7.527072073242093E+20  1.092870544730986E+20
  0.000000000000000E+00  1.657987091108680E+00 -9.371651043380780E-01  4.722053420992768E+00  4.310498702819421E+01  1.436832900939643E+01  1.436832900939643E+01  4.310498702818930E+01  4.909850304102292E-12  3.000000000000342E+00  8.186083776771121E+02  1.182419520754192E+02  9.368503297525313E+02  7.871428302495152E+20  1.136969854559495E+20
  0.000000000000000E+00  1.658753805527696E+00 -9.356635511687347E-01  4.722901919633770E+00  4.273715008430575E+01  1.424571669476787E+01  1.424571669476787E+01  4.273715008430362E+01  2.124522779922700E-12  3.000000000000150E+00  8.652192682086011E+02  1.256739149646564E+02  9.908931831732575E+02  8.314646918044419E+20  1.207710308975143E+20
  0.000000000000000E+00  1.659553460996979E+00 -9.341796759491083E-01  4.723788791267804E+00  4.234293471480319E+01  1.411431157160077E+01  1.411431157160077E+01  4.234293471480231E+01  8.810729923425242E-13  3.000000000000062E+00  9.218427591121767E+02  1.358730790520176E+02  1.057715838164194E+03  8.852993098343283E+20  1.304868340297705E+20
  0.000000000000000E+00  1.660409085141702E+00 -9.326371422797487E-01  4.724740284250974E+00  4.191425718144325E+01  1.397141906048082E+01  1.397141906048082E+01  4.191425718144247E+01  7.815970093361102E-13  3.000000000000056E+00  9.025295347569221E+02  1.355488996664002E+02  1.038078434423322E+03  8.661580942392312E+20  1.300863540636319E+20
  0.000000000000000E+00  1.661264709286425E+00 -9.310946086103890E-01  4.725694959173623E+00  4.148706206859270E+01  1.382902068953071E+01  1.382902068953071E+01  4.148706206859214E+01  5.613287612504791E-13  3.000000000000041E+00  8.835367885483383E+02  1.350737605937370E+02  1.018610549142075E+03  8.473973874471723E+20  1.295488239124243E+20
  0.000000000000000E+00  1.662120333431148E+00 -9.295520749410292E-01  4.726652830274885E+00  4.106182452577579E+01  1.368727484192514E+01  1.368727484192514E+01  4.106182452577543E+01  3.623767952376511E-13  3.000000000000026E+00  8.648505450921890E+02  1.344474292092438E+02  9.992979743014326E+02  8.289904839578502E+20  1.288727168405486E+20
  0.000000000000000E+00  1.662975957575871E+00 -9.280095412716695E-01  4.727613911865929E+00  4.063901970251679E+01  1.354633990083884E+01  1.354633990083884E+01  4.063901970251651E+01  2.700062395888381E-13  3.000000000000020E+00  8.464573177712226E+02  1.336696728881478E+02  9.801269906593704E+02  8.109120990632317E+20  1.280564923323398E+20
  0.000000000000000E+00  1.663856206018215E+00 -9.264254244969428E-01  4.728605968326331E+00  4.020792101537905E+01  1.340264033845959E+01  1.340264033845959E+01  4.020792101537876E+01  2.913225216616411E-13  3.000000000000022E+00  8.334902107129036E+02  1.327441644141771E+02  9.662343751270806E+02  7.980542197472889E+20  1.271005216329434E+20
  0.000000000000000E+00  1.664740712662740E+00 -9.248436618903413E-01  4.729606081814071E+00  3.977848247302985E+01  1.325949415767651E+01  1.325949415767651E+01  3.977848247302953E+01  3.197442310920451E-13  3.000000000000024E+00  8.266008009167965E+02  1.327824439919446E+02  9.593832449087411E+02  7.910371741134092E+20  1.270696195198007E+20
  0.000000000000000E+00  1.665632245820517E+00 -9.232658791006483E-01  4.730617298422199E+00  3.934759717775898E+01  1.311586572591955E+01  1.311586572591955E+01  3.934759717775864E+01  3.410605131648481E-13  3.000000000000026E+00  8.256663209211346E+02  1.337837449193754E+02  9.594500658405099E+02  7.897289479731877E+20  1.279607675086257E+20
  0.000000000000000E+00  1.666533573802619E+00 -9.216937017766468E-01  4.731642677405728E+00  3.891215823185630E+01  1.297071941061864E+01  1.297071941061864E+01  3.891215823185594E+01  3.552713678800501E-13  3.000000000000028E+00  8.305578679431399E+02  1.357460873371283E+02  9.663039552802680E+02  7.939922714136915E+20  1.297698190340985E+20
  0.000000000000000E+00  1.667467982615012E+00 -9.200777241834498E-01  4.732709096157723E+00  3.846427597827628E+01  1.282142532609197E+01  1.282142532609197E+01  3.846427597827593E+01  3.481659405224491E-13  3.000000000000027E+00  8.126375440867364E+02  1.333230877317482E+02  9.459606318184846E+02  7.764586276914274E+20  1.273874958067749E+20
  0.000000000000000E+00  1.668402391427405E+00 -9.184617465902528E-01  4.733779283510760E+00  3.802533177187210E+01  1.267511059062392E+01  1.267511059062392E+01  3.802533177187176E+01  3.481659405224491E-13  3.000000000000028E+00  7.949879615656178E+02  1.305229265178157E+02  9.255108880834333E+02  7.592357876502254E+20  1.246530535204675E+20
  0.000000000000000E+00  1.669336800239798E+00 -9.168457689970558E-01  4.734853257012483E+00  3.759657056703583E+01  1.253219018901183E+01  1.253219018901183E+01  3.759657056703550E+01  3.339550858072471E-13  3.000000000000027E+00  7.776132652231782E+02  1.273449746996543E+02  9.049582399228325E+02  7.423255698553786E+20  1.215661243703304E+20
  0.000000000000000E+00  1.670271209052191E+00 -9.152297914038588E-01  4.735931034299988E+00  3.717923731815954E+01  1.239307910605307E+01  1.239307910605307E+01  3.717923731815920E+01  3.339550858072471E-13  3.000000000000027E+00  7.605169672042113E+02  1.237886032815973E+02  8.843055704858086E+02  7.257292072372176E+20  1.181262335997737E+20
  0.000000000000000E+00  1.671223498453042E+00 -9.135702518096792E-01  4.737033714173926E+00  3.677262682110910E+01  1.225754227370292E+01  1.225754227370292E+01  3.677262682110875E+01  3.481659405224491E-13  3.000000000000028E+00  7.259190179773670E+02  1.159976637937540E+02  8.419166817711210E+02  6.924877677293033E+20  1.106555432121981E+20
  0.000000000000000E+00  1.672173750036189E+00 -9.119094389199355E-01  4.738138180401770E+00  3.638375291837794E+01  1.212791763945918E+01  1.212791763945918E+01  3.638375291837755E+01  3.979039320256561E-13  3.000000000000033E+00  7.180495903303146E+02  1.134885458622984E+02  8.315381361926130E+02  6.847921815487547E+20  1.082321749756707E+20
  0.000000000000000E+00  1.673135147243636E+00 -9.102552741555325E-01  4.739258923406521E+00  3.599468626641556E+01  1.199822875547170E+01  1.199822875547170E+01  3.599468626641512E+01  4.405364961712621E-13  3.000000000000037E+00  7.363624921426187E+02  1.162627727453077E+02  8.526252648879264E+02  7.020712110770680E+20  1.108485922836317E+20
  0.000000000000000E+00  1.674120873517389E+00 -9.086156789373753E-01  4.740410497085404E+00  3.558749752167141E+01  1.186249917389032E+01  1.186249917389032E+01  3.558749752167095E+01  4.547473508864641E-13  3.000000000000039E+00  7.801647944005280E+02  1.243008898898773E+02  9.044656842904052E+02  7.436152014273506E+20  1.184775728621336E+20
  0.000000000000000E+00  1.675161121829393E+00 -9.069242828270176E-01  4.741629002645992E+00  3.515181428449963E+01  1.171727142816638E+01  1.171727142816638E+01  3.515181428449914E+01  4.902744876744691E-13  3.000000000000042E+00  7.636272549385317E+02  1.229306301334234E+02  8.865578850719552E+02  7.276321285791157E+20  1.171360444419379E+20
  0.000000000000000E+00  1.676201370141397E+00 -9.052328867166599E-01  4.742852051266648E+00  3.472131813983309E+01  1.157377271327751E+01  1.157377271327751E+01  3.472131813983255E+01  5.400124791776761E-13  3.000000000000047E+00  7.473711971230410E+02  1.215090651950206E+02  8.688802623180616E+02  7.119676963946631E+20  1.157530950764287E+20
  0.000000000000000E+00  1.677241618453401E+00 -9.035414906063023E-01  4.744079664722722E+00  3.429618340787054E+01  1.143206113595664E+01  1.143206113595664E+01  3.429618340786994E+01  5.968558980384842E-13  3.000000000000052E+00  7.313879073934679E+02  1.200361029019091E+02  8.514240102953769E+02  6.966051416475431E+20  1.143275211683521E+20
  0.000000000000000E+00  1.678281866765405E+00 -9.018500944959446E-01  4.745311864897378E+00  3.387658440881072E+01  1.129219480293670E+01  1.129219480293670E+01  3.387658440881010E+01  6.252776074688882E-13  3.000000000000056E+00  7.156688890747525E+02  1.185116510813512E+02  8.341805401561037E+02  6.815284854160761E+20  1.128581489270177E+20
  0.000000000000000E+00  1.679345321809444E+00 -9.001209653022020E-01  4.746576318276079E+00  3.345452832130084E+01  1.115150944043343E+01  1.115150944043343E+01  3.345452832130031E+01  5.329070518200751E-13  3.000000000000048E+00  6.998429754339667E+02  1.163160322607195E+02  8.161590076946861E+02  6.663773758892290E+20  1.107539477747586E+20
  0.000000000000000E+00  1.680408776853483E+00 -8.983918361084597E-01  4.747845611901965E+00  3.304101810370569E+01  1.101367270123511E+01  1.101367270123511E+01  3.304101810370535E+01  3.339550858072471E-13  3.000000000000030E+00  6.842425927296839E+02  1.139017473139358E+02  7.981443400436198E+02  6.514677810185151E+20  1.084459216149031E+20
  0.000000000000000E+00  1.681472231897521E+00 -8.966627069147173E-01  4.749119769507057E+00  3.263682857889238E+01  1.087894285963075E+01  1.087894285963075E+01  3.263682857889224E+01  1.421085471520200E-13  3.000000000000013E+00  6.688747141479528E+02  1.112683865492326E+02  7.801431006971852E+02  6.368022942445715E+20  1.059330878155606E+20
  0.000000000000000E+00  1.682535686941560E+00 -8.949335777209748E-01  4.750398814942441E+00  3.224273456972809E+01  1.074757818990935E+01  1.074757818990935E+01  3.224273456972804E+01  4.973799150320701E-14  3.000000000000005E+00  6.537455446383833E+02  1.084155402748269E+02  7.621610849132103E+02  6.223830407674196E+20  1.032144603907220E+20
  0.000000000000000E+00  1.683621507366152E+00 -8.931658632297463E-01  4.751709927135857E+00  3.185291190633135E+01  1.061763730211043E+01  1.061763730211043E+01  3.185291190633129E+01  5.329070518200751E-14  3.000000000000005E+00  6.354194610113975E+02  1.044932266686014E+02  7.399126876799990E+02  6.049377067937092E+20  9.948057432135392E+19
  0.000000000000000E+00  1.684706703872518E+00 -8.913977634654330E-01  4.753025499668819E+00  3.147655066571884E+01  1.049218355523959E+01  1.049218355523959E+01  3.147655066571877E+01  7.460698725481052E-14  3.000000000000007E+00  6.211482533343150E+02  1.011995581176815E+02  7.223478114519964E+02  5.913658512494937E+20  9.634730921496284E+19
  0.000000000000000E+00  1.685793309672768E+00 -8.896305335541769E-01  4.754347816695262E+00  3.111133192966475E+01  1.037044397655489E+01  1.037044397655489E+01  3.111133192966467E+01  8.881784197001252E-14  3.000000000000008E+00  6.108669817755817E+02  9.853578179740055E+01  7.094027635729823E+02  5.815981834012895E+20  9.381458386704507E+19
  0.000000000000000E+00  1.686883357979011E+00 -8.878654286221196E-01  4.755679172151494E+00  3.075493677994328E+01  1.025164559331439E+01  1.025164559331439E+01  3.075493677994318E+01  1.030286966852145E-13  3.000000000000010E+00  6.045103287679854E+02  9.650276511036296E+01  7.010130938783483E+02  5.755658374100982E+20  9.188212702061879E+19
  0.000000000000000E+00  1.688001181030037E+00 -8.860608384678483E-01  4.757049613256012E+00  3.040102448383990E+01  1.013367482794660E+01  1.013367482794660E+01  3.040102448383981E+01  9.592326932761353E-14  3.000000000000010E+00  5.898293041993918E+02  9.273904300027179E+01  6.825683471996635E+02  5.616051747525726E+20  8.830135444228017E+19
  0.000000000000000E+00  1.689119004081064E+00 -8.842562483135771E-01  4.758425575845124E+00  3.006211306490661E+01  1.002070435496885E+01  1.002070435496885E+01  3.006211306490655E+01  5.329070518200751E-14  3.000000000000005E+00  5.753402426826158E+02  8.859883664913961E+01  6.639390793317555E+02  5.478256732162366E+20  8.436176323627231E+19
  0.000000000000000E+00  1.690236827132090E+00 -8.824516581593059E-01  4.759807088113384E+00  2.973958989081468E+01  9.913196630271548E+00  9.913196630271548E+00  2.973958989081465E+01  3.197442310920451E-14  3.000000000000003E+00  5.610505690272174E+02  8.408140867382298E+01  6.451319777010405E+02  5.342324748609308E+20  8.006233577749155E+19
  0.000000000000000E+00  1.691354650183116E+00 -8.806470680050347E-01  4.761194178398496E+00  2.943484232923536E+01  9.811614109745110E+00  9.811614109745110E+00  2.943484232923533E+01  2.131628207280301E-14  3.000000000000002E+00  5.469668638004458E+02  7.918602169117112E+01  6.261528854916170E+02  5.208301180173663E+20  7.540212717124523E+19
  0.000000000000000E+00  1.692495558977777E+00 -8.788052087090795E-01  4.762615697023614E+00  2.914398344222227E+01  9.714661147407416E+00  9.714661147407416E+00  2.914398344222225E+01  2.131628207280301E-14  3.000000000000002E+00  5.327943557954866E+02  7.358309700488724E+01  6.063774528003738E+02  5.073380586836352E+20  7.006738187128773E+19
  0.000000000000000E+00  1.693636467772437E+00 -8.769633494131244E-01  4.764043086550798E+00  2.887537726074724E+01  9.625125753582410E+00  9.625125753582410E+00  2.887537726074724E+01  7.105427357601002E-15  3.000000000000001E+00  5.188122111409039E+02  6.758809327063589E+01  5.864003044115398E+02  4.940236696843732E+20  6.435877403714547E+19
  0.000000000000000E+00  1.694777376567098E+00 -8.751214901171691E-01  4.765476377573105E+00  2.863048560452147E+01  9.543495201507152E+00  9.543495201507152E+00  2.863048560452146E+01  1.065814103640150E-14  3.000000000000001E+00  5.050253142860461E+02  6.120023353416322E+01  5.662255478202093E+02  4.808923999621186E+20  5.827574648231660E+19
  0.000000000000000E+00  1.695918285361758E+00 -8.732796308212140E-01  4.766915600840100E+00  2.841077029325614E+01  9.470256764418711E+00  9.470256764418711E+00  2.841077029325614E+01  7.105427357601002E-15  3.000000000000001E+00  4.914378346374631E+02  5.441874084120607E+01  5.458565754786691E+02  4.679489537008295E+20  5.181772961608626E+19
  0.000000000000000E+00  1.697082257342647E+00 -8.714005387997784E-01  4.768390063046087E+00  2.821325005630087E+01  9.404416685433624E+00  9.404416685433624E+00  2.821325005630088E+01 -7.105427357601002E-15  3.000000000000000E+00  4.777629413857265E+02  4.755951181577961E+01  5.253224532015061E+02  4.549221757043487E+20  4.528579912020260E+19
  0.000000000000000E+00  1.698246229323537E+00 -8.695214467783426E-01  4.769870764914780E+00  2.804274450343363E+01  9.347581501144546E+00  9.347581501144546E+00  2.804274450343365E+01 -1.421085471520200E-14  2.999999999999999E+00  4.642325476597282E+02  4.052755688389004E+01  5.047601045436182E+02  4.420335012280381E+20  3.858957747774147E+19
  0.000000000000000E+00  1.699410201304426E+00 -8.676423547569070E-01  4.771357739603680E+00  2.789988525524840E+01  9.299961751749471E+00  9.299961751749473E+00  2.789988525524842E+01 -2.486899575160351E-14  2.999999999999997E+00  4.508131602427685E+02  3.332254034045163E+01  4.841357005832201E+02  4.292494523489253E+20  3.172862607717823E+19
  0.000000000000000E+00  1.700574173285315E+00 -8.657632627354713E-01  4.772851020440859E+00  2.778530393233918E+01  9.261767977446398E+00  9.261767977446398E+00  2.778530393233920E+01 -2.486899575160351E-14  2.999999999999997E+00  4.374746432318087E+02  2.594412648038023E+01  4.634187697121889E+02  4.165399347372902E+20  2.470260829546481E+19
  0.000000000000000E+00  1.701905492677273E+00 -8.637652075500609E-01  4.774555720301228E+00  2.763070937127766E+01  9.210236457102472E+00  9.210236457102472E+00  2.763070937130742E+01 -2.975397705995420E-11  2.999999999996769E+00  6.356428899642272E+02  4.696723931443659E+01  6.826101292786636E+02  6.050988808486799E+20  4.471036236607182E+19
  0.000000000000000E+00  1.703342391973384E+00 -8.618385792101179E-01  4.776386900080944E+00  2.739775811325656E+01  9.132586037783904E+00  9.132586037783904E+00  2.739775811335171E+01 -9.515233045931382E-11  2.999999999989581E+00  7.645613424723094E+02  6.328643658562866E+01  8.278477790579379E+02  7.274796645449784E+20  6.021700692933953E+19
  0.000000000000000E+00  1.704844139320008E+00 -8.599583466309089E-01  4.778298812230315E+00  2.710591655662948E+01  9.035305518930009E+00  9.035305518930009E+00  2.710591655679003E+01 -1.605506838586734E-10  2.999999999982231E+00  8.276318357502003E+02  7.502648677404682E+01  9.026583225242471E+02  7.870287549831711E+20  7.134573602164039E+19
  0.000000000000000E+00  1.706370002863504E+00 -8.580994787276999E-01  4.780245527481805E+00  2.677465109975002E+01  8.924883699980100E+00  8.924883699980100E+00  2.677465109994031E+01 -1.902833446365548E-10  2.999999999978680E+00  8.284148595917169E+02  8.232928728836956E+01  9.107441468800864E+02  7.873346572078586E+20  7.824666643148163E+19
  0.000000000000000E+00  1.707973438904555E+00 -8.561466221356048E-01  4.782299881031538E+00  2.639386468511277E+01  8.797954895091079E+00  8.797954895091079E+00  2.639386468527324E+01 -1.604689714440610E-10  2.999999999981760E+00  8.164674678306252E+02  9.028939445077575E+01  9.067568622814009E+02  7.756127867314902E+20  8.577146255237256E+19
  0.000000000000000E+00  1.709576874945606E+00 -8.541937655435098E-01  4.784363201217512E+00  2.598497131606213E+01  8.661657105385673E+00  8.661657105385673E+00  2.598497131615703E+01 -9.489653507444018E-11  2.999999999989044E+00  8.048378415403474E+02  9.527989284411052E+01  9.001177343844579E+02  7.642701498005253E+20  9.047732874684400E+19
  0.000000000000000E+00  1.711180310986657E+00 -8.522409089514147E-01  4.786435529189371E+00  2.556108187805454E+01  8.520360626027951E+00  8.520360626027951E+00  2.556108187808386E+01 -2.932409870481933E-11  2.999999999996558E+00  7.935183037878600E+02  9.729238511075329E+01  8.908106888986133E+02  7.532917262066381E+20  9.236024975982617E+19
  0.000000000000000E+00  1.712783747027708E+00 -8.502880523593196E-01  4.788516906147353E+00  2.513530725654644E+01  8.378435752181984E+00  8.378435752181984E+00  2.513530725654596E+01  4.831690603168681E-13  3.000000000000058E+00  7.825013285470224E+02  9.631847389307524E+01  8.788198024400976E+02  7.426630525757341E+20  9.141476088442049E+19
  0.000000000000000E+00  1.714417675110815E+00 -8.482980589037572E-01  4.790647215445816E+00  2.470825424812804E+01  8.236084749375907E+00  8.236084749375907E+00  2.470825424812773E+01  3.126388037344441E-13  3.000000000000038E+00  7.715593130579076E+02  9.485547065605626E+01  8.664147837139639E+02  7.321545409740897E+20  9.001104957416771E+19
  0.000000000000000E+00  1.716051603193922E+00 -8.463080654481947E-01  4.792787007688942E+00  2.428901218788149E+01  8.096337395960518E+00  8.096337395960518E+00  2.428901218788156E+01 -7.105427357601002E-14  2.999999999999992E+00  7.608985844549993E+02  9.299940009138683E+01  8.538979845463862E+02  7.219514141090198E+20  8.823915536044484E+19
  0.000000000000000E+00  1.717685531277029E+00 -8.443180719926322E-01  4.794936326610800E+00  2.387932085097636E+01  7.959773616992258E+00  7.959773616992258E+00  2.387932085097678E+01 -4.227729277772596E-13  2.999999999999947E+00  7.505316126898017E+02  9.074914789490252E+01  8.412807605847042E+02  7.120551746694011E+20  8.609684024343850E+19
  0.000000000000000E+00  1.719319459360136E+00 -8.423280785370698E-01  4.797095215983668E+00  2.348092001258216E+01  7.826973337527581E+00  7.826973337527581E+00  2.348092001258275E+01 -5.897504706808832E-13  2.999999999999925E+00  7.404704898568457E+02  8.810359976243548E+01  8.285740896192812E+02  7.024675131484997E+20  8.358188134751180E+19
  0.000000000000000E+00  1.720984034299242E+00 -8.403007596670649E-01  4.799304485401471E+00  2.308666922663632E+01  7.695556408878949E+00  7.695556408878949E+00  2.308666922663685E+01 -5.258016244624741E-13  2.999999999999932E+00  7.304775321680386E+02  8.585353368718853E+01  8.163310658552272E+02  6.929527594813857E+20  8.144322098886923E+19
  0.000000000000000E+00  1.722648609238348E+00 -8.382734407970599E-01  4.801523779468334E+00  2.270305459076064E+01  7.567684863587011E+00  7.567684863587011E+00  2.270305459076103E+01 -3.979039320256561E-13  2.999999999999948E+00  7.206826264785740E+02  8.357420383392437E+01  8.042568303124984E+02  6.836307286513236E+20  7.927746800642289E+19
  0.000000000000000E+00  1.724313184177453E+00 -8.362461219270551E-01  4.803753144559686E+00  2.233018810670228E+01  7.443396035567517E+00  7.443396035567517E+00  2.233018810670255E+01 -2.700062395888381E-13  2.999999999999964E+00  7.110957365525958E+02  8.126553846693358E+01  7.923612750195294E+02  6.745096274467350E+20  7.708439983247652E+19
  0.000000000000000E+00  1.725977759116559E+00 -8.342188030570501E-01  4.805992627072374E+00  2.196818177620846E+01  7.322727258736217E+00  7.322727258736217E+00  2.196818177620866E+01 -1.989519660128281E-13  2.999999999999972E+00  7.017265252064566E+02  7.892746585049892E+01  7.806539910569554E+02  6.655974382697594E+20  7.486380689936135E+19
  0.000000000000000E+00  1.727673828082576E+00 -8.321531269863269E-01  4.808284935362911E+00  2.161024559568765E+01  7.203415198562612E+00  7.203415198562612E+00  2.161024559568784E+01 -1.918465386552271E-13  2.999999999999973E+00  6.923702887296600E+02  7.668665965380343E+01  7.690569483834636E+02  6.567018043055555E+20  7.273603241008253E+19
  0.000000000000000E+00  1.729369897048593E+00 -8.300874509156037E-01  4.810587844837915E+00  2.126286002124937E+01  7.087620007083186E+00  7.087620007083186E+00  2.126286002124956E+01 -1.918465386552271E-13  2.999999999999973E+00  6.831977437486539E+02  7.448911242998641E+01  7.576868561786404E+02  6.479890902896784E+20  7.065030972606686E+19
  0.000000000000000E+00  1.731065966014610E+00 -8.280217748448805E-01  4.812901404611838E+00  2.092580542221076E+01  6.975268474070321E+00  6.975268474070321E+00  2.092580542221096E+01 -2.060573933704291E-13  2.999999999999970E+00  6.742489963395911E+02  7.233496484974158E+01  7.465839611893327E+02  6.394986906067125E+20  6.860687306562047E+19
  0.000000000000000E+00  1.732762034980627E+00 -8.259560987741572E-01  4.815225663798405E+00  2.059886216788898E+01  6.866287389296398E+00  6.866287389296398E+00  2.059886216788919E+01 -2.167155344068306E-13  2.999999999999968E+00  6.655630576742458E+02  7.022435758376820E+01  7.357874152580140E+02  6.312688878669377E+20  6.660593853869314E+19
  0.000000000000000E+00  1.734490432241502E+00 -8.238510272831140E-01  4.817605286001902E+00  2.027574904112761E+01  6.758583013709297E+00  6.758583013709297E+00  2.027574904112789E+01 -2.771116669464391E-13  2.999999999999959E+00  6.569260277294451E+02  6.816738654230291E+01  7.250934142717480E+02  6.230982566594317E+20  6.465717283625708E+19
  0.000000000000000E+00  1.736218813741427E+00 -8.217459428513526E-01  4.819996104876664E+00  1.996242822262825E+01  6.654142740876209E+00  6.654142740876209E+00  1.996242822262863E+01 -3.765876499528531E-13  2.999999999999943E+00  6.485165986217982E+02  6.616432312801668E+01  7.146809217498148E+02  6.151554099548523E+20  6.276067783723239E+19
  0.000000000000000E+00  1.737947188425979E+00 -8.196408528237521E-01  4.822398182349845E+00  1.965862857950611E+01  6.552876193168822E+00  6.552876193168822E+00  1.965862857950647E+01 -3.588240815588506E-13  2.999999999999945E+00  6.403511135937714E+02  6.421534138702070E+01  7.045664549807921E+02  6.074544917551486E+20  6.091642028420366E+19
  0.000000000000000E+00  1.739675565240733E+00 -8.175357645451917E-01  4.824811580316519E+00  1.936407897887640E+01  6.454692992958834E+00  6.454692992958834E+00  1.936407897887651E+01 -1.101341240428155E-13  2.999999999999983E+00  6.324454659476850E+02  6.232061531806573E+01  6.947660812657506E+02  6.000092962782448E+20  5.912438392547970E+19
  0.000000000000000E+00  1.741437640866822E+00 -8.153896409832312E-01  4.827283737030744E+00  1.907302530385986E+01  6.357675101286572E+00  6.357675101286572E+00  1.907302530385972E+01  1.456612608308205E-13  3.000000000000023E+00  6.245847001086270E+02  6.044556425829798E+01  6.850302643669251E+02  5.926158680206436E+20  5.735170990371506E+19
  0.000000000000000E+00  1.743199716492910E+00 -8.132435174212707E-01  4.829767766277144E+00  1.879102494550926E+01  6.263674981836373E+00  6.263674981836373E+00  1.879102494550912E+01  1.350031197944190E-13  3.000000000000022E+00  6.168859458019492E+02  5.862264175775658E+01  6.755085875597058E+02  5.853830392566748E+20  5.562892206402794E+19
  0.000000000000000E+00  1.744961792118999E+00 -8.110973938593101E-01  4.832263722911733E+00  1.851781251840923E+01  6.172604172803069E+00  6.172604172803069E+00  1.851781251840921E+01  1.776356839400250E-14  3.000000000000003E+00  6.093699743402176E+02  5.685201778978757E+01  6.662219921300051E+02  5.783294021963926E+20  5.395604451569143E+19
  0.000000000000000E+00  1.746723867745088E+00 -8.089512702973497E-01  4.834771661724127E+00  1.825312263714440E+01  6.084374212381485E+00  6.084374212381485E+00  1.825312263714446E+01 -5.329070518200751E-14  2.999999999999991E+00  6.020569958609747E+02  5.513386232774069E+01  6.571908581887153E+02  5.714730829982127E+20  5.233311546687621E+19
  0.000000000000000E+00  1.748521631438972E+00 -8.067616803812528E-01  4.837342800312216E+00  1.799156832614138E+01  5.997189442047154E+00  5.997189442047154E+00  1.799156832614146E+01 -8.526512829121202E-14  2.999999999999986E+00  5.947697385269298E+02  5.343980679907468E+01  6.482095453260044E+02  5.646465997779132E+20  5.073325565725616E+19
  0.000000000000000E+00  1.750319395132857E+00 -8.045720904651559E-01  4.839926526320821E+00  1.773830612581144E+01  5.912768708603864E+00  5.912768708603864E+00  1.773830612581160E+01 -1.563194018672220E-13  2.999999999999974E+00  5.876410589543808E+02  5.180018524514219E+01  6.394412441995231E+02  5.579718653966278E+20  4.918486472090888E+19
  0.000000000000000E+00  1.752117158826742E+00 -8.023825005490591E-01  4.842522897662003E+00  1.749305683533318E+01  5.831018945111135E+00  5.831018945111135E+00  1.749305683533341E+01 -2.309263891220326E-13  2.999999999999960E+00  5.807013106847498E+02  5.021517648774704E+01  6.309164871724969E+02  5.514746392522177E+20  4.768784886314876E+19
  0.000000000000000E+00  1.753914922520627E+00 -8.001929106329622E-01  4.845131972134116E+00  1.725554125388520E+01  5.751847084628485E+00  5.751847084628485E+00  1.725554125388546E+01 -2.593480985524366E-13  2.999999999999955E+00  5.739800582237856E+02  4.868495934869109E+01  6.226650175724766E+02  5.451800971145312E+20  4.624214811203091E+19
  0.000000000000000E+00  1.755750389479185E+00 -7.979573999496291E-01  4.847808930396686E+00  1.702073011902648E+01  5.673576706342240E+00  5.673576706342240E+00  1.702073011902672E+01 -2.415845301584341E-13  2.999999999999957E+00  5.673137890400334E+02  4.718013642045047E+01  6.144939254604839E+02  5.389308813925397E+20  4.481969766382561E+19
  0.000000000000000E+00  1.757585856437744E+00 -7.957218892662958E-01  4.850499251555223E+00  1.679339482361035E+01  5.597798274536849E+00  5.597798274536849E+00  1.679339482361055E+01 -2.060573933704291E-13  2.999999999999964E+00  5.608116009494967E+02  4.573022957990051E+01  6.065418305293972E+02  5.328256887482788E+20  4.344817587809079E+19
  0.000000000000000E+00  1.759421323396302E+00 -7.934863785829626E-01  4.853202996680957E+00  1.657325083087366E+01  5.524416943624608E+00  5.524416943624608E+00  1.657325083087383E+01 -1.705302565824240E-13  2.999999999999969E+00  5.544996721842118E+02  4.433542106639368E+01  5.988350932506055E+02  5.268877661359146E+20  4.212769121098221E+19
  0.000000000000000E+00  1.761256790354861E+00 -7.912508678996294E-01  4.855920226671023E+00  1.636001360405329E+01  5.453337868017813E+00  5.453337868017813E+00  1.636001360405344E+01 -1.527666881884215E-13  2.999999999999972E+00  5.484035238516922E+02  4.299589311928149E+01  5.913994169709737E+02  5.211398178281863E+20  4.085836602611281E+19
  0.000000000000000E+00  1.763133172592358E+00 -7.889655355389665E-01  4.858712027994097E+00  1.614883910111874E+01  5.382946367041816E+00  5.382946367041816E+00  1.614883910112545E+01 -6.707523425575346E-12  2.999999999998754E+00  5.423830783926051E+02  4.169328414939519E+01  5.840763625420003E+02  5.154489267038316E+20  3.962284116468600E+19
  0.000000000000000E+00  1.765009564362737E+00 -7.866802110053257E-01  4.861518060667037E+00  1.594425880652886E+01  5.314752935516658E+00  5.314752935516658E+00  1.594425880654998E+01 -2.111910646362958E-11  2.999999999996026E+00  5.365166542576803E+02  4.043899248276342E+01  5.769556467404439E+02  5.098917427619715E+20  3.843218693947809E+19
  0.000000000000000E+00  1.766885963532069E+00 -7.843948925466784E-01  4.864338386707803E+00  1.574601783115763E+01  5.248672610397706E+00  5.248672610397706E+00  1.574601783119312E+01 -3.548805693753820E-11  2.999999999993239E+00  5.308242036296450E+02  3.923318130340015E+01  5.700573849330451E+02  5.044911256730557E+20  3.728690527701864E+19
  0.000000000000000E+00  1.768762367966425E+00 -7.821095784109959E-01  4.867173067886516E+00  1.555386128587905E+01  5.184620428640327E+00  5.184620428640327E+00  1.555386128592098E+01 -4.193267955088231E-11  2.999999999991912E+00  5.253252014834688E+02  3.807601380261444E+01  5.634012152860834E+02  4.992693154580574E+20  3.618746120102346E+19
  0.000000000000000E+00  1.770682983952603E+00 -7.797704220658306E-01  4.870089465665417E+00  1.536325567890907E+01  5.121085226314796E+00  5.121085226314796E+00  1.536325567894439E+01 -3.531752668095578E-11  2.999999999993104E+00  5.198427655107322E+02  3.692142448538706E+01  5.567641899961193E+02  4.940640901452312E+20  3.509051429679273E+19
  0.000000000000000E+00  1.772603599938781E+00 -7.774312657206651E-01  4.873021031982917E+00  1.517864583087701E+01  5.059548610299318E+00  5.059548610299318E+00  1.517864583089796E+01 -2.094857620704715E-11  2.999999999995859E+00  5.144747331013472E+02  3.579586205992398E+01  5.502705951612711E+02  4.889732204372329E+20  3.402153074506771E+19
  0.000000000000000E+00  1.774524215924959E+00 -7.750921093754997E-01  4.875967834704819E+00  1.499987126243293E+01  4.999957087479853E+00  4.999957087479853E+00  1.499987126243956E+01 -6.631140081481135E-12  2.999999999998674E+00  5.092388509985170E+02  3.469942931123556E+01  5.439382803097525E+02  4.840156886507510E+20  3.298072827894792E+19
  0.000000000000000E+00  1.776444831911138E+00 -7.727529530303343E-01  4.878929941345715E+00  1.482677149422693E+01  4.942257164742356E+00  4.942257164742356E+00  1.482677149422707E+01 -1.403321903126198E-13  2.999999999999972E+00  5.041524480585689E+02  3.363222902433171E+01  5.377846770829007E+02  4.792099992778827E+20  3.196830742075706E+19
  0.000000000000000E+00  1.778413745139748E+00 -7.703549745146244E-01  4.881982491632449E+00  1.465505348793156E+01  4.885017829310564E+00  4.885017829310564E+00  1.465505348793169E+01 -1.385558334732195E-13  2.999999999999972E+00  4.990512323878764E+02  3.256439373202184E+01  5.316156261198983E+02  4.744016270425898E+20  3.095594273198708E+19
  0.000000000000000E+00  1.780382658368359E+00 -7.679569959989145E-01  4.885051267674086E+00  1.448897396080849E+01  4.829657986936195E+00  4.829657986936195E+00  1.448897396080859E+01 -9.947598300641403E-14  2.999999999999980E+00  4.940477058028627E+02  3.152973262108841E+01  5.255774384239511E+02  4.696946962807339E+20  2.997554287436398E+19
  0.000000000000000E+00  1.782351571596970E+00 -7.655590174832045E-01  4.888136340924453E+00  1.432834839777000E+01  4.776116132590020E+00  4.776116132590020E+00  1.432834839777006E+01 -6.217248937900877E-14  2.999999999999987E+00  4.891818938600668E+02  3.052836387112878E+01  5.197102577311956E+02  4.651252405520332E+20  2.902706082838100E+19
  0.000000000000000E+00  1.784320484825580E+00 -7.631610389674947E-01  4.891237782357410E+00  1.417299228372837E+01  4.724330761242804E+00  4.724330761242804E+00  1.417299228372842E+01 -4.263256414560601E-14  2.999999999999991E+00  4.844929570789875E+02  2.956040566174184E+01  5.140533627407293E+02  4.607285718352352E+20  2.811046741631818E+19
  0.000000000000000E+00  1.786342515702084E+00 -7.606983674137163E-01  4.894440005477460E+00  1.401869283228863E+01  4.672897610762837E+00  4.672897610762837E+00  1.401869283228851E+01  1.136868377216160E-13  3.000000000000024E+00  4.798516350371726E+02  2.861778332943082E+01  5.084694183666034E+02  4.563810244966597E+20  2.721802390794668E+19
  0.000000000000000E+00  1.788364546578587E+00 -7.582356958599379E-01  4.897659641926843E+00  1.386946319994062E+01  4.623154399980056E+00  4.623154399980056E+00  1.386946319994017E+01  4.458655666894629E-13  3.000000000000097E+00  4.753667514067772E+02  2.771279364491198E+01  5.030795450516891E+02  4.521812381511333E+20  2.636113128631508E+19
  0.000000000000000E+00  1.790386577455091E+00 -7.557730243061594E-01  4.900896766833977E+00  1.372509238371113E+01  4.575030794570117E+00  4.575030794570117E+00  1.372509238371035E+01  7.691625114603085E-13  3.000000000000168E+00  4.710738232937298E+02  2.684557175294343E+01  4.979193950466732E+02  4.481602553303391E+20  2.553977252899971E+19
  0.000000000000000E+00  1.792408608331594E+00 -7.533103527523810E-01  4.904151454679550E+00  1.358536938062691E+01  4.528456460208679E+00  4.528456460208679E+00  1.358536938062604E+01  8.739675649849232E-13  3.000000000000193E+00  4.670077139194220E+02  2.601625279828126E+01  4.930239667177033E+02  4.443486134975283E+20  2.475395055532657E+19
  0.000000000000000E+00  1.794488949165123E+00 -7.507766643441435E-01  4.907518406713082E+00  1.344624596230661E+01  4.482081987435305E+00  4.482081987435305E+00  1.344624596230592E+01  6.927791673660977E-13  3.000000000000155E+00  4.630327446402212E+02  2.520010191709806E+01  4.882328465573192E+02  4.406159354663115E+20  2.398008911589196E+19
  0.000000000000000E+00  1.796569289998652E+00 -7.482429759359059E-01  4.910904106933217E+00  1.331164380085836E+01  4.437214600285993E+00  4.437214600285993E+00  1.331164380085798E+01  3.783640067922533E-13  3.000000000000085E+00  4.592147853881141E+02  2.440944254794263E+01  4.836242279360568E+02  4.370225053224439E+20  2.322981766976498E+19
  0.000000000000000E+00  1.798649630832180E+00 -7.457092875276685E-01  4.914308634099260E+00  1.318141399300142E+01  4.393804664333778E+00  4.393804664333778E+00  1.318141399300134E+01  8.526512829121202E-14  3.000000000000020E+00  4.555721931964540E+02  2.364437006149812E+01  4.792165632579521E+02  4.335861530411446E+20  2.250328621708771E+19
  0.000000000000000E+00  1.800729971665709E+00 -7.431755991194310E-01  4.917732066103080E+00  1.305540763545505E+01  4.351802545151697E+00  4.351802545151697E+00  1.305540763545509E+01 -4.796163466380676E-14  2.999999999999989E+00  4.521230523372884E+02  2.290497982844629E+01  4.750280321657347E+02  4.303244306243265E+20  2.180064111348326E+19
  0.000000000000000E+00  1.802874807128356E+00 -7.405633614217908E-01  4.921281505667810E+00  1.292976532452738E+01  4.309921774842477E+00  4.309921774842477E+00  1.292976532452743E+01 -4.796163466380676E-14  2.999999999999989E+00  4.487276781629968E+02  2.216591253939371E+01  4.708935907023906E+02  4.271063877639619E+20  2.109788028888530E+19
  0.000000000000000E+00  1.805019642591003E+00 -7.379511237241505E-01  4.924851205563585E+00  1.280833768240111E+01  4.269445894133719E+00  4.269445894133719E+00  1.280833768240116E+01 -4.796163466380676E-14  2.999999999999988E+00  4.454489493238826E+02  2.144503851037751E+01  4.668939878342600E+02  4.239938689763740E+20  2.041213670424703E+19
  0.000000000000000E+00  1.807164478053649E+00 -7.353388860265104E-01  4.928441247999539E+00  1.269101330153714E+01  4.230337767179061E+00  4.230337767179061E+00  1.269101330153719E+01 -4.973799150320701E-14  2.999999999999988E+00  4.423109740827080E+02  2.074242909652774E+01  4.630534031792358E+02  4.210116315072620E+20  1.974358410044761E+19
  0.000000000000000E+00  1.809309313516296E+00 -7.327266483288701E-01  4.932051714026944E+00  1.257768077439638E+01  4.192560258132142E+00  4.192560258132142E+00  1.257768077439643E+01 -4.796163466380676E-14  2.999999999999988E+00  4.393375220835400E+02  2.005815565297621E+01  4.593956777365162E+02  4.181840561046217E+20  1.909238448188922E+19
  0.000000000000000E+00  1.811524838691523E+00 -7.300283162266681E-01  4.935802703288390E+00  1.246468577572477E+01  4.154895258574938E+00  4.154895258574938E+00  1.246468577572481E+01 -4.085620730620576E-14  2.999999999999990E+00  4.363985655823923E+02  1.937072616463865E+01  4.557692917470309E+02  4.153896487038970E+20  1.843818878261063E+19
  0.000000000000000E+00  1.813740363866751E+00 -7.273299841244658E-01  4.939575656359708E+00  1.235570898917704E+01  4.118569663059024E+00  4.118569663059024E+00  1.235570898917708E+01 -3.197442310920451E-14  2.999999999999992E+00  4.335651230645717E+02  1.870268514703129E+01  4.522678082116030E+02  4.126963574136259E+20  1.780246985614707E+19
  0.000000000000000E+00  1.815955889041978E+00 -7.246316520222637E-01  4.943370658355906E+00  1.225062951867843E+01  4.083543172892818E+00  4.083543172892818E+00  1.225062951867846E+01 -2.664535259100376E-14  2.999999999999993E+00  4.308756511327225E+02  1.805411003257236E+01  4.489297611652948E+02  4.101398668417674E+20  1.718526044634853E+19
  0.000000000000000E+00  1.818171414217206E+00 -7.219333199200616E-01  4.947187792849279E+00  1.214932646815417E+01  4.049775489384730E+00  4.049775489384730E+00  1.214932646815419E+01 -2.131628207280301E-14  2.999999999999995E+00  4.283681918456183E+02  1.742507825368097E+01  4.457932700992993E+02  4.077554910729874E+20  1.658659880814770E+19
  0.000000000000000E+00  1.820464505676177E+00 -7.191405183007392E-01  4.951161962186508E+00  1.204829217696190E+01  4.016097392320633E+00  4.016097392320633E+00  1.204829217696190E+01 -1.776356839400250E-15  3.000000000000000E+00  4.259439028591221E+02  1.680605161036177E+01  4.427499544694838E+02  4.054465380998420E+20  1.599730715432291E+19
  0.000000000000000E+00  1.822757597135147E+00 -7.163477166814171E-01  4.955160017688374E+00  1.195096864979164E+01  3.983656216597200E+00  3.983656216597200E+00  1.195096864979160E+01  3.552713678800501E-14  3.000000000000009E+00  4.236791019141523E+02  1.620955452289431E+01  4.398886564370467E+02  4.032833505854244E+20  1.542923271399518E+19
  0.000000000000000E+00  1.825050688594117E+00 -7.135549150620947E-01  4.959182046380741E+00  1.185721361464713E+01  3.952404538215683E+00  3.952404538215683E+00  1.185721361464705E+01  7.460698725481052E-14  3.000000000000019E+00  4.216140426763049E+02  1.563567811470604E+01  4.372497207910109E+02  4.013039758134272E+20  1.488247343978508E+19
  0.000000000000000E+00  1.827343780053088E+00 -7.107621134427724E-01  4.963228133233760E+00  1.176688479953211E+01  3.922294933177338E+00  3.922294933177338E+00  1.176688479953201E+01  9.059419880941277E-14  3.000000000000024E+00  4.197888089592610E+02  1.508451350922601E+01  4.348733224684869E+02  3.995462844713990E+20  1.435712719596290E+19
  0.000000000000000E+00  1.829721161894745E+00 -7.078666528927131E-01  4.967448437218664E+00  1.167669602718927E+01  3.892232009063065E+00  3.892232009063065E+00  1.167669602718920E+01  7.105427357601002E-14  3.000000000000018E+00  4.181065554143416E+02  1.453715122108099E+01  4.326437066354226E+02  3.979191303700977E+20  1.383525442747155E+19
  0.000000000000000E+00  1.832098543736401E+00 -7.049711923426539E-01  4.971694779382689E+00  1.158990893073278E+01  3.863302976910918E+00  3.863302976910918E+00  1.158990893073276E+01  2.309263891220326E-14  3.000000000000006E+00  4.165870600239365E+02  1.400442311846546E+01  4.305914831424020E+02  3.964459096473856E+20  1.332733729647750E+19
  0.000000000000000E+00  1.834475925578058E+00 -7.020757317925947E-01  4.975967246887686E+00  1.150642560831591E+01  3.835475202771979E+00  3.835475202771979E+00  1.150642560831594E+01 -3.019806626980426E-14  2.999999999999992E+00  4.152550240932959E+02  1.348639190628398E+01  4.287414159995799E+02  3.951524863348971E+20  1.283351430868573E+19
  0.000000000000000E+00  1.836853307419715E+00 -6.991802712425355E-01  4.980265924156151E+00  1.142614815809192E+01  3.808716052697332E+00  3.808716052697332E+00  1.142614815809200E+01 -7.638334409421077E-14  2.999999999999980E+00  4.141351928454872E+02  1.298312028944069E+01  4.271183131349278E+02  3.940647308944061E+20  1.235391217992185E+19
  0.000000000000000E+00  1.839321139245023E+00 -6.961746498614186E-01  4.984755960972772E+00  1.134610342131215E+01  3.782034473770739E+00  3.782034473770739E+00  1.134610342131222E+01 -7.283063041541027E-14  2.999999999999981E+00  4.131532849216690E+02  1.247543093335263E+01  4.256287158550216E+02  3.931132844465861E+20  1.187031014415535E+19
  0.000000000000000E+00  1.841788971070332E+00 -6.931690284803019E-01  4.989274415652318E+00  1.126931795335753E+01  3.756439317785849E+00  3.756439317785849E+00  1.126931795335755E+01 -1.953992523340276E-14  2.999999999999995E+00  4.123154532465646E+02  1.197936904680879E+01  4.242948222933734E+02  3.923039674122031E+20  1.139795747928879E+19
  0.000000000000000E+00  1.844256802895641E+00 -6.901634070991852E-01  4.993821372581841E+00  1.119570993577575E+01  3.731903311925234E+00  3.731903311925234E+00  1.119570993577570E+01  4.263256414560601E-14  3.000000000000012E+00  4.116596828895598E+02  1.149498703350143E+01  4.231546699230612E+02  3.916709782177561E+20  1.093683205605489E+19
  0.000000000000000E+00  1.846724634720950E+00 -6.871577857180685E-01  4.998396912502119E+00  1.112519755011449E+01  3.708399183371473E+00  3.708399183371473E+00  1.112519755011442E+01  7.105427357601002E-14  3.000000000000020E+00  4.112241832816960E+02  1.102233729712243E+01  4.222465205788184E+02  3.912487463989257E+20  1.048692130766821E+19
  0.000000000000000E+00  1.849288244979597E+00 -6.840355138812201E-01  5.003180383646932E+00  1.105512672206783E+01  3.685042240689204E+00  3.685042240689204E+00  1.105512672206762E+01  2.167155344068306E-13  3.000000000000059E+00  4.109716035063042E+02  1.054779238888873E+01  4.215193958951930E+02  3.909984962285038E+20  1.003517257007438E+19
  0.000000000000000E+00  1.851851855238244E+00 -6.809132420443716E-01  5.007994864360858E+00  1.098818670233425E+01  3.662728900777905E+00  3.662728900777905E+00  1.098818670233372E+01  5.382361223382759E-13  3.000000000000147E+00  4.108835315201353E+02  1.008726656796951E+01  4.209707980881048E+02  3.908997484501303E+20  9.596661003619367E+18
  0.000000000000000E+00  1.854415465496891E+00 -6.777909702075232E-01  5.012840431792569E+00  1.092427778205260E+01  3.641425927350580E+00  3.641425927350580E+00  1.092427778205174E+01  8.579803534303210E-13  3.000000000000236E+00  4.110029428184959E+02  9.640823696639135E+00  4.206437665151350E+02  3.909909567081068E+20  9.171406060388648E+18
  0.000000000000000E+00  1.856979075755538E+00 -6.746686983706748E-01  5.017717158251045E+00  1.086330025236172E+01  3.621100084120236E+00  3.621100084120236E+00  1.086330025236071E+01  1.005417971100542E-12  3.000000000000278E+00  4.113733981401197E+02  9.208527637172292E+00  4.205819257772920E+02  3.913111001432082E+20  8.759436309427227E+18
  0.000000000000000E+00  1.859641461072044E+00 -6.714260919389442E-01  5.022814853747442E+00  1.080297215444024E+01  3.600990718146458E+00  3.600990718146458E+00  1.080297215443937E+01  8.615330671091215E-13  3.000000000000239E+00  4.119494783303926E+02  8.773592152650760E+00  4.207230704830434E+02  3.918127600823600E+20  8.344725598632736E+18
  0.000000000000000E+00  1.862303821890504E+00 -6.681834653927995E-01  5.027946273478729E+00  1.074559496803784E+01  3.581864989345762E+00  3.581864989345762E+00  1.074559496803729E+01  5.524469770534779E-13  3.000000000000155E+00  4.127321441693487E+02  8.353574247645451E+00  4.210857184169942E+02  3.924964352347021E+20  7.944009595540348E+18
  0.000000000000000E+00  1.864966172210711E+00 -6.649408302269462E-01  5.033111495249829E+00  1.069106020763936E+01  3.563686735879703E+00  3.563686735879703E+00  1.069106020763911E+01  2.469136006766348E-13  3.000000000000069E+00  4.137616993608775E+02  7.948543482035817E+00  4.217102428429133E+02  3.933992186939266E+20  7.557371309180332E+18
  0.000000000000000E+00  1.867628526032458E+00 -6.616981979360896E-01  5.038310590223659E+00  1.063925938772961E+01  3.546419795909836E+00  3.546419795909836E+00  1.063925938772951E+01  1.048050535246148E-13  3.000000000000029E+00  4.150793621435988E+02  7.558569401853246E+00  4.226379315454520E+02  3.945589815391155E+20  7.184894545675331E+18
  0.000000000000000E+00  1.870390157449916E+00 -6.583346633824608E-01  5.043739391392192E+00  1.058829388026415E+01  3.529431293421510E+00  3.529431293421510E+00  1.058829388026453E+01 -3.765876499528531E-13  2.999999999999893E+00  4.166707731698103E+02  7.171889410255214E+00  4.238426625800655E+02  3.959570996617460E+20  6.815358102455933E+18
  0.000000000000000E+00  1.873151788867373E+00 -6.549711288288320E-01  5.049204737739469E+00  1.054001633187918E+01  3.513338777293540E+00  3.513338777293540E+00  1.054001633188062E+01 -1.442401753593003E-12  2.999999999999589E+00  4.184589777228595E+02  6.802451886439516E+00  4.252614296092989E+02  3.975253131628952E+20  6.462155098565769E+18
  0.000000000000000E+00  1.875913420284831E+00 -6.516075942752031E-01  5.054706669726748E+00  1.049429955722156E+01  3.498099852408021E+00  3.498099852408021E+00  1.049429955722407E+01 -2.504663143554353E-12  2.999999999999284E+00  4.204899764059752E+02  6.450338289744110E+00  4.269403146957193E+02  3.993093360398537E+20  6.125426155755481E+18
  0.000000000000000E+00  1.878675051702288E+00 -6.482440597215743E-01  5.060245219499038E+00  1.045101637093816E+01  3.483672123647048E+00  3.483672123647048E+00  1.045101637094114E+01 -2.986055847031821E-12  2.999999999999142E+00  4.228111665177617E+02  6.115630079506847E+00  4.289267965972686E+02  4.013561447212810E+20  5.805300109426642E+18
  0.000000000000000E+00  1.881532189925450E+00 -6.447641924665639E-01  5.066013880984196E+00  1.040865858321832E+01  3.469552861073604E+00  3.469552861073604E+00  1.040865858322081E+01 -2.488675931999751E-12  2.999999999999282E+00  4.254585155727800E+02  5.789463780789839E+00  4.312479793535698E+02  4.036979025193649E+20  5.493354344712568E+18
  0.000000000000000E+00  1.884389326773027E+00 -6.412843240820749E-01  5.071821777055115E+00  1.036860112226423E+01  3.456200374088539E+00  3.456200374088539E+00  1.036860112226562E+01 -1.387334691571596E-12  2.999999999999599E+00  4.283254316908079E+02  5.486432075395665E+00  4.338118637662035E+02  4.062421381916780E+20  5.203566569824979E+18
  0.000000000000000E+00  1.887246474886929E+00 -6.378044649479274E-01  5.077668925729161E+00  1.033067245119528E+01  3.443557483731856E+00  3.443557483731856E+00  1.033067245119557E+01 -2.895461648222408E-13  2.999999999999916E+00  4.314620845518527E+02  5.206644864018016E+00  4.366687294158708E+02  4.090375686957685E+20  4.936038258036768E+18
  0.000000000000000E+00  1.890103646909060E+00 -6.343246254439414E-01  5.083555334029468E+00  1.029470103313089E+01  3.431567011043559E+00  3.431567011043559E+00  1.029470103313068E+01  2.096101070492296E-13  3.000000000000061E+00  4.349206090865334E+02  4.950212039997754E+00  4.398708211265311E+02  4.121347242195709E+20  4.690865944977460E+18
  0.000000000000000E+00  1.893048043378753E+00 -6.307385865197992E-01  5.089662459898418E+00  1.025949176369715E+01  3.419830587898971E+00  3.419830587898971E+00  1.025949176369691E+01  2.415845301584341E-13  3.000000000000071E+00  4.387261884281443E+02  4.712025683253714E+00  4.434382141113981E+02  4.155518658074897E+20  4.463127837032672E+18
  0.000000000000000E+00  1.895992439848446E+00 -6.271525475956566E-01  5.095811207205630E+00  1.022598515028820E+01  3.408661716762631E+00  3.408661716762631E+00  1.022598515028789E+01  3.073097332162433E-13  3.000000000000090E+00  4.427686930090390E+02  4.497483189763868E+00  4.472661761988028E+02  4.191858994452974E+20  4.257937758265996E+18
  0.000000000000000E+00  1.898936836318139E+00 -6.235665086715144E-01  5.102001533207481E+00  1.019400364459187E+01  3.398001214863834E+00  3.398001214863834E+00  1.019400364459150E+01  3.694822225952521E-13  3.000000000000109E+00  4.471058351449896E+02  4.306698276994118E+00  4.514125334219838E+02  4.230860729998516E+20  4.075330533357472E+18
  0.000000000000000E+00  1.901881232787832E+00 -6.199804697473721E-01  5.108233381834543E+00  1.016336969829601E+01  3.387789899431869E+00  3.387789899431869E+00  1.016336969829561E+01  3.996802888650564E-13  3.000000000000118E+00  4.517980815351142E+02  4.139784662410923E+00  4.559378661975252E+02  4.273039129767623E+20  3.915346827323541E+18
  0.000000000000000E+00  1.904899910079525E+00 -6.163039627352034E-01  5.114665480710291E+00  1.013320754474106E+01  3.377735848246892E+00  3.377735848246892E+00  1.013320754474068E+01  3.819167204710538E-13  3.000000000000113E+00  4.569085195545083E+02  3.984292116289289E+00  4.608928116707976E+02  4.318854740252502E+20  3.766088430516526E+18
  0.000000000000000E+00  1.907918587371216E+00 -6.126274557230349E-01  5.121141059947647E+00  1.010416998499467E+01  3.368056661664775E+00  3.368056661664775E+00  1.010416998499432E+01  3.428368700042483E-13  3.000000000000102E+00  4.622285428094818E+02  3.849426386142970E+00  4.660779691956247E+02  4.366338455341275E+20  3.636274462555033E+18
  0.000000000000000E+00  1.910937264662908E+00 -6.089509487108662E-01  5.127660013339661E+00  1.007610035050380E+01  3.358700116834496E+00  3.358700116834496E+00  1.007610035050349E+01  3.108624468950438E-13  3.000000000000093E+00  4.677921134719568E+02  3.735287816214388E+00  4.715274012881712E+02  4.415785594133368E+20  3.525974391992434E+18
  0.000000000000000E+00  1.913955941954600E+00 -6.052744416986976E-01  5.134222218506752E+00  1.004884197271542E+01  3.349613990905036E+00  3.349613990905036E+00  1.004884197271511E+01  3.073097332162433E-13  3.000000000000092E+00  4.736350687767452E+02  3.641976750745878E+00  4.772770455274911E+02  4.467506861812148E+20  3.435251567528434E+18
  0.000000000000000E+00  1.917031671397666E+00 -6.015284669357089E-01  5.140952778237856E+00  1.002173048322746E+01  3.340576827742365E+00  3.340576827742365E+00  1.002173048322710E+01  3.641531520770513E-13  3.000000000000109E+00  4.798306449753194E+02  3.573796844069458E+00  4.834044418193889E+02  4.522100594166415E+20  3.368077675161372E+18
  0.000000000000000E+00  1.920107416870052E+00 -5.977825053340129E-01  5.147727944439177E+00  9.995032984907091E+00  3.331677661635544E+00  3.331677661635544E+00  9.995032984906633E+00  4.583000645652646E-13  3.000000000000138E+00  4.862091336463063E+02  3.543327861848526E+00  4.897524615081548E+02  4.578053916959808E+20  3.336330988962633E+18
  0.000000000000000E+00  1.923183177113276E+00 -5.940365558604344E-01  5.154547532032904E+00  9.968464752405756E+00  3.322821584135068E+00  3.322821584135068E+00  9.968464752405204E+00  5.524469770534779E-13  3.000000000000166E+00  4.928383167639815E+02  3.550752165330194E+00  4.963890689293117E+02  4.636044313267920E+20  3.340130794210573E+18
  0.000000000000000E+00  1.926258950868854E+00 -5.902906174817976E-01  5.161411337034269E+00  9.941741060374891E+00  3.313913686791433E+00  3.313913686791433E+00  9.941741060374298E+00  5.933031843596837E-13  3.000000000000179E+00  4.997901417183745E+02  3.596252117558569E+00  5.033863938359331E+02  4.696788300574749E+20  3.379585442320314E+18
  0.000000000000000E+00  1.929372281174279E+00 -5.864989526267905E-01  5.168403734791210E+00  9.914229987806637E+00  3.304743329268721E+00  3.304743329268721E+00  9.914229987806166E+00  4.707345624410664E-13  3.000000000000143E+00  5.070621957113812E+02  3.685615245479695E+00  5.107478109568609E+02  4.760287160775583E+20  3.460046337708458E+18
  0.000000000000000E+00  1.932485611479704E+00 -5.827072877717836E-01  5.175440946199213E+00  9.885911279546209E+00  3.295303759848653E+00  3.295303759848653E+00  9.885911279545962E+00  2.469136006766348E-13  3.000000000000075E+00  5.144968512736011E+02  3.821936445644650E+00  5.183187877192457E+02  4.825197155107758E+20  3.584394504820843E+18
  0.000000000000000E+00  1.935598941785129E+00 -5.789156229167765E-01  5.182522699774120E+00  9.856432629236394E+00  3.285477543078759E+00  3.285477543078759E+00  9.856432629236279E+00  1.154631945610163E-13  3.000000000000035E+00  5.221561104516097E+02  4.005441370189404E+00  5.261615518217991E+02  4.892139145210933E+20  3.752742930462530E+18
  0.000000000000000E+00  1.938712272090554E+00 -5.751239580617694E-01  5.189648702715334E+00  9.825441730519994E+00  3.275147243506566E+00  3.275147243506566E+00  9.825441730519701E+00  2.930988785010413E-13  3.000000000000090E+00  5.301061708165902E+02  4.236355671249736E+00  5.343425264878399E+02  4.961773627310416E+20  3.965212820128904E+18
  0.000000000000000E+00  1.941843100531365E+00 -5.713110201727699E-01  5.196859034107410E+00  9.792360795082777E+00  3.264120265027432E+00  3.264120265027431E+00  9.792360795082296E+00  4.813927034774679E-13  3.000000000000147E+00  5.383564292181587E+02  4.526909971879163E+00  5.428833391900379E+02  5.034174995484504E+20  4.233116899957857E+18
  0.000000000000000E+00  1.944973940153357E+00 -5.674980914642939E-01  5.204113461355243E+00  9.756935245631933E+00  3.252311748543848E+00  3.252311748543848E+00  9.756935245631544E+00  3.890221478286549E-13  3.000000000000120E+00  5.466948152343998E+02  4.871989243123119E+00  5.515668044775230E+02  5.107379866289761E+20  4.551552177870661E+18
  0.000000000000000E+00  1.948104752395222E+00 -5.636851402746962E-01  5.211411589198875E+00  9.718760886468830E+00  3.239586962156201E+00  3.239586962156201E+00  9.718760886468605E+00  2.238209617644316E-13  3.000000000000069E+00  5.551755090614389E+02  5.271852276025749E+00  5.604473613374646E+02  5.181907975875959E+20  4.920651741817823E+18
  0.000000000000000E+00  1.951235498695655E+00 -5.598721349423308E-01  5.218753001153825E+00  9.677433521894853E+00  3.225811173964880E+00  3.225811173964880E+00  9.677433521894642E+00  2.113864638886298E-13  3.000000000000066E+00  5.638566478809109E+02  5.726757826381651E+00  5.695834057072926E+02  5.258314952213520E+20  5.340558884840613E+18
  0.000000000000000E+00  1.954364966251290E+00 -5.560605936224803E-01  5.226134387037591E+00  9.632543654116871E+00  3.210847884705531E+00  3.210847884705531E+00  9.632543654116596E+00  2.753353101070388E-13  3.000000000000086E+00  5.727767780044564E+02  6.243848918971288E+00  5.790206269234278E+02  5.336979768341852E+20  5.817850275500107E+18
  0.000000000000000E+00  1.957494433806924E+00 -5.522490523026296E-01  5.233558230864171E+00  9.583625168050803E+00  3.194541722683518E+00  3.194541722683518E+00  9.583625168050554E+00  2.486899575160351E-13  3.000000000000078E+00  5.817326073444707E+02  6.821093845549556E+00  5.885537011900203E+02  5.416015233801011E+20  6.350537637441900E+18
  0.000000000000000E+00  1.960623901362559E+00 -5.484375109827792E-01  5.241024074695234E+00  9.530239789943915E+00  3.176746596647908E+00  3.176746596647908E+00  9.530239789943725E+00  1.900701818158268E-13  3.000000000000060E+00  5.907751435963776E+02  7.458773310528080E+00  5.982339169069057E+02  5.495897419569733E+20  6.938791084022548E+18
  0.000000000000000E+00  1.963753368918193E+00 -5.446259696629285E-01  5.248531436670794E+00  9.471949246043476E+00  3.157316415347773E+00  3.157316415347773E+00  9.471949246043319E+00  1.563194018672220E-13  3.000000000000049E+00  5.999594393096207E+02  8.157168018318798E+00  6.081166073279395E+02  5.577138273848465E+20  7.582788265408142E+18
  0.000000000000000E+00  1.966866037449886E+00 -5.408348887481627E-01  5.256039182509646E+00  9.408660453686322E+00  3.136220151228707E+00  3.136220151228707E+00  9.408660453686121E+00  2.007283228522283E-13  3.000000000000064E+00  6.091107357655646E+02  8.920353485422787E+00  6.180310892509874E+02  5.658142855615800E+20  8.286282178178259E+18
  0.000000000000000E+00  1.969978705981579E+00 -5.370438078333967E-01  5.263586979808007E+00  9.339484589214294E+00  3.113161529738004E+00  3.113161529738004E+00  9.339484589214011E+00  2.824407374646398E-13  3.000000000000091E+00  6.181493610175753E+02  9.773918616346279E+00  6.279232796339217E+02  5.738184481637080E+20  9.072976802366602E+18
  0.000000000000000E+00  1.973091374513271E+00 -5.332527269186307E-01  5.271174283105960E+00  9.263770329807183E+00  3.087923443268958E+00  3.087923443268958E+00  9.263770329806874E+00  3.090860900556436E-13  3.000000000000100E+00  6.271396016663933E+02  1.071828056860338E+01  6.378578822349966E+02  5.817902416497795E+20  9.943226397294270E+18
  0.000000000000000E+00  1.976204043044964E+00 -5.294616460038648E-01  5.278800523027670E+00  9.180866352644792E+00  3.060288784214863E+00  3.060288784214863E+00  9.180866352644589E+00  2.025046796916286E-13  3.000000000000066E+00  6.361510884965004E+02  1.175385649970809E+01  6.479049449962085E+02  5.897985612171077E+20  1.089742323425785E+19
  0.000000000000000E+00  1.979287863735024E+00 -5.257057060529107E-01  5.286393892539635E+00  9.091037050929495E+00  3.030345683643123E+00  3.030345683643123E+00  9.091037050929371E+00  1.243449787580175E-13  3.000000000000041E+00  6.450208592241901E+02  1.296520422142518E+01  6.579860634456153E+02  5.976989020499594E+20  1.201401197679082E+19
  0.000000000000000E+00  1.982371689666312E+00 -5.219497704052750E-01  5.294024300880736E+00  8.989884697777898E+00  2.996628232592559E+00  2.996628232592559E+00  8.989884697777677E+00  2.202682480856311E-13  3.000000000000074E+00  6.537496029830718E+02  1.489847785735357E+01  6.686480808404253E+02  6.054917170292169E+20  1.379871574347154E+19
  0.000000000000000E+00  1.985455520348162E+00 -5.181938386581111E-01  5.301691124174749E+00  8.872176042080753E+00  2.957392014026796E+00  2.957392014026795E+00  8.872176042080387E+00  3.659295089164516E-13  3.000000000000123E+00  6.624364908608419E+02  1.755702920586485E+01  6.799935200667068E+02  6.132724332981128E+20  1.625399894346800E+19
  0.000000000000000E+00  1.988539355289910E+00 -5.144379104085708E-01  5.309393715484198E+00  8.732677832728818E+00  2.910892610909459E+00  2.910892610909459E+00  8.732677832728378E+00  4.405364961712621E-13  3.000000000000151E+00  6.711886231301822E+02  2.094421007341463E+01  6.921328332035969E+02  6.211437472984617E+20  1.938257694019895E+19
  0.000000000000000E+00  1.991510611624051E+00 -5.107761292024088E-01  5.316888849791879E+00  8.581783509075304E+00  2.860594503025020E+00  2.860594503025020E+00  8.581783509075061E+00  2.433608869978343E-13  3.000000000000085E+00  6.295014837991347E+02  2.178399423617893E+01  6.512854780353136E+02  5.824090940200860E+20  2.015435495189405E+19
  0.000000000000000E+00  1.994440363255261E+00 -5.070806852878148E-01  5.324392661959117E+00  8.427726115414522E+00  2.809242038471566E+00  2.809242038471566E+00  8.427726115414700E+00 -1.776356839400250E-13  2.999999999999937E+00  5.890861154542572E+02  2.190393029796485E+01  6.109900457522220E+02  5.449327868018768E+20  2.026218148085159E+19
  0.000000000000000E+00  1.997329363265391E+00 -5.033532547526921E-01  5.331905689683908E+00  8.275585362041287E+00  2.758528454013962E+00  2.758528454013962E+00  8.275585362041888E+00 -6.021849685566849E-13  2.999999999999782E+00  5.500642665351317E+02  2.130117777760758E+01  5.713654443127392E+02  5.088029710005575E+20  1.970333867954605E+19
  0.000000000000000E+00  2.000178364736292E+00 -4.995955136849433E-01  5.339428391056351E+00  8.130440959250420E+00  2.710146986417071E+00  2.710146986417071E+00  8.130440959251214E+00 -7.940315072119120E-13  2.999999999999707E+00  5.125278564744834E+02  1.997270194376849E+01  5.325005584182519E+02  4.740841065945362E+20  1.847458716180405E+19
  0.000000000000000E+00  2.002874245748877E+00 -4.959625251088500E-01  5.346655236775881E+00  8.004552111855649E+00  2.668184037285425E+00  2.668184037285425E+00  8.004552111856274E+00 -6.252776074688882E-13  2.999999999999766E+00  4.778182326644594E+02  1.766109607488124E+01  4.954793287393406E+02  4.419988595664262E+20  1.633714201373384E+19
  0.000000000000000E+00  2.005539956550776E+00 -4.923071992895895E-01  5.353896184791196E+00  7.891163506720002E+00  2.630387835573423E+00  2.630387835573423E+00  7.891163506720270E+00 -2.682298827494378E-13  2.999999999999898E+00  4.557609335962146E+02  1.629693628393949E+01  4.720578698801540E+02  4.216239913346420E+20  1.507627972486229E+19
  0.000000000000000E+00  2.008185842035437E+00 -4.886373384277236E-01  5.361157819391254E+00  7.783875067457791E+00  2.594625022485909E+00  2.594625022485909E+00  7.783875067457729E+00  6.128431095930864E-14  3.000000000000024E+00  4.461954903298506E+02  1.588515447992554E+01  4.620806448097761E+02  4.128033687127316E+20  1.469635042027834E+19
  0.000000000000000E+00  2.010822247096304E+00 -4.849607447238141E-01  5.368446174556806E+00  7.676286717683325E+00  2.558762239227727E+00  2.558762239227727E+00  7.676286717683180E+00  1.456612608308205E-13  3.000000000000056E+00  4.489434973373055E+02  1.643012856706926E+01  4.653736259043748E+02  4.153654803498752E+20  1.520126315437745E+19
  0.000000000000000E+00  2.013381601436123E+00 -4.813785848392633E-01  5.375565823994060E+00  7.564906516586067E+00  2.521635505528654E+00  2.521635505528654E+00  7.564906516585962E+00  1.048050535246148E-13  3.000000000000042E+00  4.431263912800402E+02  1.759302804823899E+01  4.607194193282791E+02  4.099960550560505E+20  1.627768564050619E+19
  0.000000000000000E+00  2.015925930888888E+00 -4.777856374911901E-01  5.382706959068683E+00  7.450592020118659E+00  2.483530673372830E+00  2.483530673372830E+00  7.450592020118491E+00  1.678657213233237E-13  3.000000000000068E+00  4.280404308549807E+02  1.737520431989182E+01  4.454156351748725E+02  3.960540332495334E+20  1.607679848299031E+19
  0.000000000000000E+00  2.018447415597831E+00 -4.741767537331750E-01  5.389864769334074E+00  7.342330092445170E+00  2.447443364148295E+00  2.447443364148295E+00  7.342330092444886E+00  2.842170943040401E-13  3.000000000000116E+00  4.039427142650222E+02  1.577075963885615E+01  4.197134739038784E+02  3.737795263615475E+20  1.459312635183701E+19
  0.000000000000000E+00  2.020938235706184E+00 -4.705467846187982E-01  5.397034836311009E+00  7.249107597729671E+00  2.416369199243088E+00  2.416369199243088E+00  7.249107597729265E+00  4.058975378029572E-13  3.000000000000168E+00  3.710753542010675E+02  1.277364651077663E+01  3.838490007118441E+02  3.433971407972016E+20  1.182087045042084E+19
  0.000000000000000E+00  2.023353507477709E+00 -4.670074646591279E-01  5.404037437204833E+00  7.156852918302348E+00  2.385617639433968E+00  2.385617639433968E+00  7.156852918301904E+00  4.440892098500626E-13  3.000000000000186E+00  3.953133344692061E+02  1.615215091440206E+01  4.114654853836082E+02  3.658596557201494E+20  1.494869982217451E+19
  0.000000000000000E+00  2.025773320043665E+00 -4.634711495257561E-01  5.411071024224027E+00  7.050442999085527E+00  2.350147666361711E+00  2.350147666361711E+00  7.050442999085135E+00  3.907985046680551E-13  3.000000000000166E+00  3.971034144299162E+02  1.730677012251321E+01  4.144101845524294E+02  3.675451762909841E+20  1.601854742256137E+19
  0.000000000000000E+00  2.028179145011372E+00 -4.599254971220542E-01  5.418124464768277E+00  6.943915403308201E+00  2.314638467769293E+00  2.314638467769293E+00  6.943915403307882E+00  3.179678742526448E-13  3.000000000000137E+00  3.769472219282158E+02  1.622914480226181E+01  3.931763667304775E+02  3.489243308641768E+20  1.502264285610102E+19
  0.000000000000000E+00  2.030552453988148E+00 -4.563581653513932E-01  5.425187565909193E+00  6.851307694199369E+00  2.283769231399688E+00  2.283769231399688E+00  6.851307694199063E+00  3.064215547965432E-13  3.000000000000134E+00  3.353181527843576E+02  1.290946306732705E+01  3.482276158516846E+02  3.104380290019678E+20  1.195159950875662E+19
  0.000000000000000E+00  2.032843516343924E+00 -4.528670227140202E-01  5.432085999070731E+00  6.771192362181433E+00  2.257064120727047E+00  2.257064120727047E+00  6.771192362181141E+00  2.913225216616411E-13  3.000000000000129E+00  3.429219348994443E+02  1.346592951680108E+01  3.563878644162453E+02  3.175338944679247E+20  1.246898669037970E+19
  0.000000000000000E+00  2.035134578699700E+00 -4.493758800766471E-01  5.439010909132333E+00  6.685083441437792E+00  2.228361147145861E+00  2.228361147145861E+00  6.685083441437584E+00  2.078337502098293E-13  3.000000000000093E+00  3.505695434522969E+02  1.490412645168890E+01  3.654736699039858E+02  3.246686486579827E+20  1.380297485869869E+19
  0.000000000000000E+00  2.037425641055477E+00 -4.458847374392740E-01  5.445961780882643E+00  6.587610977306029E+00  2.195870325768637E+00  2.195870325768637E+00  6.587610977305911E+00  1.172395514004165E-13  3.000000000000053E+00  3.582278438274327E+02  1.722702758352948E+01  3.754548714109621E+02  3.318151615667771E+20  1.595685271102988E+19
  0.000000000000000E+00  2.039716703411252E+00 -4.423935948019010E-01  5.452938085206945E+00  6.473405015123723E+00  2.157801671707883E+00  2.157801671707883E+00  6.473405015123648E+00  7.549516567451064E-14  3.000000000000035E+00  3.658605874078496E+02  2.043760662386126E+01  3.862981940317109E+02  3.389437234942908E+20  1.893398394585995E+19
  0.000000000000000E+00  2.041922685368612E+00 -4.389838828876019E-01  5.459735543473006E+00  6.365866051603906E+00  2.121955350534720E+00  2.121955350534720E+00  6.365866051604161E+00 -2.557953848736361E-13  2.999999999999879E+00  3.216565772908022E+02  1.616246839112012E+01  3.378190456819223E+02  2.980553692286391E+20  1.497656452274656E+19
  0.000000000000000E+00  2.044092544222420E+00 -4.355508713458717E-01  5.466538618476461E+00  6.279478313404858E+00  2.093159437801949E+00  2.093159437801949E+00  6.279478313405846E+00 -9.885425811262394E-13  2.999999999999527E+00  2.931244371581277E+02  1.331724476595021E+01  3.064416819240779E+02  2.716883906566477E+20  1.234336117970898E+19
  0.000000000000000E+00  2.046238697637869E+00 -4.321027682802130E-01  5.473353971725063E+00  6.205737074369620E+00  2.068579024790446E+00  2.068579024790446E+00  6.205737074371340E+00 -1.720401598959143E-12  2.999999999999169E+00  2.799985712176613E+02  1.190813793899565E+01  2.919067091566570E+02  2.595954429212386E+20  1.104040756064327E+19
  0.000000000000000E+00  2.048373563280156E+00 -4.286477817941279E-01  5.480187627085590E+00  6.136137608341224E+00  2.045379202781092E+00  2.045379202781092E+00  6.136137608343278E+00 -2.053468506346690E-12  2.999999999998996E+00  2.820176926543740E+02  1.194022975617769E+01  2.939579224105517E+02  2.615369894736808E+20  1.107310578518181E+19
  0.000000000000000E+00  2.050459021301635E+00 -4.252750999016344E-01  5.486883336155747E+00  6.057602865588750E+00  2.019200955196842E+00  2.019200955196842E+00  6.057602865590527E+00 -1.776356839400250E-12  2.999999999999120E+00  2.932498593317164E+02  1.495988409321786E+01  3.082097434249342E+02  2.720172792936341E+20  1.387672266530263E+19
  0.000000000000000E+00  2.052540881141342E+00 -4.219001254104793E-01  5.493599658010227E+00  5.968902237287280E+00  1.989634079096148E+00  1.989634079096148E+00  5.968902237288445E+00 -1.164401908226864E-12  2.999999999999414E+00  2.888463298010258E+02  1.550482280054431E+01  3.043511526015701E+02  2.679951574886684E+20  1.438556422416074E+19
  0.000000000000000E+00  2.054606306302548E+00 -4.185152235405475E-01  5.500329868464226E+00  5.884285894191071E+00  1.961428631397209E+00  1.961428631397209E+00  5.884285894191628E+00 -5.568878691519785E-13  2.999999999999716E+00  2.692140580583833E+02  1.356694943569140E+01  2.827810074940747E+02  2.498428005778235E+20  1.259074160821042E+19
  0.000000000000000E+00  2.056642460288526E+00 -4.151127595117243E-01  5.507067878775108E+00  5.818004007054380E+00  1.939334669018220E+00  1.939334669018220E+00  5.818004007054661E+00 -2.806643806252396E-13  2.999999999999855E+00  2.347333115358700E+02  9.137604830981594E+00  2.438709163668516E+02  2.179056712237170E+20  8.482545153238106E+18
  0.000000000000000E+00  2.058612156576153E+00 -4.117794273326646E-01  5.513659699831139E+00  5.763660917136935E+00  1.921220305712365E+00  1.921220305712365E+00  5.763660917137096E+00 -1.607602939657227E-13  2.999999999999917E+00  2.426929148115882E+02  1.037889405528306E+01  2.530718088668713E+02  2.253599358645001E+20  9.637639815150252E+18
  0.000000000000000E+00  2.060581852863778E+00 -4.084460951536050E-01  5.520272468995163E+00  5.701032882165558E+00  1.900344294055152E+00  1.900344294055152E+00  5.701032882165456E+00  1.021405182655144E-13  3.000000000000054E+00  2.506764394026633E+02  1.212201131861011E+01  2.627984507212734E+02  2.328365161454698E+20  1.125932253875449E+19
  0.000000000000000E+00  2.062551549151405E+00 -4.051127629745454E-01  5.526905705230484E+00  5.627330410469656E+00  1.875776803489763E+00  1.875776803489763E+00  5.627330410469291E+00  3.650413304967515E-13  3.000000000000195E+00  2.586164148498350E+02  1.436838893934968E+01  2.729848037891847E+02  2.402762049763123E+20  1.334943092446464E+19
  0.000000000000000E+00  2.064521245439031E+00 -4.017794307954858E-01  5.533558917314822E+00  5.539764010378637E+00  1.846588003459384E+00  1.846588003459384E+00  5.539764010378152E+00  4.849454171562684E-13  3.000000000000262E+00  2.664362514330431E+02  1.711945923588939E+01  2.835557106689324E+02  2.476117261729749E+20  1.590991777487805E+19
  0.000000000000000E+00  2.066424247986688E+00 -3.985133412856547E-01  5.540064626122363E+00  5.462757240829080E+00  1.820919080276206E+00  1.820919080276206E+00  5.462757240828619E+00  4.609645998243650E-13  3.000000000000253E+00  2.278389738912491E+02  1.161398001140162E+01  2.394529539026506E+02  2.118096998722290E+20  1.079689562555358E+19
  0.000000000000000E+00  2.068296122044825E+00 -3.952291671348909E-01  5.546575643296088E+00  5.408862966257658E+00  1.802954322085748E+00  1.802954322085748E+00  5.408862966257246E+00  4.121147867408581E-13  3.000000000000228E+00  2.062155456746265E+02  8.641190017988986E+00  2.148567356926155E+02  1.917778219476459E+20  8.036196278336997E+18
  0.000000000000000E+00  2.070150348601694E+00 -3.919348199081297E-01  5.553098133618401E+00  5.364263916473508E+00  1.788087972157715E+00  1.788087972157715E+00  5.364263916473147E+00  3.606004383982508E-13  3.000000000000202E+00  2.012223403580656E+02  8.209092106416687E+00  2.094314324644823E+02  1.872049059338350E+20  7.637235074640777E+18
  0.000000000000000E+00  2.072000408645549E+00 -3.886382111703067E-01  5.559637590830119E+00  5.315142821285773E+00  1.771714273761811E+00  1.771714273761811E+00  5.315142821285436E+00  3.375077994860476E-13  3.000000000000191E+00  2.125563719450454E+02  1.032485887534055E+01  2.228812308203859E+02  1.978198233476299E+20  9.609035664840653E+18
  0.000000000000000E+00  2.073820715829485E+00 -3.854095900131408E-01  5.566069889314244E+00  5.248744016876520E+00  1.749581338958740E+00  1.749581338958740E+00  5.248744016876222E+00  2.984279490192421E-13  3.000000000000170E+00  2.270429110030585E+02  1.406122413203656E+01  2.411041351350951E+02  2.113712023213468E+20  1.309064369271791E+19
  0.000000000000000E+00  2.075638318502949E+00 -3.821793450723362E-01  5.572518381282949E+00  5.172156671454585E+00  1.724052223818125E+00  1.724052223818125E+00  5.172156671454376E+00  2.096101070492296E-13  3.000000000000122E+00  2.218215887755658E+02  1.418169112809970E+01  2.360032799036655E+02  2.065789051657166E+20  1.320718259576320E+19
  0.000000000000000E+00  2.077437046864735E+00 -3.789387757211141E-01  5.578975872433792E+00  5.104613105026020E+00  1.701537701675299E+00  1.701537701675299E+00  5.104613105025899E+00  1.216804434989172E-13  3.000000000000071E+00  1.974405189595858E+02  1.067592930971906E+01  2.081164482693049E+02  1.839367317562753E+20  9.945757618742393E+18
  0.000000000000000E+00  2.079200731113640E+00 -3.756791813326959E-01  5.585435954965639E+00  5.065345637596866E+00  1.688448545865594E+00  1.688448545865594E+00  5.065345637596784E+00  8.171241461241152E-14  3.000000000000049E+00  1.543615984603479E+02  3.532987668297531E+00  1.578945861286454E+02  1.438569452504716E+20  3.292559928364736E+18
  0.000000000000000E+00  2.080901394127341E+00 -3.724825647421260E-01  5.591754929481186E+00  5.042350522223752E+00  1.680783507407892E+00  1.680783507407892E+00  5.042350522223677E+00  7.549516567451064E-14  3.000000000000045E+00  1.626905536062325E+02  5.379575184117978E+00  1.680701287903504E+02  1.516699637398192E+20  5.015165017420828E+18
  0.000000000000000E+00  2.082602057141044E+00 -3.692859481515560E-01  5.598090342277168E+00  5.009460037726190E+00  1.669820012575375E+00  1.669820012575375E+00  5.009460037726125E+00  6.483702463810914E-14  3.000000000000039E+00  1.711004747046309E+02  7.368454231102982E+00  1.784689289357339E+02  1.595537222227932E+20  6.871192506217813E+18
  0.000000000000000E+00  2.084302720154746E+00 -3.660893315609861E-01  5.604441747057164E+00  4.965954435218899E+00  1.655318145072950E+00  1.655318145072950E+00  4.965954435218849E+00  4.973799150320701E-14  3.000000000000030E+00  1.795332384962419E+02  9.499966014354538E+00  1.890332045105965E+02  1.674551187366055E+20  8.860854682130384E+18
  0.000000000000000E+00  2.086003383168448E+00 -3.628927149704162E-01  5.610808690108589E+00  4.911113965816610E+00  1.637037988605522E+00  1.637037988605522E+00  4.911113965816567E+00  4.352074256530614E-14  3.000000000000027E+00  1.879185174806595E+02  1.177445173897466E+01  1.996929692196341E+02  1.753100769270558E+20  1.098444191560844E+19
  0.000000000000000E+00  2.087656912897829E+00 -3.597517575130155E-01  5.617060052005824E+00  4.862224910252549E+00  1.620741636750823E+00  1.620741636750823E+00  4.862224910252471E+00  7.815970093361102E-14  3.000000000000048E+00  1.639378647481823E+02  7.807969033790270E+00  1.717458337819726E+02  1.529661159147823E+20  7.285410836089567E+18
  0.000000000000000E+00  2.089287281794094E+00 -3.565986333958822E-01  5.623317565248700E+00  4.829724285512157E+00  1.609908095170666E+00  1.609908095170666E+00  4.829724285511999E+00  1.580957587066223E-13  3.000000000000098E+00  1.479940540145361E+02  5.302158402797023E+00  1.532962124173332E+02  1.381136410115669E+20  4.948174486513112E+18
  0.000000000000000E+00  2.090900782753367E+00 -3.534367655869110E-01  5.629583621578066E+00  4.806203518192259E+00  1.602067839397341E+00  1.602067839397341E+00  4.806203518192023E+00  2.362554596402333E-13  3.000000000000147E+00  1.399512800773664E+02  4.260751097857563E+00  1.442120311752239E+02  1.306278274477656E+20  3.976902954379103E+18
  0.000000000000000E+00  2.092503708671768E+00 -3.502695770539968E-01  5.635860305375376E+00  4.784254034889685E+00  1.594751344963138E+00  1.594751344963138E+00  4.784254034889414E+00  2.708944180085382E-13  3.000000000000170E+00  1.397012238993695E+02  4.687220084507847E+00  1.443884439838774E+02  1.304092036709092E+20  4.375456575035194E+18
  0.000000000000000E+00  2.094077419517789E+00 -3.471524190320716E-01  5.642047583601365E+00  4.755538858189498E+00  1.585179619396350E+00  1.585179619396350E+00  4.755538858189052E+00  4.458655666894629E-13  3.000000000000282E+00  1.483008829196274E+02  6.893368530665960E+00  1.551942514502933E+02  1.384453634885432E+20  6.435261160284209E+18
  0.000000000000000E+00  2.095651130363810E+00 -3.440352610101464E-01  5.648248318784287E+00  4.715953687470880E+00  1.571984562490016E+00  1.571984562490016E+00  4.715953687470048E+00  8.322231792590173E-13  3.000000000000529E+00  1.568849316528687E+02  9.083872964985897E+00  1.659688046178547E+02  1.464625169954898E+20  8.480399516397975E+18
  0.000000000000000E+00  2.097224841209830E+00 -3.409181029882212E-01  5.654462076525765E+00  4.665592397364358E+00  1.555197465787714E+00  1.555197465787714E+00  4.665592397363142E+00  1.216804434989172E-12  3.000000000000782E+00  1.654093215354564E+02  1.125869068614187E+01  1.766680122215983E+02  1.544215809244679E+20  1.051080313222211E+19
  0.000000000000000E+00  2.098798552055851E+00 -3.378009449662960E-01  5.660688416578982E+00  4.604548862500463E+00  1.534849620833023E+00  1.534849620833023E+00  4.604548862499070E+00  1.393551940509496E-12  3.000000000000908E+00  1.738230502192942E+02  1.341777899280912E+01  1.872408292121034E+02  1.622775879017135E+20  1.252655966630631E+19
  0.000000000000000E+00  2.100305972702636E+00 -3.347397616316794E-01  5.666775009273413E+00  4.570586042819727E+00  1.523528680939511E+00  1.523528680939511E+00  4.570586042818533E+00  1.193711796076968E-12  3.000000000000783E+00  1.121489387506064E+02  1.724456790092277E+00  1.138733955406987E+02  1.047022648466362E+20  1.609953099550356E+18
  0.000000000000000E+00  2.101769680594434E+00 -3.316571322820603E-01  5.672859956336840E+00  4.577403551300998E+00  1.525801183766750E+00  1.525801183766750E+00  4.577403551300250E+00  7.478462293875054E-13  3.000000000000490E+00  8.299691992691994E+01 -3.463821358117042E+00  7.953309856880290E+01  7.748643994263141E+19 -3.233845133940750E+18
  0.000000000000000E+00  2.103215548401454E+00 -3.285657554846705E-01  5.678952091889703E+00  4.593529830360112E+00  1.531176610119938E+00  1.531176610119938E+00  4.593529830359815E+00  2.966515921798418E-13  3.000000000000194E+00  8.591807150239163E+01 -2.133544711631564E+00  8.378452679076005E+01  8.020889661614568E+19 -1.991772676094306E+18
  0.000000000000000E+00  2.104669448793907E+00 -3.254783298067417E-01  5.685059028279841E+00  4.587493322412898E+00  1.529164440804275E+00  1.529164440804275E+00  4.587493322412826E+00  7.283063041541027E-14  3.000000000000048E+00  1.206944000724796E+02  5.728868721702812E+00  1.264232687941824E+02  1.126546852621521E+20  5.347256396022106E+18
  0.000000000000000E+00  2.106116081915724E+00 -3.224402734039289E-01  5.691096132230577E+00  4.555597935895321E+00  1.518532645298096E+00  1.518532645298096E+00  4.555597935894287E+00  1.033839680530946E-12  3.000000000000680E+00  1.288496995460548E+02  7.329355786515590E+00  1.361790553325704E+02  1.202357324099730E+20  6.839367605742770E+18
  0.000000000000000E+00  2.107557459835992E+00 -3.193996710690832E-01  5.697142672702424E+00  4.521403959053593E+00  1.507134653016804E+00  1.507134653016804E+00  4.521403959050413E+00  3.180566920946148E-12  3.000000000002111E+00  1.250853911929727E+02  6.705290098750907E+00  1.317906812917236E+02  1.166898557091106E+20  6.255241532593370E+18
  0.000000000000000E+00  2.108984034946903E+00 -3.163521984815468E-01  5.703195485677135E+00  4.495480069225859E+00  1.498493356406841E+00  1.498493356406841E+00  4.495480069220524E+00  5.334399588718952E-12  3.000000000003560E+00  1.096303839836496E+02  3.851794587697498E+00  1.134821785713471E+02  1.022399604512680E+20  3.592136705197833E+18
  0.000000000000000E+00  2.110386259640653E+00 -3.132935313206613E-01  5.709251851425925E+00  4.488394943750255E+00  1.496131647914647E+00  1.496131647914647E+00  4.488394943743941E+00  6.314060385648190E-12  3.000000000004221E+00  8.267204102742291E+01 -1.235930502695457E+00  8.143611052472745E+01  7.707206063181146E+19 -1.152211914168812E+18
  0.000000000000000E+00  2.111749600378940E+00 -3.102798307412893E-01  5.715211705097672E+00  4.488053889372339E+00  1.496017963122335E+00  1.496017963122334E+00  4.488053889367004E+00  5.335287767138652E-12  3.000000000003566E+00  9.155820460012048E+01  1.342097190102579E+00  9.290030179022305E+01  8.532120009231352E+19  1.250672655718756E+18
  0.000000000000000E+00  2.113112941117228E+00 -3.072661301619175E-01  5.721181815018661E+00  4.476281343581524E+00  1.492093781192781E+00  1.492093781192781E+00  4.476281343578344E+00  3.179678742526448E-12  3.000000000002131E+00  1.004861251127204E+02  3.676434746646707E+00  1.041625598593671E+02  9.359374932355034E+19  3.424266899495404E+18
  0.000000000000000E+00  2.114476281855515E+00 -3.042524295825455E-01  5.727161781040349E+00  4.454226605399059E+00  1.484742201799345E+00  1.484742201799345E+00  4.454226605398035E+00  1.024069717914244E-12  3.000000000000690E+00  1.094297958161874E+02  5.766604049142638E+00  1.151963998653300E+02  1.018644864774549E+20  5.367936180484347E+18
  0.000000000000000E+00  2.115839622593802E+00 -3.012387290031736E-01  5.733151198872638E+00  4.423038973846197E+00  1.474346324615384E+00  1.474346324615384E+00  4.423038973846152E+00  4.529709940470639E-14  3.000000000000031E+00  1.183571594894586E+02  7.612126979796342E+00  1.259692864692550E+02  1.101030496043212E+20  7.081264860243240E+18
  0.000000000000000E+00  2.117169856181660E+00 -2.982685034110281E-01  5.739050348784446E+00  4.397069910633765E+00  1.465689970211012E+00  1.465689970211012E+00  4.397069910633037E+00  7.283063041541027E-13  3.000000000000497E+00  9.937414792727010E+01  3.884745123102907E+00  1.032588930503730E+02  9.238010077335437E+19  3.611333062334234E+18
  0.000000000000000E+00  2.118479271400024E+00 -2.952889653168698E-01  5.744953225348241E+00  4.386313653965145E+00  1.462104551320971E+00  1.462104551320971E+00  4.386313653962914E+00  2.231104190286715E-12  3.000000000001526E+00  8.346425134790130E+01  9.582825963585563E-01  8.442253394425985E+01  7.753165390909093E+19  8.901683464251772E+17
  0.000000000000000E+00  2.119770105476223E+00 -2.923012989074714E-01  5.750860369895616E+00  4.387092275571510E+00  1.462364091855926E+00  1.462364091855926E+00  4.387092275567777E+00  3.732125719579926E-12  3.000000000002552E+00  7.057622917196585E+01 -1.165782435026527E+00  6.941044673693932E+01  6.550474072059165E+19 -1.082011281120781E+18
  0.000000000000000E+00  2.121044595637589E+00 -2.893066883696059E-01  5.756772216411204E+00  4.395727847184032E+00  1.465242615726538E+00  1.465242615726538E+00  4.395727847179616E+00  4.416023102749023E-12  3.000000000003014E+00  6.067028520575180E+01 -2.486079348085202E+00  5.818420585766660E+01  5.625706616289627E+19 -2.305239375373497E+18
  0.000000000000000E+00  2.122293245293911E+00 -2.863525660119646E-01  5.762604836231414E+00  4.400864780635415E+00  1.466954926877234E+00  1.466954926877234E+00  4.400864780631703E+00  3.712585794346523E-12  3.000000000002531E+00  6.976365143864493E+01  1.427449737546834E-01  6.990639641239962E+01  6.461929090385701E+19  1.322189821475962E+17
  0.000000000000000E+00  2.123541894950234E+00 -2.833984436543233E-01  5.768445718410958E+00  4.394962031363301E+00  1.464987343787043E+00  1.464987343787043E+00  4.394962031361130E+00  2.170708057747106E-12  3.000000000001482E+00  7.890076738656788E+01  2.429478943853687E+00  8.133024633042157E+01  7.299380370133932E+19  2.247594224975600E+18
  0.000000000000000E+00  2.124790544606558E+00 -2.804443212966820E-01  5.774294481163787E+00  4.379569156634187E+00  1.459856385544519E+00  1.459856385544519E+00  4.379569156633560E+00  6.279421427279885E-13  3.000000000000430E+00  8.805049159262519E+01  4.373513651728397E+00  9.242400524435358E+01  8.134989366593318E+19  4.040691472350752E+18
  0.000000000000000E+00  2.126039194262880E+00 -2.774901989390406E-01  5.780150739516593E+00  4.356235713714577E+00  1.452078571238216E+00  1.452078571238216E+00  4.356235713714649E+00 -7.194245199571014E-14  2.999999999999951E+00  9.717432342688264E+01  5.974240186895524E+00  1.031485636137781E+02  8.965090064295227E+19  5.511703035581251E+18
  0.000000000000000E+00  2.127244819844362E+00 -2.745760639260346E-01  5.785911789707721E+00  4.351453055752235E+00  1.450484351923603E+00  1.450484351923603E+00  4.351453055770810E+00 -1.857447529118872E-11  2.999999999987194E+00  5.264989489029335E+01 -2.966272501364834E+00  4.968362238892851E+01  4.850074553885747E+19 -2.732511206097955E+18
  0.000000000000000E+00  2.128417878381300E+00 -2.716485042592172E-01  5.791673342792004E+00  4.374967831457487E+00  1.458322610505590E+00  1.458322610505590E+00  4.374967831516771E+00 -5.928413315814396E-11  2.999999999959348E+00  3.138627697901982E+01 -6.868824747420601E+00  2.451745223159922E+01  2.886573374460509E+19 -6.317208837159422E+18
  0.000000000000000E+00  2.129576250566552E+00 -2.687149105237258E-01  5.797439466856083E+00  4.404549938507330E+00  1.468183312869108E+00  1.468183312869108E+00  4.404549938607324E+00 -9.999379102509920E-11  2.999999999931893E+00  3.324435311334670E+01 -5.725779494315407E+00  2.751857361903129E+01  3.051970301768698E+19 -5.256504438978274E+18
  0.000000000000000E+00  2.130737817092975E+00 -2.657826733046971E-01  5.803213422944342E+00  4.417969274578762E+00  1.472656424899090E+00  1.472656424899090E+00  4.417969274697271E+00 -1.185087583621680E-10  2.999999999919527E+00  5.818632844898896E+01  4.709878284360695E-01  5.865731627742502E+01  5.331067415739681E+19  4.315219626869496E+17
  0.000000000000000E+00  2.131895841438458E+00 -2.628813865036476E-01  5.808940549278543E+00  4.411629007887374E+00  1.470543002662460E+00  1.470543002662460E+00  4.411629007987381E+00 -1.000071137013947E-10  2.999999999931994E+00  6.740013657096036E+01  2.407953035513152E+00  6.980808960647352E+01  6.161842317245170E+19  2.201394191025523E+18
  0.000000000000000E+00  2.133053865783941E+00 -2.599800997025980E-01  5.814673898595995E+00  4.397276022521453E+00  1.465758674193578E+00  1.465758674193578E+00  4.397276022580735E+00 -5.928235680130456E-11  2.999999999959555E+00  7.658621655846478E+01  4.153018259533770E+00  8.073923481799856E+01  6.985459282526625E+19  3.787984477522319E+18
  0.000000000000000E+00  2.134211890129424E+00 -2.570788129015485E-01  5.820413103529368E+00  4.375754806624141E+00  1.458584935547565E+00  1.458584935547565E+00  4.375754806642696E+00 -1.855493536595532E-11  2.999999999987279E+00  8.571295389242061E+01  5.705867529099360E+00  9.141882142151998E+01  7.798826112747189E+19  5.191638680154193E+18
  0.000000000000000E+00  2.135369914474908E+00 -2.541775261004989E-01  5.826157794417748E+00  4.347909848338585E+00  1.449303282779543E+00  1.449303282779543E+00  4.347909848338629E+00 -4.440892098500626E-14  2.999999999999969E+00  9.474739680250852E+01  7.066184872811538E+00  1.018135816753201E+02  8.598809292721776E+19  6.412923014135328E+18
  0.000000000000000E+00  2.136484893103478E+00 -2.513134381317521E-01  5.831811140386298E+00  4.342925341857210E+00  1.447641780619038E+00  1.447641780619038E+00  4.342925341857114E+00  9.592326932761353E-14  3.000000000000066E+00  4.426490466412606E+01 -3.758048437361007E+00  4.050685622676505E+01  4.006776605161589E+19 -3.401715348567201E+18
  0.000000000000000E+00  2.137564116905762E+00 -2.484354899120300E-01  5.837464252601350E+00  4.371662191449511E+00  1.457220730483034E+00  1.457220730483034E+00  4.371662191449104E+00  4.067857162226574E-13  3.000000000000279E+00  1.969941841871907E+01 -8.706209975883281E+00  1.099320844283579E+01  1.778235665610053E+19 -7.858959468922421E+18
  0.000000000000000E+00  2.138627204526869E+00 -2.455513106972708E-01  5.843120656565503E+00  4.408962755265253E+00  1.469654251754844E+00  1.469654251754844E+00  4.408962755264533E+00  7.203126983768016E-13  3.000000000000490E+00  2.073083005882118E+01 -7.770489391998257E+00  1.296034066682292E+01  1.865728777324877E+19 -6.993268302047532E+18
  0.000000000000000E+00  2.139693774611906E+00 -2.426685297434122E-01  5.848783006948588E+00  4.429669391454198E+00  1.476556463817779E+00  1.476556463817779E+00  4.429669391453337E+00  8.606448886894214E-13  3.000000000000583E+00  4.710489532580542E+01 -9.424222848292800E-01  4.616247304097615E+01  4.225213524788243E+19 -8.453336657222319E+17
  0.000000000000000E+00  2.140770447388101E+00 -2.398181796081970E-01  5.854403716873000E+00  4.419086764802865E+00  1.473028921600713E+00  1.473028921600713E+00  4.419086764802140E+00  7.247535904753022E-13  3.000000000000492E+00  8.008335550960919E+01  4.941480655733916E+00  8.502483616534310E+01  7.158681804158452E+19  4.417208473683247E+18
  0.000000000000000E+00  2.141854322257862E+00 -2.369704212623452E-01  5.860029808489190E+00  4.396355251328722E+00  1.465451750442763E+00  1.465451750442763E+00  4.396355251328290E+00  4.307665335545607E-13  3.000000000000294E+00  8.322291582388078E+01  4.803059897977763E+00  8.802597572185854E+01  7.413478818795309E+19  4.278555067022271E+18
  0.000000000000000E+00  2.142922574023920E+00 -2.341170245481344E-01  5.865657486102816E+00  4.386965347021802E+00  1.462321782340555E+00  1.462321782340555E+00  4.386965347021666E+00  1.367794766338193E-13  3.000000000000094E+00  5.722493008708514E+01 -1.367247642819116E+00  5.585768244426603E+01  5.078214791084734E+19 -1.213313357006049E+18
  0.000000000000000E+00  2.143952377489009E+00 -2.312497593078422E-01  5.871283956756578E+00  4.416407547872145E+00  1.472135849290714E+00  1.472135849290714E+00  4.416407547872142E+00  3.552713678800501E-15  3.000000000000002E+00  3.272003878252387E+00 -1.357860626933389E+01 -1.030660239108151E+01  2.890818795605404E+18 -1.199671262079353E+19
  0.000000000000000E+00  2.144940238927914E+00 -2.284161567594067E-01  5.876826697971617E+00  4.477837669190647E+00  1.492612556396917E+00  1.492612556396917E+00  4.477837669190750E+00 -1.030286966852145E-13  2.999999999999931E+00  1.015477598945739E+01 -1.586932253560138E+01 -5.714546546143995E+00  8.946281339783753E+18 -1.398075390561585E+19
  0.000000000000000E+00  2.145928100366817E+00 -2.255825542109712E-01  5.882373806906988E+00  4.547631968158262E+00  1.515877322719534E+00  1.515877322719534E+00  4.547631968158601E+00 -3.392841563254478E-13  2.999999999999776E+00  1.037738921758014E+01 -1.761577615842582E+01 -7.238386940845689E+00  9.150683666061020E+18 -1.553342481216900E+19
  0.000000000000000E+00  2.146915961805722E+00 -2.227489516625356E-01  5.887924946970871E+00  4.623519488559554E+00  1.541173162853380E+00  1.541173162853380E+00  4.623519488560140E+00 -5.861977570020827E-13  2.999999999999619E+00  4.629401624957725E+00 -1.881721259047999E+01 -1.418781096552226E+01  4.100713999103614E+18 -1.666824642690074E+19
  0.000000000000000E+00  2.147903823244626E+00 -2.199153491141001E-01  5.893479780088427E+00  4.703229274179088E+00  1.567743091393269E+00  1.567743091393269E+00  4.703229274179807E+00 -7.194245199571014E-13  2.999999999999541E+00  1.807498439015024E-01 -1.947287728443610E+01 -1.929212744053460E+01  1.613946178938932E+17 -1.738766419255598E+19
  0.000000000000000E+00  2.148893074446375E+00 -2.171063206303301E-01  5.898996673052745E+00  4.757883616717230E+00  1.585961205572587E+00  1.585961205572587E+00  4.757883616717763E+00 -5.329070518200751E-13  2.999999999999664E+00  4.742798692214929E-01 -8.278362648403018E+00 -7.804082779181525E+00  4.272302152121642E+17 -7.457130031023648E+18
  0.000000000000000E+00  2.149886467049001E+00 -2.142986335830318E-01  5.904516872095410E+00  4.781515386050923E+00  1.593838462017001E+00  1.593838462017001E+00  4.781515386051003E+00 -7.993605777301127E-14  2.999999999999950E+00  3.107705656873077E-01 -4.420663652286668E+00 -4.109893086599359E+00  2.820439364107415E+17 -4.012031754942161E+18
  0.000000000000000E+00  2.150863433647298E+00 -2.114854335581903E-01  5.910037840274064E+00  4.804368675821100E+00  1.601456225273572E+00  1.601456225273572E+00  4.804368675820715E+00  3.845812557301542E-13  3.000000000000240E+00  3.033301170283854E-02 -7.908659145931917E+00 -7.878326134229079E+00  2.771312803207147E+16 -7.225582662888504E+18
  0.000000000000000E+00  2.151803406836058E+00 -2.086598661417908E-01  5.915557925473700E+00  4.856687579668691E+00  1.618895859889364E+00  1.618895859889364E+00  4.856687579668093E+00  5.977440764581843E-13  3.000000000000369E+00  6.062290384443184E-03 -1.875123010250244E+01 -1.874516781211799E+01  5.573739954227622E+15 -1.724009801335722E+19
  0.000000000000000E+00  2.152705587538327E+00 -2.058643766418057E-01  5.921003762396608E+00  4.930396406326239E+00  1.643465468775245E+00  1.643465468775245E+00  4.930396406325734E+00  5.053735208093713E-13  3.000000000000307E+00 -7.283520242237451E-04 -1.750274911650937E+01 -1.750347746853359E+01 -6.736766997528455E+14 -1.618886729116837E+19
  0.000000000000000E+00  2.153607768240594E+00 -2.030688871418206E-01  5.926452569490798E+00  4.997973964291864E+00  1.665991321430521E+00  1.665991321430521E+00  4.997973964291562E+00  3.019806626980426E-13  3.000000000000181E+00 -8.564944393031787E-03 -1.574226301390212E+01 -1.575082795829515E+01 -7.966556461641217E+15 -1.464243331647186E+19
  0.000000000000000E+00  2.154509948942863E+00 -2.002733976418356E-01  5.931904025396514E+00  5.057348779283417E+00  1.685782926427773E+00  1.685782926427773E+00  5.057348779283322E+00  9.503509090791340E-14  3.000000000000057E+00  2.794284537377803E-04 -1.346912965672279E+01 -1.346885022826905E+01  2.612873224938267E+14 -1.259468310134897E+19
  0.000000000000000E+00  2.155412129645130E+00 -1.974779081418505E-01  5.937357807811804E+00  5.106449377018752E+00  1.702149792339582E+00  1.702149792339582E+00  5.106449377018747E+00  4.440892098500626E-15  3.000000000000002E+00  1.001270925544831E-01 -1.068270690701215E+01 -1.058257981445767E+01  9.410137471301200E+16 -1.003981419972853E+19
  0.000000000000000E+00  2.156315347015944E+00 -1.947039117482231E-01  5.942776586921924E+00  5.130485707142414E+00  1.710161902380802E+00  1.710161902380802E+00  5.130485707142407E+00  7.105427357601002E-15  3.000000000000004E+00  2.882587529818283E-01 -2.340228338268327E+00 -2.051969585286499E+00  2.722114004005573E+17 -2.209947925700105E+18
  0.000000000000000E+00  2.157221157449371E+00 -1.919306665578223E-01  5.948197137944803E+00  5.133897500826591E+00  1.711299166942192E+00  1.711299166942192E+00  5.133897500826577E+00  1.421085471520200E-14  3.000000000000008E+00  1.651940451974294E-01 -4.292468581559736E-01 -2.640528129585442E-01  1.567151047448913E+17 -4.072148379012857E+17
  0.000000000000000E+00  2.158111670950257E+00 -1.891526694698734E-01  5.953617978082191E+00  5.142562471574424E+00  1.714187490524801E+00  1.714187490524801E+00  5.142562471574402E+00  2.131628207280301E-14  3.000000000000012E+00 -1.125891211798184E-02 -4.957457211291980E+00 -4.968716123409963E+00 -1.072917469024660E+16 -4.724206378201006E+18
  0.000000000000000E+00  2.158968997523449E+00 -1.863644173836021E-01  5.959038377791591E+00  5.182358332889056E+00  1.727452777629677E+00  1.727452777629677E+00  5.182358332889032E+00  2.398081733190338E-14  3.000000000000014E+00  1.974944007820716E-02 -1.593234555231904E+01 -1.591259611224083E+01  1.890538459256537E+16 -1.525142580931252E+19
  0.000000000000000E+00  2.159794006822598E+00 -1.836018862455413E-01  5.964396051270104E+00  5.242886995707079E+00  1.747628998569019E+00  1.747628998569019E+00  5.242886995707058E+00  2.131628207280301E-14  3.000000000000012E+00  4.860236012267313E-03 -1.449431943840009E+01 -1.448945920238783E+01  4.673569176286163E+15 -1.393763685293774E+19
  0.000000000000000E+00  2.160619016121748E+00 -1.808393551074804E-01  5.969755366344059E+00  5.296758661907755E+00  1.765586220635912E+00  1.765586220635912E+00  5.296758661907737E+00  1.776356839400250E-14  3.000000000000010E+00 -7.363399639663808E-03 -1.258765199574139E+01 -1.259501539538106E+01 -7.112623588223538E+15 -1.215895304975557E+19
  0.000000000000000E+00  2.161444025420897E+00 -1.780768239694196E-01  5.975116015780944E+00  5.342118985451909E+00  1.780706328483964E+00  1.780706328483964E+00  5.342118985451894E+00  1.509903313490213E-14  3.000000000000008E+00 -8.459531777909484E-03 -1.021180765108670E+01 -1.022026718286461E+01 -8.208153118654655E+15 -9.908359353557791E+18
  0.000000000000000E+00  2.162269034720047E+00 -1.753142928313587E-01  5.980477691888511E+00  5.377113620300365E+00  1.792371206766783E+00  1.792371206766783E+00  5.377113620300351E+00  1.421085471520200E-14  3.000000000000008E+00  7.056298261566685E-02 -7.366250831179748E+00 -7.295687848564081E+00  6.877006736334915E+16 -7.179083807082218E+18
  0.000000000000000E+00  2.163096569323657E+00 -1.725704481558274E-01  5.985808230231231E+00  5.386720626554308E+00  1.795573542184763E+00  1.795573542184763E+00  5.386720626554290E+00  1.865174681370263E-14  3.000000000000010E+00  2.397372755410821E-01  1.305424686168795E+00  1.545161961709877E+00  2.347423401331646E+17  1.278226112344189E+18
  0.000000000000000E+00  2.163926904865376E+00 -1.698273524606642E-01  5.991139187659363E+00  5.376158279689474E+00  1.792052759896482E+00  1.792052759896482E+00  5.376158279689447E+00  2.664535259100376E-14  3.000000000000015E+00  1.154019211100006E-01  2.875670710252045E+00  2.991072631362045E+00  1.135515710728104E+17  2.829562314876291E+18
  0.000000000000000E+00  2.164741804890566E+00 -1.670798348379377E-01  5.996469807619909E+00  5.373406653693488E+00  1.791135551231151E+00  1.791135551231152E+00  5.373406653693455E+00  3.286260152890463E-14  3.000000000000018E+00 -3.542406509607459E-02 -2.663546425349934E+00 -2.698970490446009E+00 -3.501237938357152E+16 -2.632591649128424E+18
  0.000000000000000E+00  2.165523032944590E+00 -1.643227243797167E-01  6.001800085296857E+00  5.406445822553980E+00  1.802148607517981E+00  1.802148607517981E+00  5.406445822553945E+00  3.552713678800501E-14  3.000000000000020E+00  4.737757243613020E-02 -1.532020922871400E+01 -1.527283165627787E+01  4.698840278043482E+16 -1.519436570731456E+19
  0.000000000000000E+00  2.166273335323407E+00 -1.615882890435838E-01  6.007074397640576E+00  5.462317865713716E+00  1.820772621904562E+00  1.820772621904562E+00  5.462317865713687E+00  2.930988785010413E-14  3.000000000000016E+00  1.849322256061485E-02 -1.334028156230076E+01 -1.332178833974014E+01  1.843817164220781E+16 -1.330057000043500E+19
  0.000000000000000E+00  2.167023637702224E+00 -1.588538537074509E-01  6.012349172465569E+00  5.509810955775536E+00  1.836603651925173E+00  1.836603651925173E+00  5.509810955775519E+00  1.687538997430238E-14  3.000000000000009E+00  1.364862181786481E-03 -1.102199477862372E+01 -1.102062991644193E+01  1.370452886050881E+15 -1.106714271665977E+19
  0.000000000000000E+00  2.167773940081041E+00 -1.561194183713180E-01  6.017624116287645E+00  5.547614494714223E+00  1.849204831571405E+00  1.849204831571405E+00  5.547614494714217E+00  6.217248937900877E-15  3.000000000000004E+00 -6.646971991127984E-03 -8.364998849424669E+00 -8.371645821415798E+00 -6.700540731665710E+15 -8.432413373445727E+18
  0.000000000000000E+00  2.168524242459858E+00 -1.533849830351851E-01  6.022898935566186E+00  5.574417884504563E+00  1.858139294834854E+00  1.858139294834854E+00  5.574417884504562E+00  8.881784197001252E-16  3.000000000000000E+00  4.171356677711532E-02 -5.368943746445514E+00 -5.327230179668399E+00  4.187902051547707E+16 -5.390239259693033E+18
  0.000000000000000E+00  2.169276307199037E+00 -1.506665338067815E-01  6.028145388856530E+00  5.575765625510074E+00  1.858588541836677E+00  1.858588541836677E+00  5.575765625510032E+00  4.174438572590589E-14  3.000000000000022E+00  1.501844343930757E-01  3.466236202702131E+00  3.616420637095206E+00  1.525343729441758E+17  3.520472463023421E+18
  0.000000000000000E+00  2.170029505855484E+00 -1.479483238180181E-01  6.033391114282187E+00  5.556952961255062E+00  1.852317653751643E+00  1.852317653751643E+00  5.556952961254932E+00  1.305622276959184E-13  3.000000000000071E+00  5.437339601708406E-02  5.064271982745503E+00  5.118645378762587E+00  5.920096790566622E+16  5.513906157744520E+18
  0.000000000000000E+00  2.170768297002332E+00 -1.452263237464206E-01  6.038636062083365E+00  5.545962925135295E+00  1.848654308378358E+00  1.848654308378358E+00  5.545962925135074E+00  2.211564265053312E-13  3.000000000000119E+00 -3.788259800790672E-02 -5.823605558770079E-01 -6.202431538849146E-01 -4.740536052972257E+16 -7.287518164376468E+17
  0.000000000000000E+00  2.171477139212712E+00 -1.424965042695149E-01  6.043880808974017E+00  5.570778550546534E+00  1.856926183515423E+00  1.856926183515423E+00  5.570778550546271E+00  2.637889906509372E-13  3.000000000000142E+00  5.500960066585581E-02 -1.348132467358197E+01 -1.342631507291611E+01  8.424230351712166E+16 -2.064544790759907E+19
  0.000000000000000E+00  2.172159741163620E+00 -1.397855993787668E-01  6.049079212926396E+00  5.606349388792739E+00  1.868783129597514E+00  1.868783129597514E+00  5.606349388792543E+00  1.962874307537277E-13  3.000000000000105E+00 -2.297484903715583E+00 -5.212845352720073E+00 -7.510330256435656E+00 -3.787471735332638E+18 -8.593529560153976E+18
  0.000000000000000E+00  2.172842343114527E+00 -1.370746944880188E-01  6.054276937860554E+00  5.611430370386459E+00  1.870476790128804E+00  1.870476790128804E+00  5.611430370386413E+00  4.618527782440651E-14  3.000000000000025E+00 -8.786020896377822E-01  2.456390333181306E+00  1.577788243543524E+00 -1.278615919481145E+18  3.574746545116969E+18
  0.000000000000000E+00  2.173524945065435E+00 -1.343637895972707E-01  6.059473703132654E+00  5.588332941629131E+00  1.862777647209745E+00  1.862777647209745E+00  5.588332941629236E+00 -1.056932319443149E-13  2.999999999999943E+00  9.474513490966762E+00  9.525812723830855E+00  1.900032621479762E+01  1.108341881287713E+19  1.114342937522992E+19
  0.000000000000000E+00  2.174207547016343E+00 -1.316528847065227E-01  6.064669228409796E+00  5.539368548822196E+00  1.846456182940790E+00  1.846456182940790E+00  5.539368548822370E+00 -1.740829702612245E-13  2.999999999999906E+00  2.400481996166255E+01  1.599485215893747E+01  3.999967212060002E+01  2.425103572671129E+19  1.615891024258250E+19
  0.000000000000000E+00  2.174893865864766E+00 -1.289499321136615E-01  6.069850250591386E+00  5.465897316095257E+00  1.821965772031831E+00  1.821965772031831E+00  5.465897316095494E+00 -2.371436380599334E-13  2.999999999999870E+00  5.429598808797149E+01  2.206650116465901E+01  7.636248925263051E+01  5.403050292736581E+19  2.195860500488726E+19
  0.000000000000000E+00  2.175588417198332E+00 -1.262490733508759E-01  6.075028730811419E+00  5.374896449747109E+00  1.791632149915827E+00  1.791632149915827E+00  5.374896449747483E+00 -3.739231146937527E-13  2.999999999999792E+00  7.715238307475060E+01  2.520684952353694E+01  1.023592325982875E+02  7.651494920586083E+19  2.499859024528829E+19
  0.000000000000000E+00  2.176287423580991E+00 -1.235493519981570E-01  6.080204473722569E+00  5.277548575608574E+00  1.759182858536362E+00  1.759182858536362E+00  5.277548575609087E+00 -5.124789481669723E-13  2.999999999999708E+00  9.293171808318557E+01  2.541331344051911E+01  1.183450315237047E+02  9.216518227752465E+19  2.520369486147590E+19
  0.000000000000000E+00  2.176987107576696E+00 -1.208498116354962E-01  6.085377434670631E+00  5.185036319510478E+00  1.728345439837017E+00  1.728345439837017E+00  5.185036319511053E+00 -5.755396159656812E-13  2.999999999999667E+00  1.019508972915338E+02  2.268313331903067E+01  1.246340306105644E+02  1.006014006798346E+20  2.238288278303764E+19
  0.000000000000000E+00  2.177642032166945E+00 -1.181695484988593E-01  6.090496362422487E+00  5.150579103266050E+00  1.716859701088813E+00  1.716859701088813E+00  5.150579103266440E+00 -3.907985046680551E-13  2.999999999999772E+00 -2.044631076503619E+00 -2.023701817672918E+00 -4.068332894176538E+00 -2.001753178063806E+18 -1.981262826107248E+18
  0.000000000000000E+00  2.178244755572143E+00 -1.154766383958775E-01  6.095617824268550E+00  5.182431429680908E+00  1.727477143226962E+00  1.727477143226962E+00  5.182431429680887E+00  2.131628207280301E-14  3.000000000000012E+00 -5.157250857874258E+01 -1.252248996571436E+01 -6.409499854445694E+01 -5.027163905509459E+19 -1.220662156982834E+19
  0.000000000000000E+00  2.178826480627260E+00 -1.127786428969655E-01  6.100739785886237E+00  5.227049292959775E+00  1.742349764319779E+00  1.742349764319779E+00  5.227049292959338E+00  4.369837824924616E-13  3.000000000000250E+00 -4.829027679634275E+01 -8.805182024953115E+00 -5.709545882129586E+01 -4.693313825492387E+19 -8.557723267558344E+18
  0.000000000000000E+00  2.179418410167259E+00 -1.100831235725382E-01  6.105858994968192E+00  5.230888687307369E+00  1.743629562435578E+00  1.743629562435578E+00  5.230888687306734E+00  6.359357485052897E-13  3.000000000000365E+00  6.731596388012980E+00  9.140209837436037E+00  1.587180622544902E+01  6.518085792539460E+18  8.850303620150193E+18
  0.000000000000000E+00  2.180024003635462E+00 -1.073995133016783E-01  6.110958741757618E+00  5.193530292761928E+00  1.731176764253855E+00  1.731176764253855E+00  5.193530292761565E+00  3.632649736573512E-13  3.000000000000210E+00  1.848372909717505E+01  1.074350843557950E+01  2.922723753275455E+01  1.782293499710507E+19  1.035942755282256E+19
  0.000000000000000E+00  2.180629597103665E+00 -1.047159030308185E-01  6.116055901596565E+00  5.150542888245826E+00  1.716847629415362E+00  1.716847629415362E+00  5.150542888246085E+00 -2.593480985524366E-13  2.999999999999849E+00  3.009504031124840E+01  1.214752848570822E+01  4.224256879695661E+01  2.892689878026017E+19  1.167602114176508E+19
  0.000000000000000E+00  2.181235190571868E+00 -1.020322927599586E-01  6.121150211809105E+00  5.102677078290587E+00  1.700892359430491E+00  1.700892359430492E+00  5.102677078291475E+00 -8.881784197001252E-13  2.999999999999478E+00  4.157532965963090E+01  1.335210321895562E+01  5.492743287858651E+01  3.985523583539090E+19  1.279968738784698E+19
  0.000000000000000E+00  2.181840784040071E+00 -9.934868248909880E-02  6.126241410604501E+00  5.050683467427740E+00  1.683561155809638E+00  1.683561155809638E+00  5.050683467428915E+00 -1.175060049263266E-12  2.999999999999302E+00  5.292835982046797E+01  1.435706586645519E+01  6.728542568692316E+01  5.060566403419165E+19  1.372702373961771E+19
  0.000000000000000E+00  2.182425113584704E+00 -9.667752675680331E-02  6.131300458482393E+00  5.018647839011999E+00  1.672882613004331E+00  1.672882613004331E+00  5.018647839012992E+00 -9.929834732247400E-13  2.999999999999406E+00  1.134096192369865E+01  3.878065024697962E+00  1.521902694839661E+01  1.081568685117235E+19  3.698446143970288E+18
  0.000000000000000E+00  2.182983584248437E+00 -9.400074489157433E-02  6.136359557261792E+00  5.014096962401263E+00  1.671365654133952E+00  1.671365654133952E+00  5.014096962401855E+00 -5.924150059399835E-13  2.999999999999645E+00 -7.392547766040598E+00 -3.998501086805492E-01 -7.792397874721147E+00 -7.034330669965827E+18 -3.804747661965002E+17
  0.000000000000000E+00  2.183530173862110E+00 -9.132139270155518E-02  6.141417245176756E+00  5.013922553348085E+00  1.671307517782759E+00  1.671307517782759E+00  5.013922553348277E+00 -1.918465386552271E-13  2.999999999999885E+00 -3.660419483110222E+00  1.528312773560629E+00 -2.132106709549594E+00 -3.475790180553504E+18  1.451225619267792E+18
  0.000000000000000E+00  2.184078860256565E+00 -8.864252599488927E-02  6.146471527352629E+00  4.995016327605018E+00  1.665005442535009E+00  1.665005442535009E+00  4.995016327605027E+00 -8.881784197001252E-15  2.999999999999995E+00  2.227099445036969E+01  9.667470975932096E+00  3.193846542630179E+01  2.110396806776739E+19  9.160884091942843E+18
  0.000000000000000E+00  2.184631770885588E+00 -8.597208529726585E-02  6.151508034654447E+00  4.955445485835425E+00  1.651815161945210E+00  1.651815161945210E+00  4.955445485835631E+00 -2.060573933704291E-13  2.999999999999876E+00  3.359977735089127E+01  1.158588628884829E+01  4.518566363973956E+01  3.177436773970561E+19  1.095644794570383E+19
  0.000000000000000E+00  2.185184681514611E+00 -8.330164459964245E-02  6.156540860788064E+00  4.909592355245874E+00  1.636530785082170E+00  1.636530785082170E+00  4.909592355246510E+00 -6.368239269249898E-13  2.999999999999611E+00  4.483965725193055E+01  1.305959576133389E+01  5.789925301326443E+01  4.232235347587097E+19  1.232642847731318E+19
  0.000000000000000E+00  2.185737592143635E+00 -8.063120390201906E-02  6.161569755123693E+00  4.859110123386834E+00  1.619703374462630E+00  1.619703374462631E+00  4.859110123387892E+00 -1.058708676282549E-12  2.999999999999346E+00  5.597980657827458E+01  1.408826108951544E+01  7.006806766779003E+01  5.274089963795685E+19  1.327313561108000E+19
  0.000000000000000E+00  2.186290502772658E+00 -7.796076320439564E-02  6.166594468218388E+00  4.805651977808773E+00  1.601883992603332E+00  1.601883992603332E+00  4.805651977809997E+00 -1.223909862346773E-12  2.999999999999236E+00  6.700813935936803E+01  1.467154396951837E+01  8.167968332888640E+01  6.302087675570636E+19  1.379852616650337E+19
  0.000000000000000E+00  2.186820398250025E+00 -7.530177473947783E-02  6.171588983591897E+00  4.775603565751828E+00  1.591867855250948E+00  1.591867855250948E+00  4.775603565752844E+00 -1.016076112136943E-12  2.999999999999362E+00  1.971650249335552E+01  2.645565533096198E+00  2.236206802645172E+01  1.851225696647013E+19  2.483979548949826E+18
  0.000000000000000E+00  2.187319720038139E+00 -7.263674146866091E-02  6.176584339828022E+00  4.778684974914023E+00  1.592894991638212E+00  1.592894991638212E+00  4.778684974914638E+00 -6.155076448521868E-13  2.999999999999613E+00 -5.997111181953068E+00 -3.305132705876302E+00 -9.302243887829372E+00 -5.621595615308286E+18 -3.098178266775985E+18
  0.000000000000000E+00  2.187802090813467E+00 -6.996842309197776E-02  6.181578627762622E+00  4.792491781835884E+00  1.597497260612037E+00  1.597497260612037E+00  4.792491781836111E+00 -2.273736754432321E-13  2.999999999999857E+00 -1.043342372003411E+01 -3.176348609526037E+00 -1.360977232956015E+01 -9.763976106249941E+18 -2.972542164561016E+18
  0.000000000000000E+00  2.188281133252476E+00 -6.729957930946126E-02  6.186569430571588E+00  4.794619563057942E+00  1.598206521019331E+00  1.598206521019331E+00  4.794619563057994E+00 -5.240252676230739E-14  2.999999999999967E+00  6.256622634713056E+00  3.035704474820186E+00  9.292327109533243E+00  5.845145820808925E+18  2.836056505271386E+18
  0.000000000000000E+00  2.188761766127723E+00 -6.463851436602137E-02  6.191542168958992E+00  4.778693215485451E+00  1.592897738495083E+00  1.592897738495083E+00  4.778693215485250E+00  2.016165012719284E-13  3.000000000000127E+00  1.743937945722591E+01  5.577788321178411E+00  2.301716777840433E+01  1.626362197464565E+19  5.201735585416818E+18
  0.000000000000000E+00  2.189242399002969E+00 -6.197744942258145E-02  6.196510595193588E+00  4.754094824773099E+00  1.584698274924115E+00  1.584698274924115E+00  4.754094824772346E+00  7.531752999057062E-13  3.000000000000476E+00  2.856494769720082E+01  7.761207934275285E+00  3.632615563147611E+01  2.659129989007128E+19  7.224960111155347E+18
  0.000000000000000E+00  2.189723031878216E+00 -5.931638447914154E-02  6.201474469918970E+00  4.722145270994426E+00  1.574048423664381E+00  1.574048423664381E+00  4.722145270993142E+00  1.284305994886381E-12  3.000000000000816E+00  3.961355294039512E+01  9.585726352303872E+00  4.919927929269900E+01  3.680959256024275E+19  8.907221272305498E+18
  0.000000000000000E+00  2.190203664753463E+00 -5.665531953570165E-02  6.206433555114182E+00  4.684165434222977E+00  1.561388478073833E+00  1.561388478073833E+00  4.684165434221501E+00  1.476152533541608E-12  3.000000000000945E+00  5.056458429614187E+01  1.105110661345774E+01  6.161569090959961E+01  4.689948692307834E+19  1.025008387427704E+19
  0.000000000000000E+00  2.190672381580186E+00 -5.400120043586641E-02  6.211373281188601E+00  4.654445550336881E+00  1.551481850111893E+00  1.551481850111893E+00  4.654445550335680E+00  1.200817223434569E-12  3.000000000000774E+00  3.127162224566449E+01  5.600700056297563E+00  3.687232230196204E+01  2.895182829161347E+19  5.185228481878249E+18
  0.000000000000000E+00  2.191123786971062E+00 -5.134403850146939E-02  6.216311427740591E+00  4.640279329391276E+00  1.546759776463524E+00  1.546759776463524E+00  4.640279329390571E+00  7.043254868221993E-13  3.000000000000455E+00  1.979715210948105E+01  2.547340561109919E+00  2.234449267059097E+01  1.829461415788711E+19  2.354005891176800E+18
  0.000000000000000E+00  2.191562904050115E+00 -4.868477429098311E-02  6.221247077775369E+00  4.632894320550187E+00  1.544298106849986E+00  1.544298106849986E+00  4.632894320549959E+00  2.273736754432321E-13  3.000000000000147E+00  1.602684950359956E+01  1.892657359435757E+00  1.791950686303532E+01  1.478232515922149E+19  1.745687853117308E+18
  0.000000000000000E+00  2.191994755941369E+00 -4.602434836288009E-02  6.226179131748765E+00  4.623518072977633E+00  1.541172690992539E+00  1.541172690992539E+00  4.623518072977618E+00  1.509903313490213E-14  3.000000000000010E+00  1.986617058233007E+01  3.638117632030379E+00  2.350428821436045E+01  1.828731355381934E+19  3.348979492897061E+18
  0.000000000000000E+00  2.192423778038588E+00 -4.336904943685008E-02  6.231096436125395E+00  4.605812893887733E+00  1.535270964629174E+00  1.535270964629174E+00  4.605812893887522E+00  2.113864638886298E-13  3.000000000000138E+00  3.073272287790344E+01  6.013628662168939E+00  3.674635154007238E+01  2.823274197877800E+19  5.524444646499930E+18
  0.000000000000000E+00  2.192852800135806E+00 -4.071375051082006E-02  6.236008498047656E+00  4.580085430014324E+00  1.526695143337894E+00  1.526695143337894E+00  4.580085430013684E+00  6.403766406037903E-13  3.000000000000420E+00  4.148720498809931E+01  8.040371815780748E+00  4.952757680388007E+01  3.803328330817697E+19  7.370989182336826E+18
  0.000000000000000E+00  2.193281822233025E+00 -3.805845158479004E-02  6.240915089244822E+00  4.547610609614396E+00  1.515870203204442E+00  1.515870203204442E+00  4.547610609613328E+00  1.068478638899251E-12  3.000000000000705E+00  5.209212107929490E+01  9.718141842607976E+00  6.181026292190287E+01  4.765310705296768E+19  8.890013383728218E+18
  0.000000000000000E+00  2.193710844330244E+00 -3.540315265876003E-02  6.245815983007900E+00  4.509663360944938E+00  1.503221120314559E+00  1.503221120314559E+00  4.509663360943677E+00  1.260325177554478E-12  3.000000000000838E+00  6.249882303750039E+01  1.104673349239277E+01  7.354555652989316E+01  5.704570569249812E+19  1.008288919764758E+19
  0.000000000000000E+00  2.194131131265126E+00 -3.275323821672041E-02  6.250700565823204E+00  4.478163432923389E+00  1.492721144307455E+00  1.492721144307455E+00  4.478163432922365E+00  1.024069717914244E-12  3.000000000000687E+00  5.012823088977003E+01  6.380580485563972E+00  5.650881137533400E+01  4.565604807072174E+19  5.811337926698459E+18
  0.000000000000000E+00  2.194535424425512E+00 -3.010078270742807E-02  6.255583015200565E+00  4.462582936700536E+00  1.487527645566674E+00  1.487527645566674E+00  4.462582936700023E+00  5.133671265866724E-13  3.000000000000346E+00  3.654859163714740E+01  2.289100350319799E+00  3.883769198746720E+01  3.321805739941600E+19  2.080503336075502E+18
  0.000000000000000E+00  2.194922710196103E+00 -2.744580250744106E-02  6.260463461124337E+00  4.460828293620067E+00  1.486942764540020E+00  1.486942764540020E+00  4.460828293620062E+00  4.440892098500626E-15  3.000000000000003E+00  2.174003722016166E+01 -1.227640849450762E+00  2.051239637071090E+01  1.971290291953755E+19 -1.113170352019366E+18
  0.000000000000000E+00  2.195291974961604E+00 -2.478831399331740E-02  6.265342069117673E+00  4.470805925025667E+00  1.490268641675297E+00  1.490268641675297E+00  4.470805925025892E+00 -2.255973186038318E-13  2.999999999999849E+00  5.776371506921079E+00 -4.169417881034411E+00  1.606953625886668E+00  5.222834209554908E+18 -3.769871504439228E+18
  0.000000000000000E+00  2.195651110091127E+00 -2.213534803651587E-02  6.270206419976413E+00  4.489913715514369E+00  1.496637905171644E+00  1.496637905171644E+00  4.489913715514932E+00 -5.631051180898794E-13  2.999999999999624E+00  1.360524382808083E+01 -6.273087144786102E+00  7.332156683294733E+00  1.228474949784282E+19 -5.664235431986808E+18
  0.000000000000000E+00  2.196010245220650E+00 -1.948238207971435E-02  6.275064995867923E+00  4.515539048674943E+00  1.505179682892082E+00  1.505179682892082E+00  4.515539048676245E+00 -1.302069563280384E-12  2.999999999999135E+00  1.324524507443320E+01 -7.768107811445017E+00  5.477137262988181E+00  1.198765992951010E+19 -7.030555811996460E+18
  0.000000000000000E+00  2.196369380350173E+00 -1.682941612291282E-02  6.279917578108144E+00  4.545473963780514E+00  1.515157987927519E+00  1.515157987927519E+00  4.545473963782558E+00 -2.043698543729988E-12  2.999999999998651E+00  5.861795825307478E+00 -8.654180928632284E+00 -2.792385103324807E+00  5.337282672401448E+18 -7.879805317475946E+18
  0.000000000000000E+00  2.196728515479697E+00 -1.417645016611129E-02  1.578642501630382E-03  4.577510500104215E+00  1.525836833368864E+00  1.525836833368864E+00  4.577510500106593E+00 -2.377653629537235E-12  2.999999999998442E+00  2.739229393060520E-01 -8.931007543969235E+00 -8.657084604663185E+00  2.518321629475856E+17 -8.210757933588242E+18
  0.000000000000000E+00  2.197085841135389E+00 -1.152690427093136E-02  6.412368698594980E-03  4.598395583237197E+00  1.532798527746406E+00  1.532798527746406E+00  4.598395583239220E+00 -2.023270440076885E-12  2.999999999998681E+00  1.922712073026918E-01 -3.615547945782690E+00 -3.423276738479998E+00  1.786470848602700E+17 -3.359354267068007E+18
  0.000000000000000E+00  2.197432350643110E+00 -8.875817327971412E-03  1.124252809658396E-02  4.610890446969760E+00  1.536963482323671E+00  1.536963482323671E+00  4.610890446971013E+00 -1.252331571777177E-12  2.999999999999186E+00 -1.034416840736114E-01 -4.292901202484351E+00 -4.396342886557962E+00 -9.702759428342914E+16 -4.026712054272866E+18
  0.000000000000000E+00  2.197755706488161E+00 -6.222006372951621E-03  1.607170471869949E-02  4.636669713248283E+00  1.545556571082922E+00  1.545556571082922E+00  4.636669713248766E+00 -4.831690603168681E-13  2.999999999999688E+00 -5.483721248653992E-02 -1.096569982635108E+01 -1.102053703883763E+01 -5.191263986509562E+16 -1.038087824201190E+19
  0.000000000000000E+00  2.198043571155841E+00 -3.564288441592174E-03  2.090290883668722E-02  4.697408004019144E+00  1.565802668006426E+00  1.565802668006426E+00  4.697408004019278E+00 -1.332267629550188E-13  2.999999999999915E+00  2.086031587411863E-01 -2.363548774131943E+01 -2.342688458257825E+01  1.994087146789915E+17 -2.259372417823803E+19
  0.000000000000000E+00  2.198322620805178E+00 -9.080257294933920E-04  2.572583981223390E-02  4.749210770394469E+00  1.583070256798181E+00  1.583070256798181E+00  4.749210770394543E+00 -7.371880883511039E-14  2.999999999999953E+00  8.904639691431039E-01 -5.734855184158546E+00 -4.844391215015442E+00  8.576145145418112E+17 -5.523294838602633E+18
  0.000000000000000E+00  2.198622241372617E+00  1.746054640690877E-03  3.053756772089244E-02  4.743768215058182E+00  1.581256071686042E+00  1.581256071686042E+00  4.743768215058125E+00  5.684341886080801E-14  3.000000000000036E+00  2.209238147041056E+01  8.065922035360957E+00  3.015830350577152E+01  2.132646229493900E+19  7.786285167646361E+18
  0.000000000000000E+00  2.198933438713569E+00  4.398875282450245E-03  3.533960834037562E-02  4.695900403330046E+00  1.565300134443286E+00  1.565300134443286E+00  4.695900403329858E+00  1.874056465567264E-13  3.000000000000120E+00  5.682487328818508E+01  1.776534253774003E+01  7.459021582592511E+01  5.471963920847469E+19  1.710717644982804E+19
  0.000000000000000E+00  2.199247218683444E+00  7.051358809274321E-03  4.013378946268843E-02  4.620427400529823E+00  1.540142466843192E+00  1.540142466843192E+00  4.620427400529577E+00  2.460254222569347E-13  3.000000000000160E+00  7.517096502833635E+01  2.336312930071550E+01  9.853409432905185E+01  7.188882872805954E+19  2.234304162807443E+19
  0.000000000000000E+00  2.199564676308322E+00  9.705369730541005E-03  4.492313257115929E-02  4.534096878761260E+00  1.511365626253683E+00  1.511365626253683E+00  4.534096878761050E+00  2.104982854689297E-13  3.000000000000139E+00  9.744082555927068E+01  2.381464906817524E+01  1.212554746274459E+02  9.243738066995126E+19  2.259180142205571E+19
  0.000000000000000E+00  2.199882549291689E+00  1.235939952869807E-02  4.970489405748101E-02  4.452877040309184E+00  1.484292346769684E+00  1.484292346769684E+00  4.452877040309052E+00  1.323385845353187E-13  3.000000000000089E+00  9.638852623160861E+01  2.053845621060568E+01  1.169269824422143E+02  9.084235723666622E+19  1.935667915173113E+19
  0.000000000000000E+00  2.200185973251951E+00  1.501497012537172E-02  5.448308281263586E-02  4.390238832395347E+00  1.463412944131764E+00  1.463412944131764E+00  4.390238832395293E+00  5.417888360170764E-14  3.000000000000037E+00  7.327225676978091E+01  1.353108966419261E+01  8.680334643397353E+01  6.867182525371134E+19  1.268153412868483E+19
  0.000000000000000E+00  2.200460083807514E+00  1.767360344218817E-02  5.926220610103269E-02  4.359653202241500E+00  1.453217734080493E+00  1.453217734080493E+00  4.359653202241481E+00  1.865174681370263E-14  3.000000000000013E+00  2.899094422793804E+01  2.788934805754880E+00  3.177987903369292E+01  2.703013108337674E+19  2.600304177395465E+18
  0.000000000000000E+00  2.200714324207241E+00  2.033157125751517E-02  6.403497418768259E-02  4.343030430199077E+00  1.447676810066365E+00  1.447676810066365E+00  4.343030430199095E+00 -1.776356839400250E-14  2.999999999999988E+00  3.966922301087797E+01  6.290359488411642E+00  4.595958249928961E+01  3.680345796842662E+19  5.835934345741239E+18
  0.000000000000000E+00  2.200968564606968E+00  2.298953907284217E-02  6.880042950794728E-02  4.315287966951129E+00  1.438429322317075E+00  1.438429322317075E+00  4.315287966951227E+00 -9.769962616701378E-14  2.999999999999932E+00  5.011655784799810E+01  8.957170846003022E+00  5.907372869400113E+01  4.628345724783455E+19  8.272093130775354E+18
  0.000000000000000E+00  2.201222805006695E+00  2.564750688816917E-02  7.355837291925503E-02  4.279438216120080E+00  1.426479405373418E+00  1.426479405373418E+00  4.279438216120255E+00 -1.749711486809247E-13  2.999999999999877E+00  6.031876682259394E+01  1.078907937222655E+01  7.110784619482048E+01  5.546380090442042E+19  9.920682762019187E+18
  0.000000000000000E+00  2.201477045406421E+00  2.830547470349616E-02  7.830860726668916E-02  4.238493581328354E+00  1.412831193776186E+00  1.412831193776186E+00  4.238493581328559E+00 -2.060573933704291E-13  2.999999999999853E+00  7.022892442271643E+01  1.178579556077984E+01  8.201471998349628E+01  6.430284301211645E+19  1.079128248008004E+19
  0.000000000000000E+00  2.201731586683460E+00  3.096658805435142E-02  8.305654491165164E-02  4.193958362055421E+00  1.397986120685186E+00  1.397986120685186E+00  4.193958362055559E+00 -1.385558334732195E-13  2.999999999999901E+00  7.988388334250898E+01  1.281382906865530E+01  9.269771241116428E+01  7.284746823384269E+19  1.168514807962563E+19
  0.000000000000000E+00  2.201986127960498E+00  3.362770140520668E-02  8.779636590962099E-02  4.146584662703757E+00  1.382194887567918E+00  1.382194887567918E+00  4.146584662703756E+00  8.881784197001252E-16  3.000000000000001E+00  8.923573261801064E+01  1.336176399563095E+01  1.025974966136416E+02  8.106466668819094E+19  1.213826471631920E+19
  0.000000000000000E+00  2.202240669237537E+00  3.628881475606193E-02  9.252787864188626E-02  4.098105748964129E+00  1.366035249654664E+00  1.366035249654663E+00  4.098105748963992E+00  1.376676550535194E-13  3.000000000000101E+00  9.805079533367493E+01  1.342943376663758E+01  1.114802291003125E+02  8.872974293839725E+19  1.215278470579362E+19
  0.000000000000000E+00  2.202495210514575E+00  3.894992810691719E-02  9.725089364877963E-02  4.050254886527307E+00  1.350084962175702E+00  1.350084962175702E+00  4.050254886527107E+00  2.007283228522283E-13  3.000000000000148E+00  1.060028527624921E+02  1.301667180660628E+01  1.190195245690984E+02  9.552970240792004E+19  1.173061622042168E+19
  0.000000000000000E+00  2.202747516254620E+00  4.194777625924228E-02  1.025674780469985E-01  4.041076397149763E+00  1.347025465716536E+00  1.347025465716536E+00  4.041076397149610E+00  1.536548666081217E-13  3.000000000000114E+00  3.560935817121668E+01 -7.064086228980655E+00  2.854527194223603E+01  3.199950109672674E+19 -6.347972742017978E+18
  0.000000000000000E+00  2.202950953328641E+00  4.494965656938945E-02  1.078900543590387E-01  4.095975802282011E+00  1.365325267427319E+00  1.365325267427319E+00  4.095975802281957E+00  5.329070518200751E-14  3.000000000000039E+00  6.917062397975883E+00 -1.854839966877404E+01 -1.163133727079816E+01  6.223016003098566E+18 -1.668728447562162E+19
  0.000000000000000E+00  2.203134744312103E+00  4.795315657920242E-02  1.132094650821617E-01  4.180050992849271E+00  1.393350330949774E+00  1.393350330949774E+00  4.180050992849322E+00 -5.151434834260726E-14  2.999999999999963E+00  3.009880265709066E+00 -2.143741655016164E+01 -1.842753628445257E+01  2.721402304668312E+18 -1.938277594308251E+19
  0.000000000000000E+00  2.203328111780469E+00  5.095586383052486E-02  1.185154889056139E-01  4.258399859776760E+00  1.419466619925622E+00  1.419466619925622E+00  4.258399859776866E+00 -1.056932319443149E-13  2.999999999999925E+00  5.009390248307589E-01 -1.573183251060108E+01 -1.523089348577033E+01  4.568366292690017E+17 -1.434681064985018E+19
  0.000000000000000E+00  2.203561643282234E+00  5.416927810873364E-02  1.241764374021097E-01  4.295800632451022E+00  1.431933544150371E+00  1.431933544150371E+00  4.295800632451112E+00 -8.970602038971265E-14  2.999999999999937E+00  1.112253274194026E+00 -2.897929078076965E+00 -1.785675803882939E+00  1.024568997194469E+18 -2.669471386018202E+18
  0.000000000000000E+00  2.203797814617407E+00  5.738270061526465E-02  1.298240447813421E-01  4.295915226642037E+00  1.431971742214027E+00  1.431971742214027E+00  4.295915226642082E+00 -4.529709940470639E-14  2.999999999999968E+00  7.343410776845735E-01  1.427461772251499E+00  2.161802849936072E+00  6.823575764878788E+17  1.326412732505495E+18
  0.000000000000000E+00  2.204007808021627E+00  6.059750866294041E-02  1.354673032849355E-01  4.295719959177612E+00  1.431906653059203E+00  1.431906653059203E+00  4.295719959177610E+00  1.776356839400250E-15  3.000000000000002E+00  1.106325180481125E-01 -2.756499572473293E+00 -2.645867054425180E+00  1.036592407907633E+17 -2.582754672531111E+18
  0.000000000000000E+00  2.204162805730534E+00  6.381507956458345E-02  1.411163077230818E-01  4.332191146885554E+00  1.444063715628509E+00  1.444063715628509E+00  4.332191146885529E+00  2.486899575160351E-14  3.000000000000017E+00  3.690922648648207E-03 -1.545248651965777E+01 -1.544879559700912E+01  3.489073927314262E+15 -1.460742284795896E+19
  0.000000000000000E+00  2.204280968631098E+00  6.704183569538297E-02  1.467789009328546E-01  4.380719859935890E+00  1.460239953311951E+00  1.460239953311951E+00  4.380719859935852E+00  3.730349362740526E-14  3.000000000000025E+00  1.129225239310454E+00 -6.952935213288721E+00 -5.823709973978267E+00  1.074533761866426E+18 -6.616185478913698E+18
  0.000000000000000E+00  2.204399131531662E+00  7.026859182618246E-02  1.524296252815122E-01  4.393733305885029E+00  1.464577768628322E+00  1.464577768628322E+00  4.393733305884968E+00  6.039613253960852E-14  3.000000000000042E+00  1.058211835919543E+01  8.607654768626064E-01  1.144288383605804E+01  1.008012355528437E+19  8.199324619497107E+17
  0.000000000000000E+00  2.204517294432227E+00  7.349534795698198E-02  1.580681583376013E-01  4.374221453576008E+00  1.458073817858643E+00  1.458073817858643E+00  4.374221453575928E+00  7.993605777301127E-14  3.000000000000055E+00  2.919621854940491E+01  7.988505112830448E+00  3.718472366223536E+01  2.769202510069932E+19  7.576936161346640E+18
  0.000000000000000E+00  2.204635457332792E+00  7.672210408778149E-02  1.636941821598694E-01  4.325174271851861E+00  1.441724757283929E+00  1.441724757283929E+00  4.325174271851788E+00  7.283063041541027E-14  3.000000000000051E+00  4.685434443855664E+01  1.443017325664905E+01  6.128451769520568E+01  4.401986597042947E+19  1.355721225639530E+19
  0.000000000000000E+00  2.204754280110371E+00  7.996687993707133E-02  1.693386935444140E-01  4.280090421657478E+00  1.426696807219143E+00  1.426696807219143E+00  4.280090421657429E+00  4.884981308350689E-14  3.000000000000034E+00  4.933873004305261E+01  6.644854240808274E+00  5.598358428386088E+01  4.594715993958983E+19  6.188083485555191E+18
  0.000000000000000E+00  2.204873102887951E+00  8.321165578636117E-02  1.749699248261992E-01  4.262824871299088E+00  1.420941623766353E+00  1.420941623766353E+00  4.262824871299060E+00  2.842170943040401E-14  3.000000000000020E+00  3.559645613114605E+01  1.720868021749083E+00  3.731732415289514E+01  3.306154213063443E+19  1.598320641602788E+18
  0.000000000000000E+00  2.204991925665531E+00  8.645643163565100E-02  1.805875669553687E-01  4.260849632018947E+00  1.420283210672977E+00  1.420283210672977E+00  4.260849632018933E+00  1.421085471520200E-14  3.000000000000010E+00  1.394107509349545E+01 -3.413226647389486E-01  1.359975242875650E+01  1.298206922029836E+19 -3.178430953409860E+17
  0.000000000000000E+00  2.205110748443111E+00  8.970120748494083E-02  1.861913158022243E-01  4.261636715059312E+00  1.420545571686434E+00  1.420545571686434E+00  4.261636715059304E+00  7.993605777301127E-15  3.000000000000006E+00  1.569477724842023E+00  4.587449171337229E-01  2.028222641975746E+00  1.471619009263546E+18  4.301416514369258E+17
  0.000000000000000E+00  2.205221996894009E+00  9.296103322049365E-02  1.918094982432474E-01  4.251637630024772E+00  1.417212543341609E+00  1.417212543341609E+00  4.251637630024827E+00 -5.506706202140776E-14  2.999999999999961E+00  1.197672804489360E+00  3.428655476637956E+00  4.626328281127316E+00  1.132072692004589E+18  3.240857787573061E+18
  0.000000000000000E+00  2.205309746656186E+00  9.622174396571027E-02  1.974228631884216E-01  4.237302605829695E+00  1.412434201943297E+00  1.412434201943297E+00  4.237302605829893E+00 -1.980637875931279E-13  2.999999999999860E+00  5.056284982352806E-01  2.431276130601279E+00  2.936904628836560E+00  4.814068720753562E+17  2.314808285666698E+18
  0.000000000000000E+00  2.205363064548511E+00  9.948298792449414E-02  2.030350291886028E-01  4.236074834773468E+00  1.412024944924604E+00  1.412024944924604E+00  4.236074834773811E+00 -3.437250484239485E-13  2.999999999999756E+00  5.259965900758524E-02 -2.534293733992144E+00 -2.481694074984559E+00  5.044461369282924E+16 -2.430461923278929E+18
  0.000000000000000E+00  2.205371017389855E+00  1.027444133007488E-01  2.086500211556880E-01  4.265397509155475E+00  1.421799169718633E+00  1.421799169718633E+00  4.265397509155898E+00 -4.227729277772596E-13  2.999999999999702E+00  3.233880864925688E-03 -1.146868984178523E+01 -1.146545596092031E+01  3.126517147052812E+15 -1.108793333529184E+19
  0.000000000000000E+00  2.205352579125405E+00  1.060172052406069E-01  2.142808997095876E-01  4.292126124372825E+00  1.430708708124390E+00  1.430708708124390E+00  4.292126124373172E+00 -3.463895836830488E-13  2.999999999999758E+00  1.236574530508102E+00 -8.302873888369422E-01  4.062871416711599E-01  1.202493642945666E+18 -8.074040684665692E+17
  0.000000000000000E+00  2.205334140860955E+00  1.092899971804649E-01  2.198983838761311E-01  4.274309566321653E+00  1.424769855440601E+00  1.424769855440601E+00  4.274309566321802E+00 -1.492139745096210E-13  2.999999999999895E+00  1.106964757967362E+01  8.728472929247610E+00  1.979812050892123E+01  1.076732349525180E+19  8.490088864376303E+18
  0.000000000000000E+00  2.205315702596505E+00  1.125627891203230E-01  2.255021681428022E-01  4.216709432367425E+00  1.405569810789125E+00  1.405569810789125E+00  4.216709432367377E+00  4.796163466380676E-14  3.000000000000034E+00  3.034192325484427E+01  1.720761818788565E+01  4.754954144272993E+01  2.937038585543905E+19  1.665663648234900E+19
  0.000000000000000E+00  2.205297264332055E+00  1.158355810601811E-01  2.310919519267262E-01  4.124087319875614E+00  1.374695773291827E+00  1.374695773291827E+00  4.124087319875482E+00  1.323385845353187E-13  3.000000000000096E+00  4.885300727863854E+01  2.460717546249425E+01  7.346018274113280E+01  4.683756270591466E+19  2.359199950918842E+19
  0.000000000000000E+00  2.205278686882438E+00  1.191330783672947E-01  2.367094722929949E-01  4.014986580449151E+00  1.338328860149490E+00  1.338328860149490E+00  4.014986580448470E+00  6.812328479099961E-13  3.000000000000509E+00  6.064090472483011E+01  2.442248489347508E+01  8.506338961830519E+01  5.751702776750005E+19  2.316437639153795E+19
  0.000000000000000E+00  2.205260109432820E+00  1.224305756744082E-01  2.423121828232267E-01  3.907578302665184E+00  1.302526100887758E+00  1.302526100887758E+00  3.907578302663276E+00  1.907807245515869E-12  3.000000000001465E+00  7.195189179648504E+01  2.384516639215013E+01  9.579705818863518E+01  6.764396176060451E+19  2.241749985070791E+19
  0.000000000000000E+00  2.205241531983203E+00  1.257280729815218E-01  2.478997916729179E-01  3.803607543732275E+00  1.267869181243046E+00  1.267869181243046E+00  3.803607543729138E+00  3.136602089170992E-12  3.000000000002474E+00  8.283569317264246E+01  2.287522988127196E+01  1.057109230539144E+02  7.728370147406311E+19  2.134203710482930E+19
  0.000000000000000E+00  2.205222954533585E+00  1.290255702886354E-01  2.534720123402883E-01  3.704819360858991E+00  1.234939786951764E+00  1.234939786951764E+00  3.704819360855294E+00  3.697042672001771E-12  3.000000000002994E+00  9.322292134876744E+01  2.151268528359289E+01  1.147356066323603E+02  8.635569964062441E+19  1.992796365888389E+19
  0.000000000000000E+00  2.205170920683439E+00  1.323349151027560E-01  2.590633665676951E-01  3.641842293809959E+00  1.213947431268946E+00  1.213947431268946E+00  3.641842293806840E+00  3.119726699196690E-12  3.000000000002570E+00  3.891024829597996E+01  7.771521904269310E+00  4.668177020024927E+01  3.580146699905135E+19  7.150606772582535E+18
  0.000000000000000E+00  2.205065211144168E+00  1.356433007041895E-01  2.646620059139513E-01  3.626096272411211E+00  1.208698757469786E+00  1.208698757469786E+00  3.626096272409360E+00  1.850519737445211E-12  3.000000000001531E+00  6.313105344268648E+00  3.386737643743559E-01  6.651779108643003E+00  5.772631935080293E+18  3.096794495241788E+17
  0.000000000000000E+00  2.204925472858845E+00  1.389507944103001E-01  2.702600865289146E-01  3.629439165113876E+00  1.209813055037765E+00  1.209813055037765E+00  3.629439165113295E+00  5.813127756937320E-13  3.000000000000481E+00 -5.878428783361428E+00 -7.857792990460064E-01 -6.664208082407435E+00 -5.341944682182303E+18 -7.140665818371059E+17
  0.000000000000000E+00  2.204771352770540E+00  1.422574635384518E-01  2.758490679141357E-01  3.623728840369090E+00  1.207909613456362E+00  1.207909613456362E+00  3.623728840369085E+00  4.440892098500626E-15  3.000000000000004E+00  1.487366895150720E+00  4.396449567717603E+00  5.883816462868324E+00  1.342638674296300E+18  3.968653086508791E+18
  0.000000000000000E+00  2.204615592269036E+00  1.455850742524203E-01  2.814590833047937E-01  3.617059731038469E+00  1.205686577012810E+00  1.205686577012810E+00  3.617059731038432E+00  3.730349362740526E-14  3.000000000000031E+00  1.088523757451790E+01 -1.244205655139631E+00  9.641031919378273E+00  9.776544187697945E+18 -1.117479658370709E+18
  0.000000000000000E+00  2.204459831767530E+00  1.489126849663888E-01  2.870540896810676E-01  3.633269067242006E+00  1.211089689080632E+00  1.211089689080632E+00  3.633269067241896E+00  1.096900348329655E-13  3.000000000000090E+00  1.200113567978442E+01 -5.791432071007699E+00  6.209703608776720E+00  1.076792670866280E+19 -5.196317893802061E+18
  0.000000000000000E+00  2.204304071266026E+00  1.522402956803574E-01  2.926337983250111E-01  3.667449206274132E+00  1.222483068757983E+00  1.222483068757983E+00  3.667449206273949E+00  1.820765760385257E-13  3.000000000000149E+00  5.482227204312207E+00 -9.245461286117726E+00 -3.763234081805519E+00  4.932919382519713E+18 -8.319085196387362E+18
  0.000000000000000E+00  2.204148310764521E+00  1.555679063943259E-01  2.981979259050556E-01  3.714692505429278E+00  1.238230835143021E+00  1.238230835143021E+00  3.714692505429062E+00  2.153832667772804E-13  3.000000000000174E+00  3.256987470709053E-01 -1.160652490670068E+01 -1.128082615962978E+01  2.949683100012560E+17 -1.051142218846691E+19
  0.000000000000000E+00  2.204007031283696E+00  1.589254449536177E-01  3.037878523687941E-01  3.737010856087056E+00  1.245670285362281E+00  1.245670285362281E+00  3.737010856086843E+00  2.127187315181800E-13  3.000000000000171E+00  8.954514564073673E-01  2.906927776350803E-01  1.186144234042448E+00  8.169742163870234E+17  2.652165033832347E+17
  0.000000000000000E+00  2.203871056887670E+00  1.622835543577116E-01  3.093592485168035E-01  3.725325767950888E+00  1.241775255983560E+00  1.241775255983560E+00  3.725325767950680E+00  2.078337502098293E-13  3.000000000000167E+00  4.440244881344677E-01  3.401823799063791E+00  3.845848287198259E+00  4.076364551848263E+17  3.123042606140665E+18
  0.000000000000000E+00  2.203700874049547E+00  1.656393620317082E-01  3.149280024359723E-01  3.719442382301786E+00  1.239814127433861E+00  1.239814127433861E+00  3.719442382301583E+00  2.029487689014786E-13  3.000000000000164E+00 -8.594638893720161E-02 -2.269867995713416E+00 -2.355814384650618E+00 -7.937343224088518E+16 -2.096274384315964E+18
  0.000000000000000E+00  2.203456969242431E+00  1.689899954007078E-01  3.205113759157913E-01  3.759165840420760E+00  1.253055280140187E+00  1.253055280140187E+00  3.759165840420560E+00  2.002842336423782E-13  3.000000000000160E+00  1.698292709085004E-01 -1.672313296429476E+01 -1.655330369338626E+01  1.578709696767321E+17 -1.554559589747372E+19
  0.000000000000000E+00  2.203162136945842E+00  1.723472792941288E-01  3.261176784134503E-01  3.812780755897168E+00  1.270926918632331E+00  1.270926918632331E+00  3.812780755896994E+00  1.745270594710746E-13  3.000000000000137E+00 -4.118242022845370E+00 -6.875635970912525E+00 -1.099387799375789E+01 -3.845321586961346E+18 -6.419980000294067E+18
  0.000000000000000E+00  2.202867304649252E+00  1.757045631875498E-01  3.317087377540380E-01  3.821806294098872E+00  1.273935431366252E+00  1.273935431366252E+00  3.821806294098755E+00  1.172395514004165E-13  3.000000000000092E+00 -6.588410496994911E+00  2.892350122752122E+00 -3.696060374242788E+00 -6.146977548658023E+18  2.698558518101594E+18
  0.000000000000000E+00  2.202572472352662E+00  1.790618470809708E-01  3.372842679112185E-01  3.786592039008182E+00  1.262197346336041E+00  1.262197346336041E+00  3.786592039008122E+00  5.995204332975845E-14  3.000000000000048E+00  1.148861026102194E-02  1.258085618395398E+01  1.259234479421501E+01  1.065686852115428E+16  1.167003903777846E+19
  0.000000000000000E+00  2.202277640056073E+00  1.824191309743919E-01  3.428439883069049E-01  3.707487574607408E+00  1.235829191535792E+00  1.235829191535792E+00  3.707487574607375E+00  3.286260152890463E-14  3.000000000000027E+00  1.239048670080998E+01  2.218991307994807E+01  3.458039978075805E+01  1.137136387072697E+19  2.036478323933784E+19
  0.000000000000000E+00  2.201979788294866E+00  1.858107978036183E-01  3.484443137224366E-01  3.625595758372793E+00  1.208531919457589E+00  1.208531919457589E+00  3.625595758372768E+00  2.486899575160351E-14  3.000000000000020E+00  2.010637019209453E+01  1.376167826712468E+01  3.386804845921920E+01  1.826584444037842E+19  1.250194202455646E+19
  0.000000000000000E+00  2.201681936533659E+00  1.892024646328446E-01  3.540279452864688E-01  3.578137415124549E+00  1.192712471708181E+00  1.192712471708181E+00  3.578137415124545E+00  4.440892098500626E-15  3.000000000000004E+00  1.765710503593296E+01  7.201197878213721E+00  2.485830291414668E+01  1.596722253055084E+19  6.512003455491344E+18
  0.000000000000000E+00  2.201384084772452E+00  1.925941314620710E-01  3.595946109430327E-01  3.556538024619594E+00  1.185512674873203E+00  1.185512674873203E+00  3.556538024619610E+00 -1.598721155460225E-14  2.999999999999986E+00  7.631875466608886E+00  2.507714807868289E+00  1.013959027447718E+01  6.902226580425665E+18  2.267963605895480E+18
  0.000000000000000E+00  2.201086233011246E+00  1.959857982912974E-01  3.651440444923882E-01  3.552223066614847E+00  1.184074355538291E+00  1.184074355538291E+00  3.552223066614872E+00 -2.575717417130363E-14  2.999999999999978E+00  5.105239496520289E-01 -3.195280492583621E-01  1.909959003936666E-01  4.635067570100098E+17 -2.901008071931294E+17
  0.000000000000000E+00  2.200766391851301E+00  1.993971667118269E-01  3.707204678320610E-01  3.557629417799356E+00  1.185876472599862E+00  1.185876472599862E+00  3.557629417799586E+00 -2.291500322826323E-13  2.999999999999807E+00  1.088191033337275E-01 -2.142746578873413E+00 -2.033927475539685E+00  9.928134804402554E+16 -1.954939549675016E+18
  0.000000000000000E+00  2.200407550173237E+00  2.028048657535732E-01  3.762976677342630E-01  3.573218533000418E+00  1.191072844333697E+00  1.191072844333697E+00  3.573218533001092E+00 -6.741274205523951E-13  2.999999999999434E+00 -1.354699739308157E-02 -4.719269745890473E+00 -4.732816743283554E+00 -1.241125022912048E+16 -4.323617700323551E+18
  0.000000000000000E+00  2.200011537914238E+00  2.062084811258547E-01  3.818745593264826E-01  3.602480564755929E+00  1.200826854919015E+00  1.200826854919015E+00  3.602480564757046E+00 -1.117772541192608E-12  2.999999999999069E+00  4.990128658044345E-02 -8.048979853088316E+00 -7.999078566507873E+00  4.590482103801800E+16 -7.404357783421065E+18
  0.000000000000000E+00  2.199580185011487E+00  2.096075985379895E-01  3.874500040743231E-01  3.648905665603789E+00  1.216301888535035E+00  1.216301888535035E+00  3.648905665605105E+00 -1.316724507205436E-12  2.999999999998917E+00  1.323601494907515E-01 -1.213215787319868E+01 -1.199979772370792E+01  1.223246545398668E+17 -1.121230239140709E+19
  0.000000000000000E+00  2.199128746417158E+00  2.130272458900237E-01  3.930536449714270E-01  3.679828588220383E+00  1.226609529407161E+00  1.226609529407161E+00  3.679828588221485E+00 -1.102229418847855E-12  2.999999999999101E+00 -3.434482532911813E+00 -1.119612277910772E+00 -4.554094810822586E+00 -3.181940365987850E+18 -1.037285665948492E+18
  0.000000000000000E+00  2.198677307822831E+00  2.164468932420580E-01  3.986405087900943E-01  3.659190653781930E+00  1.219730217927523E+00  1.219730217927523E+00  3.659190653782571E+00 -6.408207298136404E-13  2.999999999999475E+00 -4.536909467648861E+00  9.987725379459061E+00  5.450815911810198E+00 -4.192029500960586E+18  9.228493479258823E+18
  0.000000000000000E+00  2.198225869228502E+00  2.198665405940922E-01  4.042103235789138E-01  3.586528769089260E+00  1.195509589696479E+00  1.195509589696479E+00  3.586528769089437E+00 -1.776356839400250E-13  2.999999999999852E+00  3.091610379077574E+00  2.118979392563057E+01  2.428140430470815E+01  2.834862701530400E+18  1.943005394839189E+19
  0.000000000000000E+00  2.197774430634174E+00  2.232861879461264E-01  4.097628232745690E-01  3.461379840943193E+00  1.153793280314387E+00  1.153793280314387E+00  3.461379840943160E+00  3.286260152890463E-14  3.000000000000028E+00  1.539856925811068E+01  3.248653218732329E+01  4.788510144543397E+01  1.394504946918120E+19  2.942002538292668E+19
  0.000000000000000E+00  2.197317487650615E+00  2.267475310465852E-01  4.153651255385478E-01  3.329650708184494E+00  1.109883569394822E+00  1.109883569394822E+00  3.329650708184467E+00  2.753353101070388E-14  3.000000000000025E+00  2.209940496189204E+01  2.355978893674143E+01  4.565919389863347E+01  1.977257988755743E+19  2.107920143954088E+19
  0.000000000000000E+00  2.196860544667057E+00  2.302088741470440E-01  4.209491578136265E-01  3.236436965722579E+00  1.078812321907521E+00  1.078812321907521E+00  3.236436965722563E+00  1.643130076445232E-14  3.000000000000015E+00  1.876380453199836E+01  1.616591781331566E+01  3.492972234531401E+01  1.667349111004195E+19  1.436501251578968E+19
  0.000000000000000E+00  2.196403601683498E+00  2.336702172475028E-01  4.265146628087579E-01  3.174515225102646E+00  1.058171741700880E+00  1.058171741700880E+00  3.174515225102640E+00  6.217248937900877E-15  3.000000000000006E+00  8.249307399660212E+00  1.030396462819622E+01  1.855327202785643E+01  7.311818729174089E+18  9.132975400613110E+18
  0.000000000000000E+00  2.195946658699939E+00  2.371315603479616E-01  4.320613895279815E-01  3.136662097869893E+00  1.045554032623297E+00  1.045554032623297E+00  3.136662097869892E+00  8.881784197001252E-16  3.000000000000001E+00  5.460770593738722E-01  5.972975192533496E+00  6.519052251907368E+00  4.844069842505974E+17  5.298429681950522E+18
  0.000000000000000E+00  2.195433632262883E+00  2.405962392211090E-01  4.376335013197604E-01  3.138509785472872E+00  1.046169928490956E+00  1.046169928490956E+00  3.138509785472867E+00  4.884981308350689E-15  3.000000000000004E+00  9.420865454247962E-02 -5.680857440466257E+00 -5.586648785923777E+00  8.372008209796126E+16 -5.048388108421563E+18
  0.000000000000000E+00  2.194839706047456E+00  2.440487057776196E-01  4.432262634294500E-01  3.180387490938925E+00  1.060129163646304E+00  1.060129163646304E+00  3.180387490938913E+00  1.154631945610163E-14  3.000000000000011E+00  5.154280128982888E-01 -1.090420892688278E+01 -1.038878091398449E+01  4.585734791728559E+17 -9.701414940780673E+18
  0.000000000000000E+00  2.194207216998640E+00  2.474952046152384E-01  4.488203409328395E-01  3.231835412999761E+00  1.077278470999914E+00  1.077278470999914E+00  3.231835412999742E+00  1.953992523340276E-14  3.000000000000018E+00  4.002161323752598E-01 -9.707723575546309E+00 -9.307507443171049E+00  3.562590368569572E+17 -8.641491362609293E+18
  0.000000000000000E+00  2.193578502061416E+00  2.509419803317104E-01  4.543950065775958E-01  3.262393750387089E+00  1.087464583462355E+00  1.087464583462355E+00  3.262393750387067E+00  2.264854970235319E-14  3.000000000000021E+00  9.701533364484162E-02 -2.098414563176978E+00 -2.001399229532136E+00  8.635320375217171E+16 -1.867795672320308E+18
  0.000000000000000E+00  2.192958838633225E+00  2.544300857581356E-01  4.600066539860593E-01  3.263326168288982E+00  1.087775389429647E+00  1.087775389429647E+00  3.263326168288941E+00  4.085620730620576E-14  3.000000000000038E+00  2.966037889438698E-02  1.674222546769899E+00  1.703882925664286E+00  2.638473940580724E+16  1.489324386621720E+18
  0.000000000000000E+00  2.192339175205035E+00  2.579181911845608E-01  4.655999650986266E-01  3.246653710230616E+00  1.082217903410178E+00  1.082217903410178E+00  3.246653710230533E+00  8.260059303211165E-14  3.000000000000076E+00  1.444440615863880E-03  5.233385980988705E+00  5.234830421604569E+00  1.283408423827350E+15  4.649946546347885E+18
  0.000000000000000E+00  2.191719511776845E+00  2.614062966109860E-01  4.711746813962563E-01  3.213391474877198E+00  1.071130491625691E+00  1.071130491625691E+00  3.213391474877073E+00  1.247890679678676E-13  3.000000000000117E+00  5.727885687948330E-03  8.579254946523923E+00  8.584982832211871E+00  5.079471942642378E+15  7.608057695937246E+18
  0.000000000000000E+00  2.191099848348655E+00  2.648944020374112E-01  4.767305506985078E-01  3.164554560893934E+00  1.054851520297930E+00  1.054851520297930E+00  3.164554560893791E+00  1.425526363618701E-13  3.000000000000135E+00  3.159972936535366E-02  1.171200865041992E+01  1.174360837978527E+01  2.794178892172331E+16  1.035624292144213E+19
  0.000000000000000E+00  2.190468385236512E+00  2.684153427634725E-01  4.823238847692802E-01  3.116408712909068E+00  1.038802904302986E+00  1.038802904302986E+00  3.116408712908958E+00  1.092459456231154E-13  3.000000000000105E+00 -2.349270472076195E+00  7.396117041991024E+00  5.046846569914829E+00 -2.072744956731739E+18  6.525542495171393E+18
  0.000000000000000E+00  2.189814771303239E+00  2.719324409037105E-01  4.879090160332747E-01  3.099875882417707E+00  1.033291960805888E+00  1.033291960805888E+00  3.099875882417664E+00  4.352074256530614E-14  3.000000000000042E+00 -1.195002638909583E+00 -1.317961183580886E+00 -2.512963822490469E+00 -1.055383159889985E+18 -1.163975704529957E+18
  0.000000000000000E+00  2.189123317611043E+00  2.754419710921641E-01  4.934929930851820E-01  3.136333041357136E+00  1.045444347119050E+00  1.045444347119050E+00  3.136333041357150E+00 -1.376676550535194E-14  2.999999999999987E+00  2.009989666046453E+01 -1.442979582989950E+01  5.670100830565040E+00  1.784377988764710E+19 -1.281012061713076E+19
  0.000000000000000E+00  2.188378335222135E+00  2.789402079628724E-01  4.990833816693114E-01  3.247157161664642E+00  1.082385720554887E+00  1.082385720554887E+00  3.247157161664661E+00 -1.865174681370263E-14  2.999999999999982E+00  6.643337121981571E+01 -3.193332229378567E+01  3.450004892603003E+01  5.958852146095710E+19 -2.864312657755540E+19
  0.000000000000000E+00  2.187596230461845E+00  2.824546007818373E-01  5.047073910164330E-01  3.387051364750873E+00  1.129017121583643E+00  1.129017121583643E+00  3.387051364750929E+00 -5.551115123125783E-14  2.999999999999951E+00  4.861867179621912E+01 -2.489652518886431E+01  2.372214660735481E+01  4.409356675872335E+19 -2.257932096698692E+19
  0.000000000000000E+00  2.186814125701556E+00  2.859689936008022E-01  5.103128781077269E-01  3.487055057996890E+00  1.162351685999025E+00  1.162351685999025E+00  3.487055057997074E+00 -1.834088436680759E-13  2.999999999999842E+00  2.330352663578373E+01 -1.560736195262946E+01  7.696164683154278E+00  2.127125876366922E+19 -1.424626580780449E+19
  0.000000000000000E+00  2.186032020941265E+00  2.894833864197671E-01  5.158995837853309E-01  3.536121480253426E+00  1.178707160084583E+00  1.178707160084583E+00  3.536121480253748E+00 -3.215205879314453E-13  2.999999999999727E+00  5.470036663673217E+00 -4.068254622343020E+00  1.401782041330196E+00  5.000930678714301E+18 -3.719364348105566E+18
  0.000000000000000E+00  2.185249916180976E+00  2.929977792387320E-01  5.214672553141796E-01  3.523203870371215E+00  1.174401290123867E+00  1.174401290123867E+00  3.523203870371602E+00 -3.868017017794045E-13  2.999999999999670E+00  4.688483879125516E-02  9.718374764733301E+00  9.765259603524557E+00  4.270995397025578E+16  8.852997036322808E+18
  0.000000000000000E+00  2.184456341228862E+00  2.965637134391402E-01  5.270968733296306E-01  3.465173623482768E+00  1.155057874494298E+00  1.155057874494298E+00  3.465173623482895E+00 -1.265654248072678E-13  2.999999999999890E+00 -1.498537407320050E-02  1.364417406828669E+01  1.362918869421349E+01 -1.356698717177226E+16  1.235273364879962E+19
  0.000000000000000E+00  2.183662766276748E+00  3.001296476395485E-01  5.327063907396049E-01  3.387459251822925E+00  1.129153083940823E+00  1.129153083940823E+00  3.387459251822470E+00  4.551914400963142E-13  3.000000000000403E+00  2.441146341474958E-02  1.762845628302020E+01  1.765286774643495E+01  2.196672671677938E+16  1.586301792025399E+19
  0.000000000000000E+00  2.182869191324634E+00  3.036955818399567E-01  5.382955638854097E-01  3.289755750960326E+00  1.096585250319756E+00  1.096585250319756E+00  3.289755750959268E+00  1.058708676282549E-12  3.000000000000965E+00  1.412707825605490E-01  2.167115453574922E+01  2.181242531830977E+01  1.262839689520192E+17  1.937215436159986E+19
  0.000000000000000E+00  2.182075616372520E+00  3.072615160403649E-01  5.438641559562938E-01  3.171758116463610E+00  1.057252705487410E+00  1.057252705487410E+00  3.171758116462231E+00  1.379785175004145E-12  3.000000000001305E+00  7.569759841559122E-02  2.577220195328914E+01  2.584789955170473E+01  6.714221058722124E+16  2.285941228074322E+19
  0.000000000000000E+00  2.181222457107607E+00  3.108291781963334E-01  5.494641611745402E-01  3.086030315827102E+00  1.028676771941968E+00  1.028676771941968E+00  3.086030315825903E+00  1.198596777385319E-12  3.000000000001165E+00  7.304839543507765E+00  9.303228100493053E+00  1.660806764400082E+01  6.434246224202689E+18  8.194466137410805E+18
  0.000000000000000E+00  2.180287239211385E+00  3.143769900766548E-01  5.550860144276348E-01  3.071050952274869E+00  1.023683650758059E+00  1.023683650758059E+00  3.071050952274179E+00  6.905587213168474E-13  3.000000000000675E+00  4.057561235191423E+01 -2.538770407641886E+00  3.803684194427235E+01  3.561141107414014E+19 -2.228165919599050E+18
  0.000000000000000E+00  2.179315419338287E+00  3.179158636297891E-01  5.607075615251744E-01  3.103737247801535E+00  1.034579082600458E+00  1.034579082600458E+00  3.103737247801374E+00  1.616484723854228E-13  3.000000000000156E+00  6.865895553928280E+01 -9.754638794975557E+00  5.890431674430724E+01  6.024889408552235E+19 -8.559789396515903E+18
  0.000000000000000E+00  2.178352454142743E+00  3.214567108041964E-01  5.663052071666632E-01  3.161006424401724E+00  1.053668808133935E+00  1.053668808133935E+00  3.161006424401806E+00 -8.260059303211165E-14  2.999999999999921E+00  4.701238568933089E+01 -1.235836771705950E+01  3.465401797227140E+01  4.138991290829063E+19 -1.088036175993950E+19
  0.000000000000000E+00  2.177395504763365E+00  3.250531579222989E-01  5.719527099611094E-01  3.219127030625336E+00  1.073042343541801E+00  1.073042343541801E+00  3.219127030625404E+00 -6.794564910705958E-14  2.999999999999936E+00  3.691385861696562E+01 -1.038679953369961E+01  2.652705908326601E+01  3.265414645600226E+19 -9.188204265014971E+18
  0.000000000000000E+00  2.176438555383986E+00  3.286496050404015E-01  5.775797209029682E-01  3.265105320719504E+00  1.088368440239846E+00  1.088368440239846E+00  3.265105320719538E+00 -3.375077994860476E-14  2.999999999999969E+00  2.605081620877811E+01 -7.569394065623633E+00  1.848142214315448E+01  2.314150739371362E+19 -6.724057600795509E+18
  0.000000000000000E+00  2.175481606004608E+00  3.322460521585040E-01  5.831859969363807E-01  3.294633567952456E+00  1.098211189317485E+00  1.098211189317485E+00  3.294633567952457E+00 -4.440892098500626E-16  3.000000000000000E+00  1.482983902728125E+01 -3.907269300660445E+00  1.092256972662080E+01  1.322369912330739E+19 -3.484094030327569E+18
  0.000000000000000E+00  2.174524656625230E+00  3.358424992766066E-01  5.887713020066034E-01  3.303404045592425E+00  1.101134681864136E+00  1.101134681864136E+00  3.303404045592409E+00  1.554312234475219E-14  3.000000000000014E+00  3.491361824694649E+00  5.984567733608801E-01  4.089818598055529E+00  3.124288425810005E+18  5.355364652079638E+17
  0.000000000000000E+00  2.173536417302880E+00  3.394654135307533E-01  5.943977252091520E-01  3.306399150981383E+00  1.102133050327122E+00  1.102133050327122E+00  3.306399150981366E+00  1.687538997430238E-14  3.000000000000015E+00  2.838926048055316E+01 -1.910075306954417E+00  2.647918517359874E+01  2.548935114096794E+19 -1.714964721888543E+18
  0.000000000000000E+00  2.172505179018768E+00  3.430765734224481E-01  6.000256644300032E-01  3.324517257899182E+00  1.108172419299720E+00  1.108172419299720E+00  3.324517257899162E+00  1.998401444325282E-14  3.000000000000018E+00  5.082717059136146E+01 -5.288637727015454E+00  4.553853286434600E+01  4.577484505521852E+19 -4.762936234511945E+18
  0.000000000000000E+00  2.171434413672571E+00  3.466762825319289E-01  6.056531581280623E-01  3.362242210964724E+00  1.120747403654901E+00  1.120747403654901E+00  3.362242210964703E+00  2.131628207280301E-14  3.000000000000019E+00  7.085892185683841E+01 -9.536283024048046E+00  6.132263883279037E+01  6.399834610275367E+19 -8.612978091028380E+18
  0.000000000000000E+00  2.170327593163965E+00  3.502648444394336E-01  6.112781491736252E-01  3.424057854796914E+00  1.141352618265631E+00  1.141352618265631E+00  3.424057854796892E+00  2.220446049250313E-14  3.000000000000020E+00  8.853978775090182E+01 -1.465274927831145E+01  7.388703847259036E+01  8.018842094064393E+19 -1.327065330642819E+19
  0.000000000000000E+00  2.169192751570842E+00  3.538834902741081E-01  6.169466993533292E-01  3.495592456525645E+00  1.165197485508552E+00  1.165197485508552E+00  3.495592456525656E+00 -1.154631945610163E-14  2.999999999999990E+00  7.729891608631222E+01 -1.285163822656232E+01  6.444727785974989E+01  7.019823278897250E+19 -1.167108593011217E+19
  0.000000000000000E+00  2.168057909977719E+00  3.575021361087826E-01  6.225945235604089E-01  3.557261033971019E+00  1.185753677990369E+00  1.185753677990369E+00  3.557261033971108E+00 -8.881784197001252E-14  2.999999999999925E+00  6.580310279332548E+01 -1.084224117269184E+01  5.496086162063364E+01  5.991445504404891E+19 -9.871980860207587E+18
  0.000000000000000E+00  2.166923068384596E+00  3.611207819434570E-01  6.282213769410788E-01  3.607970903160555E+00  1.202656967720239E+00  1.202656967720239E+00  3.607970903160718E+00 -1.629807400149730E-13  2.999999999999865E+00  5.408918432386758E+01 -8.624888137201706E+00  4.546429618666587E+01  4.937144679173865E+19 -7.872612816656059E+18
  0.000000000000000E+00  2.165788226791473E+00  3.647394277781315E-01  6.338270217677374E-01  3.646629380121759E+00  1.215543126707319E+00  1.215543126707319E+00  3.646629380121956E+00 -1.971756091734278E-13  2.999999999999838E+00  4.220737919881999E+01 -6.199909140592955E+00  3.600747005822704E+01  3.861682608322478E+19 -5.672487075927410E+18
  0.000000000000000E+00  2.164646974322533E+00  3.684134968669783E-01  6.394863979994723E-01  3.652548428345140E+00  1.217516142781769E+00  1.217516142781769E+00  3.652548428345307E+00 -1.674216321134736E-13  2.999999999999862E+00  1.837956230324411E+01  2.636734093411814E+00  2.101629639665592E+01  1.685224629774343E+19  2.417625165969817E+18
  0.000000000000000E+00  2.163501766594022E+00  3.720866833607743E-01  6.451259247720169E-01  3.632691055235733E+00  1.210897018411945E+00  1.210897018411945E+00  3.632691055235836E+00 -1.025846074753645E-13  2.999999999999915E+00  2.441659005850443E+01  3.561163647158836E+00  2.797775370566326E+01  2.242967331883990E+19  3.271371516223658E+18
  0.000000000000000E+00  2.162317230045850E+00  3.757465971401491E-01  6.507633964340547E-01  3.628825139282940E+00  1.209608379760992E+00  1.209608379760992E+00  3.628825139282975E+00 -3.508304757815495E-14  2.999999999999971E+00  6.069377996555302E+01 -3.414330490988182E+00  5.727944947456483E+01  5.584902676280830E+19 -3.141788747982026E+18
  0.000000000000000E+00  2.161057991117927E+00  3.793808480857330E-01  6.564177125158164E-01  3.682718558976160E+00  1.227572852992055E+00  1.227572852992055E+00  3.682718558976167E+00 -7.105427357601002E-15  2.999999999999994E+00  1.282408965441019E+02 -1.827673019071887E+01  1.099641663533830E+02  1.181916101650780E+20 -1.684451862086665E+19
  0.000000000000000E+00  2.159742417113638E+00  3.830209907608544E-01  6.621113784556897E-01  3.777821454138972E+00  1.259273818046311E+00  1.259273818046311E+00  3.777821454138934E+00  3.774758283725532E-14  3.000000000000030E+00  1.153931067538888E+02 -1.730416164978169E+01  9.808894510410710E+01  1.065200217503812E+20 -1.597356832794296E+19
  0.000000000000000E+00  2.158428584390721E+00  3.866617626770651E-01  6.677830733616714E-01  3.865605946380373E+00  1.288535315460079E+00  1.288535315460079E+00  3.865605946380237E+00  1.363353874239692E-13  3.000000000000106E+00  1.023845422261488E+02 -1.550840039135951E+01  8.687614183478932E+01  9.466388682280316E+19 -1.433893659657762E+19
  0.000000000000000E+00  2.157116257350140E+00  3.903030777939298E-01  6.734326328973987E-01  3.941678058491445E+00  1.313892686163737E+00  1.313892686163737E+00  3.941678058491212E+00  2.322586567515827E-13  3.000000000000177E+00  8.926857387712485E+01 -1.289094738909200E+01  7.637762648803286E+01  8.266846054833819E+19 -1.193784922712802E+19
  0.000000000000000E+00  2.155805200392857E+00  3.939448500710133E-01  6.790599083082266E-01  4.001643813263270E+00  1.333881271087666E+00  1.333881271087666E+00  4.001643813263000E+00  2.700062395888381E-13  3.000000000000203E+00  7.610084826960829E+01 -9.453299797337078E+00  6.664754847227121E+01  7.058304416154796E+19 -8.767874369861209E+18
  0.000000000000000E+00  2.154470769562677E+00  3.976533264479087E-01  6.847671737266078E-01  4.047119649111333E+00  1.349039883037047E+00  1.349039883037047E+00  4.047119649111143E+00  1.900701818158268E-13  3.000000000000141E+00  6.351537630013075E+01 -7.037753008805860E+00  5.647762329132489E+01  5.899874524576903E+19 -6.537292559003963E+18
  0.000000000000000E+00  2.153136338732498E+00  4.013618028248041E-01  6.904515341491745E-01  4.075545729818657E+00  1.358515243272878E+00  1.358515243272878E+00  4.075545729818632E+00  2.486899575160351E-14  3.000000000000018E+00  5.078850010621860E+01 -3.174138379281858E+00  4.761436172693674E+01  4.724318395835595E+19 -2.952566093664378E+18
  0.000000000000000E+00  2.151801907902317E+00  4.050702792016994E-01  6.961127620658919E-01  4.079027277419424E+00  1.359675759139854E+00  1.359675759139854E+00  4.079027277419563E+00 -1.385558334732195E-13  2.999999999999898E+00  3.799917766776974E+01  2.134846171495124E+00  4.013402383926486E+01  3.539067857438570E+19  1.988297097419167E+18
  0.000000000000000E+00  2.150467477072137E+00  4.087787555785948E-01  7.017506377452071E-01  4.049669513947815E+00  1.349889837982676E+00  1.349889837982676E+00  4.049669513948027E+00 -2.122746423083299E-13  2.999999999999843E+00  2.520595757616795E+01  8.886502723785140E+00  3.409246029995309E+01  2.349979920091104E+19  8.284986951051129E+18
  0.000000000000000E+00  2.149067557989607E+00  4.124849837771720E-01  7.074270415390121E-01  4.066511739961586E+00  1.355503913320585E+00  1.355503913320585E+00  4.066511739961756E+00 -1.696420781627239E-13  2.999999999999875E+00  1.084286353099507E+02 -1.323328460473305E+01  9.519535070521762E+01  1.011831973840239E+20 -1.234900766178682E+19
  0.000000000000000E+00  2.147582893567586E+00  4.161589559573203E-01  7.131273826081648E-01  4.175024207207021E+00  1.391674735735698E+00  1.391674735735698E+00  4.175024207207093E+00 -7.194245199571014E-14  2.999999999999948E+00  1.511519033445805E+02 -2.455151704562607E+01  1.266003862989544E+02  1.411914396768256E+20 -2.293364463972102E+19
  0.000000000000000E+00  2.146061320824498E+00  4.198188096650199E-01  7.188263288546007E-01  4.316178258232956E+00  1.438726086077643E+00  1.438726086077643E+00  4.316178258232931E+00  2.486899575160351E-14  3.000000000000017E+00  1.518097614205245E+02 -2.510188179239351E+01  1.267078796281309E+02  1.419577185039634E+20 -2.347283755708871E+19
  0.000000000000000E+00  2.144550676778766E+00  4.234826824462508E-01  7.244970869421402E-01  4.430945235588228E+00  1.476981745196053E+00  1.476981745196053E+00  4.430945235588160E+00  6.838973831690964E-14  3.000000000000047E+00  1.078342811087637E+02 -1.491248576086473E+01  9.292179534789895E+01  1.009537049933080E+20 -1.396096559220159E+19
  0.000000000000000E+00  2.143034820209108E+00  4.272202524615127E-01  7.302337187653646E-01  4.505736792932276E+00  1.501912264310738E+00  1.501912264310738E+00  4.505736792932214E+00  6.217248937900877E-14  3.000000000000042E+00  9.503837546217056E+01 -1.169454404205691E+01  8.334383142011366E+01  8.908680665180045E+19 -1.096219899476694E+19
  0.000000000000000E+00  2.141518963639450E+00  4.309578224767746E-01  7.359467998040061E-01  4.560178008448029E+00  1.520059336149325E+00  1.520059336149325E+00  4.560178008447976E+00  5.240252676230739E-14  3.000000000000035E+00  8.201487586400303E+01 -7.620757741623879E+00  7.439411812237915E+01  7.697677469347786E+19 -7.152621344489910E+18
  0.000000000000000E+00  2.140003107069793E+00  4.346953924920364E-01  7.416361041545416E-01  4.589452510304446E+00  1.529817503434802E+00  1.529817503434802E+00  4.589452510304406E+00  3.996802888650564E-14  3.000000000000027E+00  6.879017203977745E+01 -2.692953902587180E+00  6.609721813719025E+01  6.464350594891051E+19 -2.530622855854677E+18
  0.000000000000000E+00  2.138487250500136E+00  4.384329625072982E-01  7.473014139461789E-01  4.588743926670498E+00  1.529581308890154E+00  1.529581308890154E+00  4.588743926670462E+00  3.552713678800501E-14  3.000000000000023E+00  5.538641892108049E+01  3.087040432031278E+00  5.847345935311177E+01  5.210592367902580E+19  2.904197387714963E+18
  0.000000000000000E+00  2.136914992082429E+00  4.421771284322138E-01  7.530074001811712E-01  4.628408606426520E+00  1.542802868808834E+00  1.542802868808834E+00  4.628408606426503E+00  1.687538997430238E-14  3.000000000000011E+00  1.246703203886703E+02 -1.589874654878076E+01  1.087715738398895E+02  1.174244829082475E+20 -1.497471159582842E+19
  0.000000000000000E+00  2.135270234578407E+00  4.458906297640756E-01  7.587305472155162E-01  4.754462937774438E+00  1.584820979258153E+00  1.584820979258153E+00  4.754462937774459E+00 -2.131628207280301E-14  2.999999999999987E+00  1.688181280986064E+02 -2.747594670092562E+01  1.413421813976807E+02  1.592318697521980E+20 -2.591573793452245E+19
  0.000000000000000E+00  2.133581960440559E+00  4.495852868559911E-01  7.644550904199039E-01  4.925221283672723E+00  1.641740427890928E+00  1.641740427890928E+00  4.925221283672784E+00 -6.128431095930864E-14  2.999999999999963E+00  1.865053829568303E+02 -3.166880960353437E+01  1.548365733532960E+02  1.762027122164310E+20 -2.991940530799651E+19
  0.000000000000000E+00  2.131879152121377E+00  4.532729200610681E-01  7.701643963584314E-01  5.098998007079851E+00  1.699666002359978E+00  1.699666002359978E+00  5.098998007079935E+00 -8.437694987151190E-14  2.999999999999950E+00  1.755475512676163E+02 -2.850329191412224E+01  1.470442593534941E+02  1.661547115706541E+20 -2.697819600790290E+19
  0.000000000000000E+00  2.130153857052067E+00  4.570149451776128E-01  7.759318818852232E-01  5.252496161792692E+00  1.750832053931024E+00  1.750832053931024E+00  5.252496161793072E+00 -3.801403636316536E-13  2.999999999999783E+00  1.635549272406020E+02 -2.485813582285629E+01  1.386967914177457E+02  1.551628254149530E+20 -2.358264990176055E+19
  0.000000000000000E+00  2.128428561982756E+00  4.607569702941575E-01  7.816756385991019E-01  5.384215002790621E+00  1.794738334263881E+00  1.794738334263881E+00  5.384215002791644E+00 -1.023181539494544E-12  2.999999999999430E+00  1.509649077999334E+02 -2.088745790465999E+01  1.300774498952734E+02  1.436294293714887E+20 -1.987252338035495E+19
  0.000000000000000E+00  2.126703266913446E+00  4.644989954107022E-01  7.873954360092564E-01  5.492247603995106E+00  1.830749201332254E+00  1.830749201332254E+00  5.492247603996764E+00 -1.657340931160434E-12  2.999999999999095E+00  1.377335203374846E+02 -1.659206402745600E+01  1.211414563100286E+02  1.314538695860343E+20 -1.583558610484990E+19
  0.000000000000000E+00  2.124977971844135E+00  4.682410205272469E-01  7.930910518140528E-01  5.574687039327616E+00  1.858229013109849E+00  1.858229013109849E+00  5.574687039329548E+00 -1.932676241267473E-12  2.999999999998959E+00  1.238453230178330E+02 -1.197276005916740E+01  1.118725629586656E+02  1.185740007875256E+20 -1.146315440979672E+19
  0.000000000000000E+00  2.123206356315131E+00  4.720079259122624E-01  7.988366329763219E-01  5.685794908151524E+00  1.895264969384337E+00  1.895264969384337E+00  5.685794908153012E+00 -1.487698852997710E-12  2.999999999999215E+00  1.710586863258949E+02 -2.577515474145635E+01  1.452835315844386E+02  1.643064694710840E+20 -2.475772944713924E+19
  0.000000000000000E+00  2.121383624279189E+00  4.757507119593375E-01  8.045870457565935E-01  5.870516810757938E+00  1.956838936919491E+00  1.956838936919491E+00  5.870516810758475E+00 -5.364597654988756E-13  2.999999999999726E+00  2.101373484319357E+02 -3.719095328746875E+01  1.729463951444669E+02  2.025994602734193E+20 -3.585686751698825E+19
  0.000000000000000E+00  2.119519228528210E+00  4.794731511425964E-01  8.103369927363877E-01  6.115085034897420E+00  2.038361678299003E+00  2.038361678299003E+00  6.115085034897008E+00  4.112266083211580E-13  3.000000000000202E+00  2.406495948635045E+02 -4.622958401527604E+01  1.944200108482285E+02  2.331207077683049E+20 -4.478325987454156E+19
  0.000000000000000E+00  2.117622621854094E+00  4.831790159361631E-01  8.160809053900656E-01  6.405731868320528E+00  2.135243956106563E+00  2.135243956106563E+00  6.405731868319689E+00  8.384404281969182E-13  3.000000000000393E+00  2.619885978810117E+02 -5.290271047515473E+01  2.090858874058570E+02  2.553749794183985E+20 -5.156723883421075E+19
  0.000000000000000E+00  2.115688549298846E+00  4.869253297045965E-01  8.218815701564479E-01  6.708222563780270E+00  2.236074187926521E+00  2.236074187926521E+00  6.708222563779564E+00  7.052136652418994E-13  3.000000000000316E+00  2.500240425619822E+02 -4.947052940712363E+01  2.005535131548586E+02  2.444537934482813E+20 -4.836838271050731E+19
  0.000000000000000E+00  2.113754476743598E+00  4.906716434730297E-01  8.276581280643349E-01  6.993983579970907E+00  2.331327859990164E+00  2.331327859990164E+00  6.993983579970495E+00  4.121147867408581E-13  3.000000000000177E+00  2.371394169293264E+02 -4.716232716908559E+01  1.899770897602409E+02  2.319346673013728E+20 -4.612720568668825E+19
  0.000000000000000E+00  2.111820404188350E+00  4.944179572414629E-01  8.334103459853800E-01  7.269641825086365E+00  2.423213941695415E+00  2.423213941695415E+00  7.269641825086245E+00  1.199040866595169E-13  3.000000000000049E+00  2.234021673807932E+02 -4.597503544212483E+01  1.774271319386683E+02  2.198167307334398E+20 -4.523717072545631E+19
  0.000000000000000E+00  2.109886331633102E+00  4.981642710098962E-01  8.391379991940127E-01  7.541824207320568E+00  2.513941402440193E+00  2.513941402440193E+00  7.541824207320580E+00 -1.243449787580175E-14  2.999999999999995E+00  2.088649762405616E+02 -4.590558590732648E+01  1.629593903332352E+02  2.096210379789545E+20 -4.607175764998888E+19
  0.000000000000000E+00  2.107912877570643E+00  5.019956533739117E-01  8.449651707222197E-01  7.798978415412997E+00  2.599659471804345E+00  2.599659471804345E+00  7.798978415413037E+00 -4.085620730620576E-14  2.999999999999984E+00  1.841698290056470E+02 -3.916136223333253E+01  1.450084667723145E+02  1.846262845703002E+20 -3.925842168007965E+19
  0.000000000000000E+00  2.105944639798967E+00  5.058297215214083E-01  8.507630686002220E-01  8.022572495548213E+00  2.674190831849434E+00  2.674190831849434E+00  8.022572495548303E+00 -9.059419880941277E-14  2.999999999999966E+00  1.619405744877014E+02 -3.478526665858125E+01  1.271553078291202E+02  1.598304687249269E+20 -3.433201032138396E+19
  0.000000000000000E+00  2.103978692440336E+00  5.096649686522264E-01  8.565331284817502E-01  8.226934677697786E+00  2.742311559232643E+00  2.742311559232643E+00  8.226934677697930E+00 -1.438849039914203E-13  2.999999999999948E+00  1.427946777950550E+02 -3.277070143075199E+01  1.100239763643030E+02  1.469049608267980E+20 -3.371399189583822E+19
  0.000000000000000E+00  2.102012109617014E+00  5.134998879662073E-01  8.622768829041451E-01  8.426393191833300E+00  2.808797730611155E+00  2.808797730611155E+00  8.426393191833466E+00 -1.669775429036235E-13  2.999999999999940E+00  1.272107145128736E+02 -3.311102660378625E+01  9.409968790908732E+01  1.526036206996131E+20 -3.972041635146741E+19
  0.000000000000000E+00  2.099998741424714E+00  5.174227794015848E-01  8.681264188307084E-01  8.623392657945567E+00  2.874464219315210E+00  2.874464219315210E+00  8.623392657945631E+00 -6.394884621840902E-14  2.999999999999978E+00  9.023275689494267E+01 -2.974095154614916E+01  6.049180534879351E+01  1.440048112374948E+20 -4.746436062474704E+19
  0.000000000000000E+00  2.097985373232413E+00  5.213456708369623E-01  8.739476463413298E-01  8.793741510881011E+00  2.931247170293616E+00  2.931247170293616E+00  8.793741510880849E+00  1.616484723854228E-13  3.000000000000055E+00  4.289804359053478E+01 -2.451526941542641E+01  1.838277417510836E+01  9.054120610593546E+19 -5.174226783093694E+19
  0.000000000000000E+00  2.095972005040113E+00  5.252685622723396E-01  8.797403787847921E-01  8.925807833577197E+00  2.975269277858933E+00  2.975269277858933E+00  8.925807833576801E+00  3.961275751862559E-13  3.000000000000134E+00  1.015045850163951E+01 -1.743934093784885E+01 -7.288882436209343E+00  2.566008844167170E+19 -4.408618889061887E+19
  0.000000000000000E+00  2.093958636847812E+00  5.291914537077171E-01  8.855044389815145E-01  9.007959708971677E+00  3.002653236323719E+00  3.002653236323719E+00  9.007959708971157E+00  5.204725539442734E-13  3.000000000000173E+00  9.271054120324061E-02 -8.518526839649878E+00 -8.425816298446637E+00  2.440420971267442E+17 -2.242333101929889E+19
  0.000000000000000E+00  2.091895441482008E+00  5.332114124314112E-01  8.913812130001614E-01  9.037190662492483E+00  3.012396887497372E+00  3.012396887497372E+00  9.037190662492117E+00  3.659295089164516E-13  3.000000000000122E+00 -3.183651394751732E+00 -5.371432061134034E-01 -3.720794600865135E+00 -7.540329596229496E+18 -1.272198589690861E+18
  0.000000000000000E+00  2.089832245085767E+00  5.372313706263387E-01  8.972275323461368E-01  9.014103477138722E+00  3.004701159046236E+00  3.004701159046236E+00  9.014103477138711E+00  1.065814103640150E-14  3.000000000000004E+00  5.650892204719907E-01  7.780190259434455E+00  8.345279479906447E+00  1.091568687108699E+18  1.502879856715954E+19
  0.000000000000000E+00  2.087769066936745E+00  5.412513381861828E-01  9.030432239207782E-01  8.936438090620205E+00  2.978812696873516E+00  2.978812696873516E+00  8.936438090620550E+00 -3.446132268436486E-13  2.999999999999884E+00  1.875924438783673E+01  1.643243211329365E+01  3.519167650113038E+01  2.762559442529932E+19  2.419903998251946E+19
  0.000000000000000E+00  2.085705926312600E+00  5.452713250046264E-01  9.088281240779518E-01  8.801934440646766E+00  2.933978146882413E+00  2.933978146882413E+00  8.801934440647239E+00 -4.725109192804666E-13  2.999999999999839E+00  4.247381550349698E+01  2.541854124082057E+01  6.789235674431755E+01  4.850585646070642E+19  2.902842841529688E+19
  0.000000000000000E+00  2.083588146905289E+00  5.493978380105852E-01  9.147341346495026E-01  8.620181680976408E+00  2.873393893658824E+00  2.873393893658824E+00  8.620181680976474E+00 -6.572520305780927E-14  2.999999999999977E+00  6.187505819356762E+01  2.949644488301470E+01  9.137150307658231E+01  6.192675282815217E+19  2.952108822048035E+19
  0.000000000000000E+00  2.081470367497979E+00  5.535243510165441E-01  9.206074364244603E-01  8.412258173059813E+00  2.804086057686359E+00  2.804086057686359E+00  8.412258173059080E+00  7.336353746723034E-13  3.000000000000262E+00  8.011656004102603E+01  3.326954713779623E+01  1.133861071788223E+02  7.814024645591846E+19  3.244885466241869E+19
  0.000000000000000E+00  2.079352588090667E+00  5.576508640225029E-01  9.264478985404293E-01  8.180127457217708E+00  2.726709152405413E+00  2.726709152405413E+00  8.180127457216241E+00  1.467270749344607E-12  3.000000000000538E+00  9.713244344546123E+01  3.673875289725419E+01  1.338711963427154E+02  9.682359221811823E+19  3.662193498841883E+19
  0.000000000000000E+00  2.077234808683356E+00  5.617773770284618E-01  9.322554005552772E-01  7.925753073770823E+00  2.641917691256379E+00  2.641917691256379E+00  7.925753073769137E+00  1.685762640590838E-12  3.000000000000638E+00  1.127850111013418E+02  3.990496705347689E+01  1.526899781548187E+02  1.124030199008132E+20  3.976981304566184E+19
  0.000000000000000E+00  2.075057134916440E+00  5.660205947549607E-01  9.381926610298914E-01  7.651760199893733E+00  2.550586733297495E+00  2.550586733297495E+00  7.651760199892486E+00  1.247002501258976E-12  3.000000000000489E+00  1.274421507676171E+02  4.032770331236547E+01  1.677698540799826E+02  1.240734414237978E+20  3.926171132976892E+19
  0.000000000000000E+00  2.072879461149523E+00  5.702638124814595E-01  9.440948455352607E-01  7.375038156128316E+00  2.458346052042590E+00  2.458346052042590E+00  7.375038156127771E+00  5.453415496958769E-13  3.000000000000222E+00  1.407362164347176E+02  4.061943524809865E+01  1.813556516828163E+02  1.360789662341265E+20  3.927525478233448E+19
  0.000000000000000E+00  2.070701787382606E+00  5.745070302079586E-01  9.499618564199117E-01  7.096476192856374E+00  2.365492064285494E+00  2.365492064285494E+00  7.096476192856484E+00 -1.101341240428155E-13  2.999999999999954E+00  1.526226446129265E+02  4.078057266923901E+01  1.934032172821655E+02  1.473761486608609E+20  3.937871575623175E+19
  0.000000000000000E+00  2.068524113615690E+00  5.787502479344575E-01  9.557936068781617E-01  6.816963560459708E+00  2.272321186820035E+00  2.272321186820035E+00  6.816963560460106E+00 -3.979039320256561E-13  2.999999999999825E+00  1.630372556142009E+02  4.081152538434915E+01  2.038487809985500E+02  1.563044383997023E+20  3.912616494557986E+19
  0.000000000000000E+00  2.066280829704882E+00  5.831212762056029E-01  9.617640845246267E-01  6.532520628227854E+00  2.177506876076108E+00  2.177506876076108E+00  6.532520628228324E+00 -4.707345624410664E-13  2.999999999999784E+00  1.722520279675566E+02  3.972219881734858E+01  2.119742267849052E+02  1.632566107520411E+20  3.764780959072649E+19
  0.000000000000000E+00  2.064037522534369E+00  5.874922925394707E-01  9.676970100653175E-01  6.255579057191549E+00  2.085193019064054E+00  2.085193019064054E+00  6.255579057192163E+00 -6.137312880127865E-13  2.999999999999706E+00  1.800835069507686E+02  3.860248967935260E+01  2.186859966301211E+02  1.694693403953372E+20  3.632724936529662E+19
  0.000000000000000E+00  2.061794195523249E+00  5.918632986906572E-01  9.735923211477869E-01  5.986369856489366E+00  1.995456618830030E+00  1.995456618830029E+00  5.986369856490088E+00 -7.220890552162018E-13  2.999999999999638E+00  1.865619921294000E+02  3.745250453093034E+01  2.240144966603304E+02  1.746593758089063E+20  3.506304252645078E+19
  0.000000000000000E+00  2.059550852090622E+00  5.962342964137588E-01  9.794499665489392E-01  5.725124035259876E+00  1.908374678420189E+00  1.908374678420189E+00  5.725124035260567E+00 -6.910028105266974E-13  2.999999999999638E+00  1.917185524499578E+02  3.627234992717067E+01  2.279909023771285E+02  1.784609921557185E+20  3.376407485400720E+19
  0.000000000000000E+00  2.057235648528488E+00  6.007452906073610E-01  9.854556865580509E-01  5.465445252683259E+00  1.821815084227916E+00  1.821815084227916E+00  5.465445252683750E+00 -4.920508445138694E-13  2.999999999999730E+00  1.958221663566587E+02  3.465858482339289E+01  2.304807511800516E+02  1.811590996264834E+20  3.206336717518628E+19
  0.000000000000000E+00  2.054920444966355E+00  6.052562848009633E-01  9.914212063991433E-01  5.217384718087399E+00  1.739128239362544E+00  1.739128239362544E+00  5.217384718087634E+00 -2.344791028008331E-13  2.999999999999865E+00  1.989293545052339E+02  3.302249112316050E+01  2.319518456283944E+02  1.831656677970375E+20  3.040570183289010E+19
  0.000000000000000E+00  2.052605241404220E+00  6.097672789945655E-01  9.973465080191635E-01  4.981132156175657E+00  1.660377385391889E+00  1.660377385391889E+00  4.981132156175668E+00 -1.065814103640150E-14  2.999999999999993E+00  2.012312755516971E+02  3.136415626366739E+01  2.325954318153645E+02  1.845768189402299E+20  2.876837199396855E+19
  0.000000000000000E+00  2.050290037842087E+00  6.142782731881677E-01  1.003231584903460E+00  4.756877291651387E+00  1.585625763883768E+00  1.585625763883768E+00  4.756877291651305E+00  8.171241461241152E-14  3.000000000000052E+00  2.029363799518715E+02  2.968366768210897E+01  2.326200476339805E+02  1.854915447391531E+20  2.713199759049554E+19
  0.000000000000000E+00  2.047896099224935E+00  6.189426671907815E-01  1.009274499053639E+00  4.538294601065845E+00  1.512764867022338E+00  1.512764867022338E+00  4.538294601067014E+00 -1.169730978745065E-12  2.999999999999226E+00  2.043674425949787E+02  2.782158516471448E+01  2.321890277596932E+02  1.861747175286416E+20  2.534491645768154E+19
  0.000000000000000E+00  2.045502160183974E+00  6.236070609759061E-01  1.015274429143318E+00  4.333154731736926E+00  1.444384910580288E+00  1.444384910580288E+00  4.333154731740865E+00 -3.939959469789756E-12  2.999999999997272E+00  2.056475668751166E+02  2.608528919615868E+01  2.317328560712753E+02  1.868010295801867E+20  2.369470717685873E+19
  0.000000000000000E+00  2.043108231449144E+00  6.282714600504481E-01  1.021231396488069E+00  4.140531945675887E+00  1.380177315227545E+00  1.380177315227545E+00  4.140531945682635E+00 -6.748379632881552E-12  2.999999999995111E+00  2.068049603479253E+02  2.447435326615805E+01  2.312793136140833E+02  1.873688391255737E+20  2.217418359847012E+19
  0.000000000000000E+00  2.040714323750383E+00  6.329358699213136E-01  1.027145433973438E+00  3.959500504893983E+00  1.319833501634037E+00  1.319833501634037E+00  3.959500504902111E+00 -8.128164807885696E-12  2.999999999993842E+00  2.078442311463347E+02  2.298835083331820E+01  2.308325819796530E+02  1.878539666962021E+20  2.077735267428384E+19
  0.000000000000000E+00  2.038234122699834E+00  6.377684540359434E-01  1.033227473969847E+00  3.783057440016209E+00  1.261019146674354E+00  1.261019146674354E+00  3.783057440023062E+00 -6.853184686406166E-12  2.999999999994565E+00  2.086935162708591E+02  2.160159931008919E+01  2.302951155809483E+02  1.881639330865581E+20  1.947660837661504E+19
  0.000000000000000E+00  2.035753921649284E+00  6.426010381505732E-01  1.039263578077255E+00  3.617086626699336E+00  1.205695542234390E+00  1.205695542234390E+00  3.617086626703172E+00 -3.835154416265141E-12  2.999999999996819E+00  2.092630952196375E+02  2.029157203643786E+01  2.295546672560754E+02  1.882379838175758E+20  1.825283433096101E+19
  0.000000000000000E+00  2.033273720598733E+00  6.474336222652028E-01  1.045253829873857E+00  3.461005805348207E+00  1.153668601783007E+00  1.153668601783007E+00  3.461005805349021E+00 -8.144596108650148E-13  2.999999999999294E+00  2.095544745614923E+02  1.905800067477918E+01  2.286124752362715E+02  1.880712614138918E+20  1.710420278275062E+19
  0.000000000000000E+00  2.030793519548184E+00  6.522662063798327E-01  1.051198324835283E+00  3.314232716367666E+00  1.104744238789065E+00  1.104744238789065E+00  3.314232716367197E+00  4.685141163918161E-13  3.000000000000424E+00  2.095580817738387E+02  1.790061688752821E+01  2.274586986613669E+02  1.876488183308344E+20  1.602911029679501E+19
  0.000000000000000E+00  2.028218652978087E+00  6.572832429145046E-01  1.057321417014606E+00  3.171241957036471E+00  1.057080652345391E+00  1.057080652345391E+00  3.171241957036174E+00  2.966515921798418E-13  3.000000000000281E+00  2.093316361066850E+02  1.673979219087960E+01  2.260714282975646E+02  1.869992503532102E+20  1.495392024341532E+19
  0.000000000000000E+00  2.025643786407992E+00  6.623002794491766E-01  1.063395440409855E+00  3.037347089303459E+00  1.012449029767772E+00  1.012449029767772E+00  3.037347089303315E+00  1.434408147815702E-13  3.000000000000142E+00  2.089465214387401E+02  1.565672030632785E+01  2.246032417450679E+02  1.861987781394890E+20  1.395219298524997E+19
  0.000000000000000E+00  2.023068919837895E+00  6.673173159838485E-01  1.069420539685481E+00  2.911928649833421E+00  9.706428832777955E-01  9.706428832777952E-01  2.911928649833386E+00  3.508304757815495E-14  3.000000000000036E+00  2.083771556340261E+02  1.465111575073601E+01  2.230282713847621E+02  1.852225564283421E+20  1.302310277545484E+19
  0.000000000000000E+00  2.020494053267799E+00  6.723343525185204E-01  1.075396871393120E+00  2.794367175291145E+00  9.314557250970508E-01  9.314557250970508E-01  2.794367175291153E+00 -7.105427357601002E-15  2.999999999999992E+00  2.075880929959966E+02  1.372269304096798E+01  2.213107860369645E+02  1.840373248090113E+20  1.216586018969637E+19
  0.000000000000000E+00  2.017815227870737E+00  6.775539316420658E-01  1.081562903758530E+00  2.679909478756390E+00  8.933031595854568E-01  8.933031595854568E-01  2.679909478756371E+00  1.909583602355269E-14  3.000000000000022E+00  2.065545821615892E+02  1.280473436150964E+01  2.193593165230988E+02  1.826011725174328E+20  1.131981427725850E+19
  0.000000000000000E+00  2.015136392146683E+00  6.827735054655241E-01  1.087676543520116E+00  2.572689084401103E+00  8.575630281336751E-01  8.575630281336751E-01  2.572689084401026E+00  7.682743330406083E-14  3.000000000000090E+00  2.053522751067348E+02  1.201363042438853E+01  2.173659055311233E+02  1.810026331421774E+20  1.058911443411606E+19
  0.000000000000000E+00  2.012457551946961E+00  6.879930769919498E-01  1.093737999907888E+00  2.471628919212801E+00  8.238763064042220E-01  8.238763064042220E-01  2.471628919212666E+00  1.345590305845690E-13  3.000000000000163E+00  2.039538253050781E+02  1.134888489622112E+01  2.153027102012992E+02  1.792186689587548E+20  9.972512367563928E+18
  0.000000000000000E+00  2.009778713122893E+00  6.932126492243966E-01  1.099747493766580E+00  2.375651910179001E+00  7.918839700596132E-01  7.918839700596132E-01  2.375651910178840E+00  1.607602939657227E-13  3.000000000000203E+00  2.023258422094257E+02  1.081000143364368E+01  2.131358436430694E+02  1.772213671515954E+20  9.468702623751092E+18
  0.000000000000000E+00  2.007031734156196E+00  6.985377887925843E-01  1.105840858586812E+00  2.290027809409891E+00  7.633426031365858E-01  7.633426031365858E-01  2.290027809409757E+00  1.341149413747189E-13  3.000000000000176E+00  1.911109859677327E+02  8.393642282816375E+00  1.995046282505491E+02  1.668398814789787E+20  7.327649305720559E+18
  0.000000000000000E+00  2.004231439448595E+00  7.038362436245326E-01  1.111925474665195E+00  2.228632899170723E+00  7.428776330568816E-01  7.428776330568816E-01  2.228632899170645E+00  7.771561172376096E-14  3.000000000000105E+00  1.673279343168475E+02  5.323019191583831E+00  1.726509535084313E+02  1.455764201510878E+20  4.631062239966287E+18
  0.000000000000000E+00  2.001333608122073E+00  7.090799443608276E-01  1.118036220214252E+00  2.197394039656696E+00  7.324646798855555E-01  7.324646798855555E-01  2.197394039656667E+00  2.886579864025407E-14  3.000000000000040E+00  1.314970880324461E+02  1.594495471271681E+00  1.330915835037177E+02  1.139896000243409E+20  1.382204760047878E+18
  0.000000000000000E+00  1.998294019298618E+00  7.142408216420556E-01  1.124208728007872E+00  2.202238091063008E+00  7.340793636876619E-01  7.340793636876619E-01  2.202238091062986E+00  2.176037128265307E-14  3.000000000000030E+00  8.340980416556788E+01 -2.790356041778166E+00  8.061944812378971E+01  7.202271562065058E+19 -2.409417234434826E+18
  0.000000000000000E+00  1.995160434402388E+00  7.193646282460924E-01  1.130415682846347E+00  2.209682477682546E+00  7.365608258941717E-01  7.365608258941717E-01  2.209682477682516E+00  3.019806626980426E-14  3.000000000000041E+00  8.690503560258632E+01  8.776995478570647E-01  8.778273515044339E+01  7.471311163460305E+19  7.545669114107576E+17
  0.000000000000000E+00  1.992026849506158E+00  7.244884348501293E-01  1.136572397267395E+00  2.190902950068863E+00  7.303009833562805E-01  7.303009833562805E-01  2.190902950068842E+00  2.087219286295294E-14  3.000000000000029E+00  8.973753961004215E+01  3.070870206233393E+00  9.280840981627554E+01  7.677151965224313E+19  2.627165547571492E+18
  0.000000000000000E+00  1.988893264609929E+00  7.296122414541660E-01  1.142679017703500E+00  2.159013776459176E+00  7.196712588197228E-01  7.196712588197228E-01  2.159013776459169E+00  7.105427357601002E-15  3.000000000000010E+00  9.204187544735099E+01  3.796061886819126E+00  9.583793733417012E+01  7.832362004968959E+19  3.230283036533737E+18
  0.000000000000000E+00  1.985759679713699E+00  7.347360480582029E-01  1.148735703158271E+00  2.127129225090708E+00  7.090430750302329E-01  7.090430750302329E-01  2.127129225090699E+00  8.881784197001252E-15  3.000000000000012E+00  9.398128075975858E+01  3.060180543082310E+00  9.704146130284089E+01  7.951887650760920E+19  2.589261571337792E+18
  0.000000000000000E+00  1.982498468826964E+00  7.400685417423498E-01  1.154986226311520E+00  2.100929257832033E+00  7.003097526106729E-01  7.003097526106729E-01  2.100929257832019E+00  1.465494392505207E-14  3.000000000000020E+00  9.579304835194291E+01  2.530015069452489E+00  9.832306342139540E+01  8.054198732118050E+19  2.127215337146173E+18
  0.000000000000000E+00  1.979237264945704E+00  7.454010397108777E-01  1.161183049864131E+00  2.079826627365688E+00  6.932755424552274E-01  6.932755424552274E-01  2.079826627365683E+00  5.773159728050814E-15  3.000000000000009E+00  9.744969869300091E+01  1.964077430841421E+00  9.941377612384233E+01  8.138592679304587E+19  1.640315610476220E+18
  0.000000000000000E+00  1.975976075259007E+00  7.507335463603224E-01  1.167326386967752E+00  2.064173341863714E+00  6.880577806212399E-01  6.880577806212398E-01  2.064173341863720E+00 -5.773159728050814E-15  2.999999999999992E+00  9.895542627357609E+01  1.362552992707438E+00  1.003179792662835E+02  8.205598160817650E+19  1.129858437481388E+18
  0.000000000000000E+00  1.972714906955964E+00  7.560660660872200E-01  1.173416463063697E+00  2.054321409498149E+00  6.847738031660534E-01  6.847738031660534E-01  2.054321409498161E+00 -1.110223024625157E-14  2.999999999999984E+00  1.003117278430021E+02  7.256271104745342E-01  1.010373549534766E+02  8.255544278619467E+19  5.971830880697087E+17
  0.000000000000000E+00  1.969313365819946E+00  7.616281480003421E-01  1.179712225062210E+00  2.047365205716886E+00  6.824550685722937E-01  6.824550685722937E-01  2.047365205716881E+00  4.440892098500626E-15  3.000000000000007E+00  1.015301332214892E+02  6.824500433168759E-01  1.022125832648061E+02  8.286648744461214E+19  5.569995443886942E+17
  0.000000000000000E+00  1.965911824683928E+00  7.671902299134643E-01  1.185950614508311E+00  2.041027849803277E+00  6.803426166010802E-01  6.803426166010802E-01  2.041027849803241E+00  3.641531520770513E-14  3.000000000000053E+00  1.025269412119026E+02  5.975642398382115E-01  1.031245054517408E+02  8.294945802871141E+19  4.834595594681034E+17
  0.000000000000000E+00  1.962510283547910E+00  7.727523118265865E-01  1.192131933128160E+00  2.035721907765506E+00  6.785739692551459E-01  6.785739692551459E-01  2.035721907765438E+00  6.794564910705958E-14  3.000000000000100E+00  1.032949445171786E+02  4.711869528809819E-01  1.037661314700596E+02  8.280336417298635E+19  3.777132078954272E+17
  0.000000000000000E+00  1.959108742411892E+00  7.783143937397087E-01  1.198256494597917E+00  2.031859945611753E+00  6.772866485372236E-01  6.772866485372236E-01  2.031859945611671E+00  8.171241461241152E-14  3.000000000000121E+00  1.038259028251208E+02  3.035354352875748E-01  1.041294382604084E+02  8.242705576679753E+19  2.409758217445001E+17
  0.000000000000000E+00  1.955552566169200E+00  7.841293154371898E-01  1.204599141362631E+00  2.028895317174319E+00  6.762984390580823E-01  6.762984390580823E-01  2.028895317174247E+00  7.194245199571014E-14  3.000000000000106E+00  1.041440150190810E+02  2.675500448888312E-01  1.044115650639698E+02  8.180634037680713E+19  2.101636856999956E+17
  0.000000000000000E+00  1.951996376166242E+00  7.899442287194404E-01  1.210880504132867E+00  2.026353248113458E+00  6.754510827044693E-01  6.754510827044693E-01  2.026353248113408E+00  4.929390229335695E-14  3.000000000000073E+00  1.042388191485371E+02  2.210071196653966E-01  1.044598262682025E+02  8.097432775780930E+19  1.716817505299450E+17
  0.000000000000000E+00  1.948440170684634E+00  7.957591325354703E-01  1.217100980204863E+00  2.024344651950237E+00  6.747815506500701E-01  6.747815506500701E-01  2.024344651950210E+00  2.708944180085382E-14  3.000000000000040E+00  1.040947339353361E+02  1.639650666476893E-01  1.042586990019838E+02  7.992610880830297E+19  1.258957995491374E+17
  0.000000000000000E+00  1.944883948005990E+00  8.015740258342886E-01  1.223260978094741E+00  2.022980442205728E+00  6.743268140685702E-01  6.743268140685702E-01  2.022980442205711E+00  1.687538997430238E-14  3.000000000000024E+00  1.036956571449242E+02  9.648229355577116E-02  1.037921394384799E+02  7.865735661862293E+19  7.318572812545638E+16
  0.000000000000000E+00  1.941157038693898E+00  8.076679927055611E-01  1.229652164560400E+00  2.022135856310159E+00  6.740452854367142E-01  6.740452854367142E-01  2.022135856310142E+00  1.643130076445232E-14  3.000000000000024E+00  1.030289361164129E+02  5.817115507386536E-02  1.030871072714867E+02  7.711797011503976E+19  4.354156771525714E+16
  0.000000000000000E+00  1.937430129381805E+00  8.137619595768339E-01  1.235977863106617E+00  2.021707166022823E+00  6.739023886742694E-01  6.739023886742694E-01  2.021707166022809E+00  1.465494392505207E-14  3.000000000000021E+00  1.021319421389852E+02  2.021110546058071E-02  1.021521532444458E+02  7.539021343366285E+19  1.491912835976338E+16
  0.000000000000000E+00  1.933703220069713E+00  8.198559264481066E-01  1.242238576634657E+00  2.021692128196317E+00  6.738973760654344E-01  6.738973760654344E-01  2.021692128196304E+00  1.376676550535194E-14  3.000000000000020E+00  1.009946681600168E+02 -1.739903652202634E-02  1.009772691234948E+02  7.347672169365946E+19 -1.265833323241579E+16
  0.000000000000000E+00  1.929976310757621E+00  8.259498933193792E-01  1.248434818144955E+00  2.022088499683236E+00  6.740294998944074E-01  6.740294998944074E-01  2.022088499683222E+00  1.332267629550188E-14  3.000000000000020E+00  9.960714981679136E+01 -5.466045211195979E-02  9.955248936467940E+01  7.138092192004698E+19 -3.917101805939370E+16
  0.000000000000000E+00  1.926060561686961E+00  8.323527010826923E-01  1.254876158368622E+00  2.023731076328227E+00  6.745770254427070E-01  6.745770254427070E-01  2.023731076328121E+00  1.052491427344648E-13  3.000000000000156E+00  9.794720002606552E+01 -2.125754938675063E-01  9.773462453219800E+01  6.903716445812158E+19 -1.498318412980872E+17
  0.000000000000000E+00  1.922144857202016E+00  8.387555361131228E-01  1.261247480856343E+00  2.026630134662282E+00  6.755433782206580E-01  6.755433782206580E-01  2.026630134661974E+00  3.073097332162433E-13  3.000000000000455E+00  9.609833127433598E+01 -2.709659149611435E-01  9.582736535937484E+01  6.656735722284043E+19 -1.876982109599788E+17
  0.000000000000000E+00  1.918229178635873E+00  8.451583869945200E-01  1.267549426713603E+00  2.029638072979928E+00  6.765460243264725E-01  6.765460243264726E-01  2.029638072979418E+00  5.093703236980218E-13  3.000000000000753E+00  9.401158755875024E+01 -2.304360312672908E-01  9.378115152748293E+01  6.395004767153718E+19 -1.567508385662983E+17
  0.000000000000000E+00  1.914313507321618E+00  8.515612423107337E-01  1.273782645685909E+00  2.031607289575691E+00  6.772024298583628E-01  6.772024298583628E-01  2.031607289575089E+00  6.021849685566849E-13  3.000000000000889E+00  9.164103972022879E+01 -9.159015028480509E-02  9.154944956994399E+01  6.116842231945505E+19 -6.113445471621638E+16
  0.000000000000000E+00  1.910199358811813E+00  8.582765899196575E-01  1.280254693814309E+00  2.035504632189919E+00  6.785015440631356E-01  6.785015440631356E-01  2.035504632189407E+00  5.115907697472721E-13  3.000000000000754E+00  8.708458821400167E+01 -4.763614744643520E-01  8.660822673953732E+01  5.693791394755448E+19 -3.114561278550151E+17
  0.000000000000000E+00  1.906073118142756E+00  8.649845333968653E-01  1.286662940222402E+00  2.041607760459561E+00  6.805359201530830E-01  6.805359201530830E-01  2.041607760459249E+00  3.117506253147440E-13  3.000000000000458E+00  8.208956467354203E+01 -4.504193419637613E-01  8.163914533157828E+01  5.251994703442122E+19 -2.881730470528378E+17
  0.000000000000000E+00  1.901932761924850E+00  8.716837625729376E-01  1.293009895814728E+00  2.044893196698731E+00  6.816310655662060E-01  6.816310655662060E-01  2.044893196698618E+00  1.127986593019159E-13  3.000000000000165E+00  7.651656935275990E+01 -1.642062528337157E-02  7.650014872747653E+01  4.783700107876455E+19 -1.026592640050585E+16
  0.000000000000000E+00  1.897776266768500E+00  8.783729672784547E-01  1.299298077450877E+00  2.040337463221543E+00  6.801124877405070E-01  6.801124877405070E-01  2.040337463221522E+00  2.176037128265307E-14  3.000000000000032E+00  7.026317427548270E+01  8.229624517257229E-01  7.108613672720843E+01  4.284811480446147E+19  5.018616078039781E+17
  0.000000000000000E+00  1.893270099868459E+00  8.860766256679068E-01  1.306160713412779E+00  2.038161259867572E+00  6.793870866224231E-01  6.793870866224231E-01  2.038161259867270E+00  3.024247519078926E-13  3.000000000000445E+00  1.029717589641728E+02 -4.093833596575028E-01  1.025623756045153E+02  6.104073588729273E+19 -2.426787867360865E+17
  0.000000000000000E+00  1.889077638784320E+00  8.939619225028704E-01  1.312658607973052E+00  2.048972293292815E+00  6.829907644306317E-01  6.829907644306317E-01  2.048972293291895E+00  9.201528428093297E-13  3.000000000001347E+00  7.784798351508830E+01 -1.028914947831723E+00  7.681906856725656E+01  4.495484512368079E+19 -5.941671195150511E+17
  0.000000000000000E+00  1.885020044553573E+00  9.019248749034303E-01  1.318949016980654E+00  2.064252441170928E+00  6.880841470564637E-01  6.880841470564637E-01  2.064252441169391E+00  1.536548666081217E-12  3.000000000002233E+00  3.088958685214640E+01 -1.041365389705817E+00  2.984822146244058E+01  1.741447879486146E+19 -5.870857251518877E+17
  0.000000000000000E+00  1.880918478213710E+00  9.098614999896711E-01  1.325189038007486E+00  2.075483581175564E+00  6.918278603912490E-01  6.918278603912490E-01  2.075483581173748E+00  1.816768957496606E-12  3.000000000002626E+00  6.716991652013676E+00 -4.512453293900048E-01  6.265746322623671E+00  3.704989490356579E+18 -2.488999971380427E+17
  0.000000000000000E+00  1.876610744330901E+00  9.178788221607324E-01  1.331570469055482E+00  2.080641782054242E+00  6.935472606841933E-01  6.935472606841931E-01  2.080641782052580E+00  1.662225912468784E-12  3.000000000002397E+00 -1.165844079284560E+01 -2.678154046920448E-01 -1.192625619753765E+01 -6.303250471727164E+18 -1.447970278321324E+17
  0.000000000000000E+00  1.872163565317521E+00  9.258231508608645E-01  1.337985466480474E+00  2.083271426752052E+00  6.944238089169098E-01  6.944238089169098E-01  2.083271426750730E+00  1.322053577723636E-12  3.000000000001904E+00 -3.375520312433336E+01 -9.888284505216410E-02 -3.385408596938552E+01 -1.793122946991654E+19 -5.252793113812950E+16
  0.000000000000000E+00  1.867507010902728E+00  9.336416011708100E-01  1.344492672546340E+00  2.083563751795458E+00  6.945212505981585E-01  6.945212505981585E-01  2.083563751794475E+00  9.823253321883385E-13  3.000000000001414E+00 -2.817821662284121E+01  5.611924307585876E-02 -2.812209737976535E+01 -1.474417137186601E+19  2.936423366477890E+16
  0.000000000000000E+00  1.862571150815679E+00  9.412812881713107E-01  1.351150971492852E+00  2.081709993710923E+00  6.939033312366986E-01  6.939033312366986E-01  2.081709993710096E+00  8.273381979506667E-13  3.000000000001192E+00  1.157978585152568E+01  1.972391872862436E-01  1.177702503881193E+01  5.983975241247519E+18  1.019254093692206E+17
  0.000000000000000E+00  1.857552358641710E+00  9.486957327351614E-01  1.357757018099163E+00  2.079166308803500E+00  6.930554362676099E-01  6.930554362676099E-01  2.079166308802830E+00  6.696865284538944E-13  3.000000000000967E+00  1.630044683050874E+01  1.522661393150957E-01  1.645271296982383E+01  8.324520863050562E+18  7.776122131157048E+16
  0.000000000000000E+00  1.852533566467742E+00  9.561101772990120E-01  1.364280699753839E+00  2.077522791905991E+00  6.925075973018890E-01  6.925075973018890E-01  2.077522791905667E+00  3.232969447708456E-13  3.000000000000467E+00  2.122461981791055E+01  7.085025257688779E-02  2.129547007048743E+01  1.069577794654742E+19  3.570375231784916E+16
  0.000000000000000E+00  1.847514774293773E+00  9.635246218628627E-01  1.370723002322869E+00  2.077306402347150E+00  6.924354674490576E-01  6.924354674490576E-01  2.077306402347173E+00 -2.264854970235319E-14  2.999999999999967E+00  2.636616885953393E+01 -4.671033374250080E-02  2.631945852579143E+01  1.309541422916326E+19 -2.319985024746301E+16
  0.000000000000000E+00  1.842495982119805E+00  9.709390664267133E-01  1.377084914253515E+00  2.079044099455732E+00  6.930146998186373E-01  6.930146998186373E-01  2.079044099455912E+00 -1.798561299892754E-13  2.999999999999740E+00  3.176276136132948E+01 -2.001174804571930E-01  3.156264388087229E+01  1.553563447702681E+19 -9.788040760938352E+16
  0.000000000000000E+00  1.837174188039011E+00  9.788011467489355E-01  1.383744202748780E+00  2.079012677550059E+00  6.930042258501324E-01  6.930042258501324E-01  2.079012677550398E+00 -3.388400671155978E-13  2.999999999999511E+00  3.773334189539010E+01  1.433202577292433E-01  3.787666215311935E+01  1.814616479279928E+19  6.892347415480426E+16
  0.000000000000000E+00  1.831852393958217E+00  9.866632270711575E-01  1.390315394691774E+00  2.076494068766052E+00  6.921646895889135E-01  6.921646895889135E-01  2.076494068766741E+00 -6.887823644774471E-13  2.999999999999005E+00  4.390245961144087E+01  1.239560066207424E-01  4.402641561806161E+01  2.074507413606602E+19  5.857249388113716E+16
  0.000000000000000E+00  1.826530599877423E+00  9.945253073933797E-01  1.396799670396530E+00  2.077046448437993E+00  6.923488161463437E-01  6.923488161463437E-01  2.077046448439031E+00 -1.038280572629446E-12  2.999999999998500E+00  5.030724685936289E+01 -2.550655700891022E-01  5.005218128927380E+01  2.334398115653887E+19 -1.183576171140376E+17
  0.000000000000000E+00  1.821208805796629E+00  1.002387387715602E+00  1.403198208400905E+00  2.086227991900162E+00  6.954093306337862E-01  6.954093306337862E-01  2.086227991901359E+00 -1.196820420545919E-12  2.999999999998279E+00  5.700887394264669E+01 -9.905998087067375E-01  5.601827413393995E+01  2.596529225950303E+19 -4.511791194324387E+17
  0.000000000000000E+00  1.815547688980621E+00  1.010750745903813E+00  1.409911926709408E+00  2.085579637476296E+00  6.951932124924359E-01  6.951932124924360E-01  2.085579637477308E+00 -1.012523398458143E-12  2.999999999998543E+00  6.429625396689786E+01  6.583734208067964E-01  6.495462738770466E+01  2.870033718406371E+19  2.938824271147844E+17
  0.000000000000000E+00  1.809886553697804E+00  1.019114091591946E+00  1.416531381786735E+00  2.077934675109108E+00  6.926448917032380E-01  6.926448917032380E-01  2.077934675109714E+00 -6.061817714453355E-13  2.999999999999125E+00  7.178756934142235E+01 -1.407413591691515E-01  7.164682798225321E+01  3.139652985734962E+19 -6.155369691237802E+16
  0.000000000000000E+00  1.804225394495942E+00  1.027477421089224E+00  1.423057982217885E+00  2.103725716026090E+00  7.012419053420964E-01  7.012419053420964E-01  2.103725716026290E+00 -1.998401444325282E-13  2.999999999999715E+00  8.002988361049037E+01 -3.365068343120822E+00  7.666481526736955E+01  3.427959151111202E+19 -1.441376183558959E+18
  0.000000000000000E+00  1.798564205922796E+00  1.035840730704869E+00  1.429493129084986E+00  2.203385371454734E+00  7.344617904849161E-01  7.344617904849161E-01  2.203385371454749E+00 -1.509903313490213E-14  2.999999999999980E+00  8.979133890800809E+01 -8.991731507950695E+00  8.079960740005738E+01  3.764639218359062E+19 -3.769920962028005E+18
  0.000000000000000E+00  1.793067284953172E+00  1.045214244058257E+00  1.435813089783522E+00  2.247660768683957E+00  7.492202562279917E-01  7.492202562279917E-01  2.247660768683975E+00 -1.865174681370263E-14  2.999999999999975E+00  2.498482127765101E+01  2.338871000945124E+00  2.732369227859613E+01  1.024493843296442E+19  9.590458599262577E+17
  0.000000000000000E+00  1.787889195501332E+00  1.054917005867138E+00  1.441778992105976E+00  2.173777911235304E+00  7.245926370784435E-01  7.245926370784435E-01  2.173777911235331E+00 -2.664535259100376E-14  2.999999999999963E+00  4.986936852975824E+01  4.253812320583930E+00  5.412318085034217E+01  2.004254399919670E+19  1.709610991940943E+18
  0.000000000000000E+00  1.782000432584320E+00  1.063911555802768E+00  1.448215420607057E+00  2.148791458790874E+00  7.162638195969697E-01  7.162638195969697E-01  2.148791458790909E+00 -3.508304757815495E-14  2.999999999999951E+00  1.676945100636880E+02 -3.121408863950104E+00  1.645731011997379E+02  6.625932704400583E+19 -1.233328692012519E+18
  0.000000000000000E+00  1.774371491219180E+00  1.071160433536406E+00  1.455951014837966E+00  2.339756071032767E+00  7.799186903442684E-01  7.799186903442684E-01  2.339756071032806E+00 -3.863576125695545E-14  2.999999999999951E+00  3.879771917096337E+02 -1.978001257575107E+01  3.681971791338826E+02  1.513080999792980E+20 -7.714051713234255E+18
  0.000000000000000E+00  1.767745189880057E+00  1.075679452541656E+00  1.462422784724419E+00  2.597209842016427E+00  8.657366140054897E-01  8.657366140054897E-01  2.597209842016469E+00 -4.263256414560601E-14  2.999999999999951E+00  4.038310129274530E+02 -1.852508756880566E+01  3.853059253586474E+02  1.560288018072801E+20 -7.157566220043992E+18
  0.000000000000000E+00  1.761118888540935E+00  1.080198471546906E+00  1.468850164238012E+00  2.840756441581442E+00  9.469188138604978E-01  9.469188138604978E-01  2.840756441581494E+00 -5.195843755245733E-14  2.999999999999945E+00  4.169503513366886E+02 -1.757752663653529E+01  3.993728247001533E+02  1.592940194664331E+20 -6.715415543446790E+18
  0.000000000000000E+00  1.754492587201812E+00  1.084717490552156E+00  1.475233082951053E+00  3.074436677649178E+00  1.024812225883079E+00  1.024812225883079E+00  3.074436677649238E+00 -6.084022174945858E-14  2.999999999999941E+00  4.281345615206792E+02 -1.693396030293681E+01  4.112006012177424E+02  1.615651891214541E+20 -6.390370562940487E+18
  0.000000000000000E+00  1.747866285862689E+00  1.089236509557406E+00  1.481571485897287E+00  3.302291358140999E+00  1.100763786047021E+00  1.100763786047021E+00  3.302291358141063E+00 -6.439293542825908E-14  2.999999999999941E+00  4.381510099188088E+02 -1.659101909200821E+01  4.215599908268006E+02  1.632993555194607E+20 -6.183490768714772E+18
  0.000000000000000E+00  1.741014164864118E+00  1.093909523089436E+00  1.488079036837375E+00  3.536339287076883E+00  1.178779762358984E+00  1.178779762358984E+00  3.536339287076952E+00 -6.927791673660977E-14  2.999999999999941E+00  4.477045238689659E+02 -1.657647582409867E+01  4.311280480448672E+02  1.646757015459647E+20 -6.097197236032649E+18
  0.000000000000000E+00  1.734162034317558E+00  1.098582522621084E+00  1.494538923687724E+00  3.772962382866088E+00  1.257654127622056E+00  1.257654127622056E+00  3.772962382866168E+00 -7.949196856316121E-14  2.999999999999937E+00  4.566058711648344E+02 -1.682324028904686E+01  4.397826308757875E+02  1.656373534738753E+20 -6.102762084999233E+18
  0.000000000000000E+00  1.727309894483242E+00  1.103255508533846E+00  1.500951135106832E+00  4.015880917385008E+00  1.338626972461699E+00  1.338626972461699E+00  4.015880917385097E+00 -8.881784197001252E-14  2.999999999999934E+00  4.652408841351822E+02 -1.732821028460432E+01  4.479126738505778E+02  1.664441115140914E+20 -6.199323110460492E+18
  0.000000000000000E+00  1.720457745621398E+00  1.107928481209218E+00  1.507315675587292E+00  4.268815162510037E+00  1.422938387503377E+00  1.422938387503377E+00  4.268815162510131E+00 -9.325873406851315E-14  2.999999999999934E+00  4.739810863513288E+02 -1.808828360038147E+01  4.558928027509474E+02  1.673518608471897E+20 -6.386558466621514E+18
  0.000000000000000E+00  1.713865887017151E+00  1.111552600046038E+00  1.513349171441706E+00  4.547995943791795E+00  1.515998647930633E+00  1.515998647930633E+00  4.547995943791898E+00 -1.030286966852145E-13  2.999999999999932E+00  5.892409366253363E+02 -2.420978565487920E+01  5.650311509704571E+02  2.057794865957952E+20 -8.454737193222157E+18
  0.000000000000000E+00  1.706779444156708E+00  1.114242146617473E+00  1.519742434710553E+00  4.891230891984412E+00  1.630410297328178E+00  1.630410297328178E+00  4.891230891984534E+00 -1.225686219186173E-13  2.999999999999925E+00  6.534949597055911E+02 -2.745107835303819E+01  6.260438813525528E+02  2.258259053217924E+20 -9.486170519091872E+18
  0.000000000000000E+00  1.699478139756024E+00  1.116512564286714E+00  1.526282442600162E+00  5.266426694859673E+00  1.755475564953271E+00  1.755475564953271E+00  5.266426694859815E+00 -1.421085471520200E-13  2.999999999999919E+00  6.744456554569496E+02 -2.844261509981524E+01  6.460030403571343E+02  2.305044957004905E+20 -9.720798995352936E+18
  0.000000000000000E+00  1.692241696531054E+00  1.118879296416952E+00  1.532746155028382E+00  5.641490040189363E+00  1.880496680063171E+00  1.880496680063171E+00  5.641490040189515E+00 -1.518785097687214E-13  2.999999999999919E+00  6.487934222943688E+02 -2.741093982387430E+01  6.213824824704944E+02  2.189756359444886E+20 -9.251524096133057E+18
  0.000000000000000E+00  1.685041380218555E+00  1.121498574084498E+00  1.539161369063156E+00  6.034145382177843E+00  2.011381794059337E+00  2.011381794059337E+00  6.034145382178011E+00 -1.678657213233237E-13  2.999999999999917E+00  6.530117128992882E+02 -3.067022874267885E+01  6.223414841566095E+02  2.173673538383833E+20 -1.020916827634638E+19
  0.000000000000000E+00  1.677841063804913E+00  1.124117851474004E+00  1.545549670686114E+00  6.466694405922783E+00  2.155564801974327E+00  2.155564801974327E+00  6.466694405922983E+00 -1.998401444325282E-13  2.999999999999907E+00  6.571295199246521E+02 -3.305599849582705E+01  6.240735214288251E+02  2.156817668658799E+20 -1.084957522820362E+19
  0.000000000000000E+00  1.670640747149202E+00  1.126737128198072E+00  1.551910710903973E+00  6.927672299756304E+00  2.309224099918846E+00  2.309224099918846E+00  6.927672299756537E+00 -2.327027459614328E-13  2.999999999999900E+00  6.605547281121920E+02 -3.457912354911620E+01  6.259756045630759E+02  2.137034828940274E+20 -1.118708083278440E+19
  0.000000000000000E+00  1.663440430110499E+00  1.129356403869304E+00  1.558244152527806E+00  7.405614252010531E+00  2.468538084003593E+00  2.468538084003593E+00  7.405614252010779E+00 -2.478017790963349E-13  2.999999999999900E+00  6.627483012493436E+02 -3.525047836837059E+01  6.274978228809730E+02  2.112447601833175E+20 -1.123575697627039E+19
  0.000000000000000E+00  1.656041860928656E+00  1.132071983023123E+00  1.564723014598352E+00  7.900374138619931E+00  2.633458046206729E+00  2.633458046206729E+00  7.900374138620187E+00 -2.557953848736361E-13  2.999999999999903E+00  6.600973412534172E+02 -3.474781566255903E+01  6.253495255908581E+02  2.071099804071528E+20 -1.090236086604856E+19
  0.000000000000000E+00  1.648660645982222E+00  1.134834954321703E+00  1.571156673489935E+00  8.385498243209483E+00  2.795166081069919E+00  2.795166081069919E+00  8.385498243209760E+00 -2.771116669464391E-13  2.999999999999901E+00  6.549813312477692E+02 -3.357907539009316E+01  6.214022558576760E+02  2.022366191062546E+20 -1.036811028899018E+19
  0.000000000000000E+00  1.641300056810853E+00  1.137652128529063E+00  1.577541248831829E+00  8.851449439249455E+00  2.950483146416583E+00  2.950483146416583E+00  8.851449439249748E+00 -2.948752353404416E-13  2.999999999999900E+00  6.472849808962642E+02 -3.175251786202854E+01  6.155324630342357E+02  1.966409257153537E+20 -9.646206370395070E+18
  0.000000000000000E+00  1.633963364954207E+00  1.140530316409223E+00  1.583872779533346E+00  9.288690600210117E+00  3.096230200070140E+00  3.096230200070140E+00  9.288690600210421E+00 -3.037570195374428E-13  2.999999999999902E+00  6.369232734484041E+02 -2.927626893502672E+01  6.076470045133774E+02  1.903496738486508E+20 -8.749449856206515E+18
  0.000000000000000E+00  1.626396574286251E+00  1.143537922520990E+00  1.590368174243101E+00  9.704889559190647E+00  3.234963186396984E+00  3.234963186396984E+00  9.704889559190953E+00 -3.055333763768431E-13  2.999999999999906E+00  6.282833935326902E+02 -2.686932662571829E+01  6.014140669069719E+02  1.846148544576436E+20 -7.895285591570821E+18
  0.000000000000000E+00  1.618829783618294E+00  1.146545528632757E+00  1.596828295401953E+00  1.009054027965930E+01  3.363513426553201E+00  3.363513426553201E+00  1.009054027965960E+01 -3.002043058586423E-13  2.999999999999911E+00  6.174524040187954E+02 -2.491853110688919E+01  5.925338729119061E+02  1.784001863984689E+20 -7.199697604723807E+18
  0.000000000000000E+00  1.611262992950338E+00  1.149553134744524E+00  1.603252894770207E+00  1.045214640505463E+01  3.484048801684976E+00  3.484048801684976E+00  1.045214640505493E+01 -2.966515921798418E-13  2.999999999999915E+00  6.049241101201178E+02 -2.341778233670040E+01  5.815063277834174E+02  1.718744435049728E+20 -6.653592144710100E+18
  0.000000000000000E+00  1.603696202282382E+00  1.152560740856291E+00  1.609641738558922E+00  1.079621157881518E+01  3.598737192938493E+00  3.598737192938493E+00  1.079621157881548E+01 -2.984279490192421E-13  2.999999999999917E+00  5.911438301480539E+02 -2.236098027331262E+01  5.687828498747414E+02  1.651821932911652E+20 -6.248286080836152E+18
  0.000000000000000E+00  1.595920147736369E+00  1.155651524017119E+00  1.616169786208437E+00  1.113666779368129E+01  3.712222597893861E+00  3.712222597893861E+00  1.113666779368158E+01 -2.984279490192421E-13  2.999999999999919E+00  5.756317987927299E+02 -2.153356817329176E+01  5.540982306194381E+02  1.581360988366743E+20 -5.915646898068719E+18
  0.000000000000000E+00  1.588144093190356E+00  1.158742307177946E+00  1.622659618738214E+00  1.147033822139401E+01  3.823446073798104E+00  3.823446073798104E+00  1.147033822139431E+01 -3.019806626980426E-13  2.999999999999921E+00  5.587062489471137E+02 -2.127753698499041E+01  5.374287119621233E+02  1.509326405417664E+20 -5.748056062415173E+18
  0.000000000000000E+00  1.580368038644343E+00  1.161833090338774E+00  1.629111028871783E+00  1.180606142968912E+01  3.935353809896474E+00  3.935353809896474E+00  1.180606142968943E+01 -3.055333763768431E-13  2.999999999999923E+00  5.408271518664508E+02 -2.158459664246336E+01  5.192425552239873E+02  1.437186011851962E+20 -5.735858537974320E+18
  0.000000000000000E+00  1.572591984098330E+00  1.164923873499602E+00  1.635523824571959E+00  1.215267598630237E+01  4.050891995434225E+00  4.050891995434225E+00  1.215267598630268E+01 -3.108624468950438E-13  2.999999999999923E+00  5.223845886634209E+02 -2.244645707976619E+01  4.999381315836547E+02  1.366117360358524E+20 -5.870099417302796E+18
  0.000000000000000E+00  1.564794760319585E+00  1.167974648038403E+00  1.641918029251482E+00  1.251925291005080E+01  4.173084303349611E+00  4.173084303349611E+00  1.251925291004883E+01  1.964650664376677E-12  3.000000000000471E+00  5.066293524045101E+02 -2.363912012446579E+01  4.829902322800443E+02  1.304845391950324E+20 -6.088355682072943E+18
  0.000000000000000E+00  1.556928474573809E+00  1.170859347240239E+00  1.648342258699418E+00  1.290091807892076E+01  4.300306026304596E+00  4.300306026304596E+00  1.290091807891379E+01  6.972200594645983E-12  3.000000000001621E+00  4.874160917196847E+02 -2.407453845772686E+01  4.633415532619579E+02  1.237775041389850E+20 -6.113639525280973E+18
  0.000000000000000E+00  1.548968108018036E+00  1.173442895452655E+00  1.654828721606740E+00  1.328490451059832E+01  4.428301503528781E+00  4.428301503528781E+00  1.328490451058634E+01  1.197086874071829E-11  3.000000000002703E+00  4.642236769205175E+02 -2.373243725298588E+01  4.404912396675317E+02  1.164022638047456E+20 -5.950815434871971E+18
  0.000000000000000E+00  1.540888641809297E+00  1.175590217023196E+00  1.661412194971498E+00  1.365844522276955E+01  4.552815074251768E+00  4.552815074251768E+00  1.365844522275531E+01  1.424638185199001E-11  3.000000000003129E+00  4.361538110017802E+02 -2.256955253696365E+01  4.135842584648165E+02  1.081696076247280E+20 -5.597428202178608E+18
  0.000000000000000E+00  1.532906344328455E+00  1.177436228185305E+00  1.667907819964745E+00  1.470759944620803E+01  4.902533148732010E+00  4.902533148732012E+00  1.470759944619603E+01  1.199218502279109E-11  3.000000000002446E+00  3.409825606175053E+02 -9.337226253558516E+01  2.476102980819201E+02  8.377861117600552E+19 -2.294134475213716E+19
  0.000000000000000E+00  1.524924046847614E+00  1.179282239347413E+00  1.674375193317682E+00  1.610851608220835E+01  5.369505360733773E+00  5.369505360733773E+00  1.610851608220132E+01  7.030820370346191E-12  3.000000000001309E+00  1.907683162465742E+02 -6.639044520462559E+01  1.243778710419486E+02  4.648900665884702E+19 -1.617892273689910E+19
  0.000000000000000E+00  1.516941749366772E+00  1.181128250509522E+00  1.680813961480016E+00  1.631143592702810E+01  5.437145309008676E+00  5.437145309008676E+00  1.631143592702603E+01  2.071232074740692E-12  3.000000000000381E+00  6.396519277202349E+01  5.685192295889119E+01  1.208171157309147E+02  1.548406251328035E+19  1.376215236672727E+19
  0.000000000000000E+00  1.508959451885931E+00  1.182974261671631E+00  1.687223783508149E+00  1.376659977692484E+01  4.588866592308342E+00  4.588866592308342E+00  1.376659977692503E+01 -1.900701818158268E-13  2.999999999999959E+00  8.614970329467655E+00  2.748308654579399E+02  2.834458357874076E+02  2.075362703367287E+18  6.620727711093654E+19
  0.000000000000000E+00  1.501466940777126E+00  1.183179575668496E+00  1.693368169284474E+00  1.039445523328050E+01  3.464818411093552E+00  3.464818411093552E+00  1.039445523328066E+01 -1.563194018672220E-13  2.999999999999954E+00 -1.415103015428587E+01  1.716037744307436E+02  1.574527442764577E+02 -3.406012820151579E+18  4.130332910925863E+19
  0.000000000000000E+00  1.494005570353469E+00  1.181016752005244E+00  1.699727577899244E+00  8.656985665170239E+00  2.885661888390108E+00  2.885661888390108E+00  8.656985665170325E+00 -8.526512829121202E-14  2.999999999999970E+00 -7.404201708131619E+00  5.492694129238058E+01  4.752273958424895E+01 -1.787991016223850E+18  1.326393870004568E+19
  0.000000000000000E+00  1.486738629492744E+00  1.177488906928316E+00  1.706092418334187E+00  8.697948869473539E+00  2.899316289824518E+00  2.899316289824518E+00  8.697948869473553E+00 -1.598721155460225E-14  2.999999999999994E+00  3.660080115259312E+01 -6.038154208115392E+01 -2.378074092856079E+01  8.888830683252893E+18 -1.466419551078763E+19
  0.000000000000000E+00  1.479829407072734E+00  1.173599156684150E+00  1.712231528378604E+00  1.066110264306989E+01  3.553700881023292E+00  3.553700881023292E+00  1.066110264306988E+01  1.421085471520200E-14  3.000000000000004E+00  8.987254238136752E+01 -1.934232796734695E+02 -1.035507372921020E+02  2.196434323366443E+19 -4.727156027367417E+19
  0.000000000000000E+00  1.472946575793582E+00  1.169747048920912E+00  1.718373714446840E+00  1.258284016764060E+01  4.194280055880194E+00  4.194280055880194E+00  1.258284016764058E+01  1.243449787580175E-14  3.000000000000003E+00  1.342423163466158E+02 -5.659266397571673E+01  7.764965237089909E+01  3.303322017983643E+19 -1.392584678624309E+19
  0.000000000000000E+00  1.466063746129929E+00  1.165894938270547E+00  1.724544663227281E+00  1.270570534730038E+01  4.235235115766792E+00  4.235235115766792E+00  1.270570534730038E+01  0.000000000000000E+00  3.000000000000000E+00  1.668238596082727E+02  3.336029743539438E+01  2.001841570436671E+02  4.137565777868577E+19  8.274021793544440E+18
  0.000000000000000E+00  1.459180943215932E+00  1.162042779826472E+00  1.730744089201934E+00  1.175900849663534E+01  3.919669498878446E+00  3.919669498878446E+00  1.175900849663534E+01 -1.776356839400250E-15  3.000000000000000E+00  1.857939128702023E+02  7.707795318430115E+01  2.628718660545035E+02  4.648108087442450E+19  1.928301374489861E+19
  0.000000000000000E+00  1.452298192185750E+00  1.158190528682103E+00  1.736971696468051E+00  1.047205993023155E+01  3.490686643410518E+00  3.490686643410518E+00  1.047205993023156E+01 -5.329070518200751E-15  2.999999999999998E+00  1.937857295183132E+02  7.520265144098572E+01  2.689883809592989E+02  4.892581023705797E+19  1.898669557800217E+19
  0.000000000000000E+00  1.445518039831553E+00  1.154395622322109E+00  1.743133781819485E+00  9.313546191597139E+00  3.104515397199048E+00  3.104515397199048E+00  9.313546191597144E+00 -5.329070518200751E-15  2.999999999999999E+00  1.933880718181348E+02  6.987304320792860E+01  2.632611150260634E+02  4.927603367735003E+19  1.780392346788968E+19
  0.000000000000000E+00  1.438737887477356E+00  1.150600715962114E+00  1.749322669744227E+00  8.248991734256386E+00  2.749663911418797E+00  2.749663911418797E+00  8.248991734256393E+00 -7.105427357601002E-15  2.999999999999998E+00  1.852572695997991E+02  6.279360257043747E+01  2.480508721702366E+02  4.763749653736899E+19  1.614689686121436E+19
  0.000000000000000E+00  1.431957735123159E+00  1.146805809602120E+00  1.755538058323969E+00  7.307234525503099E+00  2.435744841834369E+00  2.435744841834369E+00  7.307234525503107E+00 -7.993605777301127E-15  2.999999999999997E+00  1.709643410560511E+02  5.398972842470770E+01  2.249540694807588E+02  4.435690616279141E+19  1.400770068598226E+19
  0.000000000000000E+00  1.425177582768963E+00  1.143010903242126E+00  1.761779634860180E+00  6.517112532631087E+00  2.172370844210365E+00  2.172370844210365E+00  6.517112532631094E+00 -7.105427357601002E-15  2.999999999999997E+00  1.519410283721022E+02  4.348681966693577E+01  1.954278480390379E+02  3.976180677951437E+19  1.138016860605748E+19
  0.000000000000000E+00  1.418488611724433E+00  1.139267078735030E+00  1.767962611692235E+00  5.951450733125922E+00  1.983816911041975E+00  1.983816911041975E+00  5.951450733125927E+00 -4.440892098500626E-15  2.999999999999998E+00  1.111769693430377E+02  2.799200614059915E+01  1.391689754836369E+02  2.934359487249770E+19  7.388095688449770E+18
  0.000000000000000E+00  1.411799606278348E+00  1.135523315692241E+00  1.774170458676844E+00  5.590888884087209E+00  1.863629628029069E+00  1.863629628029069E+00  5.590888884087208E+00  1.776356839400250E-15  3.000000000000001E+00  5.541825707714913E+01  1.766072172056735E+01  7.307897879771649E+01  1.475967338301112E+19  4.703621117873554E+18
  0.000000000000000E+00  1.405110574835676E+00  1.131779599097650E+00  1.780402839314969E+00  5.354424009914811E+00  1.784808003304934E+00  1.784808003304934E+00  5.354424009914802E+00  8.881784197001252E-15  3.000000000000005E+00  1.376975587992138E+01  1.242162367963595E+01  2.619137955955733E+01  3.702351341835465E+18  3.339871490760076E+18
  0.000000000000000E+00  1.398421525801386E+00  1.128035913935148E+00  1.786659407161673E+00  5.161053135008586E+00  1.720351045002858E+00  1.720351045002858E+00  5.161053135008574E+00  1.065814103640150E-14  3.000000000000006E+00  2.810965023688394E-01  1.220336855196084E+01  1.248446505432968E+01  7.633448587091843E+16  3.313943277333818E+18
  0.000000000000000E+00  1.391812771915768E+00  1.124337181756268E+00  1.792864269112111E+00  4.998229431820884E+00  1.666076477273625E+00  1.666076477273625E+00  4.998229431820875E+00  8.881784197001252E-15  3.000000000000005E+00 -2.940520411375113E+00  7.492329757253700E+00  4.551809345878585E+00 -8.065946999733356E+17  2.055171407508526E+18
  0.000000000000000E+00  1.385204018030151E+00  1.120638449577388E+00  1.799092039663794E+00  4.934764216394606E+00  1.644921405464868E+00  1.644921405464868E+00  4.934764216394605E+00  8.881784197001252E-16  3.000000000000000E+00  6.585555770769379E+00 -1.402390316889502E-01  6.445316739080428E+00  1.825142201879216E+18 -3.886629830427763E+16
  0.000000000000000E+00  1.378595264144533E+00  1.116939717398508E+00  1.805342360181731E+00  5.018852320251535E+00  1.672950773417181E+00  1.672950773417181E+00  5.018852320251543E+00 -7.993605777301127E-15  2.999999999999996E+00  4.073919195115339E+01 -1.065188979693642E+01  3.008730215421697E+01  1.141312486253092E+19 -2.984137447304293E+18
  0.000000000000000E+00  1.371986510258915E+00  1.113240985219628E+00  1.811614862382378E+00  5.298688574913461E+00  1.766229524971157E+00  1.766229524971157E+00  5.298688574913473E+00 -1.154631945610163E-14  2.999999999999994E+00  8.770559168981711E+01 -2.400017452055818E+01  6.370541716925894E+01  2.485562340493541E+19 -6.801610798607502E+18
  0.000000000000000E+00  1.365447637954285E+00  1.109581335550306E+00  1.817842505031940E+00  5.746252443661589E+00  1.915417481220533E+00  1.915417481220533E+00  5.746252443661600E+00 -1.065814103640150E-14  2.999999999999994E+00  1.304235579211001E+02 -3.164456134202526E+01  9.877899657907481E+01  3.739893287702113E+19 -9.074072540400437E+18
  0.000000000000000E+00  1.358908782846397E+00  1.105921655154772E+00  1.824091110196265E+00  6.352333788353977E+00  2.117444596117996E+00  2.117444596117996E+00  6.352333788353990E+00 -1.332267629550188E-14  2.999999999999994E+00  1.747706753372272E+02 -4.311465767824839E+01  1.316560176589788E+02  5.069276901836114E+19 -1.250553835059542E+19
  0.000000000000000E+00  1.352369934636990E+00  1.102261962433403E+00  1.830360298622457E+00  7.180853739360839E+00  2.393617913120283E+00  2.393617913120283E+00  7.180853739360851E+00 -1.154631945610163E-14  2.999999999999995E+00  2.212540299718418E+02 -5.835416468588109E+01  1.628998652859607E+02  6.488214643994608E+19 -1.711220111566743E+19
  0.000000000000000E+00  1.345831083027803E+00  1.098602275786578E+00  1.836649681643180E+00  8.295733427052390E+00  2.765244475684135E+00  2.765244475684135E+00  8.295733427052404E+00 -1.421085471520200E-14  2.999999999999995E+00  2.702014295896698E+02 -7.730678322884602E+01  1.928946463608237E+02  8.005305373114548E+19 -2.290381690799695E+19
  0.000000000000000E+00  1.339212788874451E+00  1.094179658201985E+00  1.843203371129501E+00  9.816106652068511E+00  3.272035550689521E+00  3.272035550689521E+00  9.816106652068566E+00 -5.506706202140776E-14  2.999999999999983E+00  3.898008810613651E+02 -9.150489384683223E+01  2.982959872145329E+02  1.168121973676123E+20 -2.742140472087814E+19
  0.000000000000000E+00  1.333206421201750E+00  1.088869385571837E+00  1.849485893378066E+00  1.142271338738157E+01  3.807571129127235E+00  3.807571129127235E+00  1.142271338738171E+01 -1.403321903126198E-13  2.999999999999963E+00  4.711128011842184E+02 -8.532674574695561E+01  3.857860554372627E+02  1.431265451342725E+20 -2.592271382907465E+19
  0.000000000000000E+00  1.327739598686858E+00  1.082941180259815E+00  1.855505594056379E+00  1.276226372019574E+01  4.254087906731988E+00  4.254087906731988E+00  1.276226372019597E+01 -2.291500322826323E-13  2.999999999999946E+00  5.062497707688647E+02 -6.027392183629517E+01  4.459758489325696E+02  1.563712916361909E+20 -1.861751165873308E+19
  0.000000000000000E+00  1.322739940006936E+00  1.076664764629605E+00  1.861263996526819E+00  1.348146773771521E+01  4.493822579238493E+00  4.493822579238493E+00  1.348146773771548E+01 -2.700062395888381E-13  2.999999999999940E+00  4.887568647371396E+02 -1.627858297965806E+01  4.724782817574816E+02  1.540118522343217E+20 -5.129533511095732E+18
  0.000000000000000E+00  1.317659552413242E+00  1.069918834403932E+00  1.867257786509612E+00  1.354560770123573E+01  4.515202567078665E+00  4.515202567078665E+00  1.354560770123600E+01 -2.682298827494378E-13  2.999999999999940E+00  4.377107191283299E+02  7.288350715812223E+00  4.449990698441420E+02  1.413030437968901E+20  2.352846515740844E+18
  0.000000000000000E+00  1.312579164819547E+00  1.063172904178259E+00  1.873304296747093E+00  1.328736667734293E+01  4.429122225781066E+00  4.429122225781066E+00  1.328736667734320E+01 -2.700062395888381E-13  2.999999999999939E+00  3.814174411182049E+02  1.756215594813887E+01  3.989795970663438E+02  1.263701501344521E+20  5.818643943875596E+18
  0.000000000000000E+00  1.307498777225853E+00  1.056426973952586E+00  1.879403777903307E+00  1.295748968142358E+01  4.319163227141281E+00  4.319163227141281E+00  1.295748968142384E+01 -2.646771690706373E-13  2.999999999999939E+00  3.252207093956592E+02  1.469508281491573E+01  3.399157922105749E+02  1.107343362137894E+20  5.003525895199575E+18
  0.000000000000000E+00  1.302418389632158E+00  1.049681043726913E+00  1.885556469287475E+00  1.280672172886442E+01  4.268907242954894E+00  4.268907242954894E+00  1.280672172886468E+01 -2.629008122312371E-13  2.999999999999938E+00  2.721815400709011E+02 -1.160618586263578E+00  2.710209214846375E+02  9.532843243451582E+19 -4.064932193933873E+17
  0.000000000000000E+00  1.297490812522857E+00  1.043138275913357E+00  1.891575073526234E+00  1.290848197752485E+01  4.302827325841681E+00  4.302827325841681E+00  1.290848197752505E+01 -1.918465386552271E-13  2.999999999999955E+00  1.898393966562098E+02 -8.007770420889786E+00  1.818316262353200E+02  6.833995722212477E+19 -2.882703472763608E+18
  0.000000000000000E+00  1.292565647097473E+00  1.036593687067313E+00  1.897642611786013E+00  1.304408672329700E+01  4.348028907765678E+00  4.348028907765678E+00  1.304408672329704E+01 -3.552713678800501E-14  2.999999999999992E+00  9.020361894238381E+01 -4.745621209786379E+00  8.545799773259743E+01  3.335100810012497E+19 -1.754599796143476E+18
  0.000000000000000E+00  1.287646893526395E+00  1.030044289064266E+00  1.903756755662459E+00  1.302410659387315E+01  4.341368864624339E+00  4.341368864624340E+00  1.302410659387302E+01  1.261213355974178E-13  3.000000000000029E+00  2.212666586626924E+01  8.510930910502680E+00  3.063759677677191E+01  8.392802370621332E+18  3.228256871305352E+18
  0.000000000000000E+00  1.282738551980016E+00  1.023487093779698E+00  1.909915217028440E+00  1.265911221694556E+01  4.219704072315120E+00  4.219704072315120E+00  1.265911221694536E+01  1.989519660128281E-13  3.000000000000047E+00  5.915931871185943E-01  3.164736613500598E+01  3.223895932212457E+01  2.298704248102301E+17  1.229695279793742E+19
  0.000000000000000E+00  1.277970853273348E+00  1.017131992917070E+00  1.915941766012993E+00  1.199327287276654E+01  3.997757624255467E+00  3.997757624255467E+00  1.199327287276640E+01  1.385558334732195E-13  3.000000000000035E+00 -8.336361425818787E+00  4.034355165044260E+01  3.200719022462381E+01 -3.310648616295661E+18  1.602177696306778E+19
  0.000000000000000E+00  1.273184274833182E+00  1.010791065026554E+00  1.922028258831173E+00  1.117542436542824E+01  3.725141455142747E+00  3.725141455142747E+00  1.117542436542824E+01  1.776356839400250E-15  3.000000000000001E+00 -9.536148971299864E+00  4.780298119785707E+01  3.826683222655721E+01 -3.864483067311802E+18  1.937195108445986E+19
  0.000000000000000E+00  1.268389929977998E+00  1.004455968191211E+00  1.928167739957305E+00  1.022726632231266E+01  3.409088774104263E+00  3.409088774104263E+00  1.022726632231279E+01 -1.314504061156185E-13  2.999999999999962E+00  1.030489141523292E+01  5.403944367635627E+01  6.434433509158920E+01  4.253867571765570E+18  2.230752637638620E+19
  0.000000000000000E+00  1.263598932026280E+00  9.981183604941005E-01  1.934353387144737E+00  9.170498370801781E+00  3.056832790267324E+00  3.056832790267324E+00  9.170498370801972E+00 -1.918465386552271E-13  2.999999999999937E+00  3.813066320252544E+01  5.906674573620020E+01  9.719740893872563E+01  1.600350435478988E+19  2.479041388794779E+19
  0.000000000000000E+00  1.258943505256535E+00  9.919492704358912E-01  1.940413928228156E+00  8.238241044695394E+00  2.746080348231850E+00  2.746080348231850E+00  8.238241044695551E+00 -1.563194018672220E-13  2.999999999999943E+00  5.814329657222637E+01  4.440361230198329E+01  1.025469088742097E+02  2.477825294201506E+19  1.892297138314089E+19
  0.000000000000000E+00  1.254288043492596E+00  9.857802067855204E-01  1.946520351403385E+00  7.511024972100070E+00  2.503674990700051E+00  2.503674990700051E+00  7.511024972100153E+00 -8.437694987151190E-14  2.999999999999966E+00  7.441710012492202E+01  3.624036407556354E+01  1.106574642004855E+02  3.219616892440805E+19  1.567920386174971E+19
  0.000000000000000E+00  1.249632535543443E+00  9.796111779891683E-01  1.952672724971347E+00  6.871764668827838E+00  2.290588222942616E+00  2.290588222942616E+00  6.871764668827848E+00 -9.769962616701378E-15  2.999999999999996E+00  8.750476434377795E+01  3.450581537014313E+01  1.220105797139211E+02  3.840807458229984E+19  1.514548310824360E+19
  0.000000000000000E+00  1.244976970218056E+00  9.734421924930151E-01  1.958871104058443E+00  6.203374650690730E+00  2.067791550230235E+00  2.067791550230235E+00  6.203374650690707E+00  2.309263891220326E-14  3.000000000000011E+00  9.752708407407977E+01  3.912877925943778E+01  1.366558633335175E+02  4.337666313792573E+19  1.740312337899560E+19
  0.000000000000000E+00  1.240431126796362E+00  9.664147006781478E-01  1.965330438672261E+00  5.718784727020554E+00  1.906261575673544E+00  1.906261575673544E+00  5.718784727020632E+00 -7.815970093361102E-14  2.999999999999959E+00  4.753658152184654E+01  1.147514326764408E+01  5.901172478949061E+01  2.144083312767530E+19  5.175732541992982E+18
  0.000000000000000E+00  1.236671296616221E+00  9.588946672897236E-01  1.971345233233972E+00  5.651404034517385E+00  1.883801344839227E+00  1.883801344839227E+00  5.651404034517681E+00 -2.966515921798418E-13  2.999999999999843E+00  1.911476844355584E+01 -2.474512232236562E+00  1.664025621131928E+01  8.750228366499673E+18 -1.132765337529710E+18
  0.000000000000000E+00  1.233343115934205E+00  9.511233364278009E-01  1.977140006792761E+00  5.728132791380600E+00  1.909377597127039E+00  1.909377597127039E+00  5.728132791381118E+00 -5.178080186851730E-13  2.999999999999729E+00  8.795903328630841E+00 -2.833255615167870E+00  5.962647713462971E+00  4.089186395573190E+18 -1.317171174336817E+18
  0.000000000000000E+00  1.230092221006888E+00  9.433419521924383E-01  1.982935448552077E+00  5.675871215809579E+00  1.891957071936732E+00  1.891957071936732E+00  5.675871215810197E+00 -6.190603585309873E-13  2.999999999999673E+00  1.559790607502518E+01  1.024365793851210E+01  2.584156401353728E+01  7.367464830827440E+18  4.838456472170567E+18
  0.000000000000000E+00  1.226764948569223E+00  9.356430272720916E-01  1.988830751942682E+00  5.492325927456220E+00  1.830775309152281E+00  1.830775309152281E+00  5.492325927456844E+00 -6.235012506294879E-13  2.999999999999659E+00  1.728400058178975E+01  8.226358808948060E+00  2.551035939073781E+01  8.294197266357898E+18  3.947641775547253E+18
  0.000000000000000E+00  1.223437699186307E+00  9.279440923874820E-01  1.994790829150799E+00  5.326181413184236E+00  1.775393804394959E+00  1.775393804394959E+00  5.326181413184877E+00 -6.403766406037903E-13  2.999999999999639E+00  1.879175338665807E+01  8.480301315214032E+00  2.727205470187210E+01  9.158177704545012E+18  4.132882378498940E+18
  0.000000000000000E+00  1.220110394221798E+00  9.202451815250475E-01  2.000816379433551E+00  5.131378038405860E+00  1.710459346135505E+00  1.710459346135505E+00  5.131378038406515E+00 -6.554756737386924E-13  2.999999999999617E+00  1.999589967587798E+01  1.098704227815887E+01  3.098294195403685E+01  9.892745076531581E+18  5.435714829776874E+18
  0.000000000000000E+00  1.216782955039356E+00  9.125463286712262E-01  2.006908096960468E+00  4.861856168533324E+00  1.620618722844662E+00  1.620618722844662E+00  4.861856168533986E+00 -6.625811010962934E-13  2.999999999999591E+00  2.073148586489009E+01  1.572813753745837E+01  3.645962340234846E+01  1.040764733544660E+19  7.895859939807266E+18
  0.000000000000000E+00  1.213582314720364E+00  9.051415307951809E-01  2.012830326914169E+00  4.622263399435437E+00  1.540754466478665E+00  1.540754466478665E+00  4.622263399435994E+00 -5.568878691519785E-13  2.999999999999638E+00  1.810856264669205E+01  8.861909869292106E+00  2.697047251598416E+01  9.220843960212813E+18  4.512466819620246E+18
  0.000000000000000E+00  1.210382927703722E+00  8.977361901423483E-01  2.018813939632157E+00  4.500008570868895E+00  1.500002856956408E+00  1.500002856956408E+00  4.500008570869223E+00 -3.277378368693462E-13  2.999999999999782E+00  1.117026902243502E+01  3.798902522865732E+00  1.496917154530076E+01  5.773490252254806E+18  1.963509262040164E+18
  0.000000000000000E+00  1.207187144039868E+00  8.903292962295097E-01  2.024857835232025E+00  4.460083706853101E+00  1.486694568951067E+00  1.486694568951067E+00  4.460083706853201E+00 -9.947598300641403E-14  2.999999999999933E+00  3.659591979309805E+00  5.250794028751529E-01  4.184671382184958E+00  1.921499947023009E+18  2.756974139498918E+17
  0.000000000000000E+00  1.203997313779239E+00  8.829198385734466E-01  2.030960920719589E+00  4.467480831407455E+00  1.489160277135817E+00  1.489160277135817E+00  4.467480831407451E+00  3.552713678800501E-15  3.000000000000002E+00  5.060825774838019E-02 -9.735883672772262E-01 -9.229801095288460E-01  2.701627563919465E+16 -5.197320133060081E+17
  0.000000000000000E+00  1.200960630263811E+00  8.755305527677447E-01  2.036981630352517E+00  4.499816562039621E+00  1.499938854013206E+00  1.499938854013206E+00  4.499816562039618E+00  2.664535259100376E-15  3.000000000000002E+00  3.694892305864630E-03 -2.068609698796350E+00 -2.064914806490485E+00  2.005409881776545E+15 -1.122741879356142E+18
  0.000000000000000E+00  1.198097593219333E+00  8.680704410450947E-01  2.042942454831415E+00  4.540160606006266E+00  1.513386868668754E+00  1.513386868668754E+00  4.540160606006262E+00  3.552713678800501E-15  3.000000000000002E+00  1.031868474803950E-04 -1.776419748232874E+00 -1.776316561385394E+00  5.690925229225574E+13 -9.797248592979604E+17
  0.000000000000000E+00  1.195311348826747E+00  8.605791866063343E-01  2.048913246805919E+00  4.561131837143358E+00  1.520377279047784E+00  1.520377279047784E+00  4.561131837143352E+00  5.329070518200751E-15  3.000000000000004E+00  4.736715002304739E-04 -1.085680569029678E-01 -1.080943854027373E-01  2.653028674078597E+14 -6.080884492996134E+16
  0.000000000000000E+00  1.192505043266996E+00  8.530964726523018E-01  2.054963455663064E+00  4.535349129286865E+00  1.511783043095620E+00  1.511783043095620E+00  4.535349129286860E+00  5.329070518200751E-15  3.000000000000004E+00  3.569753341288697E-07  2.926684912676160E+00  2.926685269651494E+00  2.029306763025701E+11  1.663740017509153E+18
  0.000000000000000E+00  1.189757207593327E+00  8.458953567343639E-01  2.060890857749435E+00  4.466337856125850E+00  1.488779285375291E+00  1.488779285375291E+00  4.466337856125874E+00 -2.398081733190338E-14  2.999999999999984E+00  7.548334716624089E-05  4.390991739829683E+00  4.391067223176849E+00  4.350306311229575E+13  2.530645472870769E+18
  0.000000000000000E+00  1.187009398093639E+00  8.386942308287449E-01  2.066880033335806E+00  4.360743498119557E+00  1.453581166039881E+00  1.453581166039881E+00  4.360743498119644E+00 -8.792966355031240E-14  2.999999999999940E+00  6.655269068486290E-04  6.704193526564421E+00  6.704859053471270E+00  3.885770442229048E+14  3.914335660426200E+18
  0.000000000000000E+00  1.184261632473813E+00  8.314930881798039E-01  2.072931504713170E+00  4.202051254253572E+00  1.400683751417908E+00  1.400683751417908E+00  4.202051254253724E+00 -1.518785097687214E-13  2.999999999999891E+00  1.479986050848166E-03  9.860348061737515E+00  9.861828047788363E+00  8.745996178682172E+14  5.826985086718213E+18
  0.000000000000000E+00  1.181513928439735E+00  8.242919220318997E-01  2.079045787226534E+00  3.973746323513489E+00  1.324582107837890E+00  1.324582107837890E+00  3.973746323513670E+00 -1.811883976188255E-13  2.999999999999863E+00  1.426791218776053E-04  1.385351348763274E+01  1.385365616675462E+01  8.524455866187978E+13  8.276870698592454E+18
  0.000000000000000E+00  1.178928174387072E+00  8.169869666589967E-01  2.085129352775137E+00  3.766131981765955E+00  1.255377327255385E+00  1.255377327255385E+00  3.766131981766156E+00 -2.002842336423782E-13  2.999999999999841E+00  4.326968835472934E+00  7.531577638365923E+00  1.185854647383886E+01  2.613248681574123E+18  4.548654284791418E+18
  0.000000000000000E+00  1.176608000765785E+00  8.095893404771464E-01  2.091084089284024E+00  3.675215214704154E+00  1.225071738234799E+00  1.225071738234799E+00  3.675215214704398E+00 -2.442490654175344E-13  2.999999999999801E+00  2.262162014248545E+01  1.876476941297362E+00  2.449809708378281E+01  1.382495200555979E+19  1.146788050085495E+18
  0.000000000000000E+00  1.174418618613811E+00  8.021470836495275E-01  2.097009227746345E+00  3.688400958028109E+00  1.229466986009466E+00  1.229466986009466E+00  3.688400958028398E+00 -2.886579864025407E-13  2.999999999999766E+00  4.385558843229413E+01 -3.108775367380239E+00  4.074681306491389E+01  2.715763674165393E+19 -1.925113654991901E+18
  0.000000000000000E+00  1.172225238969091E+00  7.947082363393189E-01  2.103003477041235E+00  3.793094147437845E+00  1.264364715812718E+00  1.264364715812718E+00  3.793094147438153E+00 -3.081979116359435E-13  2.999999999999756E+00  4.790307444379811E+01 -7.440469019775994E+00  4.046260542402212E+01  3.010677868179384E+19 -4.676287621788359E+18
  0.000000000000000E+00  1.170060619313515E+00  7.875174845091942E-01  2.108903183412940E+00  3.931414959958059E+00  1.310471653319427E+00  1.310471653319427E+00  3.931414959958281E+00 -2.229327833447314E-13  2.999999999999829E+00  5.084827446978134E+01 -7.025729573904224E+00  4.382254489587711E+01  3.244149604401436E+19 -4.482456495423113E+18
  0.000000000000000E+00  1.167898163381918E+00  7.803260608277055E-01  2.114865564637763E+00  4.059263178209828E+00  1.353087726069955E+00  1.353087726069955E+00  4.059263178209864E+00 -3.641531520770513E-14  2.999999999999973E+00  5.195577031682339E+01 -6.317032433612509E+00  4.563873788321088E+01  3.363617665024182E+19 -4.089648128525497E+18
  0.000000000000000E+00  1.165724254949731E+00  7.731381343456176E-01  2.120901450128307E+00  4.170990953928066E+00  1.390330317975972E+00  1.390330317975972E+00  4.170990953927917E+00  1.492139745096210E-13  3.000000000000107E+00  5.120928050523338E+01 -5.315913104527906E+00  4.589336740070547E+01  3.362757016732898E+19 -3.490797745296717E+18
  0.000000000000000E+00  1.163525277792388E+00  7.659578741136953E-01  2.127021601981283E+00  4.260950438847691E+00  1.420316812949152E+00  1.420316812949152E+00  4.260950438847456E+00  2.344791028008331E-13  3.000000000000165E+00  4.862547022576967E+01 -4.023923933071818E+00  4.460154629269785E+01  3.237514150260157E+19 -2.679153664201776E+18
  0.000000000000000E+00  1.161399904265136E+00  7.590764261331333E-01  2.132965608558500E+00  4.333608806925078E+00  1.444536268974966E+00  1.444536268974966E+00  4.333608806924898E+00  1.794120407794253E-13  3.000000000000124E+00  4.914847368589072E+01 -3.847540839247110E+00  4.530093284664361E+01  3.314739337500992E+19 -2.594911706516577E+18
  0.000000000000000E+00  1.159274530737882E+00  7.521949781525712E-01  2.138970860731355E+00  4.402059239798605E+00  1.467353079932848E+00  1.467353079932848E+00  4.402059239798546E+00  5.950795411990839E-14  3.000000000000040E+00  4.946279527857347E+01 -3.553472592735566E+00  4.590932268583790E+01  3.377868691197276E+19 -2.426705516424516E+18
  0.000000000000000E+00  1.157149157210629E+00  7.453135301720091E-01  2.145037870112437E+00  4.464117144441514E+00  1.488039048147191E+00  1.488039048147191E+00  4.464117144441574E+00 -6.039613253960852E-14  2.999999999999960E+00  4.956791128936658E+01 -3.142369875817532E+00  4.642554141354905E+01  3.426235872676611E+19 -2.172070622643732E+18
  0.000000000000000E+00  1.155023783683376E+00  7.384320821914471E-01  2.151167140704226E+00  4.517597927827044E+00  1.505865975942386E+00  1.505865975942386E+00  4.517597927827160E+00 -1.163513729807164E-13  2.999999999999923E+00  4.946419564987449E+01 -2.614883370773406E+00  4.684931227910108E+01  3.459255160806827E+19 -1.828706335241663E+18
  0.000000000000000E+00  1.152972341388157E+00  7.317900117188311E-01  2.157142715588396E+00  4.562927429273747E+00  1.520975809757924E+00  1.520975809757924E+00  4.562927429273772E+00 -2.486899575160351E-14  2.999999999999984E+00  4.914828287868593E+01 -2.398316543468446E+00  4.674996633521749E+01  3.474877037523927E+19 -1.695655391701668E+18
  0.000000000000000E+00  1.150920893924868E+00  7.251479428424012E-01  2.163177198806875E+00  4.601757423507847E+00  1.533919141169223E+00  1.533919141169223E+00  4.601757423507671E+00  1.758593271006248E-13  3.000000000000115E+00  4.860684504290976E+01 -1.881535454123445E+00  4.672530958878631E+01  3.473038906437154E+19 -1.344387982853626E+18
  0.000000000000000E+00  1.148869438592310E+00  7.185058763964594E-01  2.169271021577118E+00  4.628684634312127E+00  1.542894878103916E+00  1.542894878103917E+00  4.628684634311750E+00  3.765876499528531E-13  3.000000000000244E+00  4.784794605430535E+01 -1.066149481412659E+00  4.678179657289269E+01  3.453635836991012E+19 -7.695402541244147E+17
  0.000000000000000E+00  1.146817972689285E+00  7.118638132153071E-01  2.175424605944829E+00  4.638305785469372E+00  1.546101928489634E+00  1.546101928489634E+00  4.638305785468904E+00  4.680700271819660E-13  3.000000000000302E+00  4.688025642760072E+01  4.623197741682390E-02  4.692648840501754E+01  3.416670882714695E+19  3.369423785774922E+16
  0.000000000000000E+00  1.144853526011412E+00  7.053536089428305E-01  2.181471280526191E+00  4.660198651407112E+00  1.553399550468917E+00  1.553399550468917E+00  4.660198651406751E+00  3.606004383982508E-13  3.000000000000232E+00  5.791717349703565E+01 -2.371707534702715E+00  5.554546596233293E+01  4.259453902677031E+19 -1.744245843629619E+18
  0.000000000000000E+00  1.142957768326983E+00  6.988227815662112E-01  2.187525691914269E+00  4.716594710672728E+00  1.572198236890867E+00  1.572198236890867E+00  4.716594710672601E+00  1.252331571777177E-13  3.000000000000079E+00  6.579884506389674E+01 -3.855832781930972E+00  6.194301228196576E+01  4.881685431052665E+19 -2.860682842966144E+18
  0.000000000000000E+00  1.141106700511432E+00  6.922788191147193E-01  2.193606052202382E+00  4.791125669711978E+00  1.597041889904030E+00  1.597041889904030E+00  4.791125669712089E+00 -1.110223024625157E-13  2.999999999999930E+00  7.036749305242319E+01 -4.411250464229892E+00  6.595624258819329E+01  5.265225785085239E+19 -3.300704441954343E+18
  0.000000000000000E+00  1.139276323440193E+00  6.857292096176243E-01  2.199730373815775E+00  4.867423234970635E+00  1.622474411656950E+00  1.622474411656950E+00  4.867423234970852E+00 -2.176037128265307E-13  2.999999999999866E+00  7.137569750192863E+01 -4.042778673069191E+00  6.733291882885943E+01  5.385095409448514E+19 -3.050162679415217E+18
  0.000000000000000E+00  1.137498139003706E+00  6.793578770436479E-01  2.205743284860405E+00  4.930075799032823E+00  1.643358599677666E+00  1.643358599677666E+00  4.930075799032998E+00 -1.758593271006248E-13  2.999999999999893E+00  7.067994762449059E+01 -3.244168092079214E+00  6.743577953241137E+01  5.374444001709181E+19 -2.466838237578152E+18
  0.000000000000000E+00  1.135719954567220E+00  6.729865444696715E-01  2.211813280360433E+00  4.980648233719623E+00  1.660216077906569E+00  1.660216077906569E+00  4.980648233719709E+00 -8.615330671091215E-14  2.999999999999948E+00  6.967492612980870E+01 -2.634557269689711E+00  6.704036886011899E+01  5.338046912032077E+19 -2.018429165154457E+18
  0.000000000000000E+00  1.133941770130733E+00  6.666152118956951E-01  2.217940723399384E+00  5.022369566442457E+00  1.674123188814150E+00  1.674123188814150E+00  5.022369566442451E+00  6.217248937900877E-15  3.000000000000004E+00  6.838983689381914E+01 -2.213070096447765E+00  6.617676679737136E+01  5.277703699913393E+19 -1.707845604943336E+18
  0.000000000000000E+00  1.132163585694247E+00  6.602438793217187E-01  2.224125966709959E+00  5.058468824612746E+00  1.686156274870899E+00  1.686156274870899E+00  5.058468824612697E+00  4.973799150320701E-14  3.000000000000029E+00  6.685332834863139E+01 -1.978830462900533E+00  6.487449788573086E+01  5.195263980936491E+19 -1.537776335484048E+18
  0.000000000000000E+00  1.130415697187490E+00  6.540682386486498E-01  2.230199426247166E+00  5.064339496897765E+00  1.688113165632575E+00  1.688113165632575E+00  5.064339496897725E+00  3.996802888650564E-14  3.000000000000024E+00  5.838310425195856E+01  8.401871844308270E-01  5.922329143638938E+01  4.566288356114345E+19  6.571313749721142E+17
  0.000000000000000E+00  1.128657618960106E+00  6.478951424936576E-01  2.236335445373557E+00  5.044948309491216E+00  1.681649436497066E+00  1.681649436497066E+00  5.044948309491200E+00  1.598721155460225E-14  3.000000000000009E+00  5.932461249834312E+01  1.016584179679262E+00  6.034119667802238E+01  4.668087135133165E+19  7.999215386486011E+17
  0.000000000000000E+00  1.126942110308312E+00  6.417107928273472E-01  2.242495238366968E+00  5.044812688934410E+00  1.681604229644806E+00  1.681604229644806E+00  5.044812688934418E+00 -7.993605777301127E-15  2.999999999999995E+00  6.989388956466554E+01 -1.437506617133949E+00  6.845638294753159E+01  5.531512356842979E+19 -1.137665347464060E+18
  0.000000000000000E+00  1.125321930528323E+00  6.355013916203235E-01  2.248640594259015E+00  5.108450061768663E+00  1.702816687256226E+00  1.702816687256226E+00  5.108450061768680E+00 -1.776356839400250E-14  2.999999999999989E+00  9.048457100915503E+01 -6.510651365162590E+00  8.397391964399245E+01  7.200921160125167E+19 -5.181290761366776E+18
  0.000000000000000E+00  1.123791846723426E+00  6.293743545511841E-01  2.254695838872594E+00  5.205514083350621E+00  1.735171361116850E+00  1.735171361116850E+00  5.205514083350550E+00  7.016609515630989E-14  3.000000000000040E+00  8.945758662737663E+01 -5.171104251773033E+00  8.428648237560360E+01  7.157201051458894E+19 -4.137226833779482E+18
  0.000000000000000E+00  1.122261762918528E+00  6.232473174820448E-01  2.260806431380235E+00  5.282885156456169E+00  1.760961718818635E+00  1.760961718818635E+00  5.282885156455905E+00  2.629008122312371E-13  3.000000000000149E+00  8.810338152425386E+01 -4.138144788235405E+00  8.396523673601845E+01  7.085595478285731E+19 -3.328047061614842E+18
  0.000000000000000E+00  1.120731679113631E+00  6.171202804129052E-01  2.266972671506263E+00  5.345630591703983E+00  1.781876863901176E+00  1.781876863901176E+00  5.345630591703527E+00  4.565237077258644E-13  3.000000000000256E+00  8.644679981712841E+01 -3.410533797291792E+00  8.303626601983662E+01  6.987566590523326E+19 -2.756762779908584E+18
  0.000000000000000E+00  1.119201595308733E+00  6.109932433437658E-01  2.273194847531519E+00  5.398817699712743E+00  1.799605899904066E+00  1.799605899904066E+00  5.398817699712199E+00  5.435651928564766E-13  3.000000000000302E+00  8.451185334701721E+01 -2.987032101684419E+00  8.152482124533279E+01  6.864579372101647E+19 -2.426253612594806E+18
  0.000000000000000E+00  1.117716492630145E+00  6.050463059154780E-01  2.279287877719700E+00  5.443778486632177E+00  1.814592828877237E+00  1.814592828877237E+00  5.443778486631713E+00  4.645173135031655E-13  3.000000000000256E+00  8.238246345250316E+01 -2.525773573975212E+00  7.985668987852794E+01  6.722258020999195E+19 -2.060984942101386E+18
  0.000000000000000E+00  1.116231391517581E+00  5.990993680960909E-01  2.285434104004267E+00  5.480905476889022E+00  1.826968492296243E+00  1.826968492296243E+00  5.480905476888729E+00  2.913225216616411E-13  3.000000000000159E+00  7.999902080626876E+01 -2.019189029209542E+00  7.797983177705922E+01  6.556614523789826E+19 -1.654900770254796E+18
  0.000000000000000E+00  1.114746278887384E+00  5.931524331530097E-01  2.291633765148188E+00  5.509439032006181E+00  1.836479677335354E+00  1.836479677335354E+00  5.509439032006064E+00  1.172395514004165E-13  3.000000000000064E+00  7.736252541292438E+01 -1.467464211738419E+00  7.589506120118597E+01  6.367488512222524E+19 -1.207827880549130E+18
  0.000000000000000E+00  1.113261141655896E+00  5.872055043536404E-01  2.297887087309301E+00  5.528619513506570E+00  1.842873171168843E+00  1.842873171168843E+00  5.528619513506529E+00  4.085620730620576E-14  3.000000000000022E+00  7.447525406651846E+01 -8.707848934761848E-01  7.360446917304228E+01  6.154851290838333E+19 -7.196419257418673E+17
  0.000000000000000E+00  1.111811976745335E+00  5.813972550471729E-01  2.304045321674509E+00  5.535032973119233E+00  1.845010991039733E+00  1.845010991039733E+00  5.535032973119199E+00  3.463895836830488E-14  3.000000000000019E+00  7.277559088835326E+01 -1.643720567437710E-01  7.261121883160949E+01  6.037169646035660E+19 -1.363564320834330E+17
  0.000000000000000E+00  1.110380257759175E+00  5.755845288813431E-01  2.310242751678089E+00  5.541322229444215E+00  1.847107409814732E+00  1.847107409814732E+00  5.541322229444196E+00  1.865174681370263E-14  3.000000000000011E+00  7.615765901166002E+01 -8.529803100696874E-01  7.530467870159032E+01  6.340512770445333E+19 -7.101495265377364E+17
  0.000000000000000E+00  1.108988528922993E+00  5.697623969760354E-01  2.316463139648441E+00  5.569811582270866E+00  1.856603860756954E+00  1.856603860756954E+00  5.569811582270863E+00  2.664535259100376E-15  3.000000000000001E+00  8.475532770840107E+01 -2.931427799974797E+00  8.182389990842627E+01  7.080851996236698E+19 -2.449050337070177E+18
  0.000000000000000E+00  1.107659334462367E+00  5.639259304511335E-01  2.322690566262262E+00  5.642825331388534E+00  1.880941777129513E+00  1.880941777129513E+00  5.642825331388539E+00 -6.217248937900877E-15  2.999999999999997E+00  9.877065740349937E+01 -6.394675736794730E+00  9.237598166670465E+01  8.279838150220923E+19 -5.360588004138284E+18
  0.000000000000000E+00  1.106391445924984E+00  5.581826822511242E-01  2.328833338933566E+00  5.731439418274658E+00  1.910479806091548E+00  1.910479806091548E+00  5.731439418274645E+00  1.332267629550188E-14  3.000000000000007E+00  9.622539800244422E+01 -4.888279919829221E+00  9.133711808261501E+01  8.093088110300940E+19 -4.111313740472947E+18
  0.000000000000000E+00  1.105123557387601E+00  5.524394340511148E-01  2.335027671157782E+00  5.799170163828555E+00  1.933056721276165E+00  1.933056721276165E+00  5.799170163828496E+00  5.950795411990839E-14  3.000000000000031E+00  9.338475896439751E+01 -3.739715544078958E+00  8.964504342031856E+01  7.879651474819156E+19 -3.155510109903511E+18
  0.000000000000000E+00  1.103855668850218E+00  5.466961858511055E-01  2.341273733464257E+00  5.851623678861880E+00  1.950541226287259E+00  1.950541226287259E+00  5.851623678861778E+00  1.012523398458143E-13  3.000000000000052E+00  9.028372153517138E+01 -2.947762834105672E+00  8.733595870106571E+01  7.642197990585501E+19 -2.495177073394023E+18
  0.000000000000000E+00  1.102587780312835E+00  5.409529376510962E-01  2.347571683097233E+00  5.894406074186294E+00  1.964802024728724E+00  1.964802024728724E+00  5.894406074186172E+00  1.216804434989172E-13  3.000000000000062E+00  8.695355296715846E+01 -2.511202014471000E+00  8.444235095268746E+01  7.383137944195639E+19 -2.132236147450347E+18
  0.000000000000000E+00  1.101352891439858E+00  5.353591357245129E-01  2.353755761836544E+00  5.929492201140841E+00  1.976497400380246E+00  1.976497400380246E+00  5.929492201140738E+00  1.030286966852145E-13  3.000000000000052E+00  8.348924855453761E+01 -2.012687508223749E+00  8.147656104631386E+01  7.109882406810979E+19 -1.713989735550269E+18
  0.000000000000000E+00  1.100117997550857E+00  5.297653349051143E-01  2.359989321741383E+00  5.956084407478650E+00  1.985361469159531E+00  1.985361469159531E+00  5.956084407478594E+00  5.595524044110789E-14  3.000000000000028E+00  7.977230045974778E+01 -1.407977289555816E+00  7.836432317019198E+01  6.812845227495792E+19 -1.202463925734847E+18
  0.000000000000000E+00  1.098883069183528E+00  5.241715416976513E-01  2.366272489394826E+00  5.972521869417393E+00  1.990840623139126E+00  1.990840623139126E+00  5.972521869417380E+00  1.243449787580175E-14  3.000000000000007E+00  7.579876801274439E+01 -6.974327085012473E-01  7.510133530424315E+01  6.491444483891530E+19 -5.972848671794702E+17
  0.000000000000000E+00  1.097648076875571E+00  5.185777626068748E-01  2.372605376887431E+00  5.977143763174739E+00  1.992381254391582E+00  1.992381254391582E+00  5.977143763174746E+00 -7.105427357601002E-15  2.999999999999996E+00  7.156813205739729E+01  1.185847943173290E-01  7.168671685171462E+01  6.145425196575431E+19  1.018266038219317E+17
  0.000000000000000E+00  1.096442981576930E+00  5.130953684235875E-01  2.378855642283883E+00  5.972132833976280E+00  1.990710944658763E+00  1.990710944658763E+00  5.972132833976289E+00 -9.769962616701378E-15  2.999999999999995E+00  7.069174803887201E+01  3.279321306530410E-01  7.101968016952503E+01  6.085078117427808E+19  2.822808443131176E+17
  0.000000000000000E+00  1.095259024728121E+00  5.076082403624138E-01  2.385139253244394E+00  5.973621763313495E+00  1.991207254437835E+00  1.991207254437835E+00  5.973621763313504E+00 -9.769962616701378E-15  2.999999999999995E+00  7.436366859523339E+01 -7.350460575484886E-01  7.362862253768490E+01  6.415944230850224E+19 -6.341826057569889E+17
  0.000000000000000E+00  1.094112763416216E+00  5.021133301962035E-01  2.391444617450821E+00  6.000985841391517E+00  2.000328613797177E+00  2.000328613797176E+00  6.000985841391531E+00 -1.332267629550188E-14  2.999999999999994E+00  8.268321480335422E+01 -3.066498852085415E+00  7.961671595126880E+01  7.149492625179581E+19 -2.651555213503495E+18
  0.000000000000000E+00  1.093020754728290E+00  4.966075896978067E-01  2.397760436768511E+00  6.073600358415491E+00  2.024533452805168E+00  2.024533452805168E+00  6.073600358415504E+00 -1.332267629550188E-14  2.999999999999994E+00  9.580501445645238E+01 -6.662686741835364E+00  8.914232771461701E+01  8.301916991793662E+19 -5.773504924231664E+18
  0.000000000000000E+00  1.091978221358764E+00  4.911829891634626E-01  2.404001350167118E+00  6.160503750460739E+00  2.053501250153585E+00  2.053501250153585E+00  6.160503750460754E+00 -1.509903313490213E-14  2.999999999999992E+00  9.197428375285745E+01 -4.964098285017706E+00  8.701018546783973E+01  7.986503520649414E+19 -4.310529727709015E+18
  0.000000000000000E+00  1.090935687989237E+00  4.857583886291185E-01  2.410290143133803E+00  6.224706238304314E+00  2.074902079434778E+00  2.074902079434778E+00  6.224706238304336E+00 -2.131628207280301E-14  2.999999999999990E+00  8.788270706136983E+01 -3.633255913752480E+00  8.424945114761735E+01  7.646628556914912E+19 -3.161277042283073E+18
  0.000000000000000E+00  1.089893154619711E+00  4.803337880947743E-01  2.416626865614378E+00  6.271693789781634E+00  2.090564596593887E+00  2.090564596593887E+00  6.271693789781663E+00 -2.930988785010413E-14  2.999999999999986E+00  8.355224613976803E+01 -2.669114601507506E+00  8.088313153826053E+01  7.284057254341887E+19 -2.326925304109434E+18
  0.000000000000000E+00  1.088850621250184E+00  4.749091875604302E-01  2.423011552922829E+00  6.306952372728121E+00  2.102317457576051E+00  2.102317457576051E+00  6.306952372728153E+00 -3.197442310920451E-14  2.999999999999985E+00  7.900304667577545E+01 -2.070629321750530E+00  7.693241735402492E+01  6.900432093218443E+19 -1.808567849744416E+18
  0.000000000000000E+00  1.087831855015748E+00  4.696082710964299E-01  2.429297024788323E+00  6.332935681222869E+00  2.110978560407643E+00  2.110978560407643E+00  6.332935681222930E+00 -6.039613253960852E-14  2.999999999999972E+00  7.436408434519382E+01 -1.443520430131927E+00  7.292056391506188E+01  6.506719044895975E+19 -1.263053523369698E+18
  0.000000000000000E+00  1.086813087846368E+00  4.643073548121041E-01  2.435628323624301E+00  6.349202019194142E+00  2.116400673064754E+00  2.116400673064754E+00  6.349202019194262E+00 -1.199040866595169E-13  2.999999999999943E+00  6.954708016629480E+01 -7.503320018329535E-01  6.879674816446186E+01  6.095563821799181E+19 -6.576403486350385E+17
  0.000000000000000E+00  1.085794327703382E+00  4.590064371774215E-01  2.442005433903458E+00  6.354758588314147E+00  2.118252862771443E+00  2.118252862771443E+00  6.354758588314328E+00 -1.811883976188255E-13  2.999999999999914E+00  6.455587964653454E+01  8.746841713226908E-03  6.456462648824775E+01  5.667327535055800E+19  7.678807439007080E+15
  0.000000000000000E+00  1.084775582548129E+00  4.537055166623510E-01  2.448428325216710E+00  6.348612590255089E+00  2.116204196751767E+00  2.116204196751767E+00  6.348612590255302E+00 -2.122746423083299E-13  2.999999999999900E+00  5.939651399174764E+01  8.335270029275823E-01  6.023004099467522E+01  5.222565847075864E+19  7.328964892973193E+17
  0.000000000000000E+00  1.083767968481919E+00  4.485070290034166E-01  2.454778956418970E+00  6.314921189102404E+00  2.104973729700847E+00  2.104973729700847E+00  6.314921189102543E+00 -1.385558334732195E-13  2.999999999999934E+00  5.050177802881872E+01  3.284291598504621E+00  5.378606962732334E+01  4.446854402591652E+19  2.891931160497136E+18
  0.000000000000000E+00  1.082764672925037E+00  4.433075231586991E-01  2.461170825896030E+00  6.268399539652436E+00  2.089466513217470E+00  2.089466513217470E+00  6.268399539652409E+00  2.753353101070388E-14  3.000000000000013E+00  5.162646548156013E+01  2.597211894771182E+00  5.422367737633132E+01  4.551926325914217E+19  2.289972224034815E+18
  0.000000000000000E+00  1.081797134846700E+00  4.381016527878280E-01  2.467582669712828E+00  6.254597637469532E+00  2.084865879156446E+00  2.084865879156446E+00  6.254597637469340E+00  1.918465386552271E-13  3.000000000000092E+00  6.287280616576492E+01 -1.219519235666590E+00  6.165328693009833E+01  5.550597492235942E+19 -1.076627690734490E+18
  0.000000000000000E+00  1.080896793216123E+00  4.328840715504330E-01  2.473993914182351E+00  6.319065478118036E+00  2.106355159372590E+00  2.106355159372590E+00  6.319065478117769E+00  2.673417043297377E-13  3.000000000000127E+00  8.447363472814111E+01 -8.158256147246373E+00  7.631537858089473E+01  7.467128478869743E+19 -7.211569267863336E+18
  0.000000000000000E+00  1.080050923242514E+00  4.277222792013843E-01  2.480342567502423E+00  6.421402579638869E+00  2.140467526546213E+00  2.140467526546213E+00  6.421402579638642E+00  2.273736754432321E-13  3.000000000000107E+00  7.993058163265600E+01 -6.135135955728900E+00  7.379544567692710E+01  7.074694654659585E+19 -5.430238672737504E+18
  0.000000000000000E+00  1.079205053268905E+00  4.225604868523357E-01  2.486735440800566E+00  6.497660379933551E+00  2.165886793311136E+00  2.165886793311136E+00  6.497660379933409E+00  1.421085471520200E-13  3.000000000000066E+00  7.518259744269113E+01 -4.524879034044216E+00  7.065771840864691E+01  6.663203614245595E+19 -4.010261863677945E+18
  0.000000000000000E+00  1.078359183295296E+00  4.173986945032870E-01  2.493172469697351E+00  6.553741093205576E+00  2.184580364401839E+00  2.184580364401839E+00  6.553741093205518E+00  5.773159728050814E-14  3.000000000000027E+00  7.025228086464838E+01 -3.326522015847905E+00  6.692575884880048E+01  6.234541413904714E+19 -2.952123264442762E+18
  0.000000000000000E+00  1.077513313321687E+00  4.122369021542383E-01  2.499653574284961E+00  6.595546933658439E+00  2.198515644552807E+00  2.198515644552807E+00  6.595546933658421E+00  1.776356839400250E-14  3.000000000000008E+00  6.515984170929657E+01 -2.539101534795384E+00  6.262074017450119E+01  5.790396215753921E+19 -2.256359673813713E+18
  0.000000000000000E+00  1.076684121310233E+00  4.071768845225062E-01  2.506049579752757E+00  6.626214175849761E+00  2.208738058616576E+00  2.208738058616576E+00  6.626214175849729E+00  3.286260152890463E-14  3.000000000000015E+00  6.002184995200791E+01 -1.790242325226719E+00  5.823160762678119E+01  5.340935669898382E+19 -1.593014727171924E+18
  0.000000000000000E+00  1.075854929298780E+00  4.021168668907741E-01  2.512487742502755E+00  6.646068803164910E+00  2.215356267721618E+00  2.215356267721618E+00  6.646068803164854E+00  5.595524044110789E-14  3.000000000000025E+00  5.475382769744166E+01 -1.008631165651659E+00  5.374519653179000E+01  4.878740270324029E+19 -8.987224624660421E+17
  0.000000000000000E+00  1.075025737287326E+00  3.970568492590419E-01  2.518967941717509E+00  6.654630555615180E+00  2.218210185205031E+00  2.218210185205031E+00  6.654630555615094E+00  8.526512829121202E-14  3.000000000000039E+00  4.937669465248707E+01 -1.943464446704172E-01  4.918234820781665E+01  4.405552345930981E+19 -1.734023391535333E+17
  0.000000000000000E+00  1.074196545275872E+00  3.919968316273098E-01  2.525490040875824E+00  6.651419173211853E+00  2.217139724403918E+00  2.217139724403918E+00  6.651419173211755E+00  9.769962616701378E-14  3.000000000000044E+00  4.390827316361840E+01  6.525334491167006E-01  4.456080661273509E+01  3.922871967916781E+19  5.829892617569312E+17
  0.000000000000000E+00  1.073382435739599E+00  3.870288151929167E-01  2.531934166987297E+00  6.636465129014200E+00  2.212155043004705E+00  2.212155043004705E+00  6.636465129014116E+00  8.437694987151190E-14  3.000000000000038E+00  3.846615072379279E+01  1.563987990692772E+00  4.003013871448556E+01  3.441083122500866E+19  1.399103517586458E+18
  0.000000000000000E+00  1.072568335103669E+00  3.820607973000251E-01  2.538418371097447E+00  6.605845256172601E+00  2.201948418724180E+00  2.201948418724180E+00  6.605845256172543E+00  5.773159728050814E-14  3.000000000000026E+00  3.296437162851995E+01  2.897377944788170E+00  3.586174957330812E+01  2.952575104571906E+19  2.595143048598545E+18
  0.000000000000000E+00  1.071754238858853E+00  3.770927786875636E-01  2.544942480960106E+00  6.553653828810972E+00  2.184551276270313E+00  2.184551276270313E+00  6.553653828810940E+00  3.108624468950438E-14  3.000000000000014E+00  2.742299338217811E+01  4.651739403123557E+00  3.207473278530166E+01  2.459122803777262E+19  4.171389419101335E+18
  0.000000000000000E+00  1.070940142495921E+00  3.721247600944608E-01  2.551506308462376E+00  6.473985121053242E+00  2.157995040351073E+00  2.157995040351073E+00  6.473985121053222E+00  2.042810365310288E-14  3.000000000000010E+00  2.185488087222614E+01  6.826108441824476E+00  2.868098931405062E+01  1.961918558240063E+19  6.127815983473929E+18
  0.000000000000000E+00  1.070182431264225E+00  3.671962988133140E-01  2.558017276912064E+00  6.456313628233804E+00  2.152104542744594E+00  2.152104542744594E+00  6.456313628233783E+00  2.131628207280301E-14  3.000000000000010E+00  5.041521573065636E+01 -3.443432335274399E+00  4.697178339538196E+01  4.530510861526896E+19 -3.094404609758968E+18
  0.000000000000000E+00  1.069496669064457E+00  3.622569040341112E-01  2.564523963551720E+00  6.546480777859673E+00  2.182160259286551E+00  2.182160259286551E+00  6.546480777859653E+00  2.042810365310288E-14  3.000000000000009E+00  6.517010225958683E+01 -8.744837370926113E+00  5.642526488866071E+01  5.862952924249310E+19 -7.867191865333276E+18
  0.000000000000000E+00  1.068844714855288E+00  3.573124441707381E-01  2.571050364966271E+00  6.675837002516007E+00  2.225279000838662E+00  2.225279000838662E+00  6.675837002515987E+00  1.953992523340276E-14  3.000000000000009E+00  6.592169340882499E+01 -9.089930496284772E+00  5.683176291254021E+01  5.937557328085865E+19 -8.187287164376996E+18
  0.000000000000000E+00  1.068188427595390E+00  3.523687876370798E-01  2.577619442018290E+00  6.775732734787960E+00  2.258577578262648E+00  2.258577578262648E+00  6.775732734787944E+00  1.598721155460225E-14  3.000000000000008E+00  5.228008396089549E+01 -4.488571594974072E+00  4.779151236592141E+01  4.714718200254126E+19 -4.047879916910039E+18
  0.000000000000000E+00  1.067527715055390E+00  3.475044606215937E-01  2.584133727441732E+00  6.831276112228998E+00  2.277092037409663E+00  2.277092037409663E+00  6.831276112228990E+00  7.993605777301127E-15  3.000000000000004E+00  4.732693377509862E+01 -3.650580489551912E+00  4.367635328554670E+01  4.273454884370843E+19 -3.296345184329875E+18
  0.000000000000000E+00  1.066867002515391E+00  3.426401336061077E-01  2.590686388890331E+00  6.875768838240870E+00  2.291922946080293E+00  2.291922946080293E+00  6.875768838240880E+00 -9.769962616701378E-15  2.999999999999996E+00  4.229847641506191E+01 -2.867015874978819E+00  3.943146054008309E+01  3.824376372627953E+19 -2.592185038682369E+18
  0.000000000000000E+00  1.066206289975391E+00  3.377758065906216E-01  2.597277198813076E+00  6.909941138378240E+00  2.303313712792756E+00  2.303313712792756E+00  6.909941138378269E+00 -2.842170943040401E-14  2.999999999999988E+00  3.719873697817625E+01 -2.137778552814027E+00  3.506095842536222E+01  3.367801391763386E+19 -1.935445708727387E+18
  0.000000000000000E+00  1.065545577435392E+00  3.329114795751355E-01  2.603905913745996E+00  6.934523238195768E+00  2.311507746065268E+00  2.311507746065268E+00  6.934523238195803E+00 -3.552713678800501E-14  2.999999999999985E+00  3.203315900030126E+01 -1.462769324616868E+00  3.057038967568440E+01  2.904163115264733E+19 -1.326163529064698E+18
  0.000000000000000E+00  1.064894946073538E+00  3.281213496661027E-01  2.610470306293961E+00  6.948262557570682E+00  2.316087519190238E+00  2.316087519190238E+00  6.948262557570715E+00 -3.286260152890463E-14  2.999999999999986E+00  2.689957842215973E+01 -5.493595154386905E-01  2.635021890672104E+01  2.442162087088967E+19 -4.987531624959268E+17
  0.000000000000000E+00  1.064244324136238E+00  3.233312184769452E-01  2.617070935935859E+00  6.948665416793355E+00  2.316221805597795E+00  2.316221805597795E+00  6.948665416793386E+00 -3.108624468950438E-14  2.999999999999987E+00  2.173819897522569E+01  5.146280134601432E-01  2.225282698868583E+01  1.976408391823605E+19  4.678930051331809E+17
  0.000000000000000E+00  1.063593716562727E+00  3.185410853368685E-01  2.623707521199928E+00  6.933683796588298E+00  2.311227932196111E+00  2.311227932196111E+00  6.933683796588332E+00 -3.375077994860476E-14  2.999999999999985E+00  1.655951508585644E+01  1.728915087894032E+00  1.828843017375048E+01  1.507847070717638E+19  1.574284957792721E+18
  0.000000000000000E+00  1.062943128292242E+00  3.137509495750779E-01  2.630379765058444E+00  6.901269677680037E+00  2.300423225893356E+00  2.300423225893356E+00  6.901269677680070E+00 -3.375077994860476E-14  2.999999999999985E+00  1.136789690078485E+01  3.093223567075614E+00  1.446112046786047E+01  1.036799503314799E+19  2.821148613482068E+18
  0.000000000000000E+00  1.062305865580393E+00  3.090141704225067E-01  2.637008075271167E+00  6.855280584263838E+00  2.285093528087955E+00  2.285093528087955E+00  6.855280584263864E+00 -2.664535259100376E-14  2.999999999999988E+00  1.214403366477860E+01  3.384747919867281E+00  1.552878158464588E+01  1.109422210344675E+19  3.092147652397965E+18
  0.000000000000000E+00  1.061688719247847E+00  3.042746222217513E-01  2.643659997830507E+00  6.821490157477602E+00  2.273830052492537E+00  2.273830052492537E+00  6.821490157477610E+00 -7.993605777301127E-15  2.999999999999996E+00  1.840884656218699E+01  1.266097571143223E+00  1.967494413333021E+01  1.684695501347043E+19  1.158676006759005E+18
  0.000000000000000E+00  1.061104064061545E+00  2.995311136575442E-01  2.650328514992252E+00  6.832147698425572E+00  2.277382566141855E+00  2.277382566141855E+00  6.832147698425565E+00  7.105427357601002E-15  3.000000000000003E+00  3.030225396904657E+01 -3.259094074484838E+00  2.704315989456174E+01  2.778787016632379E+19 -2.988664905723822E+18
  0.000000000000000E+00  1.060564274788425E+00  2.947824534146176E-01  2.657006995603086E+00  6.919502508211989E+00  2.306500836070657E+00  2.306500836070657E+00  6.919502508211972E+00  1.687538997430238E-14  3.000000000000007E+00  4.808739748912770E+01 -1.018745362008663E+01  3.789994386904107E+01  4.420829060223159E+19 -9.365653656664873E+18
  0.000000000000000E+00  1.060055675205580E+00  2.900737027727580E-01  2.663645353319545E+00  7.044781655314256E+00  2.348260551771415E+00  2.348260551771415E+00  7.044781655314246E+00  9.769962616701378E-15  3.000000000000004E+00  4.387594674168971E+01 -8.799435634301542E+00  3.507651110738817E+01  4.044778700837847E+19 -8.111909252364492E+18
  0.000000000000000E+00  1.059547075622735E+00  2.853649521308984E-01  2.670318108172000E+00  7.156245906318135E+00  2.385415302106046E+00  2.385415302106046E+00  7.156245906318138E+00 -2.664535259100376E-15  2.999999999999999E+00  3.960808010261825E+01 -8.098081896236447E+00  3.150999820638181E+01  3.663214414069765E+19 -7.489636016629293E+18
  0.000000000000000E+00  1.059038476039890E+00  2.806562014890387E-01  2.677024929391305E+00  7.263000720122951E+00  2.421000240040989E+00  2.421000240040990E+00  7.263000720122970E+00 -1.953992523340276E-14  2.999999999999992E+00  3.530438427517515E+01 -8.082405487601788E+00  2.722197878757336E+01  3.280173284016661E+19 -7.509461245487055E+18
  0.000000000000000E+00  1.058529876457045E+00  2.759474508471791E-01  2.683765470564968E+00  7.374151555628028E+00  2.458050518542685E+00  2.458050518542685E+00  7.374151555628055E+00 -2.664535259100376E-14  2.999999999999989E+00  3.096453717697394E+01 -8.751419490107889E+00  2.221311768686605E+01  2.896397631773184E+19 -8.186006637506382E+18
  0.000000000000000E+00  1.058027585339795E+00  2.712971056630174E-01  2.690455146007944E+00  7.466323865675229E+00  2.488774621891749E+00  2.488774621891749E+00  7.466323865675247E+00 -1.776356839400250E-14  2.999999999999993E+00  2.227158212679066E+01 -5.167679663897477E+00  1.710390246289318E+01  2.097515603785351E+19 -4.866869658689640E+18
  0.000000000000000E+00  1.057525294222545E+00  2.666467604788557E-01  2.697176992886336E+00  7.506959546671900E+00  2.502319848890632E+00  2.502319848890632E+00  7.506959546671899E+00  8.881784197001252E-16  3.000000000000000E+00  1.079262673747556E+01 -9.026932462761470E-01  9.889933491199415E+00  1.020548567285926E+19 -8.535848793759784E+17
  0.000000000000000E+00  1.057023003105295E+00  2.619964152946940E-01  2.703930632053472E+00  7.487057981274405E+00  2.495685993758129E+00  2.495685993758129E+00  7.487057981274386E+00  1.865174681370263E-14  3.000000000000008E+00  2.613594880163024E+00  4.042564207984783E+00  6.656159088147807E+00  2.472792642873611E+18  3.824779084058134E+18
  0.000000000000000E+00  1.056520711988046E+00  2.573460701105323E-01  2.710715669168422E+00  7.397618552139107E+00  2.465872850713026E+00  2.465872850713026E+00  7.397618552139081E+00  2.664535259100376E-14  3.000000000000011E+00  7.041012296535011E-03  9.667117144113995E+00  9.674158156410529E+00  6.637483996420774E+15  9.113083834146727E+18
  0.000000000000000E+00  1.056023968962831E+00  2.527467209928284E-01  2.717456757774110E+00  7.267214280898964E+00  2.422404760299649E+00  2.422404760299649E+00  7.267214280898949E+00  1.421085471520200E-14  3.000000000000006E+00  1.128100647340512E-05  1.046839235388959E+01  1.046840363489607E+01  1.057619343349858E+13  9.814349697742426E+18
  0.000000000000000E+00  1.055527286655975E+00  2.481473653174724E-01  2.724227719897407E+00  7.122385424788773E+00  2.374128474929594E+00  2.374128474929594E+00  7.122385424788781E+00 -7.993605777301127E-15  2.999999999999997E+00 -1.612211914093515E-03  1.187262383483963E+01  1.187101162292554E+01 -1.503742945774089E+15  1.107383848450697E+19
  0.000000000000000E+00  1.055030637746769E+00  2.435480060352742E-01  2.731028144299444E+00  6.955267508369733E+00  2.318422502789921E+00  2.318422502789921E+00  6.955267508369763E+00 -3.019806626980426E-14  2.999999999999987E+00  3.193097450988218E-03  1.387895923335789E+01  1.388215233080888E+01  2.961801771153437E+15  1.287362088695533E+19
  0.000000000000000E+00  1.054533994914506E+00  2.389486460970436E-01  2.737857604167201E+00  6.757996056203042E+00  2.252665352067695E+00  2.252665352067695E+00  6.757996056203085E+00 -4.352074256530614E-14  2.999999999999981E+00  2.618664057268983E-03  1.648654613303377E+01  1.648916479709104E+01  2.412660846855691E+15  1.518959419198418E+19
  0.000000000000000E+00  1.054073467013775E+00  2.343749428186405E-01  2.744657333226546E+00  6.610989125627546E+00  2.203663041875859E+00  2.203663041875859E+00  6.610989125627579E+00 -3.375077994860476E-14  2.999999999999985E+00  2.616470728462096E+00  6.645181986447389E+00  9.261652714909482E+00  2.395320741646100E+18  6.083516269072245E+18
  0.000000000000000E+00  1.053665077595616E+00  2.297960697184059E-01  2.751462067568796E+00  6.574240978239939E+00  2.191413659413318E+00  2.191413659413318E+00  6.574240978239955E+00 -1.598721155460225E-14  2.999999999999993E+00  1.550667714344825E+01 -5.322427666666912E-01  1.497443437678156E+01  1.414233534647866E+19 -4.854138396192926E+17
  0.000000000000000E+00  1.053288059304415E+00  2.252142435745865E-01  2.758281690623756E+00  6.613314916270447E+00  2.204438305423480E+00  2.204438305423480E+00  6.613314916270442E+00  5.329070518200751E-15  3.000000000000002E+00  3.098690598537142E+01 -5.049274447033009E+00  2.593763153833840E+01  2.823554188475136E+19 -4.600943385703322E+18
  0.000000000000000E+00  1.052921644784554E+00  2.206316811654289E-01  2.765125319307312E+00  6.693774241949287E+00  2.231258080649757E+00  2.231258080649757E+00  6.693774241949271E+00  1.598721155460225E-14  3.000000000000007E+00  3.389873735834680E+01 -6.910273508039670E+00  2.698846385030713E+01  3.096034251941424E+19 -6.311280342099920E+18
  0.000000000000000E+00  1.052556570297672E+00  2.160863502547050E-01  2.771942677477272E+00  6.775113468299575E+00  2.258371156099855E+00  2.258371156099855E+00  6.775113468299566E+00  9.769962616701378E-15  3.000000000000004E+00  3.105960917716711E+01 -5.832693431832711E+00  2.522691574533440E+01  2.846929409526660E+19 -5.346257376620366E+18
  0.000000000000000E+00  1.052191495810790E+00  2.115410193439810E-01  2.778787836153252E+00  6.846747918802730E+00  2.282249306267578E+00  2.282249306267578E+00  6.846747918802736E+00 -5.329070518200751E-15  2.999999999999998E+00  2.801990579437645E+01 -5.398683927435695E+00  2.262122186694076E+01  2.577356541460901E+19 -4.965874417196933E+18
  0.000000000000000E+00  1.051826421323909E+00  2.069956884332571E-01  2.785660320376192E+00  6.916958028306008E+00  2.305652676102008E+00  2.305652676102008E+00  6.916958028306025E+00 -1.687538997430238E-14  2.999999999999992E+00  2.488281524923107E+01 -5.607575880220514E+00  1.927523936901056E+01  2.299048275987711E+19 -5.181120998874770E+18
  0.000000000000000E+00  1.051461346837027E+00  2.024503575225332E-01  2.792559641064082E+00  6.994024231656664E+00  2.331341410552228E+00  2.331341410552228E+00  6.994024231656686E+00 -2.220446049250313E-14  2.999999999999990E+00  2.170771743216129E+01 -6.458700175559211E+00  1.524901725660207E+01  2.018614505899153E+19 -6.005986536530648E+18
  0.000000000000000E+00  1.051099287072267E+00  1.979423332774391E-01  2.799428336002618E+00  7.053787381751408E+00  2.351262460583809E+00  2.351262460583809E+00  7.053787381751426E+00 -1.776356839400250E-14  2.999999999999992E+00  1.547964357982693E+01 -2.804463362063582E+00  1.267518021776335E+01  1.448696148024730E+19 -2.624618098566983E+18
  0.000000000000000E+00  1.050737238256458E+00  1.934343081527767E-01  2.806322425370998E+00  7.063577398334614E+00  2.354525799444875E+00  2.354525799444875E+00  7.063577398334628E+00 -1.421085471520200E-14  2.999999999999994E+00  7.382461702950368E+00  1.358152702096333E+00  8.740614405046701E+00  6.933119901911327E+18  1.275487216543985E+18
  0.000000000000000E+00  1.050375162252994E+00  1.889262852121182E-01  2.813241406573551E+00  7.016858257522701E+00  2.338952752507569E+00  2.338952752507569E+00  7.016858257522707E+00 -7.105427357601002E-15  2.999999999999997E+00  1.737056743530727E+00  6.028619817634068E+00  7.765676561164796E+00  1.631327920543987E+18  5.661677931638213E+18
  0.000000000000000E+00  1.050013020925266E+00  1.844182675190353E-01  2.820184762220726E+00  6.907093935432088E+00  2.302364645144030E+00  2.302364645144030E+00  6.907093935432091E+00 -3.552713678800501E-15  2.999999999999999E+00  2.889811656257955E-03  1.120640906174925E+01  1.120929887340550E+01  2.702872141414390E+15  1.048147577116426E+19
  0.000000000000000E+00  1.049653301464948E+00  1.799409623853754E-01  2.827104398580700E+00  6.758787412595547E+00  2.252929137531842E+00  2.252929137531842E+00  6.758787412595527E+00  1.953992523340276E-14  3.000000000000009E+00 -1.324468545218651E-03  1.217454403903524E+01  1.217321957049002E+01 -1.231530605437775E+15  1.132025644961371E+19
  0.000000000000000E+00  1.049293582004630E+00  1.754636572517154E-01  2.834046969121878E+00  6.595939161011566E+00  2.198646387003830E+00  2.198646387003830E+00  6.595939161011492E+00  7.460698725481052E-14  3.000000000000034E+00 -1.892701107902454E-04  1.348451725900084E+01  1.348432798889005E+01 -1.750172337386062E+14  1.246907342695152E+19
  0.000000000000000E+00  1.048933862544312E+00  1.709863521180554E-01  2.841011915522836E+00  6.414191287552379E+00  2.138063762517416E+00  2.138063762517416E+00  6.414191287552249E+00  1.296740492762183E-13  3.000000000000060E+00  6.201976854853204E-03  1.513597646890858E+01  1.514217844576343E+01  5.701046962179465E+15  1.391345286949375E+19
  0.000000000000000E+00  1.048574143083994E+00  1.665090469843954E-01  2.847998667175177E+00  6.209185899090227E+00  2.069728633030022E+00  2.069728633030022E+00  6.209185899090066E+00  1.607602939657227E-13  3.000000000000078E+00  2.294006007206225E-03  1.712856941602086E+01  1.713086342202807E+01  2.093872830896324E+15  1.563424246478166E+19
  0.000000000000000E+00  1.048265440523122E+00  1.620421459830065E-01  2.854967684401295E+00  6.075764257336661E+00  2.025254752445507E+00  2.025254752445507E+00  6.075764257336521E+00  1.394440118929197E-13  3.000000000000069E+00  4.825564008288267E+00  4.744859120876542E+00  9.570423129164809E+00  4.375166517073447E+18  4.301994278437406E+18
  0.000000000000000E+00  1.048028895681406E+00  1.575703844569826E-01  2.861933869507740E+00  6.067072581952512E+00  2.022357527317478E+00  2.022357527317478E+00  6.067072581952432E+00  7.993605777301127E-14  3.000000000000039E+00  2.487914942227274E+01 -2.522938608888925E+00  2.235621081338382E+01  2.246057591156909E+19 -2.277676506675430E+18
  0.000000000000000E+00  1.047823014469173E+00  1.530965824999504E-01  2.868912445673656E+00  6.118223248138725E+00  2.039407749379569E+00  2.039407749379569E+00  6.118223248138708E+00  1.687538997430238E-14  3.000000000000008E+00  4.349028035066041E+01 -4.679023007228477E+00  3.881125734343193E+01  3.919322317525089E+19 -4.216712136270570E+18
  0.000000000000000E+00  1.047606302796753E+00  1.486235602055364E-01  2.875916915515750E+00  6.164328631096248E+00  2.054776210365419E+00  2.054776210365419E+00  6.164328631096259E+00 -1.065814103640150E-14  2.999999999999995E+00  3.609256281750093E+01 -1.727958490021942E+00  3.436460432747899E+01  3.255390790503854E+19 -1.558542734477913E+18
  0.000000000000000E+00  1.047371596563644E+00  1.441755952952011E-01  2.882911588632858E+00  6.183817199697967E+00  2.061272399899326E+00  2.061272399899326E+00  6.183817199697978E+00 -1.154631945610163E-14  2.999999999999994E+00  3.401569454328938E+01 -1.349658817842434E+00  3.266603572544695E+01  3.073753980233564E+19 -1.219589727330418E+18
  0.000000000000000E+00  1.047136890330534E+00  1.397276303848658E-01  2.889926764888422E+00  6.198288888847650E+00  2.066096296282556E+00  2.066096296282556E+00  6.198288888847667E+00 -1.776356839400250E-14  2.999999999999992E+00  3.171225169918749E+01 -9.335717731272216E-01  3.077867992606027E+01  2.869577003908356E+19 -8.447700646032846E+17
  0.000000000000000E+00  1.046902184097426E+00  1.352796654745305E-01  2.896961841115141E+00  6.207263805826301E+00  2.069087935275441E+00  2.069087935275441E+00  6.207263805826322E+00 -2.131628207280301E-14  2.999999999999990E+00  2.929119964882245E+01 -4.797228788569279E-01  2.881147676996553E+01  2.653529756487558E+19 -4.345875038156414E+17
  0.000000000000000E+00  1.046667477864317E+00  1.308317005641952E-01  2.904016202841090E+00  6.210262057914924E+00  2.070087352638316E+00  2.070087352638316E+00  6.210262057914949E+00 -2.575717417130363E-14  2.999999999999988E+00  2.683734189624606E+01  1.186234198782859E-02  2.684920423823389E+01  2.433968386529359E+19  1.075835509350993E+16
  0.000000000000000E+00  1.046433734298362E+00  1.264019511721432E-01  2.911060221026810E+00  6.206517916717700E+00  2.068839305572576E+00  2.068839305572576E+00  6.206517916717729E+00 -2.930988785010413E-14  2.999999999999986E+00  2.438180186529534E+01  5.876469358161736E-01  2.496944880111151E+01  2.213745118657522E+19  5.335538951732624E+17
  0.000000000000000E+00  1.046199990073916E+00  1.219722018148315E-01  2.918122118393089E+00  6.195322754585302E+00  2.065107584861779E+00  2.065107584861779E+00  6.195322754585337E+00 -3.552713678800501E-14  2.999999999999983E+00  2.188931806094912E+01  1.194310474415713E+00  2.308362853536483E+01  1.989468558410573E+19  1.085480658289384E+18
  0.000000000000000E+00  1.045966239754683E+00  1.175424527791410E-01  2.925201257533270E+00  6.176284173335771E+00  2.058761391111937E+00  2.058761391111937E+00  6.176284173335811E+00 -4.085620730620576E-14  2.999999999999980E+00  1.936645187850887E+01  1.831832077593911E+00  2.119828395610278E+01  1.761879216542395E+19  1.666524609647232E+18
  0.000000000000000E+00  1.045732477904370E+00  1.131127043519521E-01  2.932296990766231E+00  6.149009774787145E+00  2.049669924929063E+00  2.049669924929063E+00  6.149009774787190E+00 -4.529709940470639E-14  2.999999999999978E+00  1.682108192771902E+01  2.500190851116384E+00  1.932127277883541E+01  1.531795800768423E+19  2.276774979942705E+18
  0.000000000000000E+00  1.045484558065765E+00  1.086951135554283E-01  2.939393940706973E+00  6.080914893594723E+00  2.026971631198248E+00  2.026971631198248E+00  6.080914893594745E+00 -2.309263891220326E-14  2.999999999999988E+00  3.417438232987707E+00  7.490205768250680E+00  1.090764400123839E+01  3.114905958959602E+18  6.827127512107269E+18
  0.000000000000000E+00  1.045231046421089E+00  1.042776233005526E-01  2.946507348792574E+00  5.981613573617653E+00  1.993871191205876E+00  1.993871191205876E+00  5.981613573617627E+00  2.575717417130363E-14  3.000000000000013E+00  6.580236539883453E+00  7.459168728829419E+00  1.403940526871287E+01  6.002562524006880E+18  6.804333917258930E+18
  0.000000000000000E+00  1.045007855489941E+00  9.985894975123336E-02  2.953627491432206E+00  5.914260812148192E+00  1.971420270716039E+00  1.971420270716039E+00  5.914260812148118E+00  7.371880883511039E-14  3.000000000000037E+00  2.621426574673291E+01  2.410093261123085E+00  2.862435900785599E+01  2.393072922268686E+19  2.200148949071632E+18
  0.000000000000000E+00  1.044850897791921E+00  9.543780907137905E-02  2.960746249561768E+00  5.942011606478591E+00  1.980670535492832E+00  1.980670535492832E+00  5.942011606478496E+00  9.414691248821327E-14  3.000000000000047E+00  6.242692363757644E+01 -7.655881877323144E+00  5.477104176025330E+01  5.703005659684116E+19 -6.994023593045660E+18
  0.000000000000000E+00  1.044739154537141E+00  9.102002731826252E-02  2.967861747091465E+00  6.029868779330712E+00  2.009956259776831E+00  2.009956259776831E+00  6.029868779330493E+00  2.193800696659309E-13  3.000000000000109E+00  6.034207609544760E+01 -6.333938600784001E+00  5.400813749466359E+01  5.516528522065591E+19 -5.790545372182388E+18
  0.000000000000000E+00  1.044627411282362E+00  8.660224556514601E-02  2.974992419406788E+00  6.101611653763917E+00  2.033870551254474E+00  2.033870551254474E+00  6.101611653763424E+00  4.920508445138694E-13  3.000000000000242E+00  5.829233168619110E+01 -5.091140757840645E+00  5.320119092835046E+01  5.333008973156572E+19 -4.657748036453850E+18
  0.000000000000000E+00  1.044515668027583E+00  8.218446381202947E-02  2.982137587712429E+00  6.158231854999930E+00  2.052743951666388E+00  2.052743951666388E+00  6.158231854999165E+00  7.647216193618078E-13  3.000000000000373E+00  5.620531088027801E+01 -3.927463040746399E+00  5.227784783953160E+01  5.145885999795015E+19 -3.595794909690799E+18
  0.000000000000000E+00  1.044403924772803E+00  7.776668205891295E-02  2.989296564531011E+00  6.200721008260478E+00  2.066907002753196E+00  2.066907002753196E+00  6.200721008259589E+00  8.890665981198254E-13  3.000000000000430E+00  5.401985651207143E+01 -2.842880141754698E+00  5.117697637031674E+01  4.949597968022043E+19 -2.604803989032237E+18
  0.000000000000000E+00  1.044292337418544E+00  7.335506384985681E-02  2.996458638992305E+00  6.229846720947689E+00  2.076615573648886E+00  2.076615573648886E+00  6.229846720946657E+00  1.032063323691546E-12  3.000000000000497E+00  5.164739882768813E+01 -1.813617881456327E+00  4.983378094623180E+01  4.735960532964289E+19 -1.663050396228434E+18
  0.000000000000000E+00  1.044180750064285E+00  6.894344564080067E-02  3.003633088810258E+00  6.246746796375775E+00  2.082248932124808E+00  2.082248932124808E+00  6.246746796374426E+00  1.348254841104790E-12  3.000000000000647E+00  4.910894757028022E+01 -8.958064776698326E-01  4.821314109261039E+01  4.506716017350475E+19 -8.220793971573821E+17
  0.000000000000000E+00  1.044069162710026E+00  6.453182743174453E-02  3.010819205668861E+00  6.252818504497958E+00  2.084272834832097E+00  2.084272834832098E+00  6.252818504496294E+00  1.663558180098335E-12  3.000000000000798E+00  4.651137231004694E+01 -8.941026999332920E-02  4.642196204005361E+01  4.271533267082646E+19 -8.211302391799102E+16
  0.000000000000000E+00  1.043957575355767E+00  6.012020922268839E-02  3.018016274127566E+00  6.249459115267463E+00  2.083153038421885E+00  2.083153038421885E+00  6.249459115265656E+00  1.806554905670055E-12  3.000000000000867E+00  4.394445942524401E+01  6.056064019750816E-01  4.455006582721909E+01  4.038567171413767E+19  5.565621163175780E+17
  0.000000000000000E+00  1.043846487327952E+00  5.572828329451263E-02  3.025191378691871E+00  6.238834551702058E+00  2.079611517233526E+00  2.079611517233526E+00  6.238834551700579E+00  1.478817068800709E-12  3.000000000000711E+00  4.146547175289123E+01  1.102153795435760E+00  4.256762554832699E+01  3.813119567075543E+19  1.013528612033610E+18
  0.000000000000000E+00  1.043735407783773E+00  5.133635715172723E-02  3.032375901702023E+00  6.221655992235469E+00  2.073885330744905E+00  2.073885330744905E+00  6.221655992234718E+00  7.513989430663059E-13  3.000000000000362E+00  3.903493287805392E+01  1.653182897941421E+00  4.068811577599534E+01  3.591689504918355E+19  1.521129723162659E+18
  0.000000000000000E+00  1.043624345759814E+00  4.694443056592573E-02  3.039569117799890E+00  6.197240486141197E+00  2.065746828713724E+00  2.065746828713724E+00  6.197240486141174E+00  2.309263891220326E-14  3.000000000000012E+00  3.662145680551088E+01  2.258676314107993E+00  3.888013311961887E+01  3.371423559455311E+19  2.079369638135601E+18
  0.000000000000000E+00  1.043513310292657E+00  4.255250330870167E-02  3.046770296700555E+00  6.164905082692750E+00  2.054968360897686E+00  2.054968360897686E+00  6.164905082693060E+00 -3.099742684753437E-13  2.999999999999849E+00  3.420018026038658E+01  2.918616674006483E+00  3.711879693439306E+01  3.150062499198387E+19  2.688238735680578E+18
  0.000000000000000E+00  1.043406176584306E+00  3.889217196597761E-02  3.052779607020332E+00  6.103570684587798E+00  2.034523561529354E+00  2.034523561529354E+00  6.103570684588062E+00 -2.646771690706373E-13  2.999999999999869E+00  1.891167375977141E+01  7.946913827524402E+00  2.685858758729580E+01  1.742456712361032E+19  7.322013649992222E+18
  0.000000000000000E+00  1.043291547017848E+00  3.523186294129346E-02  3.058794209848195E+00  6.017750252719620E+00  2.005916750906593E+00  2.005916750906593E+00  6.017750252719781E+00 -1.616484723854228E-13  2.999999999999920E+00  2.177527436740684E+01  7.611721376012356E+00  2.938699574341919E+01  2.006751468245377E+19  7.014760314593709E+18
  0.000000000000000E+00  1.043201992544203E+00  3.157126365720447E-02  3.064809854771193E+00  5.963397777044270E+00  1.987799259014775E+00  1.987799259014775E+00  5.963397777044325E+00 -5.506706202140776E-14  2.999999999999972E+00  4.271113953354492E+01  1.913985632590449E+00  4.462512516613537E+01  3.936819457617596E+19  1.764180483656886E+18
  0.000000000000000E+00  1.043170084114290E+00  2.791006153626600E-02  3.070823572405577E+00  5.996467247517798E+00  1.998822415839268E+00  1.998822415839268E+00  5.996467247517804E+00 -6.217248937900877E-15  2.999999999999997E+00  8.188245505945295E+01 -9.147065859582270E+00  7.273538919987068E+01  7.548589689792771E+19 -8.432508159332109E+18
  0.000000000000000E+00  1.043177863373349E+00  2.424483371054032E-02  3.076844174356836E+00  6.083716733292428E+00  2.027905577764147E+00  2.027905577764147E+00  6.083716733292442E+00 -1.332267629550188E-14  2.999999999999993E+00  8.021018591815076E+01 -7.598595504781499E+00  7.261159041336926E+01  7.395692076067535E+19 -7.006201509282144E+18
  0.000000000000000E+00  1.043185642632408E+00  2.057960588481464E-02  3.082869635234095E+00  6.155938729271699E+00  2.051979576423909E+00  2.051979576423909E+00  6.155938729271726E+00 -2.753353101070388E-14  2.999999999999987E+00  7.848250643314765E+01 -6.269256772452874E+00  7.221324966069477E+01  7.237592514592185E+19 -5.781457289085395E+18
  0.000000000000000E+00  1.043193421891466E+00  1.691437805908896E-02  3.088899522900582E+00  6.215421913456866E+00  2.071807304485635E+00  2.071807304485635E+00  6.215421913456906E+00 -4.085620730620576E-14  2.999999999999980E+00  7.670543909203631E+01 -5.159054565447610E+00  7.154638452658871E+01  7.074841034515771E+19 -4.758396714884865E+18
  0.000000000000000E+00  1.043201201150525E+00  1.324915023336328E-02  3.094933403296860E+00  6.264454963849178E+00  2.088151654616406E+00  2.088151654616406E+00  6.264454963849220E+00 -4.174438572590589E-14  2.999999999999980E+00  7.488460599925435E+01 -4.267993786616940E+00  7.061661221263741E+01  6.907951762887401E+19 -3.937136986812288E+18
  0.000000000000000E+00  1.043208995130094E+00  9.576986782696317E-03  3.100982268222547E+00  6.305039044027452E+00  2.101679681342500E+00  2.101679681342500E+00  6.305039044027501E+00 -4.884981308350689E-14  2.999999999999977E+00  7.301259205322839E+01 -3.501609202157397E+00  6.951098285107099E+01  6.736259477047036E+19 -3.230641114035740E+18
  0.000000000000000E+00  1.043216789109663E+00  5.904823332029355E-03  3.107034263717468E+00  6.337974696507215E+00  2.112658232169095E+00  2.112658232169095E+00  6.337974696507285E+00 -6.927791673660977E-14  2.999999999999968E+00  7.108925322869912E+01 -2.806014280778194E+00  6.828323894792094E+01  6.559768832314737E+19 -2.589252831628836E+18
  0.000000000000000E+00  1.043224583089231E+00  2.232659881362395E-03  3.113088948572080E+00  6.364002688976200E+00  2.121334229658764E+00  2.121334229658764E+00  6.364002688976290E+00 -9.059419880941277E-14  2.999999999999957E+00  6.911939693066842E+01 -2.181210609366620E+00  6.693818632130180E+01  6.378924171655794E+19 -2.013006145513290E+18
  0.000000000000000E+00  1.043232377068800E+00 -1.439503569304565E-03  3.119145880396027E+00  6.383863789122131E+00  2.127954596374078E+00  2.127954596374078E+00  6.383863789122234E+00 -1.030286966852145E-13  2.999999999999952E+00  6.710756867103218E+01 -1.627199774809726E+00  6.548036889622246E+01  6.194145752272935E+19 -1.501933801632113E+18
  0.000000000000000E+00  1.043240190722022E+00 -5.120936337136019E-03  3.125219911247766E+00  6.398155516915480E+00  2.132718505638522E+00  2.132718505638522E+00  6.398155516915568E+00 -8.792966355031240E-14  2.999999999999959E+00  6.505217639912516E+01 -1.096515413366598E+00  6.395566098575856E+01  6.005301561642515E+19 -1.012249872141722E+18
  0.000000000000000E+00  1.043248004375243E+00 -8.802369104967475E-03  3.131295307262528E+00  6.406836634793388E+00  2.135612211597815E+00  2.135612211597815E+00  6.406836634793447E+00 -5.950795411990839E-14  2.999999999999972E+00  6.296118814557786E+01 -5.573904766572564E-01  6.240379766892060E+01  5.813129075724466E+19 -5.146317726559284E+17
  0.000000000000000E+00  1.043255818028465E+00 -1.248380187279893E-02  3.137371620291446E+00  6.409818695038641E+00  2.136606231679557E+00  2.136606231679556E+00  6.409818695038671E+00 -2.930988785010413E-14  2.999999999999986E+00  6.083737530578420E+01 -9.824775207170360E-03  6.082755053057702E+01  5.617873111897344E+19 -9.072439464946860E+15
  0.000000000000000E+00  1.043263631681686E+00 -1.616523464063038E-02  3.143448401779537E+00  6.407013249934025E+00  2.135671083311347E+00  2.135671083311347E+00  6.407013249934040E+00 -1.509903313490213E-14  2.999999999999993E+00  5.868341174021838E+01  5.461818804580141E-01  5.922959362067638E+01  5.419770767825143E+19  5.044322580845053E+17
  0.000000000000000E+00  1.043271509130148E+00 -1.985828234600945E-02  3.149544375371066E+00  6.398325011140201E+00  2.132775003713403E+00  2.132775003713403E+00  6.398325011140210E+00 -8.881784197001252E-15  2.999999999999996E+00  5.653476158287295E+01  1.117757920393850E+00  5.765251950326681E+01  5.222087044168780E+19  1.032467280515440E+18
  0.000000000000000E+00  1.043279448010872E+00 -2.355132992021440E-02  3.155639917747099E+00  6.383230257830573E+00  2.127743419276854E+00  2.127743419276854E+00  6.383230257830563E+00  9.769962616701378E-15  3.000000000000004E+00  5.434604001465426E+01  1.763981940838876E+00  5.611002195549313E+01  5.020602308176550E+19  1.629603886754095E+18
  0.000000000000000E+00  1.043287423043399E+00 -2.724437741698121E-02  3.161734577169828E+00  6.360943671127569E+00  2.120314557042512E+00  2.120314557042512E+00  6.360943671127536E+00  3.286260152890463E-14  3.000000000000016E+00  5.212288432816280E+01  2.484855699953935E+00  5.460774002811673E+01  4.815813108079174E+19  2.295843909209313E+18
  0.000000000000000E+00  1.043295408947266E+00 -3.093742489004583E-02  3.167827901277369E+00  6.330679932153611E+00  2.110226644051190E+00  2.110226644051190E+00  6.330679932153570E+00  4.085620730620576E-14  3.000000000000020E+00  4.987033922901396E+01  3.280380905490306E+00  5.315072013450427E+01  4.608166474589911E+19  3.031168736019086E+18
  0.000000000000000E+00  1.043311046748640E+00 -3.464486996706058E-02  3.173943588898627E+00  6.304089310029756E+00  2.101363103343241E+00  2.101363103343241E+00  6.304089310029725E+00  3.108624468950438E-14  3.000000000000015E+00  5.668880702949173E+01  1.616728614193861E+00  5.830553564368560E+01  5.238648287622942E+19  1.494029073833135E+18
  0.000000000000000E+00  1.043345987468239E+00 -3.835226308460748E-02  3.180058311170040E+00  6.299439918290142E+00  2.099813306096708E+00  2.099813306096708E+00  6.299439918290126E+00  1.598721155460225E-14  3.000000000000008E+00  6.691500295566912E+01 -8.743188014660018E-01  6.604068415420312E+01  6.184147908962038E+19 -8.080275796198093E+17
  0.000000000000000E+00  1.043406313593741E+00 -4.205925359794933E-02  3.186172064454893E+00  6.325472086708498E+00  2.108490695569499E+00  2.108490695569499E+00  6.325472086708499E+00 -8.881784197001252E-16  3.000000000000000E+00  8.059929440969508E+01 -4.193310779903064E+00  7.640598362979200E+01  7.449526568515638E+19 -3.875738651773278E+18
  0.000000000000000E+00  1.043498107612828E+00 -4.576549086234893E-02  3.192285090712790E+00  6.390926145058556E+00  2.130308715019520E+00  2.130308715019520E+00  6.390926145058563E+00 -7.105427357601002E-15  2.999999999999997E+00  9.781742656606613E+01 -8.340703865052873E+00  8.947672270101326E+01  9.042106578231409E+19 -7.710030403870576E+18
  0.000000000000000E+00  1.043608183423840E+00 -4.948883557751962E-02  3.198426054534044E+00  6.471119629506726E+00  2.157039876502246E+00  2.157039876502246E+00  6.471119629506738E+00 -1.243449787580175E-14  2.999999999999994E+00  9.577398182351183E+01 -6.813817158521901E+00  8.896016466498993E+01  8.854653821329760E+19 -6.299622401805234E+18
  0.000000000000000E+00  1.043718259234852E+00 -5.321218029269031E-02  3.204564961150895E+00  6.536299953717870E+00  2.178766651239298E+00  2.178766651239298E+00  6.536299953717895E+00 -2.575717417130363E-14  2.999999999999988E+00  9.365974282110710E+01 -5.511925954900565E+00  8.814781686620654E+01  8.660728376532559E+19 -5.096884967763931E+18
  0.000000000000000E+00  1.043828335045864E+00 -5.693552500786100E-02  3.210701349160354E+00  6.588857287025416E+00  2.196285762341818E+00  2.196285762341818E+00  6.588857287025456E+00 -3.996802888650564E-14  2.999999999999982E+00  9.148078276560342E+01 -4.435101543652637E+00  8.704568122195079E+01  8.460832205945741E+19 -4.101916144872023E+18
  0.000000000000000E+00  1.043938410856877E+00 -6.065886972303168E-02  3.216834758296549E+00  6.631181798762787E+00  2.210393932920945E+00  2.210393932920945E+00  6.631181798762834E+00 -4.707345624410664E-14  2.999999999999979E+00  8.924285781270052E+01 -3.583415214241924E+00  8.565944259845858E+01  8.255442408267596E+19 -3.314851031347638E+18
  0.000000000000000E+00  1.044049039211182E+00 -6.440090436772286E-02  3.222995490573511E+00  6.665255550557429E+00  2.221751850185823E+00  2.221751850185823E+00  6.665255550557472E+00 -4.263256414560601E-14  2.999999999999981E+00  8.693884125711712E+01 -2.822276585564642E+00  8.411656467155247E+01  8.043846244273127E+19 -2.611256210093054E+18
  0.000000000000000E+00  1.044159667565487E+00 -6.814293901241404E-02  3.229152286163066E+00  6.691595730388441E+00  2.230531910129490E+00  2.230531910129490E+00  6.691595730388471E+00 -3.019806626980426E-14  2.999999999999986E+00  8.458306484551159E+01 -2.132778396630723E+00  8.245028644888086E+01  7.827308958971424E+19 -1.973671145865819E+18
  0.000000000000000E+00  1.044270295919792E+00 -7.188497365710524E-02  3.235304682559072E+00  6.710967511154947E+00  2.236989170384989E+00  2.236989170384989E+00  6.710967511154966E+00 -1.953992523340276E-14  2.999999999999991E+00  8.217916997576485E+01 -1.514943469574540E+00  8.066422650619030E+01  7.606132670345101E+19 -1.402163227135907E+18
  0.000000000000000E+00  1.044380924274097E+00 -7.562700830179642E-02  3.241452219248044E+00  6.724136065756066E+00  2.241378688585360E+00  2.241378688585360E+00  6.724136065756079E+00 -1.332267629550188E-14  2.999999999999994E+00  7.973067778252707E+01 -9.687946265304641E-01  7.876188315599660E+01  7.380613384417439E+19 -8.968064471777789E+17
  0.000000000000000E+00  1.044492178669193E+00 -7.939009983598681E-02  3.247628985635776E+00  6.731429022632761E+00  2.243809674210926E+00  2.243809674210926E+00  6.731429022632780E+00 -1.953992523340276E-14  2.999999999999991E+00  7.722789461060383E+01 -3.944943561861433E-01  7.683340025441768E+01  7.149846288186818E+19 -3.652273602057856E+17
  0.000000000000000E+00  1.044603433685666E+00 -8.315319135182586E-02  3.253799910485318E+00  6.732629731867729E+00  2.244209910622585E+00  2.244209910622585E+00  6.732629731867758E+00 -2.842170943040401E-14  2.999999999999987E+00  7.468169781185993E+01  1.684454567596647E-01  7.485014326861959E+01  6.914837691998251E+19  1.559649857428144E+17
  0.000000000000000E+00  1.044714679700531E+00 -8.691628313374256E-02  3.259964531415474E+00  6.727861199162021E+00  2.242620399720686E+00  2.242620399720686E+00  6.727861199162058E+00 -3.730349362740526E-14  2.999999999999984E+00  7.210081211626384E+01  7.200211377856509E-01  7.282083325404949E+01  6.676398659836190E+19  6.667259380676928E+17
  0.000000000000000E+00  1.044825907090803E+00 -9.067937546616589E-02  3.266122388517379E+00  6.717246430216691E+00  2.239082143405577E+00  2.239082143405577E+00  6.717246430216733E+00 -4.174438572590589E-14  2.999999999999981E+00  6.949307404388141E+01  1.260228992386529E+00  7.075330303626794E+01  6.435260519892505E+19  1.167008654072195E+18
  0.000000000000000E+00  1.044937814585965E+00 -9.446590398713074E-02  3.272311308598424E+00  6.699723378612400E+00  2.233241126204144E+00  2.233241126204144E+00  6.699723378612433E+00 -3.375077994860476E-14  2.999999999999985E+00  6.686545489686198E+01  1.988693582863780E+00  6.885414847972577E+01  6.192071060837218E+19  1.841628386783233E+18
  0.000000000000000E+00  1.045049722081127E+00 -9.825243250809559E-02  3.278492461570091E+00  6.674460782765710E+00  2.224820260921909E+00  2.224820260921909E+00  6.674460782765729E+00 -1.953992523340276E-14  2.999999999999992E+00  6.423402441751868E+01  2.697172190669909E+00  6.693119660818859E+01  5.948303502666833E+19  2.497679218224693E+18
  0.000000000000000E+00  1.045161629576289E+00 -1.020389610290604E-01  3.284665390646321E+00  6.641675657607171E+00  2.213891885869058E+00  2.213891885869058E+00  6.641675657607175E+00 -4.440892098500626E-15  2.999999999999998E+00  6.161597904175505E+01  3.385658345187765E+00  6.500163738694282E+01  5.705541098933808E+19  3.135065470975725E+18
  0.000000000000000E+00  1.045273537071451E+00 -1.058254895500253E-01  3.290829642762342E+00  6.601585018067337E+00  2.200528339355778E+00  2.200528339355778E+00  6.601585018067334E+00  2.664535259100376E-15  3.000000000000001E+00  5.902546412866550E+01  4.054145575800082E+00  6.307960970446558E+01  5.465090096791125E+19  3.753680070851738E+18
  0.000000000000000E+00  1.045423061742708E+00 -1.096400887541718E-01  3.297039684165846E+00  6.613521635301244E+00  2.204507211767080E+00  2.204507211767080E+00  6.613521635301241E+00  2.664535259100376E-15  3.000000000000001E+00  9.402119165631144E+01 -5.452006893062535E+00  8.856918476324891E+01  8.704491875688486E+19 -5.047473752548932E+18
  0.000000000000000E+00  1.045627146577586E+00 -1.134524545148706E-01  3.303251487059640E+00  6.702521266598842E+00  2.234173755532946E+00  2.234173755532946E+00  6.702521266598838E+00  3.552713678800501E-15  3.000000000000001E+00  1.137671928357530E+02 -1.014571067235302E+01  1.036214821633999E+02  1.053232534177800E+20 -9.392683686855420E+18
  0.000000000000000E+00  1.045857400639577E+00 -1.172636872774940E-01  3.309460240710393E+00  6.816332835633861E+00  2.272110945211286E+00  2.272110945211286E+00  6.816332835633857E+00  3.552713678800501E-15  3.000000000000001E+00  1.179947973874046E+02 -1.002653638481357E+01  1.079682610025910E+02  1.092402004319360E+20 -9.282619815168659E+18
  0.000000000000000E+00  1.046085432992178E+00 -1.210748874874143E-01  3.315660002683752E+00  6.902705266080034E+00  2.300901755360010E+00  2.300901755360010E+00  6.902705266080030E+00  3.552713678800501E-15  3.000000000000001E+00  1.063389790946631E+02 -5.091985982064614E+00  1.012469931125985E+02  9.845560260528439E+19 -4.714494652760806E+18
  0.000000000000000E+00  1.046304544973855E+00 -1.249154314299538E-01  3.321895457745068E+00  6.952641166929356E+00  2.317547055643117E+00  2.317547055643117E+00  6.952641166929354E+00  2.664535259100376E-15  3.000000000000001E+00  1.035619817943463E+02 -4.056357160373937E+00  9.950562463397240E+01  9.589288502539415E+19 -3.755970908070312E+18
  0.000000000000000E+00  1.046523656955532E+00 -1.287559753724934E-01  3.328121289921252E+00  6.991582329748467E+00  2.330527443249488E+00  2.330527443249488E+00  6.991582329748464E+00  2.664535259100376E-15  3.000000000000001E+00  1.006966864276609E+02 -3.081451691382473E+00  9.761523473627844E+01  9.324930308086291E+19 -2.853551918068180E+18
  0.000000000000000E+00  1.046742768937209E+00 -1.325965193150330E-01  3.334337039984669E+00  7.020196933749103E+00  2.340065644583033E+00  2.340065644583033E+00  7.020196933749100E+00  3.552713678800501E-15  3.000000000000001E+00  9.776249662879979E+01 -2.167307988992328E+00  9.559518863980746E+01  9.054223968756947E+19 -2.007241285594577E+18
  0.000000000000000E+00  1.046961880918886E+00 -1.364370632575725E-01  3.340542253309583E+00  7.039153158142994E+00  2.346384386047663E+00  2.346384386047663E+00  7.039153158142989E+00  5.329070518200751E-15  3.000000000000002E+00  9.477721969589341E+01 -1.313964467105557E+00  9.346325522878784E+01  8.778765605365344E+19 -1.217063141070203E+18
  0.000000000000000E+00  1.047182736719737E+00 -1.403081724577298E-01  3.346785732010235E+00  7.049705450248325E+00  2.349901816749440E+00  2.349901816749440E+00  7.049705450248320E+00  5.329070518200751E-15  3.000000000000002E+00  9.174465438000585E+01 -6.111162057923758E-01  9.113353817421348E+01  8.498858562413008E+19 -5.661136589730049E+17
  0.000000000000000E+00  1.047403592520588E+00 -1.441792816578870E-01  3.353017593004976E+00  7.052774622076916E+00  2.350924874025639E+00  2.350924874025639E+00  7.052774622076918E+00 -3.552713678800501E-15  2.999999999999999E+00  8.870468167555130E+01  4.564800543798730E-02  8.875032968098928E+01  8.218148121874227E+19  4.229112410657533E+16
  0.000000000000000E+00  1.047624448321439E+00 -1.480503908580442E-01  3.359237386033845E+00  7.048871010835128E+00  2.349623670278378E+00  2.349623670278377E+00  7.048871010835134E+00 -5.329070518200751E-15  2.999999999999998E+00  8.565643214425337E+01  6.562988270862328E-01  8.631273097133960E+01  7.936532032741753E+19  6.080963838709428E+17
  0.000000000000000E+00  1.047845304122290E+00 -1.519215000582014E-01  3.365444666313370E+00  7.038504953729314E+00  2.346168317909774E+00  2.346168317909774E+00  7.038504953729321E+00 -7.105427357601002E-15  2.999999999999997E+00  8.259925928753769E+01  1.220806919653204E+00  8.382006620719089E+01  7.653932525460626E+19  1.131241838030725E+18
  0.000000000000000E+00  1.048068050341797E+00 -1.558255394307588E-01  3.371691635198077E+00  7.021898837563240E+00  2.340632945854416E+00  2.340632945854416E+00  7.021898837563249E+00 -8.881784197001252E-15  2.999999999999996E+00  7.951951570310229E+01  1.775602182411641E+00  8.129511788551392E+01  7.369062241006368E+19  1.645448023892789E+18
  0.000000000000000E+00  1.048290815377841E+00 -1.597295777297205E-01  3.377924992110444E+00  6.999082301381274E+00  2.333027433793760E+00  2.333027433793760E+00  6.999082301381281E+00 -7.105427357601002E-15  2.999999999999997E+00  7.643289810698748E+01  2.341587205424075E+00  7.877448531241156E+01  7.083339995733005E+19  2.170041790442160E+18
  0.000000000000000E+00  1.048513592542137E+00 -1.636336153366617E-01  3.384144297297776E+00  6.969933893180936E+00  2.323311297726980E+00  2.323311297726980E+00  6.969933893180941E+00 -4.440892098500626E-15  2.999999999999998E+00  7.334453054932546E+01  2.918768983848849E+00  7.626329953317430E+01  6.797226276362277E+19  2.704977874022412E+18
  0.000000000000000E+00  1.048736375146394E+00 -1.675376526331575E-01  3.390349117068602E+00  6.934332160959751E+00  2.311444053653251E+00  2.311444053653251E+00  6.934332160959755E+00 -4.440892098500626E-15  2.999999999999998E+00  7.025887638626706E+01  3.507154499046341E+00  7.376603088531341E+01  6.511126408430227E+19  3.250198046385068E+18
  0.000000000000000E+00  1.048971283338852E+00 -1.714795573374197E-01  3.396603042427360E+00  6.908624103954738E+00  2.302874701318251E+00  2.302874701318251E+00  6.908624103954754E+00 -1.687538997430238E-14  2.999999999999993E+00  7.789868058628733E+01  1.044382069967381E+00  7.894306265625471E+01  7.218788403393112E+19  9.678178267783607E+17
  0.000000000000000E+00  1.049228910114456E+00 -1.754201286247603E-01  3.402848892522587E+00  6.911918311628381E+00  2.303972770542805E+00  2.303972770542805E+00  6.911918311628414E+00 -3.286260152890463E-14  2.999999999999986E+00  8.776708002928969E+01 -1.676423483153502E+00  8.609065654613619E+01  8.132874056959143E+19 -1.553445899084965E+18
  0.000000000000000E+00  1.049513521915254E+00 -1.793587887467855E-01  3.409087800410725E+00  6.947090523215143E+00  2.315696841071733E+00  2.315696841071733E+00  6.947090523215199E+00 -5.595524044110789E-14  2.999999999999976E+00  9.988958406718587E+01 -4.655920504440863E+00  9.523366356274501E+01  9.255870247691357E+19 -4.314223197053743E+18
  0.000000000000000E+00  1.049829385183298E+00 -1.832949599551014E-01  3.415321064090564E+00  7.017016477949495E+00  2.339005492649853E+00  2.339005492649853E+00  7.017016477949561E+00 -6.572520305780927E-14  2.999999999999972E+00  1.142975584001927E+02 -7.894629019808011E+00  1.064029293803847E+02  1.059089584702939E+20 -7.315221328435781E+18
  0.000000000000000E+00  1.050165871013179E+00 -1.872719438921478E-01  3.421611210774118E+00  7.094745746116928E+00  2.364915248705662E+00  2.364915248705662E+00  7.094745746116988E+00 -6.039613253960852E-14  2.999999999999975E+00  1.112806300173909E+02 -5.920869148659641E+00  1.053597608687313E+02  1.031155608283843E+20 -5.486433198303275E+18
  0.000000000000000E+00  1.050502356843060E+00 -1.912489278291943E-01  3.427885717060545E+00  7.152054644817114E+00  2.384018214939053E+00  2.384018214939053E+00  7.152054644817160E+00 -4.618527782440651E-14  2.999999999999981E+00  1.082037529360628E+02 -4.283140804225743E+00  1.039206121318371E+02  1.002663850138580E+20 -3.968947779462205E+18
  0.000000000000000E+00  1.050838842672941E+00 -1.952259117662408E-01  3.434144149040516E+00  7.192752191749576E+00  2.397584063916537E+00  2.397584063916536E+00  7.192752191749610E+00 -3.463895836830488E-14  2.999999999999986E+00  1.050739351156731E+02 -2.981768105696708E+00  1.020921670099764E+02  9.736738406300131E+19 -2.763073068640344E+18
  0.000000000000000E+00  1.051175328502822E+00 -1.992028957032873E-01  3.440386080061137E+00  7.220647404613840E+00  2.406882468204622E+00  2.406882468204622E+00  7.220647404613867E+00 -2.842170943040401E-14  2.999999999999988E+00  1.018978581211414E+02 -2.017075172262887E+00  9.988078294887852E+01  9.442427554680622E+19 -1.869135086607442E+18
  0.000000000000000E+00  1.051515199342624E+00 -2.032198876551982E-01  3.446673626401299E+00  7.238734889961433E+00  2.412911629987153E+00  2.412911629987153E+00  7.238734889961462E+00 -2.930988785010413E-14  2.999999999999988E+00  9.865127627390332E+01 -1.167932788646441E+00  9.748334348525687E+01  9.141452019183293E+19 -1.082256809268135E+18
  0.000000000000000E+00  1.051855070182426E+00 -2.072368796071090E-01  3.452943486126838E+00  7.247518934781778E+00  2.415839644927267E+00  2.415839644927267E+00  7.247518934781803E+00 -2.575717417130363E-14  2.999999999999989E+00  9.537196866901914E+01 -3.850038454740827E-01  9.498696482354505E+01  8.837339348983287E+19 -3.567515361799634E+17
  0.000000000000000E+00  1.052194941022228E+00 -2.112538715590199E-01  3.459195242921509E+00  7.247760078836122E+00  2.415920026278715E+00  2.415920026278715E+00  7.247760078836145E+00 -2.309263891220326E-14  2.999999999999990E+00  9.206282100010804E+01  3.316469409543136E-01  9.239446794106237E+01  8.530364013141729E+19  3.072976799376913E+17
  0.000000000000000E+00  1.052534811862031E+00 -2.152708635109308E-01  3.465428488529222E+00  7.240218861885714E+00  2.413406287295245E+00  2.413406287295245E+00  7.240218861885737E+00 -2.220446049250313E-14  2.999999999999991E+00  8.872688061266105E+01  9.819548543388663E-01  8.970883546699990E+01  8.220816335407923E+19  9.098111475847542E+17
  0.000000000000000E+00  1.052878271011466E+00 -2.193301331002295E-01  3.471708130697086E+00  7.226304749991849E+00  2.408768249997293E+00  2.408768249997293E+00  7.226304749991881E+00 -3.197442310920451E-14  2.999999999999987E+00  8.535607240139122E+01  1.454240884518919E+00  8.681031328591014E+01  7.907935504569418E+19  1.347302283170208E+18
  0.000000000000000E+00  1.053221762300222E+00 -2.233893999703079E-01  3.477968070090003E+00  7.206384922611374E+00  2.402128307537144E+00  2.402128307537144E+00  7.206384922611432E+00 -5.861977570020827E-14  2.999999999999976E+00  8.199367862942097E+01  2.027374017409941E+00  8.402105264683091E+01  7.595698291153089E+19  1.878110802805630E+18
  0.000000000000000E+00  1.053565300365054E+00 -2.274486628816565E-01  3.484207917931830E+00  7.179303518471447E+00  2.393101172823843E+00  2.393101172823842E+00  7.179303518471529E+00 -8.171241461241152E-14  2.999999999999966E+00  7.864094508628122E+01  2.701452710649241E+00  8.134239779693047E+01  7.284188329717238E+19  2.502244891208331E+18
  0.000000000000000E+00  1.053908899842716E+00 -2.315079205947660E-01  3.490427294747672E+00  7.143904676299226E+00  2.381301558766439E+00  2.381301558766439E+00  7.143904676299318E+00 -9.237055564881302E-14  2.999999999999961E+00  7.529932452701854E+01  3.476575482943590E+00  7.877590000996214E+01  6.973517380601410E+19  3.219678225211804E+18
  0.000000000000000E+00  1.054250336126964E+00 -2.356144603584829E-01  3.496694494714978E+00  7.092622723993570E+00  2.364207574664550E+00  2.364207574664550E+00  7.092622723993650E+00 -8.082423619271140E-14  2.999999999999966E+00  6.797241963683871E+01  4.829153844374433E+00  7.280157348121314E+01  6.293484354804113E+19  4.471255301619586E+18
  0.000000000000000E+00  1.054595640180126E+00 -2.397208141295757E-01  3.502941726549586E+00  7.043807003862153E+00  2.347935667954066E+00  2.347935667954066E+00  7.043807003862199E+00 -4.529709940470639E-14  2.999999999999981E+00  7.237052010360748E+01  3.053898627713719E+00  7.542441873132120E+01  6.698714000439194E+19  2.826730202311783E+18
  0.000000000000000E+00  1.054969024004794E+00 -2.438244030112503E-01  3.509178603965061E+00  7.033800959775887E+00  2.344600319925300E+00  2.344600319925300E+00  7.033800959775901E+00 -1.332267629550188E-14  2.999999999999994E+00  8.852755194611260E+01 -1.853174634704672E+00  8.667437731140791E+01  8.191716088857816E+19 -1.714797273487701E+18
  0.000000000000000E+00  1.055394699603557E+00 -2.479226481067127E-01  3.515415595322859E+00  7.098948035605686E+00  2.366316011868561E+00  2.366316011868561E+00  7.098948035605685E+00  8.881784197001252E-16  3.000000000000000E+00  1.165776996415730E+02 -9.896050130817970E+00  1.066816495107550E+02  1.078439289186535E+20 -9.154657624611235E+18
  0.000000000000000E+00  1.055860807421030E+00 -2.520727037044450E-01  3.521729897859848E+00  7.198641383612720E+00  2.399547127870908E+00  2.399547127870908E+00  7.198641383612726E+00 -6.217248937900877E-15  2.999999999999997E+00  1.134146425312161E+02 -7.151963443600778E+00  1.062626790876154E+02  1.048951148196503E+20 -6.614719315417841E+18
  0.000000000000000E+00  1.056326915238502E+00 -2.562227593021774E-01  3.528022354141497E+00  7.269271489408123E+00  2.423090496469380E+00  2.423090496469380E+00  7.269271489408141E+00 -1.865174681370263E-14  2.999999999999992E+00  1.101909983966978E+02 -4.958235172139393E+00  1.052327632245584E+02  1.018949793246281E+20 -4.584941399051046E+18
  0.000000000000000E+00  1.056793023055974E+00 -2.603728148999097E-01  3.534292581662737E+00  7.317334074408077E+00  2.439111358136036E+00  2.439111358136036E+00  7.317334074408108E+00 -3.108624468950438E-14  2.999999999999987E+00  1.069263647622794E+02 -3.315597071200694E+00  1.036107676910787E+02  9.886110047919042E+19 -3.065507519433731E+18
  0.000000000000000E+00  1.057259130873446E+00 -2.645228704976420E-01  3.540540207606832E+00  7.349324860028763E+00  2.449774953342933E+00  2.449774953342933E+00  7.349324860028801E+00 -3.819167204710538E-14  2.999999999999984E+00  1.036385608954433E+02 -2.224780895551572E+00  1.014137799998918E+02  9.580942596626547E+19 -2.056714978110835E+18
  0.000000000000000E+00  1.057730630462227E+00 -2.687209324790103E-01  3.546836737833834E+00  7.369675219980966E+00  2.456558406660358E+00  2.456558406660358E+00  7.369675219981076E+00 -1.101341240428155E-13  2.999999999999956E+00  1.003025034705682E+02 -1.222205802696336E+00  9.908029766787187E+01  9.271578190059228E+19 -1.129760102883998E+18
  0.000000000000000E+00  1.058202130051008E+00 -2.729189944603785E-01  3.553109403419576E+00  7.378803459849625E+00  2.459601153283297E+00  2.459601153283297E+00  7.378803459849893E+00 -2.673417043297377E-13  2.999999999999891E+00  9.696071082152335E+01 -3.352530918091423E-01  9.662545772971421E+01  8.961862827188286E+19 -3.098669755747455E+17
  0.000000000000000E+00  1.058673629639789E+00 -2.771170564417468E-01  3.559357849002018E+00  7.378092144170559E+00  2.459364048056995E+00  2.459364048056995E+00  7.378092144170984E+00 -4.254374630363600E-13  2.999999999999827E+00  9.361689071710795E+01  4.359214887142702E-01  9.405281220582222E+01  8.652077475060872E+19  4.028788463822048E+17
  0.000000000000000E+00  1.059145129228571E+00 -2.813151184231151E-01  3.565581729522132E+00  7.368923837479583E+00  2.456307945826693E+00  2.456307945826693E+00  7.368923837480081E+00 -4.973799150320701E-13  2.999999999999797E+00  9.027470968959453E+01  1.091162190478186E+00  9.136587188007272E+01  8.342506290527573E+19  1.008369616402031E+18
  0.000000000000000E+00  1.059622141831416E+00 -2.855622695972027E-01  3.571853047955019E+00  7.353374244741163E+00  2.451124748247193E+00  2.451124748247193E+00  7.353374244741580E+00 -4.165556788393587E-13  2.999999999999830E+00  8.690874212327840E+01  1.522394963100251E+00  8.843113708637865E+01  8.030766389542653E+19  1.406762772372447E+18
  0.000000000000000E+00  1.060099139572509E+00 -2.898094224406056E-01  3.578098537670686E+00  7.331943295108596E+00  2.443981098369613E+00  2.443981098369613E+00  7.331943295108839E+00 -2.433608869978343E-13  2.999999999999900E+00  8.356270757153439E+01  2.073759028973689E+00  8.563646660050807E+01  7.720893603899264E+19  1.916078749497765E+18
  0.000000000000000E+00  1.060576101259625E+00 -2.940565793327418E-01  3.584317862624030E+00  7.303196098095619E+00  2.434398699365229E+00  2.434398699365229E+00  7.303196098095688E+00 -6.927791673660977E-14  2.999999999999972E+00  8.023545255793165E+01  2.745415947945948E+00  8.298086850587761E+01  7.412754450303507E+19  2.536421698547364E+18
  0.000000000000000E+00  1.061053005700542E+00 -2.983037426530288E-01  3.590510696912388E+00  7.265697763215964E+00  2.421899254405318E+00  2.421899254405318E+00  7.265697763215952E+00  1.154631945610163E-14  3.000000000000004E+00  7.692633737020350E+01  3.537527206169925E+00  8.046386457637342E+01  7.106267812638980E+19  3.267881531985841E+18
  0.000000000000000E+00  1.061526672254915E+00 -3.026038948771291E-01  3.596747350272846E+00  7.208073995300164E+00  2.402691331766749E+00  2.402691331766749E+00  7.208073995300247E+00 -8.437694987151190E-14  2.999999999999965E+00  6.780866031307082E+01  5.383769927872865E+00  7.319243024094368E+01  6.263034774678472E+19  4.972630062510809E+18
  0.000000000000000E+00  1.062001321706653E+00 -3.069041032565909E-01  3.602956877816669E+00  7.149583383431001E+00  2.383194461143764E+00  2.383194461143764E+00  7.149583383431294E+00 -2.922107000813412E-13  2.999999999999877E+00  7.138405656026190E+01  3.683601815156009E+00  7.506765837541789E+01  6.591975459081700E+19  3.401629710695743E+18
  0.000000000000000E+00  1.062505448823044E+00 -3.112005912049458E-01  3.609153423277673E+00  7.133193787581599E+00  2.377731262527366E+00  2.377731262527366E+00  7.133193787582099E+00 -5.000444502911705E-13  2.999999999999790E+00  8.768353191439913E+01 -1.568745231638716E+00  8.611478668276040E+01  8.095619061439637E+19 -1.448386432722082E+18
  0.000000000000000E+00  1.063067548371375E+00 -3.154895821357256E-01  3.615352027878474E+00  7.201873067725076E+00  2.400624355908556E+00  2.400624355908556E+00  7.201873067725669E+00 -5.933031843596837E-13  2.999999999999753E+00  1.168323890302713E+02 -1.037916892070851E+01  1.064532201095628E+02  1.078542749215079E+20 -9.581570209446107E+18
  0.000000000000000E+00  1.063676636009081E+00 -3.198342222514606E-01  3.621630936973313E+00  7.309546416358745E+00  2.436515472119734E+00  2.436515472119734E+00  7.309546416359204E+00 -4.591882429849647E-13  2.999999999999811E+00  1.137940611359188E+02 -7.292338934429770E+00  1.065017222014890E+02  1.050412520041841E+20 -6.731426966091261E+18
  0.000000000000000E+00  1.064285723646788E+00 -3.241788623671955E-01  3.627882011597916E+00  7.383401877862695E+00  2.461133959287618E+00  2.461133959287618E+00  7.383401877862857E+00 -1.625366508051229E-13  2.999999999999934E+00  1.107110720107294E+02 -4.870784420879502E+00  1.058402875898499E+02  1.021889751340258E+20 -4.495850857809581E+18
  0.000000000000000E+00  1.064894811284494E+00 -3.285235024829305E-01  3.634104951165062E+00  7.431633964777115E+00  2.477211321592326E+00  2.477211321592327E+00  7.431633964776982E+00  1.332267629550188E-13  3.000000000000054E+00  1.076247278564548E+02 -3.115653666968829E+00  1.045090741894859E+02  9.933404041367432E+19 -2.875644597981974E+18
  0.000000000000000E+00  1.065503898922201E+00 -3.328681425986654E-01  3.640299466502519E+00  7.462437189642197E+00  2.487479063213975E+00  2.487479063213975E+00  7.462437189641927E+00  2.691180611691379E-13  3.000000000000108E+00  1.045720385655453E+02 -2.028094959608914E+00  1.025439436059364E+02  9.650922974610419E+19 -1.871722929845438E+18
  0.000000000000000E+00  1.066119311642761E+00 -3.372578997172737E-01  3.646529157288009E+00  7.481118005918486E+00  2.493706001972742E+00  2.493706001972742E+00  7.481118005918225E+00  2.611244553918368E-13  3.000000000000105E+00  1.015318699009899E+02 -1.017993084845832E+00  1.005138768161441E+02  9.369428932356858E+19 -9.394108343907055E+17
  0.000000000000000E+00  1.066734724363321E+00 -3.416476568358820E-01  3.652729271998641E+00  7.488192193812792E+00  2.496064064604183E+00  2.496064064604183E+00  7.488192193812549E+00  2.433608869978343E-13  3.000000000000098E+00  9.851767151922500E+01 -1.509821126570412E-01  9.836668940656794E+01  9.090195042212435E+19 -1.393107277885643E+17
  0.000000000000000E+00  1.067350137083881E+00 -3.460374139544903E-01  3.658899547488314E+00  7.485441496640272E+00  2.495147165546682E+00  2.495147165546682E+00  7.485441496640047E+00  2.247091401841317E-13  3.000000000000090E+00  9.552214796671126E+01  5.726882834695369E-01  9.609483625018080E+01  8.812556656834707E+19  5.283432221959140E+17
  0.000000000000000E+00  1.067965549804441E+00 -3.504271710730987E-01  3.665039732225194E+00  7.474647657716083E+00  2.491549219238622E+00  2.491549219238622E+00  7.474647657715867E+00  2.158273559871304E-13  3.000000000000087E+00  9.253922555369942E+01  1.152768430045912E+00  9.369199398374535E+01  8.535962992291306E+19  1.063331641115110E+18
  0.000000000000000E+00  1.068586463144418E+00 -3.548562278467133E-01  3.671204140782042E+00  7.457377102511624E+00  2.485792367503814E+00  2.485792367503814E+00  7.457377102511445E+00  1.794120407794253E-13  3.000000000000072E+00  8.954658593483457E+01  1.629979519650494E+00  9.117656545448506E+01  8.258352334983060E+19  1.503233767267924E+18
  0.000000000000000E+00  1.069207352642401E+00 -3.592852879628104E-01  3.677337424464508E+00  7.433924286185612E+00  2.477974762061836E+00  2.477974762061836E+00  7.433924286185509E+00  1.030286966852145E-13  3.000000000000042E+00  8.659943967371156E+01  2.148616672618497E+00  8.874805634633005E+01  7.984805198102294E+19  1.981108150456250E+18
  0.000000000000000E+00  1.069828208757891E+00 -3.637143527583823E-01  3.683439354194191E+00  7.403781051239543E+00  2.467927017079839E+00  2.467927017079838E+00  7.403781051239516E+00  2.575717417130363E-14  3.000000000000010E+00  8.371018212531557E+01  2.708751033912498E+00  8.641893315922806E+01  7.716426236055518E+19  2.496933707984823E+18
  0.000000000000000E+00  1.070449021950391E+00 -3.681434235704216E-01  3.689509712256670E+00  7.366439240174910E+00  2.455479746724972E+00  2.455479746724972E+00  7.366439240174919E+00 -8.881784197001252E-15  2.999999999999996E+00  8.088980110129779E+01  3.310453721504076E+00  8.420025482280188E+01  7.454196365430832E+19  3.050665443948872E+18
  0.000000000000000E+00  1.071076660553218E+00 -3.726079321895027E-01  3.695597949424225E+00  7.328112097254769E+00  2.442704032418260E+00  2.442704032418260E+00  7.328112097254780E+00 -1.154631945610163E-14  2.999999999999995E+00  8.085079159965490E+01  2.548656822397201E+00  8.339944842205210E+01  7.447893653899837E+19  2.347797046625535E+18
  0.000000000000000E+00  1.071718782092947E+00 -3.770704901450808E-01  3.701662622057588E+00  7.309318159188229E+00  2.436439386396081E+00  2.436439386396081E+00  7.309318159188244E+00 -1.509903313490213E-14  2.999999999999994E+00  8.742167385305744E+01  1.898210515068307E-01  8.761149490456427E+01  8.049890697133651E+19  1.747894600157582E+17
  0.000000000000000E+00  1.072391483149093E+00 -3.815283331493864E-01  3.707713049107475E+00  7.330019005563329E+00  2.443339668521116E+00  2.443339668521116E+00  7.330019005563350E+00 -2.131628207280301E-14  2.999999999999991E+00  1.006429332253593E+02 -3.769612741205166E+00  9.687332048415411E+01  9.263384036824497E+19 -3.469629647389037E+18
  0.000000000000000E+00  1.073110860301174E+00 -3.859786969146504E-01  3.713758983570771E+00  7.410176215968106E+00  2.470058738656043E+00  2.470058738656043E+00  7.410176215968130E+00 -2.398081733190338E-14  2.999999999999991E+00  1.206091883559091E+02 -9.332968546356332E+00  1.112762198095527E+02  1.109661343280490E+20 -8.586770672382966E+18
  0.000000000000000E+00  1.073863807449574E+00 -3.904533198586727E-01  3.719829432507281E+00  7.509734488092978E+00  2.503244829364335E+00  2.503244829364335E+00  7.509734488093005E+00 -2.664535259100376E-14  2.999999999999989E+00  1.183211906061159E+02 -6.616982746460573E+00  1.117042078596553E+02  1.088182985920830E+20 -6.085543938448076E+18
  0.000000000000000E+00  1.074616754597974E+00 -3.949279428026949E-01  3.725867884780058E+00  7.578955319293865E+00  2.526318439764633E+00  2.526318439764633E+00  7.578955319293900E+00 -3.552713678800501E-14  2.999999999999986E+00  1.160478894480126E+02 -4.511588415027990E+00  1.115363010329846E+02  1.066842335934249E+20 -4.147558000715355E+18
  0.000000000000000E+00  1.075369701746374E+00 -3.994025657467171E-01  3.731874155833413E+00  7.625549825409505E+00  2.541849941803183E+00  2.541849941803183E+00  7.625549825409550E+00 -4.529709940470639E-14  2.999999999999982E+00  1.138024283676136E+02 -3.018077038742120E+00  1.107843513288715E+02  1.045755340199356E+20 -2.773376830064048E+18
  0.000000000000000E+00  1.076122648894775E+00 -4.038771886907394E-01  3.737848072360392E+00  7.657229122278638E+00  2.552409707426229E+00  2.552409707426229E+00  7.657229122278688E+00 -4.973799150320701E-14  2.999999999999980E+00  1.115969307701643E+02 -2.137740104286465E+00  1.094591906658778E+02  1.025028781611615E+20 -1.963535304579251E+18
  0.000000000000000E+00  1.076875079888603E+00 -4.083487442254544E-01  3.743785410422567E+00  7.678919654210129E+00  2.559639884736724E+00  2.559639884736724E+00  7.678919654210174E+00 -4.440892098500626E-14  2.999999999999983E+00  1.094356773409240E+02 -1.350309278866717E+00  1.080853680620573E+02  1.004692104057029E+20 -1.239673480784505E+18
  0.000000000000000E+00  1.077627510882431E+00 -4.128202997601695E-01  3.749690125356828E+00  7.691613837217250E+00  2.563871279072426E+00  2.563871279072426E+00  7.691613837217281E+00 -3.108624468950438E-14  2.999999999999988E+00  1.073203061751791E+02 -7.020974953757414E-01  1.066182086798034E+02  9.847485794469998E+19 -6.442299093668270E+17
  0.000000000000000E+00  1.078379941876259E+00 -4.172918552948845E-01  3.755562076958319E+00  7.697066645822363E+00  2.565688881940793E+00  2.565688881940793E+00  7.697066645822380E+00 -1.687538997430238E-14  2.999999999999993E+00  1.052629698140615E+02 -1.933986835473118E-01  1.050695711305142E+02  9.653037409072611E+19 -1.773543659698464E+17
  0.000000000000000E+00  1.079132372870087E+00 -4.217634108295996E-01  3.761401135610551E+00  7.697033054547840E+00  2.565677684849283E+00  2.565677684849283E+00  7.697033054547852E+00 -1.154631945610163E-14  2.999999999999996E+00  1.032748561265927E+02  1.754932268848412E-01  1.034503493534776E+02  9.464544865052277E+19  1.608294198278422E+17
  0.000000000000000E+00  1.079880281576981E+00 -4.262081549102659E-01  3.767172458719060E+00  7.692289229676114E+00  2.564096409892043E+00  2.564096409892043E+00  7.692289229676129E+00 -1.509903313490213E-14  2.999999999999994E+00  1.013729139869495E+02  5.726459268240300E-01  1.019455599137735E+02  9.283594811780504E+19  5.244214204925786E+17
  0.000000000000000E+00  1.080628172563799E+00 -4.306529019726477E-01  3.772911045809055E+00  7.683234333868234E+00  2.561078111289417E+00  2.561078111289417E+00  7.683234333868251E+00 -1.687538997430238E-14  2.999999999999993E+00  9.956152439638123E+01  8.712222753818021E-01  1.004327466717630E+02  9.110625027053147E+19  7.972336215563345E+17
  0.000000000000000E+00  1.081376050494282E+00 -4.350976512319468E-01  3.778616802427462E+00  7.671097264894957E+00  2.557032421631659E+00  2.557032421631659E+00  7.671097264894978E+00 -2.131628207280301E-14  2.999999999999992E+00  9.784159261525997E+01  1.071016449839234E+00  9.891260906509919E+01  8.945779335563015E+19  9.792437519588735E+17
  0.000000000000000E+00  1.082123920032172E+00 -4.395424019033654E-01  3.784289643889677E+00  7.657106920527056E+00  2.552368973509026E+00  2.552368973509026E+00  7.657106920527079E+00 -2.309263891220326E-14  2.999999999999991E+00  9.621398739895716E+01  1.171822638959140E+00  9.738581003791629E+01  8.789191565429629E+19  1.070465317252904E+18
  0.000000000000000E+00  1.082882484150496E+00 -4.439414790021355E-01  3.789887335430372E+00  7.670684049060969E+00  2.556894683020330E+00  2.556894683020330E+00  7.670684049060991E+00 -2.220446049250313E-14  2.999999999999992E+00  1.087550268873701E+02 -3.185052059195569E+00  1.055699748281746E+02  9.925970791422219E+19 -2.906967577827510E+18
  0.000000000000000E+00  1.083674543477197E+00 -4.483347649997026E-01  3.795474932519702E+00  7.730168487949856E+00  2.576722829316628E+00  2.576722829316628E+00  7.730168487949884E+00 -2.842170943040401E-14  2.999999999999989E+00  1.200396070896331E+02 -6.325101860749635E+00  1.137145052288834E+02  1.094630584362277E+20 -5.767804572047155E+18
  0.000000000000000E+00  1.084496706210844E+00 -4.527225604264891E-01  3.801050304871034E+00  7.820585665347237E+00  2.606861888449088E+00  2.606861888449088E+00  7.820585665347265E+00 -2.753353101070388E-14  2.999999999999989E+00  1.300623634167318E+02 -8.246190745757234E+00  1.218161726709745E+02  1.185004951098478E+20 -7.513147235465115E+18
  0.000000000000000E+00  1.085345580550005E+00 -4.571051658129182E-01  3.806611254578667E+00  7.926961009406618E+00  2.642320336468883E+00  2.642320336468883E+00  7.926961009406650E+00 -3.197442310920451E-14  2.999999999999988E+00  1.388048089306155E+02 -8.945922104065298E+00  1.298588868265502E+02  1.263584881056778E+20 -8.143761015844241E+18
  0.000000000000000E+00  1.086192490098966E+00 -4.614130968544395E-01  3.812057539498694E+00  8.021397819968330E+00  2.673799273322786E+00  2.673799273322786E+00  8.021397819968360E+00 -3.019806626980426E-14  2.999999999999989E+00  1.376561623970786E+02 -6.847878603911141E+00  1.308082837931674E+02  1.252074799298136E+20 -6.228603267231573E+18
  0.000000000000000E+00  1.087039399647926E+00 -4.657210278959608E-01  3.817473385955140E+00  8.093418537117438E+00  2.697806179039155E+00  2.697806179039155E+00  8.093418537117463E+00 -2.486899575160351E-14  2.999999999999991E+00  1.365866527999339E+02 -5.225330791901088E+00  1.313613220080328E+02  1.241277138350466E+20 -4.748695073307114E+18
  0.000000000000000E+00  1.087886309196886E+00 -4.700289589374820E-01  3.822858733366775E+00  8.148770750992236E+00  2.716256916997418E+00  2.716256916997418E+00  8.148770750992256E+00 -1.953992523340276E-14  2.999999999999992E+00  1.355690946615297E+02 -4.079397712754189E+00  1.314896969487755E+02  1.230953502712116E+20 -3.704051366580026E+18
  0.000000000000000E+00  1.088733218745846E+00 -4.743368899790033E-01  3.828213528908714E+00  8.193202051731014E+00  2.731067350577010E+00  2.731067350577010E+00  8.193202051731030E+00 -1.598721155460225E-14  2.999999999999994E+00  1.345776334216798E+02 -3.411198411189606E+00  1.311664350104902E+02  1.220878091594241E+20 -3.094613347266342E+18
  0.000000000000000E+00  1.089558486530615E+00 -4.785347369768751E-01  3.833402055086670E+00  8.229890062256533E+00  2.743296687418850E+00  2.743296687418850E+00  8.229890062256551E+00 -1.776356839400250E-14  2.999999999999994E+00  1.336005894324371E+02 -2.888662575673329E+00  1.307119268567638E+02  1.210982341646289E+20 -2.618341270031534E+18
  0.000000000000000E+00  1.090383754315383E+00 -4.827325839747469E-01  3.838561492880432E+00  8.260986846650425E+00  2.753662282216814E+00  2.753662282216814E+00  8.260986846650443E+00 -1.776356839400250E-14  2.999999999999993E+00  1.326018219814085E+02 -2.457494984871510E+00  1.301443269965370E+02  1.200903574415258E+20 -2.225621388410142E+18
  0.000000000000000E+00  1.091209022100152E+00 -4.869304309726187E-01  3.843691813846060E+00  8.287567223539114E+00  2.762522407846377E+00  2.762522407846377E+00  8.287567223539133E+00 -1.953992523340276E-14  2.999999999999993E+00  1.315968947860073E+02 -2.117904903898602E+00  1.294789898821087E+02  1.190766035373008E+20 -1.916404813208820E+18
  0.000000000000000E+00  1.092034289884920E+00 -4.911282779704905E-01  3.848792995990428E+00  8.310706011549025E+00  2.770235337183014E+00  2.770235337183014E+00  8.310706011549044E+00 -1.953992523340276E-14  2.999999999999993E+00  1.306005680404285E+02 -1.870101597868971E+00  1.287304664425596E+02  1.180686742365505E+20 -1.690654333752158E+18
  0.000000000000000E+00  1.092833429880075E+00 -4.951929547472739E-01  3.853704616000951E+00  8.329905120416749E+00  2.776635040138922E+00  2.776635040138922E+00  8.329905120416768E+00 -1.953992523340276E-14  2.999999999999993E+00  1.297134924953621E+02 -1.567140137074031E+00  1.281463523582881E+02  1.171586083268544E+20 -1.415457667361119E+18
  0.000000000000000E+00  1.093632650147440E+00 -4.992576157418365E-01  3.858588948898816E+00  8.346707260377704E+00  2.782235753459242E+00  2.782235753459242E+00  8.346707260377727E+00 -2.309263891220326E-14  2.999999999999991E+00  1.288930103196297E+02 -1.447035605488054E+00  1.274459747141417E+02  1.163024909355156E+20 -1.305686359355768E+18
  0.000000000000000E+00  1.094431919289053E+00 -5.033222671268383E-01  3.863445970396258E+00  8.363176150238816E+00  2.787725383412946E+00  2.787725383412946E+00  8.363176150238839E+00 -2.309263891220326E-14  2.999999999999992E+00  1.281734021811674E+02 -1.510189801491312E+00  1.266632123796761E+02  1.155303333075204E+20 -1.361224155361811E+18
  0.000000000000000E+00  1.095231205906947E+00 -5.073869150749395E-01  3.868275660889267E+00  8.381375508807002E+00  2.793791836269010E+00  2.793791836269010E+00  8.381375508807031E+00 -2.842170943040401E-14  2.999999999999990E+00  1.275880192871850E+02 -1.757004575807543E+00  1.258310147113774E+02  1.148711632278293E+20 -1.581881751493755E+18
  0.000000000000000E+00  1.096018431235299E+00 -5.113102470486062E-01  3.872925645345066E+00  8.425104019085847E+00  2.808368006361958E+00  2.808368006361958E+00  8.425104019085875E+00 -2.842170943040401E-14  2.999999999999990E+00  1.401472355386817E+02 -6.088970152879815E+00  1.340582653858019E+02  1.260322272431299E+20 -5.475716071278294E+18
  0.000000000000000E+00  1.096834551880077E+00 -5.152277715841201E-01  3.877570495487379E+00  8.508931392093036E+00  2.836310464031021E+00  2.836310464031022E+00  8.508931392093066E+00 -3.019806626980426E-14  2.999999999999989E+00  1.519289665850420E+02 -9.155012328913251E+00  1.427739542561288E+02  1.364653101285469E+20 -8.223195515494405E+18
  0.000000000000000E+00  1.097677466663417E+00 -5.191396452702564E-01  3.882208783111128E+00  8.619060766785033E+00  2.873020255595021E+00  2.873020255595021E+00  8.619060766785065E+00 -3.197442310920451E-14  2.999999999999989E+00  1.628983688786626E+02 -1.095281512195219E+01  1.519455537567104E+02  1.461409718299295E+20 -9.826096217009471E+18
  0.000000000000000E+00  1.098545074407455E+00 -5.230460246957900E-01  3.886839052461676E+00  8.741695282118306E+00  2.913898427372780E+00  2.913898427372780E+00  8.741695282118341E+00 -3.552713678800501E-14  2.999999999999988E+00  1.730015843531718E+02 -1.147977573879208E+01  1.615218086143797E+02  1.550130228547451E+20 -1.028611816254791E+19
  0.000000000000000E+00  1.099390845687670E+00 -5.268010543705484E-01  3.891277234772000E+00  8.849441893088054E+00  2.949813964362697E+00  2.949813964362697E+00  8.849441893088093E+00 -3.907985046680551E-14  2.999999999999987E+00  1.728484066971628E+02 -9.308381455664245E+00  1.635400252414986E+02  1.546854629796254E+20 -8.330254947522275E+18
  0.000000000000000E+00  1.100236616967885E+00 -5.305560840453069E-01  3.895692551565951E+00  8.937286273187027E+00  2.979095424395695E+00  2.979095424395695E+00  8.937286273187086E+00 -5.861977570020827E-14  2.999999999999980E+00  1.727096124545209E+02 -7.669512977173772E+00  1.650400994773472E+02  1.543621856203067E+20 -6.854759089402721E+18
  0.000000000000000E+00  1.101082388248100E+00 -5.343111137200652E-01  3.900085008269888E+00  9.010800723052444E+00  3.003600241017506E+00  3.003600241017505E+00  9.010800723052517E+00 -7.283063041541027E-14  2.999999999999976E+00  1.725961124833498E+02 -6.564406125331582E+00  1.660317063580182E+02  1.540522594379302E+20 -5.859121511633551E+18
  0.000000000000000E+00  1.101928159528315E+00 -5.380661433948236E-01  3.904454613782510E+00  9.075557543321514E+00  3.025185847773864E+00  3.025185847773864E+00  9.075557543321594E+00 -7.993605777301127E-14  2.999999999999974E+00  1.725185679057854E+02 -5.994296722148349E+00  1.665242711836371E+02  1.537644723951209E+20 -5.342670554535908E+18
  0.000000000000000E+00  1.102737254719055E+00 -5.416583396800381E-01  3.908613360406079E+00  9.132375394970525E+00  3.044125131656865E+00  3.044125131656865E+00  9.132375394970595E+00 -6.927791673660977E-14  2.999999999999977E+00  1.724931595327731E+02 -5.500823016492842E+00  1.669923365162803E+02  1.535220649891030E+20 -4.895833034301377E+18
  0.000000000000000E+00  1.103546349909794E+00 -5.452505359652525E-01  3.912751219555139E+00  9.185740577996755E+00  3.061913525998937E+00  3.061913525998937E+00  9.185740577996810E+00 -5.506706202140776E-14  2.999999999999982E+00  1.725260425418315E+02 -5.306832118805442E+00  1.672192104230261E+02  1.533201261476659E+20 -4.716065806137385E+18
  0.000000000000000E+00  1.104355445100533E+00 -5.488427322504669E-01  3.916868207568019E+00  9.238630504778660E+00  3.079543501592901E+00  3.079543501592901E+00  9.238630504778703E+00 -4.263256414560601E-14  2.999999999999986E+00  1.726229457177708E+02 -5.412984358094412E+00  1.672099613596764E+02  1.531632615182613E+20 -4.802781781910716E+18
  0.000000000000000E+00  1.105164540291272E+00 -5.524349285356813E-01  3.920964343448670E+00  9.294022587694691E+00  3.098007529231576E+00  3.098007529231576E+00  9.294022587694728E+00 -3.730349362740526E-14  2.999999999999988E+00  1.727895475791159E+02 -5.819940063367684E+00  1.669696075157483E+02  1.530559744566633E+20 -5.155268997219011E+18
  0.000000000000000E+00  1.105937500835827E+00 -5.558667092468614E-01  3.924858100309841E+00  9.346132144851060E+00  3.115377381617031E+00  3.115377381617031E+00  9.346132144851094E+00 -3.375077994860476E-14  2.999999999999989E+00  1.730154730422436E+02 -5.372911123754520E+00  1.676425619184891E+02  1.530001059806140E+20 -4.751343662529808E+18
  0.000000000000000E+00  1.106710468727280E+00 -5.592984883033872E-01  3.928732871797173E+00  9.398895912571367E+00  3.132965304190465E+00  3.132965304190465E+00  9.398895912571398E+00 -3.019806626980426E-14  2.999999999999991E+00  1.733274612890286E+02 -5.966572487356706E+00  1.673608888016719E+02  1.530072069227957E+20 -5.267074152032447E+18
  0.000000000000000E+00  1.107483463945285E+00 -5.627302612045078E-01  3.932588695396313E+00  9.462151949599971E+00  3.154050649866663E+00  3.154050649866663E+00  9.462151949599992E+00 -2.131628207280301E-14  2.999999999999993E+00  1.737479396581953E+02 -7.603106194795667E+00  1.661448334633996E+02  1.530966748565306E+20 -6.699419166029818E+18
  0.000000000000000E+00  1.108256506469493E+00 -5.661620234494721E-01  3.936425610822033E+00  9.545738314681222E+00  3.181912771560413E+00  3.181912771560413E+00  9.545738314681241E+00 -1.953992523340276E-14  2.999999999999994E+00  1.742991861564253E+02 -1.028469452015093E+01  1.640144916362744E+02  1.532875886691798E+20 -9.044884591590773E+18
  0.000000000000000E+00  1.108994905536583E+00 -5.694398581840587E-01  3.940072792522808E+00  9.622425462228184E+00  3.207475154076069E+00  3.207475154076069E+00  9.622425462228209E+00 -2.486899575160351E-14  2.999999999999992E+00  1.749045350985488E+02 -7.663958419227274E+00  1.672405766793215E+02  1.535213030042536E+20 -6.726988994466347E+18
  0.000000000000000E+00  1.109733304603673E+00 -5.727176929186454E-01  3.943702743394243E+00  9.700413615557000E+00  3.233471205185678E+00  3.233471205185678E+00  9.700413615557034E+00 -3.375077994860476E-14  2.999999999999989E+00  1.756262911460241E+02 -1.058753269339495E+01  1.650387584526291E+02  1.538380006656906E+20 -9.274037793010620E+18
  0.000000000000000E+00  1.110471703670763E+00 -5.759955276532320E-01  3.947315490273432E+00  9.829629434343753E+00  3.276543144781264E+00  3.276543144781264E+00  9.829629434343794E+00 -4.085620730620576E-14  2.999999999999988E+00  1.765217722135456E+02 -1.906649161774217E+01  1.574552805958035E+02  1.542925383949768E+20 -1.666546484945296E+19
  0.000000000000000E+00  1.111210102737852E+00 -5.792733623878187E-01  3.950911061540045E+00  1.005999957826453E+01  3.353333192754857E+00  3.353333192754857E+00  1.005999957826457E+01 -4.440892098500626E-14  2.999999999999987E+00  1.776479554747486E+02 -3.311190946735766E+01  1.445360460073910E+02  1.549390935352316E+20 -2.887919100663271E+19
  0.000000000000000E+00  1.112128705416072E+00 -5.824907359533097E-01  3.954603817577372E+00  1.048262644770591E+01  3.494208815901987E+00  3.494208815901987E+00  1.048262644770596E+01 -5.506706202140776E-14  2.999999999999984E+00  3.573326948135705E+02 -5.842083188536231E+01  2.989118629282082E+02  3.110615670580562E+20 -5.085589921900960E+19
  0.000000000000000E+00  1.113320729120749E+00 -5.856268549876416E-01  3.958464033560544E+00  1.105478016971906E+01  3.684926723239714E+00  3.684926723239714E+00  1.105478016971914E+01 -8.348877145181177E-14  2.999999999999977E+00  4.656044049073793E+02 -6.638680212883493E+01  3.992176027785444E+02  4.047080136116000E+20 -5.770407353627101E+19
  0.000000000000000E+00  1.114650706914546E+00 -5.887190805023085E-01  3.962400343274941E+00  1.162362887428561E+01  3.874542958095240E+00  3.874542958095240E+00  1.162362887428572E+01 -1.101341240428155E-13  2.999999999999972E+00  5.039383617199375E+02 -5.750122379370608E+01  4.464371379262313E+02  4.374586456949835E+20 -4.991564325594710E+19
  0.000000000000000E+00  1.115983171860130E+00 -5.918047735088048E-01  3.966319740720552E+00  1.203634069138717E+01  4.012113563795764E+00  4.012113563795764E+00  1.203634069138730E+01 -1.225686219186173E-13  2.999999999999970E+00  4.724820660956730E+02 -3.177352748319376E+01  4.407085386124792E+02  4.096079061219354E+20 -2.754535885360656E+19
  0.000000000000000E+00  1.117231491361142E+00 -5.948030203468525E-01  3.970071623900080E+00  1.229153145650259E+01  4.097177152167570E+00  4.097177152167570E+00  1.229153145650271E+01 -1.243449787580175E-13  2.999999999999969E+00  4.734742497395661E+02 -2.757709573653732E+01  4.458971540030287E+02  4.099103178704886E+20 -2.387486982771869E+19
  0.000000000000000E+00  1.118479810862154E+00 -5.978012671849002E-01  3.973810505567781E+00  1.251836247603260E+01  4.172787492010906E+00  4.172787492010906E+00  1.251836247603272E+01 -1.243449787580175E-13  2.999999999999970E+00  4.743299054413635E+02 -2.527278029850948E+01  4.490571251428540E+02  4.100975027209043E+20 -2.185041248366753E+19
  0.000000000000000E+00  1.119728130363167E+00 -6.007995140229481E-01  3.977536349199198E+00  1.273324565898527E+01  4.244415219661800E+00  4.244415219661801E+00  1.273324565898540E+01 -1.350031197944190E-13  2.999999999999968E+00  4.751341929085334E+02 -2.486694812650482E+01  4.502672447820286E+02  4.102373824012839E+20 -2.147046426037723E+19
  0.000000000000000E+00  1.120976449864179E+00 -6.037977608609958E-01  3.981249119972064E+00  1.295259291436869E+01  4.317530971456274E+00  4.317530971456274E+00  1.295259291436882E+01 -1.296740492762183E-13  2.999999999999970E+00  4.759700753886559E+02 -2.636596617791600E+01  4.496041092107399E+02  4.103955425915308E+20 -2.273351951107487E+19
  0.000000000000000E+00  1.122173279842613E+00 -6.066723388000662E-01  3.984796443970438E+00  1.317179003724996E+01  4.390596679083361E+00  4.390596679083361E+00  1.317179003725008E+01 -1.278976924368180E-13  2.999999999999971E+00  4.768188217926539E+02 -2.678255512080664E+01  4.500362666718473E+02  4.105778281174705E+20 -2.306184825421806E+19
  0.000000000000000E+00  1.123370109821047E+00 -6.095469167391366E-01  3.988331693070872E+00  1.339472768141233E+01  4.464909227137483E+00  4.464909227137483E+00  1.339472768141245E+01 -1.207922650792170E-13  2.999999999999973E+00  4.776714632560684E+02 -2.733030454186669E+01  4.503411587142017E+02  4.107546759591667E+20 -2.350161407892557E+19
  0.000000000000000E+00  1.124566939799482E+00 -6.124214946782071E-01  3.991854840906666E+00  1.362247961072269E+01  4.540826536907599E+00  4.540826536907599E+00  1.362247961072280E+01 -1.101341240428155E-13  2.999999999999976E+00  4.785096176868402E+02 -2.800963100499308E+01  4.504999866818471E+02  4.109087072041213E+20 -2.405260174531849E+19
  0.000000000000000E+00  1.125763769777916E+00 -6.152960726172775E-01  3.995365862492950E+00  1.385611958904792E+01  4.618706529682675E+00  4.618706529682675E+00  1.385611958904803E+01 -1.065814103640150E-13  2.999999999999977E+00  4.793153630308354E+02 -2.882095107408461E+01  4.504944119567508E+02  4.110230146029906E+20 -2.471457230014444E+19
  0.000000000000000E+00  1.126913554760867E+00 -6.180576566402554E-01  3.998727430241037E+00  1.408662430971622E+01  4.695541436572109E+00  4.695541436572109E+00  1.408662430971633E+01 -1.048050535246148E-13  2.999999999999978E+00  4.800676318814869E+02 -2.958943220081918E+01  4.504781996806677E+02  4.111022166372972E+20 -2.533868221675638E+19
  0.000000000000000E+00  1.128063339743818E+00 -6.208192406632331E-01  4.002077764751303E+00  1.432319409797717E+01  4.774398032659093E+00  4.774398032659093E+00  1.432319409797728E+01 -1.101341240428155E-13  2.999999999999977E+00  4.808570099588155E+02 -3.041880684455068E+01  4.504382031142648E+02  4.112013733896370E+20 -2.601242134834353E+19
  0.000000000000000E+00  1.129213124726768E+00 -6.235808246862109E-01  4.005416847400364E+00  1.456629702452129E+01  4.855432341507134E+00  4.855432341507135E+00  1.456629702452140E+01 -1.101341240428155E-13  2.999999999999977E+00  4.817317349485951E+02 -3.130925659208489E+01  4.504224783565102E+02  4.113609960953511E+20 -2.673564152899190E+19
  0.000000000000000E+00  1.130362909709719E+00 -6.263424087091888E-01  4.008744660693316E+00  1.481640116003911E+01  4.938800386679741E+00  4.938800386679741E+00  1.481640116003923E+01 -1.154631945610163E-13  2.999999999999977E+00  4.827388463349191E+02 -3.226096303022883E+01  4.504778833046902E+02  4.116203260268881E+20 -2.750818215949242E+19
  0.000000000000000E+00  1.131469926824267E+00 -6.290013293999350E-01  4.011938073903948E+00  1.506409919718398E+01  5.021366399061365E+00  5.021366399061366E+00  1.506409919718410E+01 -1.190159082398168E-13  2.999999999999976E+00  4.838795457845026E+02 -3.320029150565031E+01  4.506792542788523E+02  4.120030991372279E+20 -2.826865303928166E+19
  0.000000000000000E+00  1.132576914375261E+00 -6.316602623991522E-01  4.015120992834062E+00  1.531903850612258E+01  5.106346168707566E+00  5.106346168707566E+00  1.531903850612270E+01 -1.225686219186173E-13  2.999999999999976E+00  4.852493968119502E+02 -3.424017917933978E+01  4.510092176326105E+02  4.125681074755604E+20 -2.911164035741962E+19
  0.000000000000000E+00  1.133683889404920E+00 -6.343192006114871E-01  4.018293415153043E+00  1.558196575747344E+01  5.193988585824520E+00  5.193988585824520E+00  1.558196575747357E+01 -1.296740492762183E-13  2.999999999999976E+00  4.868179389653080E+02 -3.538091616516930E+01  4.514370228001387E+02  4.132879320340449E+20 -3.003690806146477E+19
  0.000000000000000E+00  1.134790868955458E+00 -6.369781369415860E-01  4.021455339650001E+00  1.585362762185509E+01  5.284542540618407E+00  5.284542540618407E+00  1.585362762185522E+01 -1.350031197944190E-13  2.999999999999975E+00  4.885554314915844E+02 -3.662279263025076E+01  4.519326388613337E+02  4.141358830776483E+20 -3.104420008266707E+19
  0.000000000000000E+00  1.135859070577281E+00 -6.395439080904558E-01  4.024496518232079E+00  1.612425060616692E+01  5.374750202055680E+00  5.374750202055680E+00  1.612425060616705E+01 -1.207922650792170E-13  2.999999999999978E+00  4.903270702760233E+02 -3.781524481818551E+01  4.525118254578378E+02  4.150172083765927E+20 -3.200716070945469E+19
  0.000000000000000E+00  1.136927272199104E+00 -6.421096792393255E-01  4.027527900085541E+00  1.640441041095371E+01  5.468136803651266E+00  5.468136803651266E+00  1.640441041095380E+01 -8.881784197001252E-14  2.999999999999984E+00  4.921735558686679E+02 -3.931683499506637E+01  4.528567208736015E+02  4.159409461712687E+20 -3.322706259470659E+19
  0.000000000000000E+00  1.137995473820927E+00 -6.446754503881952E-01  4.030549477029240E+00  1.669633737260444E+01  5.565445790868162E+00  5.565445790868162E+00  1.669633737260449E+01 -5.329070518200751E-14  2.999999999999990E+00  4.940802918420420E+02 -4.112842837494650E+01  4.529518634670954E+02  4.168924110559670E+20 -3.470312406967192E+19
  0.000000000000000E+00  1.139063675442750E+00 -6.472412215370650E-01  4.033561241650998E+00  1.700226182750807E+01  5.667420609169369E+00  5.667420609169369E+00  1.700226182750811E+01 -3.907985046680551E-14  2.999999999999993E+00  4.960330176699148E+02 -4.325089017187713E+01  4.527821274980377E+02  4.178572354323001E+20 -3.643446454855369E+19
  0.000000000000000E+00  1.140096694457769E+00 -6.497224856831040E-01  4.036464470760833E+00  1.731566439908762E+01  5.771888133029228E+00  5.771888133029228E+00  1.731566439908769E+01 -7.105427357601002E-14  2.999999999999988E+00  4.979925707218352E+02 -4.630044996678431E+01  4.516921207550509E+02  4.188188915342580E+20 -3.893934221652783E+19
  0.000000000000000E+00  1.141129713472788E+00 -6.522037498291430E-01  4.039358511694648E+00  1.765303949703436E+01  5.884346499011500E+00  5.884346499011500E+00  1.765303949703451E+01 -1.456612608308205E-13  2.999999999999976E+00  5.000153076169003E+02 -5.017794884228338E+01  4.498373587746169E+02  4.198006266317363E+20 -4.212817897012278E+19
  0.000000000000000E+00  1.142162732487807E+00 -6.546850139751820E-01  4.042243359753982E+00  1.802014508278607E+01  6.006715027595427E+00  6.006715027595427E+00  1.802014508278629E+01 -2.131628207280301E-13  2.999999999999965E+00  5.020137781905058E+02 -5.488562048346966E+01  4.471281577070362E+02  4.207343764735004E+20 -4.599926996965940E+19
  0.000000000000000E+00  1.143195751502826E+00 -6.571662781212211E-01  4.045119010882221E+00  1.842273911778051E+01  6.140913039260251E+00  6.140913039260251E+00  1.842273911778076E+01 -2.451372438372346E-13  2.999999999999960E+00  5.039024134584969E+02 -6.042569857543598E+01  4.434767148830609E+02  4.215542592050383E+20 -5.055088032836515E+19
  0.000000000000000E+00  1.144323991439121E+00 -6.596588801834334E-01  4.048085565003818E+00  1.892275685724620E+01  6.307585619082145E+00  6.307585619082145E+00  1.892275685724644E+01 -2.380318164796336E-13  2.999999999999962E+00  6.143095343453426E+02 -7.916061400998638E+01  5.351489203353561E+02  5.130425576868784E+20 -6.611123807972046E+19
  0.000000000000000E+00  1.145587644467762E+00 -6.620893695106699E-01  4.051126765028067E+00  1.953401838799456E+01  6.511339462664920E+00  6.511339462664920E+00  1.953401838799476E+01 -2.060573933704291E-13  2.999999999999968E+00  7.062210358104874E+02 -9.171027704665107E+01  6.145107587638363E+02  5.889623642718576E+20 -7.648299733161330E+19
  0.000000000000000E+00  1.146959338373248E+00 -6.644630812389499E-01  4.054221310038965E+00  2.021266061878487E+01  6.737553539595020E+00  6.737553539595020E+00  2.021266061878507E+01 -1.918465386552271E-13  2.999999999999972E+00  7.804351043377031E+02 -9.820830710166285E+01  6.822267972360403E+02  6.500878030618713E+20 -8.180567769350306E+19
  0.000000000000000E+00  1.148411700940077E+00 -6.667853505042929E-01  4.057347736029261E+00  2.091482045837646E+01  6.971606819458879E+00  6.971606819458879E+00  2.091482045837664E+01 -1.776356839400250E-13  2.999999999999975E+00  8.378089460767760E+02 -9.876879894384386E+01  7.390401471329320E+02  6.972072005490172E+20 -8.219334268951054E+19
  0.000000000000000E+00  1.149919082688351E+00 -6.691205613048111E-01  4.060529589310701E+00  2.160940765270751E+01  7.203135884236042E+00  7.203135884236042E+00  2.160940765270813E+01 -6.146194664324867E-13  2.999999999999915E+00  8.426727054034772E+02 -9.472388453317370E+01  7.479488208703034E+02  7.006634410418242E+20 -7.876078394408626E+19
  0.000000000000000E+00  1.151426464436626E+00 -6.714557721053294E-01  4.063704165873422E+00  2.227962711779761E+01  7.426542372599735E+00  7.426542372599735E+00  2.227962711779921E+01 -1.598721155460225E-12  2.999999999999785E+00  8.478289574161070E+02 -9.223562418958859E+01  7.555933332265183E+02  7.044107665445546E+20 -7.663310644179377E+19
  0.000000000000000E+00  1.152933846184901E+00 -6.737909829058476E-01  4.066871426884916E+00  2.293672627378591E+01  7.645575424596158E+00  7.645575424596158E+00  2.293672627378848E+01 -2.572164703451563E-12  2.999999999999664E+00  8.532616448300690E+02 -9.131017454459925E+01  7.619514702854698E+02  7.084390900757540E+20 -7.581226387120334E+19
  0.000000000000000E+00  1.154441227933175E+00 -6.761261937063658E-01  4.070031334278514E+00  2.359195254081155E+01  7.863984180271520E+00  7.863984180271520E+00  2.359195254081456E+01 -3.012701199622825E-12  2.999999999999616E+00  8.589552098003011E+02 -9.195369222970697E+01  7.670015175705940E+02  7.127389601096099E+20 -7.630081083421994E+19
  0.000000000000000E+00  1.155907692497276E+00 -6.783980162838812E-01  4.073098375049614E+00  2.423520523655286E+01  8.078401745518478E+00  8.078401745518478E+00  2.423520523655544E+01 -2.582822844487964E-12  2.999999999999680E+00  8.648040787837132E+02 -9.294877975850403E+01  7.718552990252091E+02  7.172362379205943E+20 -7.708825010060168E+19
  0.000000000000000E+00  1.157374157061376E+00 -6.806698388613965E-01  4.076158387042646E+00  2.488442968650949E+01  8.294809895503700E+00  8.294809895503700E+00  2.488442968651110E+01 -1.616484723854228E-12  2.999999999999805E+00  8.709690252646450E+02 -9.390720593521142E+01  7.770618193294335E+02  7.220556228982471E+20 -7.785147819186802E+19
  0.000000000000000E+00  1.158840621625477E+00 -6.829416614389118E-01  4.079211337283501E+00  2.553935582771094E+01  8.513118609237194E+00  8.513118609237194E+00  2.553935582771159E+01 -6.501466032204917E-13  2.999999999999924E+00  8.774053444314426E+02 -9.482882293230969E+01  7.825765214991330E+02  7.271628016733108E+20 -7.859080526518107E+19
  0.000000000000000E+00  1.160307086189578E+00 -6.852134840164271E-01  4.082257193476625E+00  2.619971359718672E+01  8.733237865728976E+00  8.733237865728976E+00  2.619971359718693E+01 -2.131628207280301E-13  2.999999999999976E+00  8.840695148893968E+02 -9.571348292228429E+01  7.883560319671126E+02  7.325246673538164E+20 -7.930653196167840E+19
  0.000000000000000E+00  1.161736299982925E+00 -6.874275983177932E-01  4.085218823377200E+00  2.684797577147858E+01  8.949325257159598E+00  8.949325257159598E+00  2.684797577147879E+01 -2.131628207280301E-13  2.999999999999976E+00  8.907207641827482E+02 -9.645569469104396E+01  7.942650694917043E+02  7.379468634568157E+20 -7.991188734116043E+19
  0.000000000000000E+00  1.163165513776271E+00 -6.896417126191591E-01  4.088173656365123E+00  2.750035840418176E+01  9.166786134727333E+00  9.166786134727333E+00  2.750035840418201E+01 -2.486899575160351E-13  2.999999999999973E+00  8.974672363612320E+02 -9.717301310232814E+01  8.002942232589038E+02  7.435162707908134E+20 -8.050401551847765E+19
  0.000000000000000E+00  1.164594727569618E+00 -6.918558269205252E-01  4.091121664392377E+00  2.815668351364999E+01  9.385561171216755E+00  9.385561171216754E+00  2.815668351365026E+01 -2.700062395888381E-13  2.999999999999971E+00  9.042084353474831E+02 -9.786534073224658E+01  8.063430946152366E+02  7.491505471999096E+20 -8.108293474755425E+19
  0.000000000000000E+00  1.166023941362965E+00 -6.940699412218911E-01  4.094062820014864E+00  2.881677311823703E+01  9.605591039412435E+00  9.605591039412435E+00  2.881677311823731E+01 -2.806643806252396E-13  2.999999999999971E+00  9.108459564752914E+02 -9.853258015691151E+01  8.123133763183799E+02  7.547690555316936E+20 -8.164864973647215E+19
  0.000000000000000E+00  1.167418954207416E+00 -6.962310880853035E-01  4.096926971126207E+00  2.946449111814984E+01  9.821497039383374E+00  9.821497039383374E+00  2.946449111815012E+01 -2.806643806252396E-13  2.999999999999971E+00  9.170792664433344E+02 -9.914852935019300E+01  8.179307370931414E+02  7.601179438233692E+20 -8.217891192226228E+19
  0.000000000000000E+00  1.168813962231316E+00 -6.983922380604534E-01  4.099784541182098E+00  3.011540727977136E+01  1.003846909325721E+01  1.003846909325721E+01  3.011540727977163E+01 -2.664535259100376E-13  2.999999999999974E+00  9.231117426718234E+02 -9.974617755432480E+01  8.233655651174987E+02  7.653650421826016E+20 -8.270097092520641E+19
  0.000000000000000E+00  1.170208980217930E+00 -7.005533816045274E-01  4.102635514226227E+00  3.076939410654823E+01  1.025646470218283E+01  1.025646470218283E+01  3.076939410654849E+01 -2.557953848736361E-13  2.999999999999975E+00  9.290248227482010E+02 -1.003254562398290E+02  8.286993665083721E+02  7.705737206229731E+20 -8.321431052749767E+19
  0.000000000000000E+00  1.171604022950525E+00 -7.027145091747121E-01  4.105479875026592E+00  3.142632410192710E+01  1.047544136730912E+01  1.047544136730912E+01  3.142632410192736E+01 -2.557953848736361E-13  2.999999999999976E+00  9.348984164428157E+02 -1.008862968857507E+02  8.340121195570650E+02  7.758059987572046E+20 -8.371839436221045E+19
  0.000000000000000E+00  1.172967634938320E+00 -7.048269087580800E-01  4.108253701219555E+00  3.207110998679617E+01  1.069036999559883E+01  1.069036999559883E+01  3.207110998679649E+01 -3.268496584496461E-13  2.999999999999970E+00  9.407228443318718E+02 -1.013983853713933E+02  8.393244589604786E+02  7.810390236482370E+20 -8.418642790186307E+19
  0.000000000000000E+00  1.174331246926116E+00 -7.069393083414479E-01  4.111021154795838E+00  3.271834705645053E+01  1.090611568548366E+01  1.090611568548366E+01  3.271834705645099E+01 -4.618527782440651E-13  2.999999999999958E+00  9.467565303745156E+02 -1.018914854307071E+02  8.448650449438086E+02  7.864922393037549E+20 -8.464358044689947E+19
  0.000000000000000E+00  1.175694858913911E+00 -7.090517079248159E-01  4.113782215446614E+00  3.336790863206981E+01  1.112263621069014E+01  1.112263621069014E+01  3.336790863207042E+01 -6.110667527536862E-13  2.999999999999945E+00  9.530178221407834E+02 -1.023655277200515E+02  8.506522944207319E+02  7.921802751957200E+20 -8.508964894031779E+19
  0.000000000000000E+00  1.177058470901706E+00 -7.111641075081837E-01  4.116536863346651E+00  3.401966803483372E+01  1.133988934494480E+01  1.133988934494480E+01  3.401966803483440E+01 -6.821210263296962E-13  2.999999999999940E+00  9.595249414250470E+02 -1.028204428957783E+02  8.567044985292688E+02  7.981177052759500E+20 -8.552442192649945E+19
  0.000000000000000E+00  1.178393000087755E+00 -7.132314543207903E-01  4.119226533098509E+00  3.465934194455352E+01  1.155311398151805E+01  1.155311398151805E+01  3.465934194455414E+01 -6.181721801112872E-13  2.999999999999947E+00  9.661406215188221E+02 -1.031806144241037E+02  8.629600070947184E+02  8.041803264165727E+20 -8.588379200638104E+19
  0.000000000000000E+00  1.179727529273803E+00 -7.152988011333967E-01  4.121910024504342E+00  3.530037790717782E+01  1.176679263572610E+01  1.176679263572610E+01  3.530037790717831E+01 -4.902744876744691E-13  2.999999999999958E+00  9.729526221158736E+02 -1.034929940276510E+02  8.694596280882226E+02  8.104554723737600E+20 -8.620816826583910E+19
  0.000000000000000E+00  1.181062058459852E+00 -7.173661479460032E-01  4.124587320312869E+00  3.594247621040557E+01  1.198082540346864E+01  1.198082540346864E+01  3.594247621040592E+01 -3.552713678800501E-13  2.999999999999970E+00  9.799395690222742E+02 -1.037574176447183E+02  8.761821513775560E+02  8.169263479349467E+20 -8.649734223124739E+19
  0.000000000000000E+00  1.182396587645900E+00 -7.194334947586097E-01  4.127258403707637E+00  3.658533714193574E+01  1.219511238064534E+01  1.219511238064534E+01  3.658533714193604E+01 -2.984279490192421E-13  2.999999999999975E+00  9.870804688679515E+02 -1.039737212136009E+02  8.831067476543507E+02  8.235764590846888E+20 -8.675109259649563E+19
  0.000000000000000E+00  1.183704274483204E+00 -7.214548345031992E-01  4.129866841925645E+00  3.721595572182160E+01  1.240531857394063E+01  1.240531857394063E+01  3.721595572182189E+01 -2.913225216616411E-13  2.999999999999976E+00  9.973291309114113E+02 -1.044569046658514E+02  8.928722262455600E+02  8.328677393264936E+20 -8.723177068595865E+19
  0.000000000000000E+00  1.185011789875872E+00 -7.234763090501528E-01  4.132469231613995E+00  3.784718205135719E+01  1.261572735045249E+01  1.261572735045249E+01  3.784718205135746E+01 -2.700062395888381E-13  2.999999999999979E+00  1.001167174934291E+03 -1.044032224112032E+02  8.967639525230879E+02  8.368600253551676E+20 -8.726902513552253E+19
  0.000000000000000E+00  1.186312773313027E+00 -7.255019408747566E-01  4.135061859920391E+00  3.847574973063901E+01  1.282524991021308E+01  1.282524991021308E+01  3.847574973063926E+01 -2.486899575160351E-13  2.999999999999980E+00  9.983357995662999E+02 -1.038087013225695E+02  8.945270982437304E+02  8.352958413575628E+20 -8.685552150803453E+19
  0.000000000000000E+00  1.187600864283795E+00 -7.275357524522975E-01  4.137640948433692E+00  3.909839235976357E+01  1.303279745325460E+01  1.303279745325460E+01  3.909839235976381E+01 -2.415845301584341E-13  2.999999999999981E+00  9.885496238792344E+02 -1.026663545190039E+02  8.858832693602304E+02  8.278938835696656E+20 -8.598136593399975E+19
  0.000000000000000E+00  1.188853728241102E+00 -7.295265781574641E-01  4.140151692339963E+00  3.970769380693498E+01  1.323589793564508E+01  1.323589793564508E+01  3.970769380693526E+01 -2.771116669464391E-13  2.999999999999980E+00  1.001603945070779E+03 -1.044204286221891E+02  8.971835164485900E+02  8.396010154856417E+20 -8.753110282771556E+19
  0.000000000000000E+00  1.190111565964147E+00 -7.315142727001830E-01  4.142659500059649E+00  4.032638097454840E+01  1.344212699151623E+01  1.344212699151623E+01  4.032638097454870E+01 -2.984279490192421E-13  2.999999999999978E+00  1.014253030846986E+03 -1.060781547325762E+02  9.081748761144099E+02  8.510057512933118E+20 -8.900453537577166E+19
  0.000000000000000E+00  1.191373833259363E+00 -7.334991602999397E-01  4.145164063085607E+00  4.095386450308104E+01  1.365128816769380E+01  1.365128816769380E+01  4.095386450308141E+01 -3.623767952376511E-13  2.999999999999973E+00  1.026480350395559E+03 -1.076393943846533E+02  9.188409560109053E+02  8.620924269451041E+20 -9.040124996470505E+19
  0.000000000000000E+00  1.192639985933183E+00 -7.354815651762204E-01  4.147665067677247E+00  4.158955503301024E+01  1.386318501100354E+01  1.386318501100354E+01  4.158955503301062E+01 -3.836930773104541E-13  2.999999999999972E+00  1.038269102383180E+03 -1.091039912055833E+02  9.291651111775968E+02  8.728449870680609E+20 -9.172079913995706E+19
  0.000000000000000E+00  1.193887728736956E+00 -7.374313168420275E-01  4.150121603295029E+00  4.222101949153240E+01  1.407367316384427E+01  1.407367316384427E+01  4.222101949153280E+01 -3.979039320256561E-13  2.999999999999972E+00  1.046012797465425E+03 -1.099555680501506E+02  9.360572294152743E+02  8.802063229409784E+20 -9.252619707409333E+19
  0.000000000000000E+00  1.195135471540728E+00 -7.393810685078345E-01  4.152572481103517E+00  4.285722999603661E+01  1.428574333201237E+01  1.428574333201237E+01  4.285722999603711E+01 -5.044853423896711E-13  2.999999999999965E+00  1.053826824853418E+03 -1.109810819374044E+02  9.428457429160130E+02  8.876430801389304E+20 -9.347986508292879E+19
  0.000000000000000E+00  1.196383214344500E+00 -7.413308201736415E-01  4.155017691284467E+00  4.349917902247139E+01  1.449972634082398E+01  1.449972634082398E+01  4.349917902247196E+01 -5.755396159656812E-13  2.999999999999961E+00  1.061721109298825E+03 -1.121810728197707E+02  9.495400364790545E+02  8.951689729543942E+20 -9.458323363968490E+19
  0.000000000000000E+00  1.197630957148273E+00 -7.432805718394485E-01  4.157457224336080E+00  4.414785904678518E+01  1.471595301559526E+01  1.471595301559526E+01  4.414785904678580E+01 -6.181721801112872E-13  2.999999999999958E+00  1.069705522588927E+03 -1.135560806496629E+02  9.561494419392640E+02  9.027978583776832E+20 -9.583776492820392E+19
  0.000000000000000E+00  1.198856555969534E+00 -7.451957208077618E-01  4.159847926639612E+00  4.479256472550622E+01  1.493085490850225E+01  1.493085490850225E+01  4.479256472550675E+01 -5.329070518200751E-13  2.999999999999964E+00  1.077692679935696E+03 -1.151029469053245E+02  9.625897330303711E+02  9.104497230373585E+20 -9.724056596263553E+19
  0.000000000000000E+00  1.200082154790795E+00 -7.471108697760748E-01  4.162233134253668E+00  4.544608705506551E+01  1.514869568502195E+01  1.514869568502195E+01  4.544608705506586E+01 -3.481659405224491E-13  2.999999999999977E+00  1.085853218841835E+03 -1.169196944637931E+02  9.689335243780422E+02  9.182942426953744E+20 -9.887771240234494E+19
  0.000000000000000E+00  1.201307753612056E+00 -7.490260187443879E-01  4.164612839053351E+00  4.610992939569037E+01  1.536997646523018E+01  1.536997646523018E+01  4.610992939569054E+01 -1.705302565824240E-13  2.999999999999989E+00  1.094216410532184E+03 -1.190071412219654E+02  9.752092693102193E+02  9.263616577526261E+20 -1.007512330884916E+20
  0.000000000000000E+00  1.202533352433317E+00 -7.509411677127010E-01  4.166987033200506E+00  4.678559510760812E+01  1.559519836920273E+01  1.559519836920273E+01  4.678559510760821E+01 -9.237055564881302E-14  2.999999999999994E+00  1.102811464848277E+03 -1.213661050767321E+02  9.814453597715443E+02  9.346824314345158E+20 -1.028632452623837E+20
  0.000000000000000E+00  1.203737890596999E+00 -7.528234068120307E-01  4.169315052515900E+00  4.746250192628380E+01  1.582083397542794E+01  1.582083397542794E+01  4.746250192628382E+01 -2.131628207280301E-14  2.999999999999998E+00  1.111466953295011E+03 -1.239241769748513E+02  9.875427763201601E+02  9.430963185812609E+20 -1.051515159688010E+20
  0.000000000000000E+00  1.204942428760682E+00 -7.547056459113606E-01  4.171637734740012E+00  4.815389162307817E+01  1.605129720769267E+01  1.605129720769267E+01  4.815389162307803E+01  1.421085471520200E-13  3.000000000000009E+00  1.120377483071118E+03 -1.268639047560583E+02  9.935135783150602E+02  9.517838976870444E+20 -1.077735170235070E+20
  0.000000000000000E+00  1.206146966924364E+00 -7.565878850106904E-01  4.173955073230283E+00  4.886184115469197E+01  1.628728038489722E+01  1.628728038489722E+01  4.886184115469167E+01  2.984279490192421E-13  3.000000000000018E+00  1.129545090984772E+03 -1.301864183800234E+02  9.993586726047483E+02  9.607436574206210E+20 -1.107311047068249E+20
  0.000000000000000E+00  1.207351505088046E+00 -7.584701241100201E-01  4.176267061604247E+00  4.958842747782597E+01  1.652947582594186E+01  1.652947582594186E+01  4.958842747782558E+01  3.907985046680551E-13  3.000000000000024E+00  1.138971884305448E+03 -1.338928478064234E+02  1.005079036499024E+03  9.699740441785780E+20 -1.140261571536338E+20
  0.000000000000000E+00  1.208535948791897E+00 -7.603209631432363E-01  4.178535257786203E+00  5.032362077762487E+01  1.677454025920817E+01  1.677454025920817E+01  5.032362077762451E+01  3.623767952376511E-13  3.000000000000022E+00  1.148532401056977E+03 -1.381219722302493E+02  1.010410428826728E+03  9.793420454757121E+20 -1.177752187788748E+20
  0.000000000000000E+00  1.209720392495747E+00 -7.621718021764522E-01  4.180798269363909E+00  5.108209032745155E+01  1.702736344248375E+01  1.702736344248375E+01  5.108209032745127E+01  2.842170943040401E-13  3.000000000000016E+00  1.158326666860177E+03 -1.427779460603650E+02  1.015548720799812E+03  9.889490322459045E+20 -1.219000784685382E+20
  0.000000000000000E+00  1.210904836199597E+00 -7.640226412096683E-01  4.183056090994122E+00  5.186609733120771E+01  1.728869911040250E+01  1.728869911040250E+01  5.186609733120750E+01  2.131628207280301E-13  3.000000000000012E+00  1.168365544975078E+03 -1.478619994953621E+02  1.020503545479716E+03  9.988029790967646E+20 -1.264030818319982E+20
  0.000000000000000E+00  1.212089279903447E+00 -7.658734802428844E-01  4.185308717569734E+00  5.267790299279503E+01  1.755930099759828E+01  1.755930099759828E+01  5.267790299279486E+01  1.776356839400250E-13  3.000000000000010E+00  1.178659909094784E+03 -1.533753627338483E+02  1.025284546360936E+03  1.008911851081530E+21 -1.312865737878118E+20
  0.000000000000000E+00  1.213254505873001E+00 -7.676942980766298E-01  4.187519726102610E+00  5.350628885947116E+01  1.783542961982364E+01  1.783542961982364E+01  5.350628885947091E+01  2.415845301584341E-13  3.000000000000013E+00  1.189047217108929E+03 -1.593161367735470E+02  1.029731080335382E+03  1.019114491709852E+21 -1.365474654100946E+20
  0.000000000000000E+00  1.214419730137153E+00 -7.695151170017915E-01  4.189725696535721E+00  5.436539759727636E+01  1.812179919909200E+01  1.812179919909200E+01  5.436539759727602E+01  3.410605131648481E-13  3.000000000000019E+00  1.199770588797461E+03 -1.652837552698737E+02  1.034486833527587E+03  1.029642902568394E+21 -1.418464889142289E+20
  0.000000000000000E+00  1.215584962225996E+00 -7.713359309194504E-01  4.191926630661525E+00  5.525531236149803E+01  1.841843745383252E+01  1.841843745383252E+01  5.525531236149756E+01  4.689582056016661E-13  3.000000000000025E+00  1.210841449131401E+03 -1.712782647778631E+02  1.039563184353538E+03  1.040510512536651E+21 -1.471842867604564E+20
  0.000000000000000E+00  1.216750211669623E+00 -7.731567337306878E-01  4.194122530560509E+00  5.617611630742351E+01  1.872537210247433E+01  1.872537210247433E+01  5.617611630742300E+01  5.115907697472721E-13  3.000000000000027E+00  1.222271281627889E+03 -1.772997120207160E+02  1.044971569607173E+03  1.051730956488285E+21 -1.525615454699155E+20
  0.000000000000000E+00  1.217896960318191E+00 -7.749486017586934E-01  4.196278622117841E+00  5.711178480457631E+01  1.903726160152526E+01  1.903726160152526E+01  5.711178480457579E+01  5.115907697472721E-13  3.000000000000027E+00  1.233823864451761E+03 -1.829216727104468E+02  1.050902191741314E+03  1.063081459100859E+21 -1.576081030112013E+20
  0.000000000000000E+00  1.219043708966759E+00 -7.767404697866990E-01  4.198429820561671E+00  5.807513723756375E+01  1.935837907918774E+01  1.935837907918774E+01  5.807513723756324E+01  5.115907697472721E-13  3.000000000000027E+00  1.245676551220848E+03 -1.883080971876321E+02  1.057368454033216E+03  1.074741078165923E+21 -1.624678952176314E+20
  0.000000000000000E+00  1.220190457615328E+00 -7.785323378147044E-01  4.200576122687810E+00  5.906489857721651E+01  1.968829952573866E+01  1.968829952573866E+01  5.906489857721597E+01  5.400124791776761E-13  3.000000000000028E+00  1.257814052487561E+03 -1.934582917593124E+02  1.064355760728248E+03  1.086702426867958E+21 -1.671404407804176E+20
  0.000000000000000E+00  1.221337206263896E+00 -7.803242058427100E-01  4.202717525487083E+00  6.007979379436521E+01  2.002659793145489E+01  2.002659793145489E+01  6.007979379436468E+01  5.329070518200751E-13  3.000000000000027E+00  1.270221069896783E+03 -1.983715627325248E+02  1.071849507164259E+03  1.098958233363303E+21 -1.716252920822417E+20
  0.000000000000000E+00  1.222466002277018E+00 -7.820880217308546E-01  4.204820616479369E+00  6.110225045033103E+01  2.036741681677681E+01  2.036741681677681E+01  6.110225045033044E+01  5.826450433232822E-13  3.000000000000029E+00  1.282710895207725E+03 -2.030642486400115E+02  1.079646646567713E+03  1.111327932593962E+21 -1.759328407265962E+20
  0.000000000000000E+00  1.223594798290140E+00 -7.838518376189992E-01  4.206918955111711E+00  6.214755771968360E+01  2.071585257322764E+01  2.071585257322764E+01  6.214755771968292E+01  6.821210263296962E-13  3.000000000000033E+00  1.295478952398982E+03 -2.077223723767762E+02  1.087756580022205E+03  1.124014510204166E+21 -1.802290652527880E+20
  0.000000000000000E+00  1.224723594303261E+00 -7.856156535071438E-01  4.209012539058859E+00  6.321549742686264E+01  2.107183247562061E+01  2.107183247562061E+01  6.321549742686185E+01  7.815970093361102E-13  3.000000000000037E+00  1.308524115639267E+03 -2.123458152421420E+02  1.096178300397125E+03  1.137029810109603E+21 -1.845159130784430E+20
  0.000000000000000E+00  1.225852390316383E+00 -7.873794693952885E-01  4.211101366172819E+00  6.430585139630784E+01  2.143528379876900E+01  2.143528379876900E+01  6.430585139630699E+01  8.526512829121202E-13  3.000000000000040E+00  1.321845255327150E+03 -2.169344585353971E+02  1.104910796791753E+03  1.150386150306920E+21 -1.887954702849747E+20
  0.000000000000000E+00  1.226963856491096E+00 -7.891162063037336E-01  4.213153474805233E+00  6.540211875514741E+01  2.180070625171552E+01  2.180070625171552E+01  6.540211875514657E+01  8.384404281969182E-13  3.000000000000039E+00  1.335187419703354E+03 -2.217617387895524E+02  1.113425680913802E+03  1.163847442032865E+21 -1.933038228358410E+20
  0.000000000000000E+00  1.228075322665809E+00 -7.908529432121789E-01  4.215200967911661E+00  6.652076843481217E+01  2.217358947827044E+01  2.217358947827044E+01  6.652076843481133E+01  8.384404281969182E-13  3.000000000000038E+00  1.348790429008287E+03 -2.262977874394924E+02  1.122492641568795E+03  1.177665087894374E+21 -1.975866658033609E+20
  0.000000000000000E+00  1.229186788840523E+00 -7.925896801206239E-01  4.217243843937011E+00  6.766030517232164E+01  2.255343505744026E+01  2.255343505744026E+01  6.766030517232079E+01  8.526512829121202E-13  3.000000000000038E+00  1.362653151585611E+03 -2.305417909717602E+02  1.132111360613851E+03  1.191853812076731E+21 -2.016449395746517E+20
  0.000000000000000E+00  1.230298255015236E+00 -7.943264170290691E-01  4.219282101487336E+00  6.881923370469536E+01  2.293974456823150E+01  2.293974456823150E+01  6.881923370469451E+01  8.526512829121202E-13  3.000000000000037E+00  1.376774373331852E+03 -2.344929358728689E+02  1.142281437458983E+03  1.206428854963543E+21 -2.054795975302164E+20
  0.000000000000000E+00  1.231392831636417E+00 -7.960367629310636E-01  4.221284871264096E+00  6.997926540683950E+01  2.332642180227955E+01  2.332642180227955E+01  6.997926540683868E+01  8.242295734817162E-13  3.000000000000036E+00  1.390963971647242E+03 -2.384399211831950E+02  1.152524050464047E+03  1.221201453677817E+21 -2.093391232980030E+20
  0.000000000000000E+00  1.232487408257598E+00 -7.977471088330580E-01  4.223283159635820E+00  7.115465309167085E+01  2.371821769722335E+01  2.371821769722335E+01  7.115465309167006E+01  7.958078640513122E-13  3.000000000000034E+00  1.405418695513063E+03 -2.411816622423836E+02  1.164237033270679E+03  1.236386008724975E+21 -2.121742322836092E+20
  0.000000000000000E+00  1.233581984878779E+00 -7.994574547350525E-01  4.225276965721710E+00  7.233946202792009E+01  2.411315400930646E+01  2.411315400930646E+01  7.233946202791940E+01  6.963318810448982E-13  3.000000000000028E+00  1.420120001082407E+03 -2.427149301977804E+02  1.177405070884627E+03  1.251975151709382E+21 -2.139770310430724E+20
  0.000000000000000E+00  1.234676561499959E+00 -8.011678006370470E-01  4.227266288787454E+00  7.352775748431806E+01  2.450925249477245E+01  2.450925249477245E+01  7.352775748431738E+01  6.821210263296962E-13  3.000000000000028E+00  1.435049324422823E+03 -2.430364961967469E+02  1.192012828226076E+03  1.267961647586376E+21 -2.147389298031199E+20
  0.000000000000000E+00  1.235754668182278E+00 -8.028524112073216E-01  4.229221295873661E+00  7.469750938827703E+01  2.489916979609211E+01  2.489916979609211E+01  7.469750938827636E+01  6.679101716144942E-13  3.000000000000027E+00  1.449903800365370E+03 -2.426248149920675E+02  1.207278985373302E+03  1.284079729314406E+21 -2.148760536260838E+20
  0.000000000000000E+00  1.236832774864597E+00 -8.045370217775961E-01  4.231171952837276E+00  7.585784782536776E+01  2.528594927512237E+01  2.528594927512237E+01  7.585784782536712E+01  6.394884621840902E-13  3.000000000000026E+00  1.464973384895758E+03 -2.395439193949559E+02  1.225429465500802E+03  1.300650496234908E+21 -2.126747972648486E+20
  0.000000000000000E+00  1.237910881546916E+00 -8.062216323478708E-01  4.233118259386258E+00  7.699594857028686E+01  2.566531619009541E+01  2.566531619009541E+01  7.699594857028623E+01  6.252776074688882E-13  3.000000000000024E+00  1.480327439513804E+03 -2.337868322514410E+02  1.246540607262363E+03  1.317707869633107E+21 -2.081044642227927E+20
  0.000000000000000E+00  1.238988988229235E+00 -8.079062429181454E-01  4.235060215361706E+00  7.809898739773095E+01  2.603299579924345E+01  2.603299579924345E+01  7.809898739773035E+01  5.968558980384842E-13  3.000000000000023E+00  1.496034925996475E+03 -2.253465764075610E+02  1.270688349588914E+03  1.335284773513711E+21 -2.011329060650349E+20
  0.000000000000000E+00  1.240093494241621E+00 -8.095118052055725E-01  4.236983599751155E+00  7.920718155994048E+01  2.640239385331331E+01  2.640239385331331E+01  7.920718155993994E+01  5.400124791776761E-13  3.000000000000021E+00  1.641369343083813E+03 -2.437873511029079E+02  1.397581991980905E+03  1.469756116509712E+21 -2.182981861583992E+20
  0.000000000000000E+00  1.241222893723803E+00 -8.111120678835595E-01  4.238925086097145E+00  8.033720863903190E+01  2.677906954634383E+01  2.677906954634383E+01  8.033720863903152E+01  3.836930773104541E-13  3.000000000000014E+00  1.590870471815555E+03 -2.329546769989290E+02  1.357915794816626E+03  1.430059990356846E+21 -2.094068430112231E+20
  0.000000000000000E+00  1.242228241833402E+00 -8.127688960184438E-01  4.240767910046678E+00  8.133353730161265E+01  2.711117910053747E+01  2.711117910053747E+01  8.133353730161242E+01  2.273736754432321E-13  3.000000000000008E+00  1.319723405715791E+03 -1.904767275381216E+02  1.129246678177670E+03  1.190675467342900E+21 -1.718511360767974E+20
  0.000000000000000E+00  1.242960593728041E+00 -8.145441546765627E-01  4.242394877173786E+00  8.204063621429013E+01  2.734687873809665E+01  2.734687873809665E+01  8.204063621428998E+01  1.563194018672220E-13  3.000000000000006E+00  7.798795962059893E+02 -1.104229489074960E+02  6.694566472984933E+02  7.054750310250803E+20 -9.988802590216857E+19
  0.000000000000000E+00  1.243441993900649E+00 -8.161791498125214E-01  4.243697430171821E+00  8.250024294099261E+01  2.750008098033073E+01  2.750008098033073E+01  8.250024294099222E+01  3.836930773104541E-13  3.000000000000014E+00  7.933584072445371E+02 -1.152361257183342E+02  6.781222815262030E+02  7.187169767282659E+20 -1.043943810639309E+20
  0.000000000000000E+00  1.243923394073257E+00 -8.178141449484797E-01  4.244996387257832E+00  8.298027858748824E+01  2.766009286249577E+01  2.766009286249577E+01  8.298027858748733E+01  9.094947017729282E-13  3.000000000000033E+00  8.069519162486743E+02 -1.205409048743981E+02  6.864110113742762E+02  7.319134595680080E+20 -1.093318064305715E+20
  0.000000000000000E+00  1.244404794245865E+00 -8.194491400844383E-01  4.246291758936628E+00  8.348273020050837E+01  2.782757673350231E+01  2.782757673350231E+01  8.348273020050695E+01  1.421085471520200E-12  3.000000000000051E+00  8.206580771963586E+02 -1.263378528397182E+02  6.943202243566404E+02  7.451379146021643E+20 -1.147117500164178E+20
  0.000000000000000E+00  1.244886194418473E+00 -8.210841352203969E-01  4.247583555703240E+00  8.400958482678436E+01  2.800319494226090E+01  2.800319494226090E+01  8.400958482678270E+01  1.662670001678634E-12  3.000000000000059E+00  8.344747525773228E+02 -1.326275360783254E+02  7.018472164989975E+02  7.584692060662488E+20 -1.205475680134841E+20
  0.000000000000000E+00  1.245360529122968E+00 -8.226951336761409E-01  4.248852906492864E+00  8.455381000049675E+01  2.818460333349848E+01  2.818460333349848E+01  8.455381000049547E+01  1.278976924368180E-12  3.000000000000046E+00  8.482051937497570E+02 -1.388797957308601E+02  7.093253980188970E+02  7.717301672836621E+20 -1.263582547966781E+20
  0.000000000000000E+00  1.245834863827463E+00 -8.243061321318849E-01  4.250118806737050E+00  8.512289704389607E+01  2.837429901463185E+01  2.837429901463185E+01  8.512289704389556E+01  5.115907697472721E-13  3.000000000000019E+00  8.620609266151966E+02 -1.451389076818564E+02  7.169220189333403E+02  7.850892841145690E+20 -1.321797539026871E+20
  0.000000000000000E+00  1.246309198531959E+00 -8.259171305876289E-01  4.251381266445695E+00  8.571685448335255E+01  2.857228482778426E+01  2.857228482778426E+01  8.571685448335279E+01 -2.415845301584341E-13  2.999999999999992E+00  8.760436531020055E+02 -1.514048743620020E+02  7.246387787400035E+02  7.985601625820213E+20 -1.380135574958074E+20
  0.000000000000000E+00  1.246783533236454E+00 -8.275281290433729E-01  4.252640295618227E+00  8.633569084523639E+01  2.877856361507900E+01  2.877856361507900E+01  8.633569084523700E+01 -6.110667527536862E-13  2.999999999999978E+00  8.901551334629303E+02 -1.576776982019780E+02  7.324774352609522E+02  8.121573149537232E+20 -1.438615486062744E+20
  0.000000000000000E+00  1.247250967852664E+00 -8.291156925038161E-01  4.253877663529805E+00  8.696979105027067E+01  2.898993035009034E+01  2.898993035009034E+01  8.696979105027104E+01 -3.694822225952521E-13  2.999999999999988E+00  9.041969321431347E+02 -1.637816176180309E+02  7.404153145251039E+02  8.256906680883003E+20 -1.495613936126550E+20
  0.000000000000000E+00  1.247718402468875E+00 -8.307032559642594E-01  4.255111719235249E+00  8.762722322002466E+01  2.920907440667481E+01  2.920907440667481E+01  8.762722322002445E+01  2.131628207280301E-13  3.000000000000007E+00  9.183762775861981E+02 -1.696323393470143E+02  7.487439382391838E+02  8.393554475499869E+20 -1.550364829607662E+20
  0.000000000000000E+00  1.248185837085086E+00 -8.322908194247027E-01  4.256342472272416E+00  8.830697128412277E+01  2.943565709470732E+01  2.943565709470732E+01  8.830697128412199E+01  7.815970093361102E-13  3.000000000000027E+00  9.326974996037704E+02 -1.752295737292377E+02  7.574679258745327E+02  8.531602583842702E+20 -1.602865971688702E+20
  0.000000000000000E+00  1.248653271701296E+00 -8.338783828851459E-01  4.257569932168204E+00  8.900801917218948E+01  2.966933972406281E+01  2.966933972406281E+01  8.900801917218844E+01  1.037392394209746E-12  3.000000000000035E+00  9.471650698855012E+02 -1.805730311050304E+02  7.665920387804708E+02  8.671141496076793E+20 -1.653116603293315E+20
  0.000000000000000E+00  1.249113994149877E+00 -8.354431495913452E-01  4.258776552966388E+00  8.971863241825750E+01  2.990621080608546E+01  2.990621080608546E+01  8.971863241825641E+01  1.094235813070554E-12  3.000000000000036E+00  9.615680911972374E+02 -1.854668099248636E+02  7.761012812723737E+02  8.810181282627682E+20 -1.699303702262239E+20
  0.000000000000000E+00  1.249574716598457E+00 -8.370079162975446E-01  4.259979992865534E+00  9.044737735841353E+01  3.014912578613745E+01  3.014912578613745E+01  9.044737735841237E+01  1.151079231931362E-12  3.000000000000038E+00  9.761337081730157E+02 -1.900524672129750E+02  7.860812409600408E+02  8.950921438718248E+20 -1.742737382199277E+20
  0.000000000000000E+00  1.250035439047037E+00 -8.385726830037439E-01  4.261180260955282E+00  9.119304465814233E+01  3.039768155271371E+01  3.039768155271371E+01  9.119304465814113E+01  1.193711796076968E-12  3.000000000000040E+00  9.908660169155700E+02 -1.943296582142735E+02  7.965363587012964E+02  9.093411251781008E+20 -1.783409129380814E+20
  0.000000000000000E+00  1.250496161495617E+00 -8.401374497099432E-01  4.262377366313974E+00  9.195442498292877E+01  3.065147499430917E+01  3.065147499430917E+01  9.195442498292752E+01  1.250555214937776E-12  3.000000000000041E+00  1.005769201807255E+03 -1.982980381736341E+02  8.074711636336207E+02  9.237701436586789E+20 -1.821310563912028E+20
  0.000000000000000E+00  1.250950349126251E+00 -8.416800220004305E-01  4.263554405183498E+00  9.271907458015419E+01  3.090635819338432E+01  3.090635819338432E+01  9.271907458015298E+01  1.193711796076968E-12  3.000000000000038E+00  1.020640004088660E+03 -2.018568198747624E+02  8.187831842138980E+02  9.381809022519416E+20 -1.855484917670947E+20
  0.000000000000000E+00  1.251404536756886E+00 -8.432225942909177E-01  4.264728387891848E+00  9.349668739227432E+01  3.116556246409110E+01  3.116556246409110E+01  9.349668739227333E+01  9.947598300641403E-13  3.000000000000032E+00  1.035691550770994E+03 -2.052301828108606E+02  8.304613679601333E+02  9.527774970258236E+20 -1.888001304511176E+20
  0.000000000000000E+00  1.251858724387521E+00 -8.447651665814048E-01  4.265899323103022E+00  9.428654556144689E+01  3.142884852048201E+01  3.142884852048201E+01  9.428654556144603E+01  8.526512829121202E-13  3.000000000000028E+00  1.050914758468246E+03 -2.084179223362171E+02  8.424968361320291E+02  9.675506858658594E+20 -1.918851192051628E+20
  0.000000000000000E+00  1.252312912018156E+00 -8.463077388718920E-01  4.267067219469519E+00  9.508793122982939E+01  3.169597707660953E+01  3.169597707660953E+01  9.508793122982861E+01  7.815970093361102E-13  3.000000000000025E+00  1.066300105280195E+03 -2.114198338050652E+02  8.548802714751301E+02  9.824907248083650E+20 -1.948025933087757E+20
  0.000000000000000E+00  1.252760801208534E+00 -8.478289195639311E-01  4.268215952548064E+00  9.588875800990108E+01  3.196291933663352E+01  3.196291933663352E+01  9.588875800990056E+01  5.258016244624741E-13  3.000000000000016E+00  1.081619717217578E+03 -2.142050825571884E+02  8.674146346603897E+02  9.973765743253055E+20 -1.975214837924237E+20
  0.000000000000000E+00  1.253208690398911E+00 -8.493501002559704E-01  4.269361747157628E+00  9.669972441123761E+01  3.223324147041254E+01  3.223324147041254E+01  9.669972441123764E+01 -2.842170943040401E-14  3.000000000000000E+00  1.097071493201775E+03 -2.169630332434615E+02  8.801084599583140E+02  1.012405794146592E+21 -2.002190680666065E+20
  0.000000000000000E+00  1.253656579589288E+00 -8.508712809480096E-01  4.270504611561767E+00  9.752072047863722E+01  3.250690682621261E+01  3.250690682621260E+01  9.752072047863780E+01 -5.826450433232822E-13  2.999999999999982E+00  1.112640490775648E+03 -2.196936545180311E+02  8.929468362576170E+02  1.027571105101506E+21 -2.028964910305444E+20
  0.000000000000000E+00  1.254104468779665E+00 -8.523924616400488E-01  4.271644554012445E+00  9.835163625689829E+01  3.278387875229971E+01  3.278387875229971E+01  9.835163625689914E+01 -8.526512829121202E-13  2.999999999999974E+00  1.128311190666704E+03 -2.223969150350536E+02  9.059142756316506E+02  1.042865004545958E+21 -2.055549583550561E+20
  0.000000000000000E+00  1.254546344185862E+00 -8.538932175203749E-01  4.272766335188260E+00  9.918103796017590E+01  3.306034598672553E+01  3.306034598672553E+01  9.918103796017658E+01 -6.821210263296962E-13  2.999999999999979E+00  1.143854994014292E+03 -2.250720418844892E+02  9.187829521298032E+02  1.058073232423982E+21 -2.081930875252286E+20
  0.000000000000000E+00  1.254988219592058E+00 -8.553939734007011E-01  4.273885288271416E+00  1.000202269501056E+02  3.334007565003530E+01  3.334007565003530E+01  1.000202269501059E+02 -2.700062395888381E-13  2.999999999999992E+00  1.159488747583923E+03 -2.278365684662296E+02  9.316521791176937E+02  1.073413887176280E+21 -2.109230789068428E+20
  0.000000000000000E+00  1.255430094998255E+00 -8.568947292810273E-01  4.275001421151781E+00  1.008695276969183E+02  3.362317589897273E+01  3.362317589897273E+01  1.008695276969182E+02  9.947598300641403E-14  3.000000000000003E+00  1.175215335041638E+03 -2.306905872797284E+02  9.445247477619099E+02  1.088894418319956E+21 -2.137460985726065E+20
  0.000000000000000E+00  1.255871970404452E+00 -8.583954851613534E-01  4.276114741707607E+00  1.017292646708450E+02  3.390975489028155E+01  3.390975489028155E+01  1.017292646708447E+02  3.126388037344441E-13  3.000000000000009E+00  1.191037736599949E+03 -2.336341908244128E+02  9.574035457755361E+02  1.104522575425347E+21 -2.166633602168340E+20
  0.000000000000000E+00  1.256308132415238E+00 -8.598768364501608E-01  4.277210916829936E+00  1.025885392813432E+02  3.419617976044759E+01  3.419617976044759E+01  1.025885392813428E+02  4.263256414560601E-13  3.000000000000012E+00  1.206771442977421E+03 -2.366894377003467E+02  9.700820052770745E+02  1.120116633832782E+21 -2.196934454850591E+20
  0.000000000000000E+00  1.256744294426023E+00 -8.613581877389681E-01  4.278304367101886E+00  1.034588982596420E+02  3.448629941988044E+01  3.448629941988044E+01  1.034588982596413E+02  6.252776074688882E-13  3.000000000000018E+00  1.222638982968227E+03 -2.398663928942736E+02  9.827725900739531E+02  1.135894783001427E+21 -2.228482717314572E+20
  0.000000000000000E+00  1.257180456436809E+00 -8.628395390277755E-01  4.279395100065910E+00  1.043407785701337E+02  3.478025952337760E+01  3.478025952337760E+01  1.043407785701328E+02  8.384404281969182E-13  3.000000000000024E+00  1.238649593251517E+03 -2.431651809753014E+02  9.954844122762162E+02  1.151866142729758E+21 -2.261283098805561E+20
  0.000000000000000E+00  1.257616618447595E+00 -8.643208903165829E-01  4.280483123252883E+00  1.052346171772108E+02  3.507820572573661E+01  3.507820572573661E+01  1.052346171772099E+02  9.237055564881302E-13  3.000000000000027E+00  1.254812763569788E+03 -2.465859265125137E+02  1.008226837057274E+03  1.168040065611166E+21 -2.295340389773203E+20
  0.000000000000000E+00  1.258047500054416E+00 -8.657843075968681E-01  4.281555320852464E+00  1.061298926458154E+02  3.537663088193814E+01  3.537663088193814E+01  1.061298926458144E+02  9.521272659185342E-13  3.000000000000027E+00  1.270947483337756E+03 -2.501210920465583E+02  1.020826391291198E+03  1.184232734959068E+21 -2.330557232210425E+20
  0.000000000000000E+00  1.258478381661237E+00 -8.672477248771533E-01  4.282624888466014E+00  1.070376720257112E+02  3.567922400857012E+01  3.567922400857012E+01  1.070376720257103E+02  8.952838470577262E-13  3.000000000000025E+00  1.287257972353397E+03 -2.536956504180710E+02  1.033562321935326E+03  1.200651685566266E+21 -2.366270917230441E+20
  0.000000000000000E+00  1.258909263268058E+00 -8.687111421574385E-01  4.283691833320159E+00  1.079580887343299E+02  3.598602957810969E+01  3.598602957810969E+01  1.079580887343291E+02  8.384404281969182E-13  3.000000000000023E+00  1.303741326261886E+03 -2.573096396614696E+02  1.046431686600416E+03  1.217302021601871E+21 -2.402497629154988E+20
  0.000000000000000E+00  1.259340144874879E+00 -8.701745594377237E-01  4.284756162630009E+00  1.088912761891030E+02  3.629709206303408E+01  3.629709206303408E+01  1.088912761891022E+02  8.100187187665142E-13  3.000000000000022E+00  1.320394474734058E+03 -2.609630978111854E+02  1.059431376922872E+03  1.234189017731025E+21 -2.439254294944716E+20
  0.000000000000000E+00  1.259766254604327E+00 -8.716217698349644E-01  4.285806139632669E+00  1.098267987089940E+02  3.660893290299772E+01  3.660893290299772E+01  1.098267987089932E+02  8.384404281969182E-13  3.000000000000023E+00  1.337033905643474E+03 -2.645868238071196E+02  1.072447081836354E+03  1.251129809370389E+21 -2.475871861098409E+20
  0.000000000000000E+00  1.260192364333774E+00 -8.730689802322051E-01  4.286853572703231E+00  1.107747914712197E+02  3.692493049040625E+01  3.692493049040625E+01  1.107747914712188E+02  9.379164112033322E-13  3.000000000000025E+00  1.353838669859384E+03 -2.681488131046940E+02  1.085689856754690E+03  1.268313211876347E+21 -2.512091654502444E+20
  0.000000000000000E+00  1.260618474063222E+00 -8.745161906294459E-01  4.287898468785865E+00  1.117350262882692E+02  3.724500876275604E+01  3.724500876275605E+01  1.117350262882682E+02  1.008970684779342E-12  3.000000000000028E+00  1.370798469947482E+03 -2.716490006525722E+02  1.099149469294910E+03  1.285742264834074E+21 -2.547935447814822E+20
  0.000000000000000E+00  1.261044583792670E+00 -8.759634010266865E-01  4.288940834813298E+00  1.127072749726315E+02  3.756909165754347E+01  3.756909165754347E+01  1.127072749726304E+02  1.023181539494544E-12  3.000000000000028E+00  1.387902646624894E+03 -2.750873213994439E+02  1.112815325225450E+03  1.303420167622964E+21 -2.583425886832545E+20
  0.000000000000000E+00  1.261466462289790E+00 -8.773962407513168E-01  4.289970364538092E+00  1.136814808339167E+02  3.789382694463850E+01  3.789382694463850E+01  1.136814808339155E+02  1.165290086646564E-12  3.000000000000031E+00  1.404980922024994E+03 -2.784228010872387E+02  1.126558120937755E+03  1.321184621891187E+21 -2.618170235722139E+20
  0.000000000000000E+00  1.261888340786909E+00 -8.788290804759474E-01  4.290997427694915E+00  1.146669094344070E+02  3.822230314480185E+01  3.822230314480185E+01  1.146669094344056E+02  1.392663762089796E-12  3.000000000000036E+00  1.422207551241357E+03 -2.816511562405903E+02  1.140556395000767E+03  1.339240873474656E+21 -2.652206003051816E+20
  0.000000000000000E+00  1.262310219284029E+00 -8.802619202005779E-01  4.292022030978294E+00  1.156631762534201E+02  3.855439208447280E+01  3.855439208447280E+01  1.156631762534184E+02  1.648459146963432E-12  3.000000000000043E+00  1.439572831204538E+03 -2.847722772409934E+02  1.154800553963545E+03  1.357610391382681E+21 -2.685586962881157E+20
  0.000000000000000E+00  1.262732097781149E+00 -8.816947599252084E-01  4.293044181071393E+00  1.166698967702737E+02  3.888996559009065E+01  3.888996559009065E+01  1.166698967702720E+02  1.762145984685048E-12  3.000000000000045E+00  1.457066752802083E+03 -2.877860544699037E+02  1.169280698332179E+03  1.376315633367971E+21 -2.718368565273386E+20
  0.000000000000000E+00  1.263150428341411E+00 -8.831155496759620E-01  4.294055319269495E+00  1.176783806292405E+02  3.922612687641275E+01  3.922612687641275E+01  1.176783806292383E+02  2.245315045001917E-12  3.000000000000057E+00  1.474545059831477E+03 -2.908067980459746E+02  1.183738261785502E+03  1.395244210181406E+21 -2.751672446696282E+20
  0.000000000000000E+00  1.263568758901674E+00 -8.845363394267155E-01  4.295064058419312E+00  1.186966028493083E+02  3.956553428310164E+01  3.956553428310164E+01  1.186966028493050E+02  3.353761712787673E-12  3.000000000000085E+00  1.492153948974149E+03 -2.935670749706459E+02  1.198586874003503E+03  1.414589393367313E+21 -2.783069875469913E+20
  0.000000000000000E+00  1.263987089461937E+00 -8.859571291774692E-01  4.296070405003169E+00  1.197236492147334E+02  3.990788307157630E+01  3.990788307157630E+01  1.197236492147289E+02  4.462208380573429E-12  3.000000000000112E+00  1.509874385968450E+03 -2.960666246207835E+02  1.213807761347666E+03  1.434355495481955E+21 -2.812583576488911E+20
  0.000000000000000E+00  1.264405420022199E+00 -8.873779189282227E-01  4.297074365492068E+00  1.207586055097720E+02  4.025286850325569E+01  4.025286850325569E+01  1.207586055097671E+02  4.931166586175095E-12  3.000000000000123E+00  1.527686814090790E+03 -2.983051863732676E+02  1.229381627717522E+03  1.454546924479334E+21 -2.840234578143609E+20
  0.000000000000000E+00  1.264821036209088E+00 -8.887894897639961E-01  4.298069455159479E+00  1.217937975591735E+02  4.059793251972297E+01  4.059793251972297E+01  1.217937975591690E+02  4.547473508864641E-12  3.000000000000112E+00  1.545466234379857E+03 -3.001858328410198E+02  1.245280401538837E+03  1.474982863205195E+21 -2.864953949609592E+20
  0.000000000000000E+00  1.265236652395978E+00 -8.902010605997692E-01  4.299062202295715E+00  1.228336984718172E+02  4.094456615727118E+01  4.094456615727118E+01  1.228336984718136E+02  3.637978807091713E-12  3.000000000000088E+00  1.563303605577752E+03 -3.012256795033810E+02  1.262077926074371E+03  1.495825290789292E+21 -2.882235977891354E+20
  0.000000000000000E+00  1.265652268582867E+00 -8.916126314355424E-01  4.300052613212945E+00  1.238753976982560E+02  4.129179923275108E+01  4.129179923275108E+01  1.238753976982533E+02  2.728484105318785E-12  3.000000000000066E+00  1.581150777430165E+03 -3.014238966257122E+02  1.279726880804453E+03  1.517196291187983E+21 -2.892318838683042E+20
  0.000000000000000E+00  1.266067884769756E+00 -8.930242022713156E-01  4.301040694211996E+00  1.249159846890427E+02  4.163866156301346E+01  4.163866156301346E+01  1.249159846890404E+02  2.330580173293129E-12  3.000000000000056E+00  1.598958419414320E+03 -3.007796544733123E+02  1.298178764941008E+03  1.539223480771665E+21 -2.895429306243560E+20
  0.000000000000000E+00  1.266274783037845E+00 -8.937268976196184E-01  4.301531705031740E+00  1.254325381390484E+02  4.181084604634847E+01  4.181084604634847E+01  1.254325381390454E+02  2.998490344907623E-12  3.000000000000072E+00  1.607792886831320E+03 -2.999885899406185E+02  1.307804296890702E+03  1.550475224666036E+21 -2.892940254898799E+20
  0.000000000000000E+00  1.266481681305934E+00 -8.944295929679211E-01  4.302022140794827E+00  1.259475265143489E+02  4.198250883811480E+01  4.198250883811480E+01  1.259475265143444E+02  4.519051799434237E-12  3.000000000000108E+00  1.616598989556217E+03 -2.990572108867607E+02  1.317541778669456E+03  1.561896365541236E+21 -2.889376857158348E+20
  0.000000000000000E+00  1.266688579574023E+00 -8.951322883162239E-01  4.302512002275389E+00  1.264607090646114E+02  4.215356968820175E+01  4.215356968820175E+01  1.264607090646053E+02  6.110667527536862E-12  3.000000000000145E+00  1.625369928712250E+03 -2.979854486790367E+02  1.327384480033213E+03  1.573435789513268E+21 -2.884641590959142E+20
  0.000000000000000E+00  1.266895477842112E+00 -8.958349836645267E-01  4.303001290246844E+00  1.269718450395029E+02  4.232394834649871E+01  4.232394834649871E+01  1.269718450394961E+02  6.778577699151356E-12  3.000000000000160E+00  1.634098830220227E+03 -2.967732346847200E+02  1.337325595535507E+03  1.585041225529353E+21 -2.878637466165883E+20
  0.000000000000000E+00  1.267102376110200E+00 -8.965376790128295E-01  4.303490005481899E+00  1.274805506175368E+02  4.249351687251222E+01  4.249351687251222E+01  1.274805506175367E+02  1.421085471520200E-13  3.000000000000003E+00  1.642778577404967E+03 -2.953283544625306E+02  1.347450222942436E+03  1.596669091611961E+21 -2.870390824013666E+20
  0.000000000000000E+00  1.267309274378289E+00 -8.972403743611325E-01  4.303978148752552E+00  1.279869532052823E+02  4.266231773509891E+01  4.266231773509891E+01  1.279869532052967E+02 -1.445243924536044E-11  2.999999999999661E+00  1.651413148510239E+03 -2.941892042329799E+02  1.357223944277259E+03  1.608401379239042E+21 -2.865269192463544E+20
  0.000000000000000E+00  1.267516172646378E+00 -8.979430697094352E-01  4.304465720830080E+00  1.284915788944906E+02  4.283052629817321E+01  4.283052629817321E+01  1.284915788945196E+02 -2.901856532844249E-11  2.999999999999322E+00  1.660011011691441E+03 -2.933559339733657E+02  1.366655077718076E+03  1.620374114529332E+21 -2.863513304467005E+20
  0.000000000000000E+00  1.267723070914467E+00 -8.986457650577380E-01  4.304952722485044E+00  1.289949537769131E+02  4.299831792564958E+01  4.299831792564958E+01  1.289949537769488E+02 -3.566924533515703E-11  2.999999999999170E+00  1.668580744514579E+03 -2.928286936611464E+02  1.375752050853432E+03  1.632726091846300E+21 -2.865363574124858E+20
  0.000000000000000E+00  1.267929969182556E+00 -8.993484604060408E-01  4.305439154487287E+00  1.294978490394387E+02  4.316594967981496E+01  4.316594967981496E+01  1.294978490394449E+02 -6.167510946397670E-12  2.999999999999857E+00  1.677145043398244E+03 -2.930164139342984E+02  1.384128629463946E+03  1.644838100891598E+21 -2.873720217120861E+20
  0.000000000000000E+00  1.268136867450645E+00 -9.000511557543436E-01  4.305925017605929E+00  1.300018829256250E+02  4.333396097518876E+01  4.333396097518876E+01  1.300018829255663E+02  5.869082997378428E-11  3.000000000001354E+00  1.685745943865626E+03 -2.942506388910867E+02  1.391495304974540E+03  1.656500982585857E+21 -2.891458669815164E+20
  0.000000000000000E+00  1.268343765718734E+00 -9.007538511026463E-01  4.306410312609367E+00  1.305088521122258E+02  4.350295070403405E+01  4.350295070403405E+01  1.305088521121022E+02  1.236060143128270E-10  3.000000000002841E+00  1.694431247362471E+03 -2.965318807252145E+02  1.397899366637257E+03  1.668492077638389E+21 -2.919924278588290E+20
  0.000000000000000E+00  1.268550663986823E+00 -9.014565464509491E-01  4.306895040265271E+00  1.310205532759949E+02  4.367351775861393E+01  4.367351775861393E+01  1.310205532758418E+02  1.531077487015864E-10  3.000000000003506E+00  1.703249310979277E+03 -2.998606516302970E+02  1.403388659348980E+03  1.681604818127359E+21 -2.960500927831884E+20
  0.000000000000000E+00  1.268757562254912E+00 -9.021592417992520E-01  4.307379201340586E+00  1.315398541333799E+02  4.384661804441720E+01  4.384661804441720E+01  1.315398541332516E+02  1.283240180782741E-10  3.000000000002927E+00  1.712284576226602E+03 -3.053197111318068E+02  1.406964865094795E+03  1.696422587008720E+21 -3.024913390065074E+20
  0.000000000000000E+00  1.268964460523001E+00 -9.028619371475547E-01  4.307862796601526E+00  1.320684829355853E+02  4.402282764517045E+01  4.402282764517045E+01  1.320684829355114E+02  7.389644451905042E-11  3.000000000001679E+00  1.721581764257234E+03 -3.108315196996122E+02  1.410750244557622E+03  1.713200329698935E+21 -3.093182520203725E+20
  0.000000000000000E+00  1.269171358791090E+00 -9.035646324958574E-01  4.308345826813572E+00  1.326065271614997E+02  4.420217572049344E+01  4.420217572049344E+01  1.326065271614803E+02  1.944044925039634E-11  3.000000000000440E+00  1.731129880387173E+03 -3.163961022720202E+02  1.414733778115153E+03  1.732256854614000E+21 -3.166020777200608E+20
  0.000000000000000E+00  1.269378257059179E+00 -9.042673278441602E-01  4.308828292741477E+00  1.331540742900124E+02  4.438469143000592E+01  4.438469143000592E+01  1.331540742900178E+02 -5.343281372915953E-12  2.999999999999880E+00  1.740917775161271E+03 -3.220134837873903E+02  1.418904291373881E+03  1.753918813007794E+21 -3.244182553105155E+20
  0.000000000000000E+00  1.269585155327267E+00 -9.049700231924630E-01  4.309310195149255E+00  1.337114981898123E+02  4.457049939662429E+01  4.457049939662429E+01  1.337114981898729E+02 -6.062350621505175E-11  2.999999999998639E+00  1.750928488422888E+03 -3.278026705446470E+02  1.423125817878242E+03  1.781213277037566E+21 -3.334724821048628E+20
  0.000000000000000E+00  1.269792053595356E+00 -9.056727185407659E-01  4.309791534800183E+00  1.342776978005684E+02  4.475923260025024E+01  4.475923260025024E+01  1.342776978007507E+02 -1.822968442866113E-10  2.999999999995927E+00  1.761138665601138E+03 -3.323544733204980E+02  1.428784192280640E+03  1.813152831631835E+21 -3.421703618101397E+20
  0.000000000000000E+00  1.269998951863445E+00 -9.063754138890686E-01  4.310272312456802E+00  1.348505482076403E+02  4.495018273598139E+01  4.495018273598139E+01  1.348505482079441E+02 -3.039133389393101E-10  2.999999999993239E+00  1.771527179926287E+03 -3.356682863477347E+02  1.435858893578553E+03  1.843948525037504E+21 -3.493906548690529E+20
  0.000000000000000E+00  1.270205850131534E+00 -9.070781092373714E-01  4.310752528880911E+00  1.354279244963870E+02  4.514264149891540E+01  4.514264149891540E+01  1.354279244967462E+02 -3.592504072003067E-10  2.999999999992042E+00  1.782072646175772E+03 -3.377435038591719E+02  1.444329142316600E+03  1.867673326148712E+21 -3.539667895085139E+20
  0.000000000000000E+00  1.270412748399623E+00 -9.077808045856742E-01  4.311232184833568E+00  1.360079364354411E+02  4.533597881191541E+01  4.533597881191541E+01  1.360079364357462E+02 -3.051070507353870E-10  2.999999999993270E+00  1.792780844380293E+03 -3.384194098565143E+02  1.454361434523779E+03  1.895053136806539E+21 -3.577251320010004E+20
  0.000000000000000E+00  1.270619646667712E+00 -9.084834999339770E-01  4.311711281075085E+00  1.365857187171737E+02  4.552857290578660E+01  4.552857290578660E+01  1.365857187173598E+02 -1.861337750597158E-10  2.999999999995912E+00  1.803608588602468E+03 -3.352511562684449E+02  1.468357432334023E+03  1.924988719636009E+21 -3.578130521998349E+20
  0.000000000000000E+00  1.270826544935801E+00 -9.091861952822797E-01  4.312189818365030E+00  1.371546838125520E+02  4.571822793753968E+01  4.571822793753967E+01  1.371546838126191E+02 -6.710365596518386E-11  2.999999999998533E+00  1.814459960892045E+03 -3.282368651329482E+02  1.486223095759096E+03  1.933274418317732E+21 -3.497304697747979E+20
  0.000000000000000E+00  1.271033443203890E+00 -9.098888906305825E-01  4.312667797462225E+00  1.377082441925430E+02  4.590274806418535E+01  4.590274806418535E+01  1.377082441925561E+02 -1.301714291912504E-11  2.999999999999717E+00  1.825237965929120E+03 -3.173746584880489E+02  1.507863307441071E+03  1.895125687476103E+21 -3.295268228482675E+20
  0.000000000000000E+00  1.271240341471979E+00 -9.105915859788853E-01  4.313145219124738E+00  1.382353122348367E+02  4.607843741159866E+01  4.607843741159865E+01  1.382353122347960E+02  4.072830961376894E-11  3.000000000000884E+00  1.835756734073309E+03 -2.976551077940534E+02  1.538101626279256E+03  1.883647403894740E+21 -3.054202447664221E+20
  0.000000000000000E+00  1.271447239740068E+00 -9.112942813271881E-01  4.313622084109894E+00  1.387264949496621E+02  4.624216498316771E+01  4.624216498316771E+01  1.387264949495031E+02  1.589910425536800E-10  3.000000000003438E+00  1.845826316049025E+03 -2.755666568576370E+02  1.570259659191388E+03  1.954854007853475E+21 -2.918435927070332E+20
  0.000000000000000E+00  1.271654138008157E+00 -9.119969766754908E-01  4.314098393174259E+00  1.391777467567960E+02  4.639258225217291E+01  4.639258225217291E+01  1.391777467565187E+02  2.772537754935911E-10  3.000000000005976E+00  1.855341878953242E+03 -2.511081523713895E+02  1.604233726581853E+03  2.056938713287722E+21 -2.783929397024516E+20
  0.000000000000000E+00  1.271861036276246E+00 -9.126996720237937E-01  4.314574147073647E+00  1.395850220760149E+02  4.652834069189462E+01  4.652834069189462E+01  1.395850220756839E+02  3.309992280264851E-10  3.000000000007114E+00  1.864197490652896E+03 -2.242784410279246E+02  1.639919049624971E+03  2.136907821897197E+21 -2.570877588444933E+20
  0.000000000000000E+00  1.272067934544335E+00 -9.134023673720966E-01  4.315049346563117E+00  1.399447293713979E+02  4.664824312369895E+01  4.664824312369895E+01  1.399447293710969E+02  3.010143245774088E-10  3.000000000006453E+00  1.872331982720585E+03 -1.968376296996991E+02  1.675494353020886E+03  2.190073089970339E+21 -2.302416451127783E+20
  0.000000000000000E+00  1.272274832812424E+00 -9.141050627203993E-01  4.315523992396972E+00  1.402617030795545E+02  4.675390102643979E+01  4.675390102643979E+01  1.402617030793194E+02  2.351328021177324E-10  3.000000000005029E+00  1.879828877494083E+03 -1.744093519618091E+02  1.705419525532274E+03  2.267057494544441E+21 -2.103361817756218E+20
  0.000000000000000E+00  1.272481731080513E+00 -9.148077580687020E-01  4.315998085328753E+00  1.405445365790570E+02  4.684817885962923E+01  4.684817885962922E+01  1.405445365788877E+02  1.692797013674863E-10  3.000000000003614E+00  1.886798802703045E+03 -1.569960576005325E+02  1.729802745102512E+03  2.397365041056706E+21 -1.994790645065287E+20
  0.000000000000000E+00  1.272688629348602E+00 -9.155104534170048E-01  4.316471626111245E+00  1.408018232484773E+02  4.693394108277931E+01  4.693394108277931E+01  1.408018232483379E+02  1.393800630467013E-10  3.000000000002970E+00  1.893353647851332E+03 -1.446001964021756E+02  1.748753451449156E+03  2.610884607144639E+21 -1.993998466187108E+20
  0.000000000000000E+00  1.272895527616691E+00 -9.162131487653076E-01  4.316944615496465E+00  1.410490207024102E+02  4.701634023411322E+01  4.701634023411322E+01  1.410490207023397E+02  7.051426109683234E-11  3.000000000001500E+00  1.899669059633998E+03 -1.453244020493441E+02  1.754344657584654E+03  2.833065484270099E+21 -2.167290904593198E+20
  0.000000000000000E+00  1.273102425884780E+00 -9.169158441136104E-01  4.317417054235673E+00  1.413020938720267E+02  4.710069795736922E+01  4.710069795736922E+01  1.413020938721077E+02 -8.103029358608183E-11  2.999999999998280E+00  1.905902414354093E+03 -1.515185324677971E+02  1.754383881886296E+03  2.983313735279300E+21 -2.371723314143201E+20
  0.000000000000000E+00  1.273309324152868E+00 -9.176185394619132E-01  4.317888943079359E+00  1.415703971107636E+02  4.719013237033204E+01  4.719013237033204E+01  1.415703971109962E+02 -2.325748482689960E-10  2.999999999995071E+00  1.912137873798697E+03 -1.631852543812903E+02  1.748952619417407E+03  3.082965981049266E+21 -2.631058119605828E+20
  0.000000000000000E+00  1.273516222420957E+00 -9.183212348102160E-01  4.318360282777249E+00  1.418632847720577E+02  4.728776159078640E+01  4.728776159078640E+01  1.418632847723592E+02 -3.014974936377257E-10  2.999999999993624E+00  1.918460505850189E+03 -1.803272345135955E+02  1.738133271336594E+03  3.153668401086931E+21 -2.964315916886158E+20
  0.000000000000000E+00  1.273723120689046E+00 -9.190239301585188E-01  4.318831074078303E+00  1.421907840152984E+02  4.739692800519844E+01  4.739692800519844E+01  1.421907840155953E+02 -2.969500201288611E-10  2.999999999993735E+00  1.924980734011392E+03 -2.024657326197762E+02  1.722515001391616E+03  3.225888077274982E+21 -3.392926388171401E+20
  0.000000000000000E+00  1.273930018957135E+00 -9.197266255068216E-01  4.319301317730707E+00  1.425542479209456E+02  4.751808264041084E+01  4.751808264041084E+01  1.425542479212325E+02 -2.869455784093589E-10  2.999999999993961E+00  1.931743536336572E+03 -2.224718322193086E+02  1.709271704117263E+03  3.288219681571426E+21 -3.786922246863570E+20
  0.000000000000000E+00  1.274136917225224E+00 -9.204293208551243E-01  4.319771014481880E+00  1.429500197240424E+02  4.765000657477312E+01  4.765000657477312E+01  1.429500197243194E+02 -2.769411366898566E-10  2.999999999994188E+00  1.938744328520563E+03 -2.403444908475903E+02  1.698399837672973E+03  3.299298169540564E+21 -4.090111971173217E+20
  0.000000000000000E+00  1.274343815493313E+00 -9.211320162034271E-01  4.320240165078467E+00  1.433744426596320E+02  4.779148088663479E+01  4.779148088663479E+01  1.433744426599044E+02 -2.723652414715616E-10  2.999999999994301E+00  1.945978453817410E+03 -2.560826660400810E+02  1.689895787777329E+03  3.217134136451625E+21 -4.233614637690060E+20
  0.000000000000000E+00  1.274550713761402E+00 -9.218347115517299E-01  4.320708770266338E+00  1.438158551209731E+02  4.793861837371654E+01  4.793861837371654E+01  1.438158551211496E+02 -1.764988155628089E-10  2.999999999996319E+00  1.953320499957436E+03 -2.596184894355482E+02  1.693702010521888E+03  3.086797124109710E+21 -4.102704121381105E+20
  0.000000000000000E+00  1.274757612029491E+00 -9.225374069000327E-01  4.321176830790590E+00  1.442578467743174E+02  4.808594892476099E+01  4.808594892476099E+01  1.442578467742830E+02  3.444711182964966E-11  3.000000000000716E+00  1.960580319316874E+03 -2.568440328359022E+02  1.703736286480972E+03  2.990185852854963E+21 -3.917265647365717E+20
  0.000000000000000E+00  1.274964510297580E+00 -9.232401022483354E-01  4.321644347395544E+00  1.446896377641972E+02  4.822987925465059E+01  4.822987925465059E+01  1.446896377639518E+02  2.453646175126778E-10  3.000000000005087E+00  1.967659877931200E+03 -2.477562231375297E+02  1.719903654793671E+03  2.940212502218475E+21 -3.702143612021477E+20
  0.000000000000000E+00  1.275171408565669E+00 -9.239427975966382E-01  4.322111320824743E+00  1.451004482351446E+02  4.836681607826776E+01  4.836681607826776E+01  1.451004482348033E+02  3.412594651308609E-10  3.000000000007056E+00  1.974460127839268E+03 -2.323519872369193E+02  1.742108140602348E+03  2.949961588363590E+21 -3.471477735430152E+20
  0.000000000000000E+00  1.275378306833758E+00 -9.246454929449411E-01  4.322577751820948E+00  1.454820457282314E+02  4.849401524263002E+01  4.849401524263002E+01  1.454820457278901E+02  3.413447302591521E-10  3.000000000007038E+00  1.981006593101472E+03 -2.151800690540325E+02  1.765826524047440E+03  2.993885040565989E+21 -3.252005278590336E+20
  0.000000000000000E+00  1.275585205101847E+00 -9.253481882932438E-01  4.323043641126143E+00  1.458369013750143E+02  4.861230045822430E+01  4.861230045822430E+01  1.458369013746729E+02  3.413447302591521E-10  3.000000000007022E+00  1.987464976279259E+03 -2.010933019877199E+02  1.786371674291539E+03  3.050416951660783E+21 -3.086436362753747E+20
  0.000000000000000E+00  1.275792103369936E+00 -9.260508836415466E-01  4.323508989481528E+00  1.461702907057527E+02  4.872343023513710E+01  4.872343023513710E+01  1.461702907054113E+02  3.414015736780129E-10  3.000000000007007E+00  1.993946556590015E+03 -1.900931899775114E+02  1.803853366612504E+03  3.138913458649100E+21 -2.992487789835172E+20
  0.000000000000000E+00  1.275999001638024E+00 -9.267535789898494E-01  4.323973797627521E+00  1.464874892507063E+02  4.882916308345496E+01  4.882916308345496E+01  1.464874892503649E+02  3.414015736780129E-10  3.000000000006992E+00  2.000563769956586E+03 -1.821812369629320E+02  1.818382532993654E+03  3.278998399961434E+21 -2.986018208844262E+20
  0.000000000000000E+00  1.276205899906113E+00 -9.274562743381523E-01  4.324438066303755E+00  1.467966106539866E+02  4.893220355125509E+01  4.893220355125509E+01  1.467966106537653E+02  2.213482730439864E-10  3.000000000004523E+00  2.007333510834102E+03 -1.810166527663471E+02  1.826316858067755E+03  3.481567576545749E+21 -3.139596413275043E+20
  0.000000000000000E+00  1.276412798174202E+00 -9.281589696864551E-01  4.324901796249078E+00  1.471080246429523E+02  4.903600821433169E+01  4.903600821433169E+01  1.471080246429951E+02 -4.280309440218844E-11  2.999999999999127E+00  2.014184279936514E+03 -1.849283392306866E+02  1.829255940705827E+03  3.704367400292623E+21 -3.401091538943014E+20
  0.000000000000000E+00  1.276619696442291E+00 -9.288616650347578E-01  4.325364988201550E+00  1.474303908727335E+02  4.914346362434682E+01  4.914346362434682E+01  1.474303908730405E+02 -3.069544618483633E-10  2.999999999993754E+00  2.021096620872781E+03 -1.939187650362358E+02  1.827177855836545E+03  3.886895389899932E+21 -3.729371203980047E+20
  0.000000000000000E+00  1.276826594710380E+00 -9.295643603830606E-01  4.325827642898446E+00  1.477723689984604E+02  4.925745633296246E+01  4.925745633296246E+01  1.477723689988874E+02 -4.269793407729594E-10  2.999999999991331E+00  2.028050872993701E+03 -2.079903988633313E+02  1.820060474130369E+03  3.967808392267432E+21 -4.069257142956983E+20
  0.000000000000000E+00  1.277033492978469E+00 -9.302670557313634E-01  4.326289761076247E+00  1.481470033323186E+02  4.938233444424249E+01  4.938233444424249E+01  1.481470033327275E+02 -4.088747118657921E-10  2.999999999991720E+00  2.035144458476449E+03 -2.312426926190333E+02  1.803901765857416E+03  3.990112647106774E+21 -4.533753800754613E+20
  0.000000000000000E+00  1.277240391246558E+00 -9.309697510796662E-01  4.326751343470645E+00  1.485602015309794E+02  4.952006717711620E+01  4.952006717711620E+01  1.485602015313486E+02 -3.691980055009481E-10  2.999999999992545E+00  2.042543828060240E+03 -2.533026741688305E+02  1.789241153891409E+03  4.013947539309246E+21 -4.977830251241212E+20
  0.000000000000000E+00  1.277447289514647E+00 -9.316724464279689E-01  4.327212390816544E+00  1.490099182663014E+02  4.966997275554359E+01  4.966997275554359E+01  1.490099182666308E+02 -3.294076122983824E-10  2.999999999993368E+00  2.050333351185841E+03 -2.741697604339173E+02  1.776163590751924E+03  4.002635227458773E+21 -5.352307910233383E+20
  0.000000000000000E+00  1.277654187782736E+00 -9.323751417762717E-01  4.327672903848050E+00  1.494941082101429E+02  4.983136940348479E+01  4.983136940348479E+01  1.494941082104544E+02 -3.115303570666583E-10  2.999999999993748E+00  2.058598238756028E+03 -2.938433683354975E+02  1.764754870420530E+03  3.918907850577826E+21 -5.593831090160022E+20
  0.000000000000000E+00  1.277861086050825E+00 -9.330778371245746E-01  4.328132883298478E+00  1.500030193672152E+02  5.000100645578928E+01  5.000100645578928E+01  1.500030193673679E+02 -1.527098447695607E-10  2.999999999996946E+00  2.067346957708804E+03 -3.015342477042769E+02  1.765812710004528E+03  3.763273972990499E+21 -5.488947958732583E+20
  0.000000000000000E+00  1.278067984318914E+00 -9.337805324728772E-01  4.328592329900347E+00  1.505150241925447E+02  5.017167473078256E+01  5.017167473078256E+01  1.505150241923477E+02  1.969908680621302E-10  3.000000000003926E+00  2.076425634677372E+03 -2.975705192765807E+02  1.778855115400791E+03  3.599436254747469E+21 -5.158316760978426E+20
  0.000000000000000E+00  1.278274882587003E+00 -9.344832278211801E-01  4.329051244385378E+00  1.510102640334626E+02  5.033675467763860E+01  5.033675467763860E+01  1.510102640329158E+02  5.467768460221123E-10  3.000000000010862E+00  2.085675422490569E+03 -2.819465217802064E+02  1.803728900710363E+03  3.485208481222540E+21 -4.711387008560360E+20
  0.000000000000000E+00  1.278481780855092E+00 -9.351859231694829E-01  4.329509627484499E+00  1.514688802373002E+02  5.048962674553150E+01  5.048962674553150E+01  1.514688802365945E+02  7.056257800286403E-10  3.000000000013976E+00  2.094935845473797E+03 -2.546565939429478E+02  1.840279251530849E+03  3.479489250518683E+21 -4.229603895091074E+20
  0.000000000000000E+00  1.278688679123181E+00 -9.358886185177857E-01  4.329967479927834E+00  1.518689041358808E+02  5.062296804511933E+01  5.062296804511933E+01  1.518689041353580E+02  5.227605015534209E-10  3.000000000010326E+00  2.103911859630884E+03 -2.157716940268445E+02  1.888140165604040E+03  3.615468277346306E+21 -3.707929642262654E+20
  0.000000000000000E+00  1.278895577391270E+00 -9.365913138660885E-01  4.330424802444713E+00  1.522057690385081E+02  5.073525634612922E+01  5.073525634612922E+01  1.522057690383877E+02  1.204512045660522E-10  3.000000000002374E+00  2.112432783440810E+03 -1.805419996701086E+02  1.931890783770701E+03  3.844891825792842E+21 -3.286090161946897E+20
  0.000000000000000E+00  1.279102475659359E+00 -9.372940092143912E-01  4.330881595763660E+00  1.524857192587342E+02  5.082857308633861E+01  5.082857308633861E+01  1.524857192590158E+02 -2.816307187458733E-10  2.999999999994459E+00  2.120523736223637E+03 -1.489692909914528E+02  1.971554445232184E+03  4.104435559644376E+21 -2.883414341445718E+20
  0.000000000000000E+00  1.279309373927447E+00 -9.379967045626940E-01  4.331337860612400E+00  1.527149991101110E+02  5.090499970352500E+01  5.090499970352500E+01  1.527149991105750E+02 -4.640696715796366E-10  2.999999999990884E+00  2.128210117291766E+03 -1.210553481095547E+02  2.007154769182211E+03  4.329741133750354E+21 -2.462812839351569E+20
  0.000000000000000E+00  1.279549315114739E+00 -9.386939279551381E-01  4.331822392428860E+00  1.529283154137150E+02  5.097610513803115E+01  5.097610513803115E+01  1.529283154140935E+02 -3.784350610658294E-10  2.999999999992577E+00  2.270621479354855E+03 -1.270681594639218E+02  2.143553319890933E+03  4.723314548615045E+21 -2.643253803941845E+20
  0.000000000000000E+00  1.279811284914832E+00 -9.393875033770097E-01  4.332325572679840E+00  1.531491451617414E+02  5.104971505397745E+01  5.104971505397745E+01  1.531491451619324E+02 -1.910223090817453E-10  2.999999999996258E+00  2.254337518718057E+03 -1.287449772256045E+02  2.125592541492453E+03  4.651874818761238E+21 -2.656680788147242E+20
  0.000000000000000E+00  1.280029197489322E+00 -9.400883747400263E-01  4.332789826391521E+00  1.533668879244196E+02  5.112229597480775E+01  5.112229597480775E+01  1.533668879244233E+02 -3.694822225952521E-12  2.999999999999928E+00  2.067342220434488E+03 -1.255971543920635E+02  1.941745066042424E+03  4.124497831790959E+21 -2.505754421540853E+20
  0.000000000000000E+00  1.280136966999803E+00 -9.408074859559051E-01  4.333157649831680E+00  1.535709432719794E+02  5.119031442396589E+01  5.119031442396589E+01  1.535709432718977E+02  8.168399290298112E-11  3.000000000001596E+00  1.644843998101079E+03 -1.138736507805148E+02  1.530970347320564E+03  3.101271701486687E+21 -2.147031153825483E+20
  0.000000000000000E+00  1.280091340017331E+00 -9.415189852069529E-01  4.333379275491852E+00  1.537292051671688E+02  5.124306838900517E+01  5.124306838900517E+01  1.537292051670156E+02  1.532782789581688E-10  3.000000000002991E+00  1.166985761345579E+03 -7.961322444501198E+01  1.087372536900567E+03  2.072802688202118E+21 -1.414091851950123E+20
  0.000000000000000E+00  1.279935893791953E+00 -9.422215657039453E-01  4.333495052274598E+00  1.538462786170456E+02  5.128209287224506E+01  5.128209287224506E+01  1.538462786167352E+02  3.103650669800118E-10  3.000000000006052E+00  8.892264143033442E+02 -6.385681663937299E+01  8.253695976639713E+02  1.515276588631331E+21 -1.088145130663621E+20
  0.000000000000000E+00  1.279732978744730E+00 -9.429198016752205E-01  4.333564893572572E+00  1.539552010640239E+02  5.131840035451886E+01  5.131840035451886E+01  1.539552010635566E+02  4.673097464547027E-10  3.000000000009106E+00  8.426890419078103E+02 -6.858436020235898E+01  7.741046817054513E+02  1.415543984596596E+21 -1.152075957960260E+20
  0.000000000000000E+00  1.279544945296721E+00 -9.436182673491164E-01  4.333648553825157E+00  1.540890099505184E+02  5.136300331665991E+01  5.136300331665991E+01  1.540890099499798E+02  5.386482371250167E-10  3.000000000010487E+00  1.030569811636591E+03 -9.427578225752137E+01  9.362940293790699E+02  1.766705581313262E+21 -1.616169509492384E+20
  0.000000000000000E+00  1.279378764175470E+00 -9.443225307151549E-01  4.333754538787407E+00  1.542486702237609E+02  5.141622340779211E+01  5.141622340779211E+01  1.542486702233763E+02  3.845741503027966E-10  3.000000000007480E+00  1.009746875148678E+03 -9.626127690903593E+01  9.134855982396424E+02  1.798552957456347E+21 -1.714598069419908E+20
  0.000000000000000E+00  1.279205233888492E+00 -9.450250518392648E-01  4.333852905627259E+00  1.544146246528645E+02  5.147154155093968E+01  5.147154155093968E+01  1.544146246528190E+02  4.550315679807682E-11  3.000000000000884E+00  1.005764385507628E+03 -1.017331536364691E+02  9.040312318711590E+02  1.854303924367492E+21 -1.875630005840517E+20
  0.000000000000000E+00  1.279028763935225E+00 -9.457268760666032E-01  4.333948147135950E+00  1.545927513679855E+02  5.153091712275967E+01  5.153091712275967E+01  1.545927513682790E+02 -2.935394149972126E-10  2.999999999994304E+00  1.018842158838749E+03 -1.107033793578976E+02  9.081387794808514E+02  1.934268391510762E+21 -2.101699911686678E+20
  0.000000000000000E+00  1.278853763815102E+00 -9.464290487423275E-01  4.334044743514919E+00  1.547889284992800E+02  5.159630949990920E+01  5.159630949990920E+01  1.547889284997276E+02 -4.476419235288631E-10  2.999999999991324E+00  1.049080146932863E+03 -1.231745199894367E+02  9.259056269434258E+02  2.037729851051917E+21 -2.392537853330754E+20
  0.000000000000000E+00  1.278680968444697E+00 -9.471317440906303E-01  4.334143437000664E+00  1.550084484866444E+02  5.166948282903327E+01  5.166948282903328E+01  1.550084484870999E+02 -4.554294719127938E-10  2.999999999991186E+00  1.065073281038515E+03 -1.379691356578174E+02  9.271041453806974E+02  2.094527640919797E+21 -2.713242115578541E+20
  0.000000000000000E+00  1.278508173074292E+00 -9.478344394389331E-01  4.334241989514538E+00  1.552534738857142E+02  5.175115796206219E+01  5.175115796206219E+01  1.552534738861866E+02 -4.724540758616058E-10  2.999999999990870E+00  1.081158097164507E+03 -1.534631286440395E+02  9.276949685204675E+02  2.126251208740073E+21 -3.018070748692483E+20
  0.000000000000000E+00  1.278335377703888E+00 -9.485371347872358E-01  4.334340401356457E+00  1.555251880002536E+02  5.184172933358100E+01  5.184172933358100E+01  1.555251880007430E+02 -4.894218363915570E-10  2.999999999990559E+00  1.097373772868466E+03 -1.696562137543207E+02  9.277175591141457E+02  2.135621327358972E+21 -3.301713940780764E+20
  0.000000000000000E+00  1.278162582333483E+00 -9.492398301355386E-01  4.334438672825492E+00  1.558247741340272E+02  5.194159137817478E+01  5.194159137817478E+01  1.558247741345243E+02 -4.971241196471965E-10  2.999999999990429E+00  1.113761474546900E+03 -1.865481057948194E+02  9.272133687520804E+02  2.125569133631962E+21 -3.560195828970385E+20
  0.000000000000000E+00  1.277989786963078E+00 -9.499425254838414E-01  4.334536804219873E+00  1.561507194294766E+02  5.205023980992298E+01  5.205023980992298E+01  1.561507194297690E+02 -2.924025466199964E-10  2.999999999994382E+00  1.130340364984045E+03 -1.998885897961755E+02  9.304517751878694E+02  2.092153725065627E+21 -3.699749833724523E+20
  0.000000000000000E+00  1.277816991592673E+00 -9.506452208321442E-01  4.334634795836990E+00  1.564944699235846E+02  5.216482330780884E+01  5.216482330780884E+01  1.564944699234265E+02  1.579962827236159E-10  3.000000000003029E+00  1.147058487515388E+03 -2.076537842603310E+02  9.394047032550570E+02  2.048798726787489E+21 -3.708972240175004E+20
  0.000000000000000E+00  1.277644196222268E+00 -9.513479161804470E-01  4.334732647973402E+00  1.568466472619276E+02  5.228221575377304E+01  5.228221575377304E+01  1.568466472613191E+02  6.084235337766586E-10  3.000000000011637E+00  1.163849081072563E+03 -2.098459495101936E+02  9.540031315623689E+02  2.025974201505656E+21 -3.652900422504217E+20
  0.000000000000000E+00  1.277471400851864E+00 -9.520506115287498E-01  4.334830360924827E+00  1.571978730900820E+02  5.239929102975630E+01  5.239929102975630E+01  1.571978730892689E+02  8.131166850944282E-10  3.000000000015518E+00  1.180641758657810E+03 -2.064673458687216E+02  9.741744127890887E+02  2.055947026852978E+21 -3.595382958193790E+20
  0.000000000000000E+00  1.277298605481459E+00 -9.527533068770527E-01  4.334927934986160E+00  1.575352375306150E+02  5.251174584333028E+01  5.251174584333028E+01  1.575352375299909E+02  6.241123173822416E-10  3.000000000011885E+00  1.197305775733922E+03 -1.946420052785888E+02  1.002663770455334E+03  2.146899428112784E+21 -3.490142771283120E+20
  0.000000000000000E+00  1.277125810111054E+00 -9.534560022253554E-01  4.335025370451466E+00  1.578546962606062E+02  5.261823208679932E+01  5.261823208679932E+01  1.578546962603980E+02  2.081890215777094E-10  3.000000000003956E+00  1.213755027082487E+03 -1.851474533344786E+02  1.028607573748008E+03  2.272782732285026E+21 -3.466926401752016E+20
  0.000000000000000E+00  1.276953014740649E+00 -9.541586975736581E-01  4.335122667613986E+00  1.581601692574015E+02  5.272005641920308E+01  5.272005641920308E+01  1.581601692576093E+02 -2.077342742268229E-10  2.999999999996060E+00  1.229983473123634E+03 -1.779827452635213E+02  1.052000727860112E+03  2.415036579586622E+21 -3.494639153606302E+20
  0.000000000000000E+00  1.276780219370244E+00 -9.548613929219609E-01  4.335219826766138E+00  1.584555764983467E+02  5.281852549958116E+01  5.281852549958116E+01  1.584555764987435E+02 -3.968523287767312E-10  2.999999999992486E+00  1.245985244762491E+03 -1.731469362928710E+02  1.072838308469620E+03  2.554028366132232E+21 -3.549176755180428E+20
  0.000000000000000E+00  1.276607423999839E+00 -9.555640882702637E-01  4.335316848199524E+00  1.587544927196192E+02  5.291816424000012E+01  5.291816424000012E+01  1.587544927200004E+02 -3.811635451711481E-10  2.999999999992797E+00  1.261873502794376E+03 -1.820922010276828E+02  1.079781301766694E+03  2.655730919828024E+21 -3.832300840439776E+20
  0.000000000000000E+00  1.276434628629434E+00 -9.562667836185665E-01  4.335413732204929E+00  1.590704401220677E+02  5.302348004080464E+01  5.302348004080464E+01  1.590704401224139E+02 -3.462616859906120E-10  2.999999999993470E+00  1.277826032998641E+03 -1.933146086716874E+02  1.084511424326954E+03  2.704898243710130E+21 -4.092077731837181E+20
  0.000000000000000E+00  1.276261833259030E+00 -9.569694789668692E-01  4.335510479072326E+00  1.594072598800436E+02  5.313575329345165E+01  5.313575329345165E+01  1.594072598803550E+02 -3.113882485195063E-10  2.999999999994140E+00  1.293936836355223E+03 -2.068132334447274E+02  1.087123602910496E+03  2.709652770954215E+21 -4.330907315785409E+20
  0.000000000000000E+00  1.276089037888625E+00 -9.576721743151720E-01  4.335607089090876E+00  1.597687931678987E+02  5.325626438939804E+01  5.325626438939804E+01  1.597687931681942E+02 -2.954720912384801E-10  2.999999999994452E+00  1.310304218300203E+03 -2.225871495666297E+02  1.087717068733573E+03  2.678585789758604E+21 -4.550231675095226E+20
  0.000000000000000E+00  1.275916242518220E+00 -9.583748696634748E-01  4.335703562548937E+00  1.601510012876925E+02  5.338366709594126E+01  5.338366709594126E+01  1.601510012878238E+02 -1.313367192778969E-10  2.999999999997540E+00  1.326961357901803E+03 -2.296332946001431E+02  1.097328063301660E+03  2.639409380293874E+21 -4.567550277076390E+20
  0.000000000000000E+00  1.275743447147815E+00 -9.590775650117777E-01  4.335799899734057E+00  1.605386981077093E+02  5.351289936915977E+01  5.351289936915977E+01  1.605386981074793E+02  2.299884727108292E-10  3.000000000004297E+00  1.343788198996153E+03 -2.290379531762589E+02  1.114750245819894E+03  2.623105995833849E+21 -4.470874418297202E+20
  0.000000000000000E+00  1.275570651777411E+00 -9.597802603600804E-01  4.335896100932985E+00  1.609190036516379E+02  5.363966788368220E+01  5.363966788368220E+01  1.609190036510466E+02  5.912283995712642E-10  3.000000000011022E+00  1.360653387555620E+03 -2.208042295608700E+02  1.139849157994750E+03  2.644043999582048E+21 -4.290704036694947E+20
  0.000000000000000E+00  1.275397856407006E+00 -9.604829557083832E-01  4.335992166431672E+00  1.612790379431669E+02  5.375967931413709E+01  5.375967931413709E+01  1.612790379424113E+02  7.556195669167209E-10  3.000000000014055E+00  1.377419520396063E+03 -2.049352280198720E+02  1.172484292376191E+03  2.717275427109630E+21 -4.042816665523848E+20
  0.000000000000000E+00  1.275225061036601E+00 -9.611856510566860E-01  4.336088096515271E+00  1.616043349313715E+02  5.386811164361742E+01  5.386811164361742E+01  1.616043349308523E+02  5.191509444557596E-10  3.000000000009637E+00  1.393854426331346E+03 -1.823688683166647E+02  1.211485558014681E+03  2.853003140958646E+21 -3.732806986809633E+20
  0.000000000000000E+00  1.275052265666196E+00 -9.618883464049888E-01  4.336183891468144E+00  1.618994239550405E+02  5.396647465168066E+01  5.396647465168066E+01  1.618994239550420E+02 -1.506350599811412E-12  2.999999999999972E+00  1.409889877375301E+03 -1.690642864205808E+02  1.240825590954720E+03  3.026603286131649E+21 -3.629294266589196E+20
  0.000000000000000E+00  1.274879470295791E+00 -9.625910417532916E-01  4.336279551573860E+00  1.621799181224340E+02  5.405997270765209E+01  5.405997270765209E+01  1.621799181229563E+02 -5.223057542025344E-10  2.999999999990338E+00  1.425627101243589E+03 -1.650177193402285E+02  1.260609381903361E+03  3.200020612412600E+21 -3.704054888136009E+20
  0.000000000000000E+00  1.274706674925386E+00 -9.632937371015944E-01  4.336375077115202E+00  1.624614305418119E+02  5.415381018085698E+01  5.415381018085698E+01  1.624614305425710E+02 -7.590585937577998E-10  2.999999999985983E+00  1.441172221273284E+03 -1.702254040842804E+02  1.270946817189004E+03  3.333492688397923E+21 -3.937386049484004E+20
  0.000000000000000E+00  1.274533879554981E+00 -9.639964324498973E-01  4.336470468374165E+00  1.627726035778867E+02  5.425753452615672E+01  5.425753452615672E+01  1.627726035784702E+02 -5.835261163156247E-10  2.999999999989245E+00  1.456843812379066E+03 -1.978880780281581E+02  1.258955734350908E+03  3.383639420862035E+21 -4.596113159455661E+20
  0.000000000000000E+00  1.274361084184576E+00 -9.646991277982000E-01  4.336565725631964E+00  1.631269788646158E+02  5.437565962160444E+01  5.437565962160444E+01  1.631269788648133E+02 -1.975024588318774E-10  2.999999999996368E+00  1.472901023215585E+03 -2.213732886270228E+02  1.251527734588562E+03  3.359939887044542E+21 -5.049904444769263E+20
  0.000000000000000E+00  1.274188288814172E+00 -9.654018231465027E-01  4.336660849169034E+00  1.635175184141272E+02  5.450583947131303E+01  5.450583947131303E+01  1.635175184139391E+02  1.881232947198441E-10  3.000000000003451E+00  1.489364757520071E+03 -2.406827321406086E+02  1.248682025379462E+03  3.301946670988370E+21 -5.335976577553455E+20
  0.000000000000000E+00  1.274015493443767E+00 -9.661045184948055E-01  4.336755839265033E+00  1.639371842385488E+02  5.464572807939537E+01  5.464572807939537E+01  1.639371842381861E+02  3.626894340413855E-10  3.000000000006637E+00  1.506256284102890E+03 -2.558181048287239E+02  1.250438179274166E+03  3.250989008817449E+21 -5.521383418161273E+20
  0.000000000000000E+00  1.273842698073362E+00 -9.668072138431083E-01  4.336850696198843E+00  1.643604551288694E+02  5.478681837618362E+01  5.478681837618362E+01  1.643604551285509E+02  3.185505192959681E-10  3.000000000005814E+00  1.523366045055678E+03 -2.451293946192386E+02  1.278236650436440E+03  3.263485132779678E+21 -5.251371707697008E+20
  0.000000000000000E+00  1.273669902702957E+00 -9.675099091914111E-01  4.336945420248576E+00  1.647634424851659E+02  5.492114749498094E+01  5.492114749498094E+01  1.647634424849428E+02  2.230819973192411E-10  3.000000000004062E+00  1.540388636948730E+03 -2.317260566131489E+02  1.308662580335581E+03  3.352934503964260E+21 -5.043936783543430E+20
  0.000000000000000E+00  1.273497107332552E+00 -9.682126045397138E-01  4.337040011691573E+00  1.651415572331978E+02  5.504718574435660E+01  5.504718574435660E+01  1.651415572330698E+02  1.280113792745396E-10  3.000000000002325E+00  1.557198230704127E+03 -2.156091968455618E+02  1.341589033858566E+03  3.496837705179500E+21 -4.841710928300447E+20
  0.000000000000000E+00  1.273324311962147E+00 -9.689152998880166E-01  4.337134470804410E+00  1.654902102987248E+02  5.516340343287998E+01  5.516340343287998E+01  1.654902102986400E+02  8.483880264975596E-11  3.000000000001538E+00  1.573664220514012E+03 -1.967799213516848E+02  1.376884299162327E+03  3.671541248129639E+21 -4.591103925654667E+20
  0.000000000000000E+00  1.273151516591742E+00 -9.696179952363194E-01  4.337228797862901E+00  1.658195876540460E+02  5.527319588467223E+01  5.527319588467223E+01  1.658195876540167E+02  2.927436071331613E-11  3.000000000000530E+00  1.589812909851272E+03 -1.943031736338535E+02  1.395509736217418E+03  3.829394447647523E+21 -4.680195321494645E+20
  0.000000000000000E+00  1.272978721221338E+00 -9.703206905846222E-01  4.337322993142093E+00  1.661504997753453E+02  5.538349992514610E+01  5.538349992514610E+01  1.661504997754383E+02 -9.308109838457312E-11  2.999999999998319E+00  1.605863163712129E+03 -1.985432160792409E+02  1.407319947632888E+03  3.941643582939340E+21 -4.873308083023985E+20
  0.000000000000000E+00  1.272805925850933E+00 -9.710233859329250E-01  4.337417056916280E+00  1.664942943442093E+02  5.549809811480817E+01  5.549809811480817E+01  1.664942943444245E+02 -2.152660272258800E-10  2.999999999996121E+00  1.621974206329261E+03 -2.094973137277941E+02  1.412476892601466E+03  4.012313012147638E+21 -5.182380796192320E+20
  0.000000000000000E+00  1.272633130480528E+00 -9.717260812812278E-01  4.337510989458998E+00  1.668623190422246E+02  5.562077301416513E+01  5.562077301416513E+01  1.668623190424954E+02 -2.708588908717502E-10  2.999999999995130E+00  1.638311365832568E+03 -2.271627316194189E+02  1.411148634213149E+03  4.045655521959291E+21 -5.609569577101869E+20
  0.000000000000000E+00  1.272460335110123E+00 -9.724287766295306E-01  4.337604791043028E+00  1.672603662201040E+02  5.575345540676691E+01  5.575345540676691E+01  1.672603662203008E+02 -1.967919160961173E-10  2.999999999996470E+00  1.654986990011458E+03 -2.428710803358174E+02  1.412115909675641E+03  4.066789737400330E+21 -5.968056685534400E+20
  0.000000000000000E+00  1.272287539739718E+00 -9.731314719778335E-01  4.337698461940404E+00  1.676800804553167E+02  5.589336015178354E+01  5.589336015178354E+01  1.676800804553506E+02 -3.390709935047198E-11  2.999999999999393E+00  1.671928224636157E+03 -2.527344136003556E+02  1.419193811035801E+03  4.101951349547278E+21 -6.200650564234748E+20
  0.000000000000000E+00  1.272114744369314E+00 -9.738341673261361E-01  4.337792002422407E+00  1.681115877695841E+02  5.603719592315169E+01  5.603719592315169E+01  1.681115877694551E+02  1.290345608140342E-10  3.000000000002302E+00  1.689023960419143E+03 -2.567551111886648E+02  1.432268849230479E+03  4.157404481360749E+21 -6.319832488362929E+20
  0.000000000000000E+00  1.271941948998909E+00 -9.745368626744390E-01  4.337885412759575E+00  1.685450141846272E+02  5.618167139480805E+01  5.618167139480805E+01  1.685450141844242E+02  2.030731138802366E-10  3.000000000003614E+00  1.706158823930295E+03 -2.549355528764128E+02  1.451223271053883E+03  4.239658650628651E+21 -6.334930294563474E+20
  0.000000000000000E+00  1.271769153628504E+00 -9.752395580227419E-01  4.337978693221703E+00  1.689693409418538E+02  5.632311364723131E+01  5.632311364723131E+01  1.689693409416940E+02  1.598152721271617E-10  3.000000000002838E+00  1.723188530382480E+03 -2.473137884779358E+02  1.475874741904544E+03  4.344628701155630E+21 -6.235455753493662E+20
  0.000000000000000E+00  1.271596358258099E+00 -9.759422533710446E-01  4.338071844077844E+00  1.693829488293311E+02  5.646098294308881E+01  5.646098294308881E+01  1.693829488292664E+02  6.465938895416912E-11  3.000000000001145E+00  1.740076872874997E+03 -2.421921385573569E+02  1.497884734317639E+03  4.458230618322966E+21 -6.205176475045847E+20
  0.000000000000000E+00  1.271423562887694E+00 -9.766449487193473E-01  4.338164865596315E+00  1.697900631887701E+02  5.659668772960018E+01  5.659668772960018E+01  1.697900631888006E+02 -3.043965079996269E-11  2.999999999999462E+00  1.756868684953564E+03 -2.395695847444339E+02  1.517299100209130E+03  4.571902434019539E+21 -6.234323469878896E+20
  0.000000000000000E+00  1.271250767517289E+00 -9.773476440676501E-01  4.338257758044693E+00  1.701949093618817E+02  5.673163645398514E+01  5.673163645398514E+01  1.701949093619554E+02 -7.372591426246800E-11  2.999999999998700E+00  1.773610520443298E+03 -2.394451086689896E+02  1.534165411774308E+03  4.676753125693668E+21 -6.313819451859513E+20
  0.000000000000000E+00  1.271077972146885E+00 -9.780503394159529E-01  4.338350521689827E+00  1.706050235855816E+02  5.686834119521369E+01  5.686834119521369E+01  1.706050235856411E+02 -5.945821612840518E-11  2.999999999998954E+00  1.790384148836738E+03 -2.453052446326120E+02  1.545078904204126E+03  4.767677617123104E+21 -6.532320591408788E+20
  0.000000000000000E+00  1.270905176776480E+00 -9.787530347642558E-01  4.338443156797834E+00  1.710250607002809E+02  5.700835356676975E+01  5.700835356676975E+01  1.710250607003093E+02 -2.836486601154320E-11  2.999999999999502E+00  1.807249426597195E+03 -2.511066084347423E+02  1.556142818162453E+03  4.849478343758900E+21 -6.738063056807053E+20
  0.000000000000000E+00  1.270732381406075E+00 -9.794557301125585E-01  4.338535663634100E+00  1.714549239529343E+02  5.715164131764381E+01  5.715164131764381E+01  1.714549239529314E+02  2.870592652470805E-12  3.000000000000050E+00  1.824212801435758E+03 -2.568492233942841E+02  1.567363578041475E+03  4.928026529824143E+21 -6.938663000585982E+20
  0.000000000000000E+00  1.270559586035670E+00 -9.801584254608613E-01  4.338628042463288E+00  1.718945165904962E+02  5.729817219682636E+01  5.729817219682636E+01  1.718945165904791E+02  1.702460394881200E-11  3.000000000000297E+00  1.841280871335778E+03 -2.625331128301834E+02  1.578747758505595E+03  5.009420530661969E+21 -7.142521197409897E+20
  0.000000000000000E+00  1.270386790665265E+00 -9.808611208091641E-01  4.338720293549336E+00  1.723411662988913E+02  5.744705543295844E+01  5.744705543295844E+01  1.723411662988754E+02  1.591615728102624E-11  3.000000000000277E+00  1.858424907538972E+03 -2.649857068907478E+02  1.593439200648224E+03  5.099274355398093E+21 -7.270860470140843E+20
  0.000000000000000E+00  1.270213995294860E+00 -9.815638161574669E-01  4.338812417155466E+00  1.727913196310916E+02  5.759710654369268E+01  5.759710654369268E+01  1.727913196310780E+02  1.358557710773312E-11  3.000000000000236E+00  1.875597446145479E+03 -2.665999362739728E+02  1.608997509871507E+03  5.197558426301603E+21 -7.387879249248986E+20
  0.000000000000000E+00  1.270041199924456E+00 -9.822665115057696E-01  4.338904413544173E+00  1.732435581346222E+02  5.774785271153700E+01  5.774785271153700E+01  1.732435581346110E+02  1.114131009671837E-11  3.000000000000193E+00  1.892783843435044E+03 -2.673761428479995E+02  1.625407700587045E+03  5.302030115923672E+21 -7.489689678916856E+20
  0.000000000000000E+00  1.269868404554051E+00 -9.829692068540724E-01  4.338996282977245E+00  1.736964633570079E+02  5.789882111899929E+01  5.789882111899929E+01  1.736964633569979E+02  1.003286342893261E-11  3.000000000000173E+00  1.909968976548776E+03 -2.673146684809796E+02  1.642654308067797E+03  5.410356480514506E+21 -7.572204924322865E+20
  0.000000000000000E+00  1.269695609183646E+00 -9.836719022023752E-01  4.339088025715751E+00  1.741495915751131E+02  5.804986385836903E+01  5.804986385836903E+01  1.741495915751071E+02  5.968558980384842E-12  3.000000000000103E+00  1.927146545487736E+03 -2.678495644260828E+02  1.659296981061653E+03  5.519276967613391E+21 -7.671113207158878E+20
  0.000000000000000E+00  1.269522813813241E+00 -9.843745975506780E-01  4.339179642020050E+00  1.746044159672268E+02  5.820147198907654E+01  5.820147198907654E+01  1.746044159672297E+02 -2.842170943040401E-12  2.999999999999952E+00  1.944334125600117E+03 -2.692442300188293E+02  1.675089895581288E+03  5.627566382932748E+21 -7.792846701103462E+20
  0.000000000000000E+00  1.269350018442836E+00 -9.850772928989807E-01  4.339271132149795E+00  1.750623934330114E+02  5.835413114434102E+01  5.835413114434102E+01  1.750623934330231E+02 -1.165290086646564E-11  2.999999999999800E+00  1.961552583382081E+03 -2.714983141247176E+02  1.690054269257363E+03  5.735897413658769E+21 -7.939050377714741E+20
  0.000000000000000E+00  1.269177223072431E+00 -9.857799882472835E-01  4.339362496363930E+00  1.755249808721293E+02  5.850832695738165E+01  5.850832695738165E+01  1.755249808721450E+02 -1.566036189615261E-11  2.999999999999733E+00  1.978823449978049E+03 -2.746114656092547E+02  1.704211984368794E+03  5.844970172567537E+21 -8.111364485542939E+20
  0.000000000000000E+00  1.269004427702026E+00 -9.864826835955864E-01  4.339453734920695E+00  1.759942881155520E+02  5.866476270518820E+01  5.866476270518818E+01  1.759942881155646E+02 -1.261923898709938E-11  2.999999999999785E+00  1.996167562056293E+03 -2.791828017499118E+02  1.716984760306381E+03  5.955426942147549E+21 -8.329224514664141E+20
  0.000000000000000E+00  1.268831632331622E+00 -9.871853789438892E-01  4.339544848077630E+00  1.764712657212579E+02  5.882375524042128E+01  5.882375524042128E+01  1.764712657212638E+02 -5.911715561524034E-12  2.999999999999900E+00  2.013592181970832E+03 -2.835865190250432E+02  1.730005662945789E+03  6.068246005330507E+21 -8.546282492788450E+20
  0.000000000000000E+00  1.268658836961217E+00 -9.878880742921919E-01  4.339635836091576E+00  1.769556316794202E+02  5.898521055980646E+01  5.898521055980646E+01  1.769556316794194E+02  7.389644451905042E-13  3.000000000000012E+00  2.031099016599898E+03 -2.878226854032214E+02  1.743276331196676E+03  6.184683878769995E+21 -8.764182877393656E+20
  0.000000000000000E+00  1.268486041590812E+00 -9.885907696404947E-01  4.339726699218676E+00  1.774471039802116E+02  5.914903466006928E+01  5.914903466006928E+01  1.774471039802079E+02  3.780087354243733E-12  3.000000000000064E+00  2.048689784346709E+03 -2.918913688529996E+02  1.756798415493709E+03  6.306039705614741E+21 -8.984662176661428E+20
  0.000000000000000E+00  1.268313246220407E+00 -9.892934649887976E-01  4.339817437714379E+00  1.779452843782659E+02  5.931509479275206E+01  5.931509479275206E+01  1.779452843782562E+02  9.691802915767767E-12  3.000000000000163E+00  2.066366174322387E+03 -2.953225916659489E+02  1.771043582656437E+03  6.433252382500324E+21 -9.194327656201385E+20
  0.000000000000000E+00  1.268140450850002E+00 -9.899961603371004E-01  4.339908051833441E+00  1.784475160374058E+02  5.948250534579432E+01  5.948250534579432E+01  1.784475160373830E+02  2.285105438204482E-11  3.000000000000384E+00  2.084098661002395E+03 -2.965890961353059E+02  1.787509564867089E+03  6.566115494804989E+21 -9.344270960701895E+20
  0.000000000000000E+00  1.267967655479598E+00 -9.906988556854031E-01  4.339998541829932E+00  1.789501290615883E+02  5.965004302051744E+01  5.965004302051744E+01  1.789501290615524E+02  3.595346242946107E-11  3.000000000000603E+00  2.101841141939585E+03 -2.956917667606689E+02  1.806149375178916E+03  6.704225381440732E+21 -9.431655933666711E+20
  0.000000000000000E+00  1.267794860109193E+00 -9.914015510337059E-01  4.340088907957228E+00  1.794494535547705E+02  5.981648451824285E+01  5.981648451824285E+01  1.794494535547286E+02  4.186517799098510E-11  3.000000000000700E+00  2.119546139196082E+03 -2.926314880415105E+02  1.826914651154571E+03  6.847154506301855E+21 -9.453405967322907E+20
  0.000000000000000E+00  1.267622064738788E+00 -9.921042463820087E-01  4.340179150468027E+00  1.799388651658706E+02  5.997962172194921E+01  5.997962172194921E+01  1.799388651658477E+02  2.293631951033603E-11  3.000000000000382E+00  2.137138645774694E+03 -2.842796014437718E+02  1.852859044330922E+03  6.994115474635507E+21 -9.303487930051271E+20
  0.000000000000000E+00  1.267449269368383E+00 -9.928069417303115E-01  4.340269269614341E+00  1.804141348846019E+02  6.013804496154023E+01  6.013804496154023E+01  1.804141348846208E+02 -1.884359335235786E-11  2.999999999999687E+00  2.154549030397618E+03 -2.758846743004512E+02  1.878664356097167E+03  7.144329276478055E+21 -9.148136931340014E+20
  0.000000000000000E+00  1.267276473997978E+00 -9.935096370786142E-01  4.340359265647500E+00  1.808751858261137E+02  6.029172860872477E+01  6.029172860872477E+01  1.808751858261743E+02 -6.059508450562134E-11  2.999999999998995E+00  2.171736084080672E+03 -2.674467251419599E+02  1.904289358938712E+03  7.297345353533543E+21 -8.986594325795374E+20
  0.000000000000000E+00  1.266978116783852E+00 -9.948334195213232E-01  4.340552538177537E+00  1.817249417378959E+02  6.057498057929571E+01  6.057498057929571E+01  1.817249417378872E+02  8.753886504564434E-12  3.000000000000144E+00  2.318770324007406E+03 -2.689380711976315E+02  2.049832252809775E+03  8.075835617174661E+21 -9.366601045844465E+20
  0.000000000000000E+00  1.267009507244783E+00 -9.946781477477217E-01  4.340526699847607E+00  1.816248672387242E+02  6.054162241290972E+01  6.054162241290972E+01  1.816248672387292E+02 -5.002220859751105E-12  2.999999999999917E+00  2.315138116842605E+03 -2.696990299934599E+02  2.045439086849145E+03  8.017914597590054E+21 -9.340366234778091E+20
  0.000000000000000E+00  1.267040897705713E+00 -9.945228759741201E-01  4.340500853846655E+00  1.815244395142342E+02  6.050814650475652E+01  6.050814650475652E+01  1.815244395142696E+02 -3.538502824085299E-11  2.999999999999415E+00  2.311496870007159E+03 -2.708524235686286E+02  2.040644446438531E+03  7.960325763204638E+21 -9.327607375704954E+20
  0.000000000000000E+00  1.267072288166643E+00 -9.943676042005186E-01  4.340475000171300E+00  1.814235127434900E+02  6.047450424785190E+01  6.047450424785190E+01  1.814235127435558E+02 -6.579625733138528E-11  2.999999999998912E+00  2.307844453807758E+03 -2.723982810877063E+02  2.035446172720052E+03  7.903046930534292E+21 -9.328082729670561E+20
  0.000000000000000E+00  1.266978116783852E+00 -9.948334195213232E-01  4.340552538177537E+00  1.817249417378959E+02  6.057498057929571E+01  6.057498057929571E+01  1.817249417378872E+02  8.753886504564434E-12  3.000000000000144E+00  2.176305458411876E+03 -2.503022583166900E+02  1.926003200095186E+03  7.579657611159821E+21 -8.717551159960083E+20
  0.000000000000000E+00  1.266801081584855E+00 -9.955252581278556E-01  4.340634663969276E+00  1.821432976292346E+02  6.071443254307486E+01  6.071443254307486E+01  1.821432976292246E+02  1.003286342893261E-11  3.000000000000166E+00  2.193262585171366E+03 -2.495991473888828E+02  1.943663437782483E+03  7.718753363397035E+21 -8.784147741518332E+20
  0.000000000000000E+00  1.266624169842528E+00 -9.962171283234783E-01  4.340716799317303E+00  1.825630822151283E+02  6.085436073837181E+01  6.085436073837181E+01  1.825630822151155E+02  1.281819095311221E-11  3.000000000000210E+00  2.209835566785911E+03 -2.519374153831849E+02  1.957898151402727E+03  7.857785967083257E+21 -8.958450650971018E+20
  0.000000000000000E+00  1.266447307482870E+00 -9.969090111547373E-01  4.340798872178481E+00  1.829893919075514E+02  6.099646396917855E+01  6.099646396917855E+01  1.829893919075357E+02  1.568878360558301E-11  3.000000000000257E+00  2.226085442447023E+03 -2.573157836187781E+02  1.968769658828245E+03  7.994867604213293E+21 -9.241359667871260E+20
  0.000000000000000E+00  1.266128343717800E+00 -9.981786615162279E-01  4.340954131451674E+00  1.838093741796953E+02  6.126979139323086E+01  6.126979139323086E+01  1.838093741796926E+02  2.728484105318785E-12  3.000000000000044E+00  2.281694963726044E+03 -2.780031337220501E+02  2.003691830003994E+03  8.350291854111953E+21 -1.017404753852783E+21
  0.000000000000000E+00  1.266163862896319E+00 -9.980342180542154E-01  4.340935808951784E+00  1.837127046777500E+02  6.123756822591501E+01  6.123756822591501E+01  1.837127046777450E+02  4.973799150320701E-12  3.000000000000081E+00  2.278307086524347E+03 -2.756971606674031E+02  2.002609925856944E+03  8.318706458425204E+21 -1.006643821010171E+21
  0.000000000000000E+00  1.266199382074839E+00 -9.978897745922028E-01  4.340917481328053E+00  1.836168273433254E+02  6.120560911443853E+01  6.120560911443853E+01  1.836168273433156E+02  9.833911462919787E-12  3.000000000000160E+00  2.274954193899017E+03 -2.734813133927617E+02  2.001472880506256E+03  8.287005897565329E+21 -9.962140174240045E+20
  0.000000000000000E+00  1.266234901253358E+00 -9.977453311301904E-01  4.340899148578343E+00  1.835217106617816E+02  6.117390355392226E+01  6.117390355392226E+01  1.835217106617668E+02  1.475086719437968E-11  3.000000000000242E+00  2.271606399331769E+03 -2.713555994933271E+02  2.000250799838442E+03  8.255099709844843E+21 -9.861160504306953E+20
  0.000000000000000E+00  1.265986267003723E+00 -9.987564353642777E-01  4.341027370255521E+00  1.842045271284213E+02  6.140150904280431E+01  6.140150904280431E+01  1.842045271284130E+02  8.327560863108374E-12  3.000000000000135E+00  2.295395048860174E+03 -2.878279922701683E+02  2.007567056590006E+03  8.474848463734443E+21 -1.062692288772640E+21
  0.000000000000000E+00  1.266021786182242E+00 -9.986119919022654E-01  4.341009068229648E+00  1.841044448054185E+02  6.136814826847036E+01  6.136814826847036E+01  1.841044448054111E+02  7.418066161335446E-12  3.000000000000121E+00  2.291959003812616E+03 -2.853434188700243E+02  2.006615584942592E+03  8.444021218893379E+21 -1.051260463037085E+21
  0.000000000000000E+00  1.266057305360762E+00 -9.984675484402529E-01  4.340990761088472E+00  1.840052296400186E+02  6.133507654667103E+01  6.133507654667103E+01  1.840052296400131E+02  5.513811629498377E-12  3.000000000000090E+00  2.288531996319305E+03 -2.828777502432880E+02  2.005654246076017E+03  8.412987170946576E+21 -1.039901075261596E+21
  0.000000000000000E+00  1.266092824539281E+00 -9.983231049782403E-01  4.340972448829858E+00  1.839068749816386E+02  6.130229166054497E+01  6.130229166054497E+01  1.839068749816349E+02  3.666400516522117E-12  3.000000000000060E+00  2.285111490331342E+03 -2.804309879930252E+02  2.004680502338317E+03  8.381744594615910E+21 -1.028615421049987E+21
  0.000000000000000E+00  1.265844190289646E+00 -9.993342092123276E-01  4.341100527248578E+00  1.846138821491597E+02  6.153796071638426E+01  6.153796071638426E+01  1.846138821491528E+02  6.878053682157770E-12  3.000000000000112E+00  2.309217856796724E+03 -2.981528325289311E+02  2.011065024267793E+03  8.596402613404825E+21 -1.109917707072094E+21
  0.000000000000000E+00  1.265879709468166E+00 -9.991897657503152E-01  4.341082245662621E+00  1.845101913289368E+02  6.150339710964322E+01  6.150339710964322E+01  1.845101913289297E+02  7.105427357601002E-12  3.000000000000115E+00  2.305750958916152E+03 -2.956102427105661E+02  2.010140716205586E+03  8.566270513980361E+21 -1.098244064897811E+21
  0.000000000000000E+00  1.265915228646685E+00 -9.990453222883028E-01  4.341063958969878E+00  1.844073959243610E+02  6.146913197478447E+01  6.146913197478447E+01  1.844073959243535E+02  7.560174708487466E-12  3.000000000000123E+00  2.302291738350705E+03 -2.930419074979615E+02  2.009249830852743E+03  8.535965448244309E+21 -1.086480725106598E+21
  0.000000000000000E+00  1.265950747825204E+00 -9.989008788262902E-01  4.341045667168220E+00  1.843055048770001E+02  6.143516829233065E+01  6.143516829233065E+01  1.843055048769920E+02  8.100187187665142E-12  3.000000000000132E+00  2.298839874624152E+03 -2.904478247362180E+02  2.008392049887934E+03  8.505490429804722E+21 -1.074629521142876E+21
  0.000000000000000E+00  1.265702113575569E+00 -9.999119830603774E-01  4.341173602567066E+00  1.850378908399858E+02  6.167929694666162E+01  6.167929694666162E+01  1.850378908399849E+02  9.094947017729282E-13  3.000000000000015E+00  2.323162271743328E+03 -3.086463820381300E+02  2.014515889705198E+03  8.715734083208005E+21 -1.157938825155722E+21
  0.000000000000000E+00  1.265737632754089E+00 -9.997675395983651E-01  4.341155341386997E+00  1.849305202421859E+02  6.164350674739467E+01  6.164350674739467E+01  1.849305202421841E+02  1.847411112976260E-12  3.000000000000030E+00  2.319663736169649E+03 -3.061135223677856E+02  2.013550213801864E+03  8.686064820396728E+21 -1.146253164295745E+21
  0.000000000000000E+00  1.265773151932608E+00 -9.996230961363526E-01  4.341137075108641E+00  1.848240479083178E+02  6.160801596943794E+01  6.160801596943794E+01  1.848240479083139E+02  3.922195901395753E-12  3.000000000000064E+00  2.316173928243855E+03 -3.035203142716312E+02  2.012653613972224E+03  8.656284354746887E+21 -1.134352699397435E+21
  0.000000000000000E+00  1.265808671111127E+00 -9.994786526743400E-01  4.341118803729876E+00  1.847184948675771E+02  6.157283162252372E+01  6.157283162252372E+01  1.847184948675712E+02  5.911715561524034E-12  3.000000000000096E+00  2.312692187469944E+03 -3.008667526815054E+02  2.011825434788438E+03  8.626395886366370E+21 -1.122240016089420E+21
  0.000000000000000E+00  1.265560036861493E+00 -1.000489756908427E+00  4.341246596346905E+00  1.854766173987976E+02  6.182553913293086E+01  6.182553913293086E+01  1.854766173987926E+02  4.973799150320701E-12  3.000000000000081E+00  2.337240175267702E+03 -3.190813885790409E+02  2.018158786688662E+03  8.833946184295462E+21 -1.206015472840596E+21
  0.000000000000000E+00  1.265595556040012E+00 -1.000345313446415E+00  4.341228355538771E+00  1.853655792341760E+02  6.178852641139054E+01  6.178852641139054E+01  1.853655792341717E+02  4.348521542851813E-12  3.000000000000070E+00  2.333706997372095E+03 -3.166021443768624E+02  2.017104852995232E+03  8.804445639890554E+21 -1.194454305008203E+21
  0.000000000000000E+00  1.265631075218531E+00 -1.000200869984402E+00  4.341210109640834E+00  1.852554253462410E+02  6.175180844874603E+01  6.175180844874603E+01  1.852554253462381E+02  2.899014361901209E-12  3.000000000000047E+00  2.330183593805362E+03 -3.140365667238295E+02  2.016147027081533E+03  8.774906637073189E+21 -1.182585595810690E+21
  0.000000000000000E+00  1.265666594397050E+00 -1.000056426522390E+00  4.341191858650971E+00  1.851461858448814E+02  6.171539528162660E+01  6.171539528162660E+01  1.851461858448798E+02  1.563194018672220E-12  3.000000000000025E+00  2.326669003826992E+03 -3.113846483632848E+02  2.015284355463707E+03  8.745334384594637E+21 -1.170412666213881E+21
  0.000000000000000E+00  1.265417960147416E+00 -1.001067530756477E+00  4.341319508723716E+00  1.859298450632278E+02  6.197661502107396E+01  6.197661502107396E+01  1.859298450632219E+02  5.883293852093630E-12  3.000000000000095E+00  2.351465218689652E+03 -3.292774105820048E+02  2.022187808107647E+03  8.952315196027218E+21 -1.253599306097509E+21
  0.000000000000000E+00  1.265453479325935E+00 -1.000923087294465E+00  4.341301288253641E+00  1.858152160266326E+02  6.193840534220895E+01  6.193840534220895E+01  1.858152160266268E+02  5.712763595511205E-12  3.000000000000091E+00  2.347894082112195E+03 -3.268870936032790E+02  2.021006988508916E+03  8.922650357342733E+21 -1.242261848509847E+21
  0.000000000000000E+00  1.265488998504454E+00 -1.000778643832452E+00  4.341283062702225E+00  1.857014437962106E+02  6.190048126540174E+01  6.190048126540174E+01  1.857014437962052E+02  5.400124791776761E-12  3.000000000000087E+00  2.344333517738026E+03 -3.243909902073129E+02  2.019942527530713E+03  8.893028602345647E+21 -1.230549464241902E+21
  0.000000000000000E+00  1.265524517682973E+00 -1.000634200370440E+00  4.341264832067351E+00  1.855885652831898E+02  6.186285509439487E+01  6.186285509439487E+01  1.855885652831846E+02  5.144329406903125E-12  3.000000000000083E+00  2.340782541701113E+03 -3.217890914979351E+02  2.018993450203178E+03  8.863457897632760E+21 -1.218466052953682E+21
  0.000000000000000E+00  1.265275883433339E+00 -1.001645304604527E+00  4.341392339832820E+00  1.863970986857968E+02  6.213236622860802E+01  6.213236622860802E+01  1.863970986858241E+02 -2.731326276261825E-11  2.999999999999560E+00  2.365849734927616E+03 -3.390371568052904E+02  2.026812578122326E+03  9.072264457852071E+21 -1.300097255614571E+21
  0.000000000000000E+00  1.265311402611858E+00 -1.001500861142514E+00  4.341374139667002E+00  1.862790228164507E+02  6.209300760549090E+01  6.209300760549091E+01  1.862790228164727E+02 -2.208366822742391E-11  2.999999999999644E+00  2.362237863715423E+03 -3.367798410474199E+02  2.025458022668003E+03  9.042065182857292E+21 -1.289110348199016E+21
  0.000000000000000E+00  1.265346921790377E+00 -1.001356417680502E+00  4.341355934428285E+00  1.861617602613190E+02  6.205392008710989E+01  6.205392008710989E+01  1.861617602613297E+02 -1.071498445526231E-11  2.999999999999827E+00  2.358637026123735E+03 -3.344007849185620E+02  2.024236241205173E+03  9.012000204128824E+21 -1.277695511674217E+21
  0.000000000000000E+00  1.265382440968896E+00 -1.001211974218490E+00  4.341337724114560E+00  1.860453535127839E+02  6.201511783759440E+01  6.201511783759440E+01  1.860453535127832E+02  7.105427357601002E-13  3.000000000000011E+00  2.355046412835369E+03 -3.318999781770665E+02  2.023146434658303E+03  8.982080048338243E+21 -1.265857078561333E+21
  0.000000000000000E+00  1.265133806719262E+00 -1.002223078452577E+00  4.341465089809241E+00  1.868775887450524E+02  6.229252958156556E+01  6.229252958156556E+01  1.868775887446967E+02  3.557261152309366E-10  3.000000000005711E+00  2.380401225403068E+03 -3.481020204942449E+02  2.032299204908823E+03  9.195359421780360E+21 -1.344699019532109E+21
  0.000000000000000E+00  1.265169325897781E+00 -1.002078634990564E+00  4.341446909913952E+00  1.867562971360269E+02  6.225209904524365E+01  6.225209904524365E+01  1.867562971357310E+02  2.958984168799361E-10  3.000000000004753E+00  2.376747361737794E+03 -3.460406580435529E+02  2.030706703694241E+03  9.164222290618614E+21 -1.334257718323244E+21
  0.000000000000000E+00  1.265204845076300E+00 -1.001934191528552E+00  4.341428724954189E+00  1.866357531364072E+02  6.221191771208097E+01  6.221191771208097E+01  1.866357531362429E+02  1.642206370888744E-10  3.000000000002640E+00  2.373104528895817E+03 -3.438427342730692E+02  2.029261794622748E+03  9.133318623833811E+21 -1.323340464091303E+21
  0.000000000000000E+00  1.265240364254819E+00 -1.001789748066539E+00  4.341410534927847E+00  1.865160044262961E+02  6.217200147542119E+01  6.217200147542119E+01  1.865160044262636E+02  3.257127900724299E-11  3.000000000000524E+00  2.369472170995551E+03 -3.415082376906758E+02  2.027963933304875E+03  9.102661632329079E+21 -1.311952075404675E+21
  0.000000000000000E+00  1.264991730005185E+00 -1.002800852300627E+00  4.341537758787707E+00  1.873701139254895E+02  6.245670464182891E+01  6.245670464182891E+01  1.873701139254867E+02  2.756905814749189E-12  3.000000000000044E+00  2.395118615061556E+03 -3.561408827854515E+02  2.038977732276105E+03  9.323241154640457E+21 -1.386314362201209E+21
  0.000000000000000E+00  1.265027249183704E+00 -1.002656408838614E+00  4.341519599129292E+00  1.872459502005596E+02  6.241531673350057E+01  6.241531673350057E+01  1.872459502005017E+02  5.789502210973296E-11  3.000000000000928E+00  2.391423948256697E+03 -3.543570954537108E+02  2.037066852802986E+03  9.290756478170474E+21 -1.376688346109531E+21
  0.000000000000000E+00  1.265062768362223E+00 -1.002511965376602E+00  4.341501434414810E+00  1.871224396949587E+02  6.237414656492649E+01  6.237414656492649E+01  1.871224396947795E+02  1.792272996681277E-10  3.000000000002874E+00  2.387739709393874E+03 -3.524226977463891E+02  2.035317011647485E+03  9.258602818381221E+21 -1.366539983306860E+21
  0.000000000000000E+00  1.265098287540743E+00 -1.002367521914589E+00  4.341483264642160E+00  1.869996350095140E+02  6.233321166973778E+01  6.233321166973778E+01  1.869996350092134E+02  3.005879989359528E-10  3.000000000004822E+00  2.384065575567907E+03 -3.503376769857154E+02  2.033727898582192E+03  9.226797919365732E+21 -1.355875015441726E+21
  0.000000000000000E+00  1.264849653291108E+00 -1.003378626148677E+00  4.341610346902646E+00  1.878729768940914E+02  6.262432563135612E+01  6.262432563135612E+01  1.878729768940684E+02  2.299316292919684E-11  3.000000000000367E+00  2.409989558212219E+03 -3.627823259242791E+02  2.047207232287940E+03  9.457432434567912E+21 -1.423653195588717E+21
  0.000000000000000E+00  1.264885172469627E+00 -1.003234182686664E+00  4.341592207447526E+00  1.877464135609340E+02  6.258213785363804E+01  6.258213785363804E+01  1.877464135609141E+02  1.983835318242200E-11  3.000000000000317E+00  2.406258267344852E+03 -3.613641850503773E+02  2.044894082294475E+03  9.423245653107217E+21 -1.415152950195177E+21
  0.000000000000000E+00  1.264920691648146E+00 -1.003089739224652E+00  4.341574062944726E+00  1.876203776818404E+02  6.254012589394249E+01  6.254012589394249E+01  1.876203776818275E+02  1.287503437197302E-11  3.000000000000206E+00  2.402536122250190E+03 -3.597845732997629E+02  2.042751548950427E+03  9.389467583796931E+21 -1.406091486767892E+21
  0.000000000000000E+00  1.264956210826666E+00 -1.002945295762639E+00  4.341555913392153E+00  1.874949256667218E+02  6.249830855557195E+01  6.249830855557195E+01  1.874949256667159E+02  5.911715561524034E-12  3.000000000000095E+00  2.398822959172098E+03 -3.580434770765798E+02  2.040779482095518E+03  9.356124159765979E+21 -1.396476223188622E+21
  0.000000000000000E+00  1.264707576577031E+00 -1.003956399996726E+00  4.341682854288194E+00  1.883839780783449E+02  6.279465935944492E+01  6.279465935944492E+01  1.883839780783348E+02  1.008970684779342E-11  3.000000000000160E+00  2.424989996401663E+03 -3.676932549486921E+02  2.057296741452971E+03  9.599040706814839E+21 -1.455470961575519E+21
  0.000000000000000E+00  1.264743095755550E+00 -1.003811956534714E+00  4.341664735002862E+00  1.882556073468380E+02  6.275186911560865E+01  6.275186911560865E+01  1.882556073468260E+02  1.207922650792170E-11  3.000000000000193E+00  2.421229099086912E+03 -3.667119100767342E+02  2.054517189010178E+03  9.562929874079068E+21 -1.448371936953793E+21
  0.000000000000000E+00  1.264778614934070E+00 -1.003667513072702E+00  4.341646610678222E+00  1.881276119749869E+02  6.270920399165679E+01  6.270920399165679E+01  1.881276119749704E+02  1.651301317906473E-11  3.000000000000263E+00  2.417475457968998E+03 -3.655663161709583E+02  2.051909141798039E+03  9.527266607802853E+21 -1.440696221139357E+21
  0.000000000000000E+00  1.264814134112589E+00 -1.003523069610689E+00  4.341628481312179E+00  1.880000493587514E+02  6.266668311957679E+01  6.266668311957679E+01  1.880000493587304E+02  2.097522155963816E-11  3.000000000000335E+00  2.413728976421698E+03 -3.642564593977984E+02  2.049472517023899E+03  9.492088381673155E+21 -1.432453494147049E+21
  0.000000000000000E+00  1.264565499862954E+00 -1.004534173844776E+00  4.341755281078189E+00  1.889005438395274E+02  6.296684794651820E+01  6.296684794651820E+01  1.889005438395546E+02 -2.722799763432704E-11  2.999999999999568E+00  2.440086845325938E+03 -3.706872992728481E+02  2.069399546053090E+03  9.748506143959384E+21 -1.480950328211115E+21
  0.000000000000000E+00  1.264601019041473E+00 -1.004389730382764E+00  4.341737181929215E+00  1.887710312699599E+02  6.292367708999376E+01  6.292367708999376E+01  1.887710312699813E+02 -2.145839061995503E-11  2.999999999999659E+00  2.436305198484555E+03 -3.701690826579157E+02  2.066136115826639E+03  9.710429977043364E+21 -1.475390258598118E+21
  0.000000000000000E+00  1.264636538219992E+00 -1.004245286920751E+00  4.341719077749282E+00  1.886417303459341E+02  6.288057678198088E+01  6.288057678198088E+01  1.886417303459427E+02 -8.583356247982010E-12  2.999999999999864E+00  2.432528594350802E+03 -3.694973450211157E+02  2.063031249329687E+03  9.672794284896138E+21 -1.469282546361351E+21
  0.000000000000000E+00  1.264672057398512E+00 -1.004100843458739E+00  4.341700968536303E+00  1.885126947284094E+02  6.283756490946836E+01  6.283756490946836E+01  1.885126947284051E+02  4.263256414560601E-12  3.000000000000068E+00  2.428756903322133E+03 -3.686720734288895E+02  2.060084829893243E+03  9.635648239945216E+21 -1.462638937059923E+21
  0.000000000000000E+00  1.264423423148877E+00 -1.005111947692826E+00  4.341827627406178E+00  1.894200036615697E+02  6.314000122052300E+01  6.314000122052300E+01  1.894200036615690E+02  6.252776074688882E-13  3.000000000000010E+00  2.455243711573813E+03 -3.718209813842006E+02  2.083422730189612E+03  9.905566387544160E+21 -1.500094429738771E+21
  0.000000000000000E+00  1.264458942327396E+00 -1.004967504230813E+00  4.341809548360201E+00  1.892900067056514E+02  6.309666890188502E+01  6.309666890188502E+01  1.892900067056551E+02 -3.694822225952521E-12  2.999999999999941E+00  2.451450346151646E+03 -3.717273093358382E+02  2.079723036815808E+03  9.865647902917300E+21 -1.495984104088945E+21
  0.000000000000000E+00  1.264494461505916E+00 -1.004823060768801E+00  4.341791464291600E+00  1.891600682668000E+02  6.305335608893773E+01  6.305335608893773E+01  1.891600682668132E+02 -1.324451659456827E-11  2.999999999999790E+00  2.447659922689842E+03 -3.715071454069763E+02  2.076152777282865E+03  9.826126952301502E+21 -1.491414857356660E+21
  0.000000000000000E+00  1.264529980684435E+00 -1.004678617306789E+00  4.341773375198289E+00  1.890302325698227E+02  6.301007752328184E+01  6.301007752328185E+01  1.890302325698456E+02 -2.287947609147523E-11  2.999999999999637E+00  2.443872176770746E+03 -3.711604789390426E+02  2.072711697831703E+03  9.787060746568056E+21 -1.486399406904196E+21
  0.000000000000000E+00  1.264281346434800E+00 -1.005689721540876E+00  4.341899893405413E+00  1.899399620104619E+02  6.331332067015331E+01  6.331332067015331E+01  1.899399620104600E+02  1.932676241267473E-12  3.000000000000031E+00  2.470428003951761E+03 -3.714254935470015E+02  2.099002510404760E+03  1.006946342436210E+22 -1.513930143345396E+21
  0.000000000000000E+00  1.264316865613319E+00 -1.005545278078863E+00  4.341881834429149E+00  1.898100337929033E+02  6.327001126430050E+01  6.327001126430050E+01  1.898100337929015E+02  1.762145984685048E-12  3.000000000000028E+00  2.466630353929036E+03 -3.716529156997652E+02  2.094977438229270E+03  1.002792194832111E+22 -1.510930255344791E+21
  0.000000000000000E+00  1.264352384791839E+00 -1.005400834616851E+00  4.341863770438573E+00  1.896800446820373E+02  6.322668156067867E+01  6.322668156067867E+01  1.896800446820360E+02  1.278976924368180E-12  3.000000000000020E+00  2.462834074136902E+03 -3.717946425391951E+02  2.091039431597707E+03  9.986718537614975E+21 -1.507616159701434E+21
  0.000000000000000E+00  1.264387903970358E+00 -1.005256391154838E+00  4.341845701431609E+00  1.895500246481606E+02  6.318334154938658E+01  6.318334154938658E+01  1.895500246481598E+02  8.526512829121202E-13  3.000000000000013E+00  2.459038685533895E+03 -3.718506668416319E+02  2.087188018692263E+03  9.945913401212184E+21 -1.504000141334457E+21
  0.000000000000000E+00  1.264139269720723E+00 -1.006267495388926E+00  4.341972079208855E+00  1.904586484446222E+02  6.348621614816039E+01  6.348621614816039E+01  1.904586484444812E+02  1.410001004842343E-10  3.000000000002221E+00  2.485616762001967E+03 -3.700426810147919E+02  2.115574080987176E+03  1.023925295169877E+22 -1.524354305843804E+21
  0.000000000000000E+00  1.264174788899242E+00 -1.006123051926913E+00  4.341954040269090E+00  1.903291595990892E+02  6.344305319965664E+01  6.344305319965664E+01  1.903291595989700E+02  1.192574927699752E-10  3.000000000001880E+00  2.481819475905268E+03 -3.704473550953288E+02  2.111372120809939E+03  1.019632584684077E+22 -1.521948706714267E+21
  0.000000000000000E+00  1.264210308077762E+00 -1.005978608464901E+00  4.341935996323310E+00  1.901995397409704E+02  6.339984658029962E+01  6.339984658029962E+01  1.901995397408989E+02  7.148059921746608E-11  3.000000000001128E+00  2.478022733688173E+03 -3.708127174212610E+02  2.107210016266912E+03  1.015367931018947E+22 -1.519402290241129E+21
  0.000000000000000E+00  1.264245827256281E+00 -1.005834165002888E+00  4.341917947369442E+00  1.900698026261373E+02  6.335660087537121E+01  6.335660087537121E+01  1.900698026261137E+02  2.367528395552654E-11  3.000000000000374E+00  2.474225815178058E+03 -3.711387646767729E+02  2.103087050501285E+03  1.011137229723962E+22 -1.516725838265652E+21
  0.000000000000000E+00  1.263997193006646E+00 -1.006845269236976E+00  4.342044184949172E+00  1.909751160253833E+02  6.365837200846073E+01  6.365837200846073E+01  1.909751160253822E+02  1.108446667785756E-12  3.000000000000018E+00  2.500798994979320E+03 -3.682793135964528E+02  2.132519681382867E+03  1.041408498983081E+22 -1.533626684707513E+21
  0.000000000000000E+00  1.264032712185166E+00 -1.006700825774963E+00  4.342026166012766E+00  1.908462246945928E+02  6.361540823152325E+01  6.361540823152325E+01  1.908462246945698E+02  2.299316292919684E-11  3.000000000000362E+00  2.497003736955138E+03 -3.687177471171828E+02  2.128285989837956E+03  1.036996424850408E+22 -1.531271178655368E+21
  0.000000000000000E+00  1.264068231363685E+00 -1.006556382312951E+00  4.342008142078623E+00  1.907171833562778E+02  6.357239445206891E+01  6.357239445206891E+01  1.907171833562067E+02  7.108269528544042E-11  3.000000000001118E+00  2.493208893890212E+03 -3.691577861049961E+02  2.124051107785215E+03  1.032608187784457E+22 -1.528934673105607E+21
  0.000000000000000E+00  1.264103750542204E+00 -1.006411938850938E+00  4.341990113144677E+00  1.905879914573253E+02  6.352933048573536E+01  6.352933048573536E+01  1.905879914572061E+02  1.192006493511144E-10  3.000000000001876E+00  2.489413541931066E+03 -3.695994306930892E+02  2.119814111237976E+03  1.028249312953644E+22 -1.526626067854621E+21
  0.000000000000000E+00  1.263855116292570E+00 -1.007423043085026E+00  4.342116210758741E+00  1.914892110621865E+02  6.382973702072649E+01  6.382973702072649E+01  1.914892110621795E+02  7.020162229309790E-12  3.000000000000110E+00  2.515974137555117E+03 -3.666383320303645E+02  2.149335805524752E+03  1.059338235574296E+22 -1.543712226407736E+21
  0.000000000000000E+00  1.263890635471089E+00 -1.007278599623013E+00  4.342098211792628E+00  1.913608922762756E+02  6.378696409208984E+01  6.378696409208984E+01  1.913608922762696E+02  6.053824108676054E-12  3.000000000000095E+00  2.512180275994828E+03 -3.670068327599170E+02  2.145173443234911E+03  1.054818301749951E+22 -1.540994202373241E+21
  0.000000000000000E+00  1.263926154649608E+00 -1.007134156161001E+00  4.342080207837038E+00  1.912324433263311E+02  6.374414777544234E+01  6.374414777544234E+01  1.912324433263270E+02  4.092726157978177E-12  3.000000000000064E+00  2.508387163584388E+03 -3.674031617013024E+02  2.140984001883086E+03  1.050319928221686E+22 -1.538402316949785E+21
  0.000000000000000E+00  1.263961673828127E+00 -1.006989712698988E+00  4.342062198889908E+00  1.911038544851135E+02  6.370128482837045E+01  6.370128482837045E+01  1.911038544851114E+02  2.046363078989089E-12  3.000000000000032E+00  2.504593751168316E+03 -3.678273211985447E+02  2.136766429969772E+03  1.045848281030705E+22 -1.535943988569724E+21
  0.000000000000000E+00  1.263713039578493E+00 -1.008000816933075E+00  4.342188156769651E+00  1.920013347172818E+02  6.400044490575745E+01  6.400044490575745E+01  1.920013347172724E+02  9.436007530894130E-12  3.000000000000147E+00  2.531148103381466E+03 -3.654008777895682E+02  2.165747225591897E+03  1.077689057453237E+22 -1.555770391513428E+21
  0.000000000000000E+00  1.263748558757012E+00 -1.007856373471063E+00  4.342170177740835E+00  1.918734544552289E+02  6.395781815173996E+01  6.395781815173996E+01  1.918734544552199E+02  9.038103598868474E-12  3.000000000000142E+00  2.527353798006524E+03 -3.656562707960985E+02  2.161697527210426E+03  1.073064617229803E+22 -1.552504467593658E+21
  0.000000000000000E+00  1.263784077935531E+00 -1.007711930009050E+00  4.342152193730785E+00  1.917454821465528E+02  6.391516071551485E+01  6.391516071551485E+01  1.917454821465446E+02  8.185452315956354E-12  3.000000000000128E+00  2.523560764081019E+03 -3.659476421501856E+02  2.157613121930833E+03  1.068461411607932E+22 -1.549401702038146E+21
  0.000000000000000E+00  1.263819597114050E+00 -1.007567486547038E+00  4.342134204737439E+00  1.916174052094673E+02  6.387246840315330E+01  6.387246840315330E+01  1.916174052094599E+02  7.389644451905042E-12  3.000000000000115E+00  2.519767906955570E+03 -3.662749948840715E+02  2.153492912071498E+03  1.063884329698252E+22 -1.546468729686626E+21
  0.000000000000000E+00  1.263570962864416E+00 -1.008578590781125E+00  4.342260023113699E+00  1.925121063370483E+02  6.417070211234383E+01  6.417070211234383E+01  1.925121063370315E+02  1.682565198279917E-11  3.000000000000262E+00  2.546329078513804E+03 -3.646066998110834E+02  2.181722378702721E+03  1.096467132190504E+22 -1.570021981418987E+21
  0.000000000000000E+00  1.263606482042935E+00 -1.008434147319113E+00  4.342242063989258E+00  1.923845070816452E+02  6.412816902720982E+01  6.412816902720982E+01  1.923845070816295E+02  1.571720531501342E-11  3.000000000000245E+00  2.542532258928357E+03 -3.647609391752616E+02  2.177771319753096E+03  1.091733997633716E+22 -1.566241359998643E+21
  0.000000000000000E+00  1.263642001221454E+00 -1.008289703857100E+00  4.342224099891807E+00  1.922568522804420E+02  6.408561742680962E+01  6.408561742680962E+01  1.922568522804289E+02  1.313082975684665E-11  3.000000000000205E+00  2.538737213264104E+03 -3.649447136333435E+02  2.173792499630760E+03  1.087023395756661E+22 -1.562601437456813E+21
  0.000000000000000E+00  1.263677520399973E+00 -1.008145260395088E+00  4.342206130819289E+00  1.921291316026003E+02  6.404304386752990E+01  6.404304386752990E+01  1.921291316025897E+02  1.060129761754069E-11  3.000000000000166E+00  2.534942855066556E+03 -3.651580256746212E+02  2.169784829391935E+03  1.082340149513804E+22 -1.559108882138719E+21
  0.000000000000000E+00  1.263428886150339E+00 -1.009156364629175E+00  4.342331809922396E+00  1.930220700801085E+02  6.434069002670225E+01  6.434069002670225E+01  1.930220700801068E+02  1.676880856393836E-12  3.000000000000026E+00  2.561524525579816E+03 -3.641294378020484E+02  2.197395087777768E+03  1.115700061344028E+22 -1.586005646387291E+21
  0.000000000000000E+00  1.263464405328858E+00 -1.009011921167162E+00  4.342313870669479E+00  1.928946335221839E+02  6.429821117405992E+01  6.429821117405992E+01  1.928946335221798E+02  4.092726157978177E-12  3.000000000000064E+00  2.557723490115731E+03 -3.642241248974966E+02  2.193499365218235E+03  1.110850487146089E+22 -1.581869768707621E+21
  0.000000000000000E+00  1.263499924507377E+00 -1.008867477705150E+00  4.342295926451758E+00  1.927671645412202E+02  6.425572151373697E+01  6.425572151373697E+01  1.927671645412109E+02  9.265477274311706E-12  3.000000000000144E+00  2.553924607762363E+03 -3.643352300079919E+02  2.189589377754371E+03  1.106025024552904E+22 -1.577822150623845E+21
  0.000000000000000E+00  1.263535443685897E+00 -1.008723034243138E+00  4.342277977267182E+00  1.926396573939356E+02  6.421321913130704E+01  6.421321913130704E+01  1.926396573939212E+02  1.443822839064524E-11  3.000000000000225E+00  2.550126821224098E+03 -3.644627545178589E+02  2.185664066706239E+03  1.101228854673578E+22 -1.573870359656161E+21
  0.000000000000000E+00  1.263286809436262E+00 -1.009734138477225E+00  4.342403517326964E+00  1.935315462280113E+02  6.451051540933726E+01  6.451051540933726E+01  1.935315462280118E+02 -5.400124791776761E-13  2.999999999999992E+00  2.576739848932729E+03 -3.637962127153617E+02  2.212943636217368E+03  1.135418825986580E+22 -1.603037531750548E+21
  0.000000000000000E+00  1.263322328614781E+00 -1.009589695015212E+00  4.342385597912794E+00  1.934042147702965E+02  6.446807159009889E+01  6.446807159009889E+01  1.934042147702967E+02 -1.989519660128281E-13  2.999999999999997E+00  2.572933451801230E+03 -3.638728303745237E+02  2.209060621426706E+03  1.130445152341980E+22 -1.598713238688201E+21
  0.000000000000000E+00  1.263357847793300E+00 -1.009445251553200E+00  4.342367673542006E+00  1.932768592991330E+02  6.442561976637745E+01  6.442561976637745E+01  1.932768592991324E+02  5.968558980384842E-13  3.000000000000009E+00  2.569129452812339E+03 -3.639539068583369E+02  2.205175545954001E+03  1.125497073605709E+22 -1.594427468993498E+21
  0.000000000000000E+00  1.263393366971819E+00 -1.009300808091187E+00  4.342349744212556E+00  1.931494782554328E+02  6.438315941847713E+01  6.438315941847713E+01  1.931494782554315E+02  1.364242052659392E-12  3.000000000000021E+00  2.565326819756583E+03 -3.640394425420914E+02  2.201287377214492E+03  1.120580187088082E+22 -1.590188756807079E+21
  0.000000000000000E+00  1.263144732722185E+00 -1.010311912325275E+00  4.342475145458341E+00  1.940406401506087E+02  6.468021338353606E+01  6.468021338353606E+01  1.940406401506082E+02  4.831690603168681E-13  3.000000000000008E+00  2.591978413799327E+03 -3.634835216360493E+02  2.228494892163278E+03  1.155654455665199E+22 -1.620620561896777E+21
  0.000000000000000E+00  1.263180251900704E+00 -1.010167468863262E+00  4.342457245850208E+00  1.939134027445353E+02  6.463780091484497E+01  6.463780091484497E+01  1.939134027445349E+02  3.126388037344441E-13  3.000000000000005E+00  2.588165969863666E+03 -3.635651373281826E+02  2.224600832535484E+03  1.150548971315870E+22 -1.616200427754206E+21
  0.000000000000000E+00  1.263215771079223E+00 -1.010023025401250E+00  4.342439341293630E+00  1.937861407522787E+02  6.459538025075956E+01  6.459538025075956E+01  1.937861407522787E+02 -2.842170943040401E-14  3.000000000000000E+00  2.584356075202053E+03 -3.636444578680694E+02  2.220711617333983E+03  1.145470458793683E+22 -1.611790217256926E+21
  0.000000000000000E+00  1.263251290257742E+00 -1.009878581939237E+00  4.342421431786562E+00  1.936588549785377E+02  6.455295165951269E+01  6.455295165951269E+01  1.936588549785381E+02 -3.694822225952521E-13  2.999999999999994E+00  2.580547707352330E+03 -3.637214830617423E+02  2.216826224290588E+03  1.140425045203773E+22 -1.607399419822612E+21
  0.000000000000000E+00  1.263002656008108E+00 -1.010889686173325E+00  4.342546694447172E+00  1.945493445681544E+02  6.484978152271792E+01  6.484978152271792E+01  1.945493445681538E+02  6.252776074688882E-13  3.000000000000010E+00  2.607242305693082E+03 -3.631539380626299E+02  2.244088367630452E+03  1.176432724579598E+22 -1.638613242290347E+21
  0.000000000000000E+00  1.263038175186627E+00 -1.010745242711312E+00  4.342528814612443E+00  1.944222070327409E+02  6.480740234424675E+01  6.480740234424675E+01  1.944222070327403E+02  5.968558980384842E-13  3.000000000000009E+00  2.603423356784975E+03 -3.632420805591324E+02  2.240181276225842E+03  1.171190233950539E+22 -1.634100639844065E+21
  0.000000000000000E+00  1.263073694365147E+00 -1.010600799249300E+00  4.342510929837420E+00  1.942950428897005E+02  6.476501429656663E+01  6.476501429656663E+01  1.942950428896999E+02  5.400124791776761E-13  3.000000000000008E+00  2.599607078735020E+03 -3.633263922028052E+02  2.236280686532215E+03  1.165975097168013E+22 -1.629590598201130E+21
  0.000000000000000E+00  1.263109213543666E+00 -1.010456355787287E+00  4.342493040120065E+00  1.941678534815006E+02  6.472261782716670E+01  6.472261782716670E+01  1.941678534815001E+02  4.263256414560601E-13  3.000000000000007E+00  2.595792439916124E+03 -3.634068726693910E+02  2.232385567246733E+03  1.160794215831032E+22 -1.625093706650537E+21
  0.000000000000000E+00  1.262860579294031E+00 -1.011467460021374E+00  4.342618164423825E+00  1.950576522657996E+02  6.501921742193645E+01  6.501921742193645E+01  1.950576522658093E+02 -9.748646334628575E-12  2.999999999999850E+00  2.622533438930006E+03 -3.628379553838558E+02  2.259695483546151E+03  1.197764354784625E+22 -1.657154730881263E+21
  0.000000000000000E+00  1.262896098472550E+00 -1.011323016559362E+00  4.342600304329935E+00  1.949306119500039E+02  6.497687065000402E+01  6.497687065000400E+01  1.949306119500120E+02 -8.100187187665142E-12  2.999999999999875E+00  2.618707462062842E+03 -3.629211266446520E+02  2.255786335418190E+03  1.192383337299602E+22 -1.652498839348010E+21
  0.000000000000000E+00  1.262931617651069E+00 -1.011178573097349E+00  4.342582439303884E+00  1.948035465778685E+02  6.493451552595769E+01  6.493451552595769E+01  1.948035465778731E+02 -4.547473508864641E-12  2.999999999999930E+00  2.614884317333035E+03 -3.630015143347525E+02  2.251882802998282E+03  1.187029412500848E+22 -1.647849090078199E+21
  0.000000000000000E+00  1.262967136829589E+00 -1.011034129635337E+00  4.342564569343641E+00  1.946764571252874E+02  6.489215237509612E+01  6.489215237509612E+01  1.946764571252884E+02 -9.947598300641403E-13  2.999999999999984E+00  2.611062948798723E+03 -3.630791182192905E+02  2.247983830579432E+03  1.181710060997476E+22 -1.643216786999422E+21
  0.000000000000000E+00  1.262718502579954E+00 -1.012045233869424E+00  4.342689555518376E+00  1.955656120267422E+02  6.518853734224713E+01  6.518853734224713E+01  1.955656120267414E+02  8.242295734817162E-13  3.000000000000013E+00  2.637854433416041E+03 -3.625745010512363E+02  2.275279932364805E+03  1.219659423238505E+22 -1.676428392830095E+21
  0.000000000000000E+00  1.262754021758473E+00 -1.011900790407412E+00  4.342671715132832E+00  1.954386518634522E+02  6.514621728781766E+01  6.514621728781766E+01  1.954386518634530E+02 -7.958078640513122E-13  2.999999999999988E+00  2.634020699365952E+03 -3.626450307903632E+02  2.271375668575588E+03  1.214135740847646E+22 -1.671590102649390E+21
  0.000000000000000E+00  1.262789540936993E+00 -1.011756346945399E+00  4.342653869823244E+00  1.953116711220311E+02  6.510389037401185E+01  6.510389037401185E+01  1.953116711220356E+02 -4.462208380573429E-12  2.999999999999932E+00  2.630190005639007E+03 -3.627124499340687E+02  2.267477555704939E+03  1.208640271325041E+22 -1.666757431825827E+21
  0.000000000000000E+00  1.262825060115512E+00 -1.011611903483387E+00  4.342636019587584E+00  1.951846708927299E+02  6.506155696424599E+01  6.506155696424599E+01  1.951846708927380E+02 -8.100187187665142E-12  2.999999999999875E+00  2.626361275867232E+03 -3.627767582194335E+02  2.263584517647798E+03  1.203180620429583E+22 -1.661941824388809E+21
  0.000000000000000E+00  1.262576425865877E+00 -1.012623007717474E+00  4.342760867860625E+00  1.960732920538191E+02  6.535776401793964E+01  6.535776401793964E+01  1.960732920538190E+02  1.421085471520200E-13  3.000000000000002E+00  2.653208218937870E+03 -3.623460983433333E+02  2.290862120594537E+03  1.242152027540996E+22 -1.696395094497784E+21
  0.000000000000000E+00  1.262611945044396E+00 -1.012478564255462E+00  4.342743047151004E+00  1.959463979364347E+02  6.531546597881147E+01  6.531546597881147E+01  1.959463979364345E+02  2.557953848736361E-13  3.000000000000004E+00  2.649366042767462E+03 -3.624139367867604E+02  2.286952105980702E+03  1.236474715576403E+22 -1.691407159960591E+21
  0.000000000000000E+00  1.262647464222916E+00 -1.012334120793449E+00  4.342725221525438E+00  1.958194848877466E+02  6.527316162924870E+01  6.527316162924870E+01  1.958194848877461E+02  4.831690603168681E-13  3.000000000000007E+00  2.645527068580632E+03 -3.624746171222720E+02  2.283052451458359E+03  1.230828266492560E+22 -1.686408768743099E+21
  0.000000000000000E+00  1.262682983401435E+00 -1.012189677331437E+00  4.342707390981904E+00  1.956925554153256E+02  6.523085180510827E+01  6.523085180510827E+01  1.956925554153248E+02  7.673861546209082E-13  3.000000000000012E+00  2.641690221886414E+03 -3.625281387450478E+02  2.279162083141366E+03  1.225220556965462E+22 -1.681411864225609E+21
  0.000000000000000E+00  1.262434349151800E+00 -1.013200781565524E+00  4.342832101580083E+00  1.965806953302637E+02  6.552689844342842E+01  6.552689844342842E+01  1.965806953302853E+02 -2.160049916710705E-11  2.999999999999670E+00  2.668596570131859E+03 -3.620852137650172E+02  2.306511356366842E+03  1.265294257015834E+22 -1.716798809737619E+21
  0.000000000000000E+00  1.262469868330319E+00 -1.013056338103512E+00  4.342814300514032E+00  1.964538754978317E+02  6.548462516594994E+01  6.548462516594994E+01  1.964538754978498E+02 -1.816147232602816E-11  2.999999999999723E+00  2.664745675808104E+03 -3.621682459711984E+02  2.302577429836905E+03  1.259449805441075E+22 -1.711730808183169E+21
  0.000000000000000E+00  1.262505387508839E+00 -1.012911894641499E+00  4.342796494540119E+00  1.963270322346777E+02  6.544234407822944E+01  6.544234407822944E+01  1.963270322346884E+02 -1.071498445526231E-11  2.999999999999837E+00  2.660898028963359E+03 -3.622394048047418E+02  2.298658624158617E+03  1.253638960743230E+22 -1.706632219787013E+21
  0.000000000000000E+00  1.262540906687358E+00 -1.012767451179487E+00  4.342778683656323E+00  1.962001697002055E+02  6.540005656673625E+01  6.540005656673625E+01  1.962001697002088E+02 -3.268496584496461E-12  2.999999999999950E+00  2.657052563617911E+03 -3.622986892628156E+02  2.294753874355096E+03  1.247870217754912E+22 -1.701515997286541E+21
  0.000000000000000E+00  1.262292272437723E+00 -1.013778555413574E+00  4.342903256805979E+00  1.970877526586067E+02  6.569591755286523E+01  6.569591755286523E+01  1.970877526585957E+02  1.105604496842716E-11  3.000000000000168E+00  2.684019717162058E+03 -3.617721254850705E+02  2.322247591676988E+03  1.289137785209271E+22 -1.737595717409236E+21
  0.000000000000000E+00  1.262327791616243E+00 -1.013634111951561E+00  4.342885475351219E+00  1.969610260823017E+02  6.565367536076525E+01  6.565367536076525E+01  1.969610260822957E+02  5.940137270954438E-12  3.000000000000091E+00  2.680160130346509E+03 -3.618673997431442E+02  2.318292730603365E+03  1.283114104680733E+22 -1.732423221199619E+21
  0.000000000000000E+00  1.262363310794762E+00 -1.013489668489549E+00  4.342867688996660E+00  1.968342716879684E+02  6.561142389599119E+01  6.561142389599119E+01  1.968342716879736E+02 -5.258016244624741E-12  2.999999999999920E+00  2.676303796858100E+03 -3.619513398471743E+02  2.314352457010925E+03  1.277126027509546E+22 -1.727223483946239E+21
  0.000000000000000E+00  1.262398829973281E+00 -1.013345225027537E+00  4.342849897740286E+00  1.967074934468685E+02  6.556916448229497E+01  6.556916448229497E+01  1.967074934468849E+02 -1.645616976020392E-11  2.999999999999749E+00  2.672449635468494E+03 -3.620239448402991E+02  2.310425690628195E+03  1.271182959291246E+22 -1.722010635593165E+21
  0.000000000000000E+00  1.262150195723647E+00 -1.014356329261624E+00  4.342974333667264E+00  1.975944512972007E+02  6.586481709906877E+01  6.586481709906877E+01  1.975944512972064E+02 -5.684341886080801E-12  2.999999999999914E+00  2.699477996779989E+03 -3.615136323956206E+02  2.337964364384368E+03  1.313716995428159E+22 -1.759327557118821E+21
  0.000000000000000E+00  1.262185714902166E+00 -1.014211885799611E+00  4.342956571791584E+00  1.974678057910263E+02  6.582260193034314E+01  6.582260193034315E+01  1.974678057910295E+02 -3.154809746774845E-12  2.999999999999952E+00  2.695609482927342E+03 -3.615829346140096E+02  2.334026548313333E+03  1.307508167793512E+22 -1.753861764238749E+21
  0.000000000000000E+00  1.262221234080685E+00 -1.014067442337599E+00  4.342938805024150E+00  1.973411401200658E+02  6.578038004002106E+01  6.578038004002106E+01  1.973411401200632E+02  2.586375558166765E-12  3.000000000000040E+00  2.691744351568103E+03 -3.616491177109032E+02  2.330095233857200E+03  1.301334970104185E+22 -1.748407658068846E+21
  0.000000000000000E+00  1.262256753259204E+00 -1.013922998875586E+00  4.342921033362952E+00  1.972144553780242E+02  6.573815179267193E+01  6.573815179267193E+01  1.972144553780158E+02  8.327560863108374E-12  3.000000000000127E+00  2.687881471557650E+03 -3.617121814223285E+02  2.326169290135322E+03  1.295207996204007E+22 -1.742980539358005E+21
  0.000000000000000E+00  1.262008119009570E+00 -1.014934103109674E+00  4.343045332292606E+00  1.981009947783645E+02  6.603366492612126E+01  6.603366492612126E+01  1.981009947783638E+02  6.536993168992922E-13  3.000000000000010E+00  2.714974488888386E+03 -3.615003549075897E+02  2.353474133980796E+03  1.339045209491709E+22 -1.782946102991765E+21
  0.000000000000000E+00  1.262043638188089E+00 -1.014789659647661E+00  4.343027589963864E+00  1.979743538093886E+02  6.599145126979627E+01  6.599145126979627E+01  1.979743538093888E+02 -2.557953848736361E-13  2.999999999999996E+00  2.711095972597588E+03 -3.614908569604483E+02  2.349605115637140E+03  1.332647741533809E+22 -1.776919662684948E+21
  0.000000000000000E+00  1.262079157366608E+00 -1.014645216185649E+00  4.343009842751398E+00  1.978477182352588E+02  6.594923941175372E+01  6.594923941175372E+01  1.978477182352612E+02 -2.415845301584341E-12  2.999999999999963E+00  2.707221183038167E+03 -3.614899034119433E+02  2.345731279626224E+03  1.326286630447051E+22 -1.770964370922984E+21
  0.000000000000000E+00  1.262114676545127E+00 -1.014500772723636E+00  4.342992090653199E+00  1.977210850623910E+02  6.590702835413182E+01  6.590702835413182E+01  1.977210850623955E+02 -4.519051799434237E-12  2.999999999999931E+00  2.703348921952456E+03 -3.614974949829602E+02  2.341851426969496E+03  1.319972769270803E+22 -1.765095307018263E+21
  0.000000000000000E+00  1.261866042295493E+00 -1.015511876957723E+00  4.343116252810394E+00  1.986078271696199E+02  6.620260905654166E+01  6.620260905654166E+01  1.986078271696250E+02 -5.144329406903125E-12  2.999999999999922E+00  2.730514565171408E+03 -3.618617036717411E+02  2.368652861499667E+03  1.365169490107349E+22 -1.809192171292872E+21
  0.000000000000000E+00  1.261901561474012E+00 -1.015367433495711E+00  4.343098529996519E+00  1.984810636227945E+02  6.616035454093293E+01  6.616035454093294E+01  1.984810636227989E+02 -4.405364961712621E-12  2.999999999999933E+00  2.726624524184784E+03 -3.617489013965580E+02  2.364875622788226E+03  1.358565096236194E+22 -1.802446309273517E+21
  0.000000000000000E+00  1.261937080652531E+00 -1.015222990033698E+00  4.343080802306931E+00  1.983543405414641E+02  6.611811351382214E+01  6.611811351382214E+01  1.983543405414665E+02 -2.387423592153937E-12  2.999999999999964E+00  2.722738652242985E+03 -3.616510750005795E+02  2.361087577242406E+03  1.352002465655869E+22 -1.795813728596687E+21
  0.000000000000000E+00  1.261972599831050E+00 -1.015078546571686E+00  4.343063069739627E+00  1.982276526763977E+02  6.607588422546601E+01  6.607588422546601E+01  1.982276526763981E+02 -3.410605131648481E-13  2.999999999999995E+00  2.718855716239474E+03 -3.615682257493750E+02  2.357287490490099E+03  1.345492290623926E+22 -1.789308852892090E+21
  0.000000000000000E+00  1.261723965581416E+00 -1.016089650805773E+00  4.343187095348737E+00  1.991154685418905E+02  6.637182284729369E+01  6.637182284729369E+01  1.991154685418811E+02  9.464429240324534E-12  3.000000000000143E+00  2.746104258877465E+03 -3.625679957823284E+02  2.383536263095137E+03  1.392195045390739E+22 -1.838114360420324E+21
  0.000000000000000E+00  1.261759484759935E+00 -1.015945207343761E+00  4.343169392017728E+00  1.989884577593489E+02  6.632948591978057E+01  6.632948591978057E+01  1.989884577593417E+02  7.190692485892214E-12  3.000000000000109E+00  2.742201354083927E+03 -3.623719488974356E+02  2.379829405186491E+03  1.385354690893476E+22 -1.830695906066965E+21
  0.000000000000000E+00  1.261795003938454E+00 -1.015800763881748E+00  4.343151683819000E+00  1.988615169716391E+02  6.628717232387893E+01  6.628717232387893E+01  1.988615169716368E+02  2.330580173293129E-12  3.000000000000035E+00  2.738302913156108E+03 -3.621888838525927E+02  2.376114029303516E+03  1.378562715392542E+22 -1.823392469875955E+21
  0.000000000000000E+00  1.261830523116973E+00 -1.015656320419736E+00  4.343133970750555E+00  1.987346416259874E+02  6.624488054199668E+01  6.624488054199668E+01  1.987346416259900E+02 -2.643218977027573E-12  2.999999999999960E+00  2.734407720235855E+03 -3.620188017448455E+02  2.372388918491009E+03  1.371830530510959E+22 -1.816219436396766E+21
  0.000000000000000E+00  1.261581888867339E+00 -1.016667424653823E+00  4.343257860035465E+00  1.996243314190057E+02  6.654144380633440E+01  6.654144380633440E+01  1.996243314190032E+02  2.501110429875553E-12  3.000000000000037E+00  2.761746889949467E+03 -3.635126253203313E+02  2.398234264629135E+03  1.420253172821910E+22 -1.869396364130492E+21
  0.000000000000000E+00  1.261617408045858E+00 -1.016522981191811E+00  4.343240176155391E+00  1.994969845971992E+02  6.649899486573185E+01  6.649899486573185E+01  1.994969845971956E+02  3.581135388230905E-12  3.000000000000054E+00  2.757830634285892E+03 -3.632628309384556E+02  2.394567803347436E+03  1.413141122898079E+22 -1.861396557270559E+21
  0.000000000000000E+00  1.261652927224377E+00 -1.016378537729798E+00  4.343222487415574E+00  1.993697273042912E+02  6.645657576809505E+01  6.645657576809505E+01  1.993697273042852E+02  5.968558980384842E-12  3.000000000000090E+00  2.753918895598971E+03 -3.630221273756610E+02  2.390896768223310E+03  1.406086137450461E+22 -1.853505496136526E+21
  0.000000000000000E+00  1.261688446402896E+00 -1.016234094267786E+00  4.343204793814021E+00  1.992425563494617E+02  6.641418544981778E+01  6.641418544981778E+01  1.992425563494533E+02  8.327560863108374E-12  3.000000000000125E+00  2.750010494940499E+03 -3.627905154004129E+02  2.387219979540086E+03  1.399100152991271E+22 -1.845739376392751E+21
  0.000000000000000E+00  1.261439812153262E+00 -1.017245198501873E+00  4.343328546998133E+00  2.001347026309349E+02  6.671156754364411E+01  6.671156754364411E+01  2.001347026309323E+02  2.586375558166765E-12  3.000000000000039E+00  2.777442417833243E+03 -3.646461221578878E+02  2.412796295675355E+03  1.449507544076116E+22 -1.903036050692640E+21
  0.000000000000000E+00  1.261475331331781E+00 -1.017100755039861E+00  4.343310882537131E+00  2.000069533457888E+02  6.666898444859540E+01  6.666898444859538E+01  2.000069533457862E+02  2.557953848736361E-12  3.000000000000039E+00  2.773513064123280E+03 -3.643446052408076E+02  2.409168458882473E+03  1.442080770142527E+22 -1.894400122788044E+21
  0.000000000000000E+00  1.261510850510300E+00 -1.016956311577848E+00  4.343293213224346E+00  1.998793112120070E+02  6.662643707066815E+01  6.662643707066815E+01  1.998793112120045E+02  2.529532139305957E-12  3.000000000000038E+00  2.769588134096017E+03 -3.640551827802694E+02  2.405532951315747E+03  1.434720729128133E+22 -1.885903217345586E+21
  0.000000000000000E+00  1.261546369688819E+00 -1.016811868115836E+00  4.343275539057786E+00  1.997517719847069E+02  6.658392399490145E+01  6.658392399490145E+01  1.997517719847044E+02  2.472688720445149E-12  3.000000000000037E+00  2.765666462611335E+03 -3.637778557989346E+02  2.401888606812400E+03  1.427440519511444E+22 -1.877562817094349E+21
  0.000000000000000E+00  1.261297735439185E+00 -1.017822972349923E+00  4.343399156364016E+00  2.006469553733558E+02  6.688231845778476E+01  6.688231845778476E+01  2.006469553733543E+02  1.421085471520200E-12  3.000000000000021E+00  2.793190085655116E+03 -3.661968899873692E+02  2.426993195667746E+03  1.480122581710520E+22 -1.940491945056233E+21
  0.000000000000000E+00  1.261333254617704E+00 -1.017678528887910E+00  4.343381511290294E+00  2.005186754130315E+02  6.683955847100997E+01  6.683955847100997E+01  2.005186754130299E+02  1.563194018672220E-12  3.000000000000024E+00  2.789247555303510E+03 -3.657447774732069E+02  2.423502777830303E+03  1.472343578115552E+22 -1.930635283046367E+21
  0.000000000000000E+00  1.261368773796223E+00 -1.017534085425898E+00  4.343363861372728E+00  2.003905500102342E+02  6.679685000341073E+01  6.679685000341073E+01  2.003905500102322E+02  1.961097950697877E-12  3.000000000000030E+00  2.785309610097724E+03 -3.653356095767390E+02  2.419974000520985E+03  1.464637707530691E+22 -1.921094544570322E+21
  0.000000000000000E+00  1.261404292974742E+00 -1.017389641963885E+00  4.343346206609336E+00  2.002625641033925E+02  6.675418803446335E+01  6.675418803446335E+01  2.002625641033900E+02  2.415845301584341E-12  3.000000000000036E+00  2.781374984253329E+03 -3.649693899284377E+02  2.416405594324891E+03  1.457020534532853E+22 -1.911888539345646E+21
  0.000000000000000E+00  1.261155658725108E+00 -1.018400746197973E+00  4.343469688260114E+00  2.011621064925367E+02  6.705403549751304E+01  6.705403549751304E+01  2.011621064925391E+02 -2.472688720445149E-12  2.999999999999963E+00  2.808995637126861E+03 -3.688305561850181E+02  2.440165080941843E+03  1.512197429104323E+22 -1.985565984746715E+21
  0.000000000000000E+00  1.261191177903627E+00 -1.018256302735960E+00  4.343452062541947E+00  2.010329508049079E+02  6.701098360163658E+01  6.701098360163657E+01  2.010329508049097E+02 -1.847411112976260E-12  2.999999999999972E+00  2.805037402920067E+03 -3.680330814957135E+02  2.437004321424354E+03  1.504051387370933E+22 -1.973380698046262E+21
  0.000000000000000E+00  1.261226697082146E+00 -1.018111859273948E+00  4.343434431987861E+00  2.009040620636996E+02  6.696802068790002E+01  6.696802068790002E+01  2.009040620637001E+02 -4.831690603168681E-13  2.999999999999993E+00  2.801084730870712E+03 -3.673283070092875E+02  2.433756423861424E+03  1.495977340529557E+22 -1.961792936017908E+21
  0.000000000000000E+00  1.261262216260666E+00 -1.017967415811935E+00  4.343416796595878E+00  2.007754077571146E+02  6.692513591903791E+01  6.692513591903791E+01  2.007754077571137E+02  9.094947017729282E-13  3.000000000000013E+00  2.797136122356691E+03 -3.667162405610590E+02  2.430419881795632E+03  1.487994650728562E+22 -1.950823200661381E+21
  0.000000000000000E+00  1.261013582011031E+00 -1.018978520046023E+00  4.343540142813152E+00  2.016821078327145E+02  6.722736927757302E+01  6.722736927757302E+01  2.016821078327191E+02 -4.575895218295045E-12  2.999999999999932E+00  2.824877016614246E+03 -3.730500176489190E+02  2.451826998965327E+03  1.545721769092604E+22 -2.041262433192349E+21
  0.000000000000000E+00  1.261049101189550E+00 -1.018834076584010E+00  4.343522536418885E+00  2.015515297823874E+02  6.718384326079723E+01  6.718384326079723E+01  2.015515297823918E+02 -4.320099833421409E-12  2.999999999999936E+00  2.820897691913022E+03 -3.718456045015501E+02  2.449052087411472E+03  1.537218352314526E+22 -2.026333280735289E+21
  0.000000000000000E+00  1.261084620368070E+00 -1.018689633121998E+00  4.343504925196606E+00  2.014213601922834E+02  6.714045339742897E+01  6.714045339742897E+01  2.014213601922869E+02 -3.524291969370097E-12  2.999999999999947E+00  2.816925404415619E+03 -3.707408842556267E+02  2.446184520159992E+03  1.528782315667774E+22 -2.012059341921467E+21
  0.000000000000000E+00  1.261120139546589E+00 -1.018545189659985E+00  4.343487309144341E+00  2.012915640873504E+02  6.709718802911773E+01  6.709718802911773E+01  2.012915640873532E+02 -2.842170943040401E-12  2.999999999999957E+00  2.812958576343295E+03 -3.697358653400698E+02  2.443222711003225E+03  1.520434947665068E+22 -1.998462884579718E+21
  0.000000000000000E+00  1.260871505296954E+00 -1.019556293894073E+00  4.343610520149580E+00  2.022087154973448E+02  6.740290516577991E+01  6.740290516577991E+01  2.022087154973398E+02  5.030642569181509E-12  3.000000000000075E+00  2.840849847843860E+03 -3.776753926119138E+02  2.463174455231946E+03  1.580806165377573E+22 -2.101595019551780E+21
  0.000000000000000E+00  1.260907024475473E+00 -1.019411850432060E+00  4.343592933047625E+00  2.020764647298544E+02  6.735882157661690E+01  6.735882157661692E+01  2.020764647298508E+02  3.609557097661309E-12  3.000000000000054E+00  2.836848138291047E+03 -3.766464350871270E+02  2.460201703203920E+03  1.571871194122799E+22 -2.086962899745313E+21
  0.000000000000000E+00  1.260942543653992E+00 -1.019267406970048E+00  4.343575341125550E+00  2.019445933602777E+02  6.731486445342577E+01  6.731486445342577E+01  2.019445933602773E+02  3.410605131648481E-13  3.000000000000005E+00  2.832852597334491E+03 -3.755325581992488E+02  2.457320039135242E+03  1.563037911727067E+22 -2.072016122919967E+21
  0.000000000000000E+00  1.260978062832512E+00 -1.019122963508035E+00  4.343557744381383E+00  2.018131311430769E+02  6.727104371435996E+01  6.727104371435996E+01  2.018131311430799E+02 -3.069544618483633E-12  2.999999999999955E+00  2.828862472978465E+03 -3.743337547768875E+02  2.454528718201577E+03  1.554317671759451E+22 -2.056775738458510E+21
  0.000000000000000E+00  1.260729428582877E+00 -1.020134067742122E+00  4.343680820395574E+00  2.027390740080576E+02  6.757969133600999E+01  6.757969133600999E+01  2.027390740080300E+02  2.756905814749189E-11  3.000000000000408E+00  2.856869057551736E+03 -3.770379642233898E+02  2.479831093328346E+03  1.618383622132838E+22 -2.135876912553913E+21
  0.000000000000000E+00  1.260764947761396E+00 -1.019989624280110E+00  4.343663252554413E+00  2.026066613800038E+02  6.753555379332659E+01  6.753555379332659E+01  2.026066613799798E+02  2.401634446869139E-11  3.000000000000356E+00  2.852866922411496E+03 -3.780422740817598E+02  2.474824648329736E+03  1.608678932794154E+22 -2.131710516335124E+21
  0.000000000000000E+00  1.260800466939916E+00 -1.019845180818097E+00  4.343645679901006E+00  2.024739990592390E+02  6.749133301974091E+01  6.749133301974091E+01  2.024739990592228E+02  1.622879608476069E-11  3.000000000000240E+00  2.848861902092559E+03 -3.784833138392946E+02  2.470378588253265E+03  1.599181594515040E+22 -2.124580166129774E+21
  0.000000000000000E+00  1.260835986118435E+00 -1.019700737356085E+00  4.343628102433383E+00  2.023412845852053E+02  6.744709486173225E+01  6.744709486173225E+01  2.023412845851968E+02  8.469669410260394E-12  3.000000000000126E+00  2.844855658961242E+03 -3.783610358860085E+02  2.466494623075234E+03  1.589890909991308E+22 -2.114528270547506E+21
  0.000000000000000E+00  1.260587351868800E+00 -1.020711841590172E+00  4.343751043677036E+00  2.032601547744471E+02  6.775338492480178E+01  6.775338492480178E+01  2.032601547744054E+02  4.169464773440268E-11  3.000000000000616E+00  2.872742980146063E+03 -3.626345646262992E+02  2.510108415519763E+03  1.659947359278753E+22 -2.095399038810007E+21
  0.000000000000000E+00  1.260622871047319E+00 -1.020567398128160E+00  4.343733495065220E+00  2.031319858438717E+02  6.771066194794403E+01  6.771066194794403E+01  2.031319858438321E+02  3.956301952712238E-11  3.000000000000584E+00  2.868806134207382E+03 -3.680526898186685E+02  2.500753444388713E+03  1.649188997584287E+22 -2.115822464761824E+21
  0.000000000000000E+00  1.260658390225839E+00 -1.020422954666147E+00  4.343715941649013E+00  2.030021327600341E+02  6.766737758666648E+01  6.766737758666648E+01  2.030021327599995E+02  3.464606379566249E-11  3.000000000000512E+00  2.864844682683590E+03 -3.722593664316996E+02  2.492585316251891E+03  1.638644665558625E+22 -2.129263162832727E+21
  0.000000000000000E+00  1.260693909404358E+00 -1.020278511204135E+00  4.343698383426452E+00  2.028710204918057E+02  6.762367349725862E+01  6.762367349725862E+01  2.028710204917759E+02  2.984279490192421E-11  3.000000000000441E+00  2.860863905146839E+03 -3.752544920410139E+02  2.485609413105824E+03  1.628360828145437E+22 -2.135892288779943E+21
  0.000000000000000E+00  1.260445275154723E+00 -1.021289615438222E+00  4.343821190119598E+00  2.037443077809646E+02  6.791476926031582E+01  6.791476926031582E+01  2.037443077809475E+02  1.713829078653362E-11  3.000000000000252E+00  2.888073363883288E+03 -3.214319612383791E+02  2.566641402644909E+03  1.704455389477409E+22 -1.896996265864904E+21
  0.000000000000000E+00  1.260480794333243E+00 -1.021145171976209E+00  4.343803660705744E+00  2.036290858543062E+02  6.787636195142839E+01  6.787636195142839E+01  2.036290858542852E+02  2.100364326906856E-11  3.000000000000309E+00  2.884323231906619E+03 -3.351703669793868E+02  2.549152864927232E+03  1.693278276884769E+22 -1.967659848880855E+21
  0.000000000000000E+00  1.260516313511762E+00 -1.021000728514197E+00  4.343786126495338E+00  2.035094503263549E+02  6.783648344210849E+01  6.783648344210849E+01  2.035094503263255E+02  2.941646926046815E-11  3.000000000000434E+00  2.880511519048524E+03 -3.466170653206647E+02  2.533894453727859E+03  1.682064206575484E+22 -2.024057724152795E+21
  0.000000000000000E+00  1.260551832690281E+00 -1.020856285052185E+00  4.343768587486422E+00  2.033862052740790E+02  6.779540175801372E+01  6.779540175801372E+01  2.033862052740412E+02  3.785771696129814E-11  3.000000000000559E+00  2.876648143662306E+03 -3.557718624678085E+02  2.520876281194497E+03  1.670918891588063E+22 -2.066522898890608E+21
  0.000000000000000E+00  1.260303198440647E+00 -1.021867389286272E+00  4.343891259848617E+00  2.041432094078623E+02  6.804773646930791E+01  6.804773646930791E+01  2.041432094079237E+02 -6.141931407910306E-11  2.999999999999098E+00  2.902196601114637E+03 -2.357460978632784E+02  2.666450503251358E+03  1.751467386728975E+22 -1.422720989327766E+21
  0.000000000000000E+00  1.260338717619166E+00 -1.021722945824259E+00  4.343873749601411E+00  2.040555019012258E+02  6.801850063375831E+01  6.801850063375831E+01  2.040555019012750E+02 -4.914113560516853E-11  2.999999999999277E+00  2.898830733782344E+03 -2.635844072304276E+02  2.635246326551916E+03  1.738921292722013E+22 -1.581163511277012E+21
  0.000000000000000E+00  1.260374236797685E+00 -1.021578502362247E+00  4.343856234565476E+00  2.039587817368132E+02  6.798626057894511E+01  6.798626057894511E+01  2.039587817368354E+02 -2.214051164628472E-11  2.999999999999674E+00  2.895343310440502E+03 -2.871450621048788E+02  2.608198248335624E+03  1.727046734522677E+22 -1.712794956143191E+21
  0.000000000000000E+00  1.260409755976204E+00 -1.021434058900234E+00  4.343838714738856E+00  2.038545500012007E+02  6.795151666706529E+01  6.795151666706529E+01  2.038545500011959E+02  4.831690603168681E-12  3.000000000000071E+00  2.891751742277884E+03 -3.064277007021602E+02  2.585324041575724E+03  1.715629325804924E+22 -1.817985762323719E+21
  0.000000000000000E+00  1.260161121726570E+00 -1.022445163134322E+00  4.343961252989180E+00  2.043845531000325E+02  6.812818436667634E+01  6.812818436667634E+01  2.043845531000291E+02  3.467448550509289E-12  3.000000000000051E+00  2.914129466408589E+03 -1.022970597050376E+02  2.811832406703551E+03  1.818941422950249E+22 -6.385178197756112E+20
  0.000000000000000E+00  1.260196640905089E+00 -1.022300719672309E+00  4.343943761877377E+00  2.043421612431776E+02  6.811405374772806E+01  6.811405374772806E+01  2.043421612431842E+02 -6.622258297284134E-12  2.999999999999903E+00  2.911400768370348E+03 -1.389925377934224E+02  2.772408230576926E+03  1.798815501850089E+22 -8.587685156250127E+20
  0.000000000000000E+00  1.260232160083608E+00 -1.022156276210297E+00  4.343926265984648E+00  2.042872864991743E+02  6.809576216640109E+01  6.809576216640109E+01  2.042872864992033E+02 -2.901856532844249E-11  2.999999999999574E+00  2.908494605807013E+03 -1.734659955528252E+02  2.735028610254188E+03  1.781003890082491E+22 -1.062211400563667E+21
  0.000000000000000E+00  1.260267679262127E+00 -1.022011832748284E+00  4.343908765309045E+00  2.042207091325576E+02  6.807356971086963E+01  6.807356971086963E+01  2.042207091326089E+02 -5.130118552187923E-11  2.999999999999246E+00  2.905422669653979E+03 -2.057172449279339E+02  2.699705424726045E+03  1.765292566129510E+22 -1.249908066695077E+21
  0.000000000000000E+00  1.260019045012493E+00 -1.023022936982372E+00  4.344031169666106E+00  2.044640557168387E+02  6.815468523893809E+01  6.815468523893809E+01  2.044640557168142E+02  2.441424840071704E-11  3.000000000000358E+00  2.923390882498091E+03  6.813804574776250E+00  2.930204687072867E+03  1.900835869854806E+22  4.430445556718645E+19
  0.000000000000000E+00  1.260054564191012E+00 -1.022878493520359E+00  4.344013697658525E+00  2.044597077237546E+02  6.815323590791111E+01  6.815323590791111E+01  2.044597077237334E+02  2.120259523508139E-11  3.000000000000311E+00  2.921347888016886E+03 -3.048417636923526E+01  2.890863711647651E+03  1.884448984797729E+22 -1.966416784767000E+20
  0.000000000000000E+00  1.260090083369531E+00 -1.022734050058347E+00  4.343996220877807E+00  2.044434449975070E+02  6.814781499916432E+01  6.814781499916432E+01  2.044434449974930E+02  1.395505933032837E-11  3.000000000000205E+00  2.919109141726836E+03 -6.110235742696748E+01  2.858006784299869E+03  1.863812392073256E+22 -3.901304316765019E+20
  0.000000000000000E+00  1.260125602548050E+00 -1.022589606596334E+00  4.343978739322008E+00  2.044176119767237E+02  6.813920399223898E+01  6.813920399223898E+01  2.044176119767170E+02  6.764366844436154E-12  3.000000000000099E+00  2.916695934830926E+03 -8.504017355371194E+01  2.831655761277214E+03  1.841215715376694E+22 -5.368310838151608E+20
  0.000000000000000E+00  1.259534228874564E+00 -1.024994506267511E+00  4.344269176215986E+00  2.059406257691300E+02  6.864687525640433E+01  6.864687525640433E+01  2.059406257692130E+02 -8.304823495564051E-11  2.999999999998790E+00  2.969997128692123E+03 -4.878894194197740E+02  2.482107709272349E+03  1.866698184288394E+22 -3.066475332807706E+21
  0.000000000000000E+00  1.259655432909046E+00 -1.024501613946226E+00  4.344209757643641E+00  2.053796602462569E+02  6.845988674877439E+01  6.845988674877439E+01  2.053796602463232E+02 -6.636469151999336E-11  2.999999999999031E+00  2.955097179383398E+03 -4.403567086795886E+02  2.514740470703810E+03  1.861313140476963E+22 -2.773654058082544E+21
  0.000000000000000E+00  1.259776636943528E+00 -1.024008721624941E+00  4.344150283745827E+00  2.049060644170744E+02  6.830202147236798E+01  6.830202147236798E+01  2.049060644171040E+02 -2.964384293591138E-11  2.999999999999566E+00  2.942125160570258E+03 -3.420716985037742E+02  2.600053462066484E+03  1.889762988075836E+22 -2.197168372590150E+21
  0.000000000000000E+00  1.259897840978010E+00 -1.023515829303656E+00  4.344090754445658E+00  2.045806067508468E+02  6.819353558361318E+01  6.819353558361318E+01  2.045806067508396E+02  7.247535904753022E-12  3.000000000000106E+00  2.931439001697833E+03 -1.930197427874140E+02  2.738419258910420E+03  1.915070174250939E+22 -1.260972349210310E+21
  0.000000000000000E+00  1.259056564055448E+00 -1.026936993763872E+00  4.344502807488166E+00  2.076265140705816E+02  6.920883802350991E+01  6.920883802350991E+01  2.076265140705297E+02  5.186961971048731E-11  3.000000000000749E+00  3.022361697231837E+03 -3.104009692891549E+02  2.711960727942682E+03  2.039568178908636E+22 -2.094666367180325E+21
  0.000000000000000E+00  1.259175980260227E+00 -1.026451371889782E+00  4.344444479860325E+00  2.072649217450839E+02  6.908830724835101E+01  6.908830724835101E+01  2.072649217450531E+02  3.078071131312754E-11  3.000000000000445E+00  3.010305228925138E+03 -3.074514901632650E+02  2.702853738761874E+03  2.010147453845197E+22 -2.053023807002024E+21
  0.000000000000000E+00  1.259295396465006E+00 -1.025965750015692E+00  4.344386098821037E+00  2.068882303591269E+02  6.896274345304748E+01  6.896274345304748E+01  2.068882303591424E+02 -1.557509676786140E-11  2.999999999999774E+00  2.997908316851538E+03 -3.360437566343106E+02  2.661864560217228E+03  1.962357741862748E+22 -2.199660555758874E+21
  0.000000000000000E+00  1.259414812669785E+00 -1.025480128141601E+00  4.344327664297301E+00  2.064592087535343E+02  6.881973625119873E+01  6.881973625119875E+01  2.064592087535963E+02 -6.201616997714154E-11  2.999999999999098E+00  2.984645009514534E+03 -3.961867419653541E+02  2.588458267549180E+03  1.910006308005644E+22 -2.535374136253191E+21
  0.000000000000000E+00  1.258585736446795E+00 -1.028851676834825E+00  4.344732259397783E+00  2.097616625938722E+02  6.992055419796003E+01  6.992055419796003E+01  2.097616625938801E+02 -7.901235221652314E-12  2.999999999999887E+00  3.080914315687412E+03 -5.755838454085256E+02  2.505330470278886E+03  2.129412861322717E+22 -3.978220481308755E+21
  0.000000000000000E+00  1.258703443348959E+00 -1.028373006067087E+00  4.344674973910743E+00  2.091188707913606E+02  6.970629026378641E+01  6.970629026378641E+01  2.091188707913593E+02  1.364242052659392E-12  3.000000000000020E+00  3.064522806111107E+03 -5.268579911607486E+02  2.537664814950358E+03  2.097714812662173E+22 -3.606427108401387E+21
  0.000000000000000E+00  1.258821150251122E+00 -1.027894335299348E+00  4.344617636809753E+00  2.085396688588099E+02  6.951322295292931E+01  6.951322295292931E+01  2.085396688587880E+02  2.191313797084149E-11  3.000000000000315E+00  3.049162660146035E+03 -4.664210821185503E+02  2.582741578027484E+03  2.073932449308088E+22 -3.172431008323857E+21
  0.000000000000000E+00  1.258938857153285E+00 -1.027415664531610E+00  4.344560248025406E+00  2.080376766629676E+02  6.934589222097505E+01  6.934589222097505E+01  2.080376766629252E+02  4.249045559845399E-11  3.000000000000613E+00  3.035040963351402E+03 -3.942698356915568E+02  2.640771127659845E+03  2.055414884387619E+22 -2.670105934420822E+21
  0.000000000000000E+00  1.258160880064844E+00 -1.030717618751664E+00  4.344984220278776E+00  2.123745149572549E+02  7.079150498575368E+01  7.079150498575368E+01  2.123745149572611E+02 -6.167510946397670E-12  2.999999999999913E+00  3.257916853897631E+03 -5.382553029362965E+02  2.719661550961335E+03  2.398745624017576E+22 -3.963077053295680E+21
  0.000000000000000E+00  1.258260031922352E+00 -1.030249573188644E+00  4.344914738493019E+00  2.117459920323485E+02  7.058199734411835E+01  7.058199734411835E+01  2.117459920323550E+02 -6.593836587853730E-12  2.999999999999906E+00  3.207911272523000E+03 -5.713154073084208E+02  2.636595865214579E+03  2.318137962509933E+22 -4.128505503229998E+21
  0.000000000000000E+00  1.258364354404788E+00 -1.029782627360958E+00  4.344849997361576E+00  2.110890740898701E+02  7.036302469662576E+01  7.036302469662576E+01  2.110890740898773E+02 -7.247535904753022E-12  2.999999999999897E+00  3.161508164206587E+03 -5.885414541359395E+02  2.572966710070648E+03  2.246162277151391E+22 -4.181420841441136E+21
  0.000000000000000E+00  1.258473153812740E+00 -1.029316691749415E+00  4.344789377725034E+00  2.104216634902385E+02  7.014055449674873E+01  7.014055449674873E+01  2.104216634902462E+02 -7.702283255639486E-12  2.999999999999890E+00  3.119068390937360E+03 -5.899582981920676E+02  2.529110092745293E+03  2.183152115764451E+22 -4.129337819757584E+21
  0.000000000000000E+00  1.257822171258558E+00 -1.032514576413653E+00  4.345286349785662E+00  2.143423434713021E+02  7.144744782376819E+01  7.144744782376819E+01  2.143423434713046E+02 -2.529532139305957E-12  2.999999999999965E+00  3.403551375179846E+03 -3.748976841352065E+02  3.028653691044639E+03  2.715720028747701E+22 -2.991337686164092E+21
  0.000000000000000E+00  1.257901708318137E+00 -1.032064385192116E+00  4.345206194574796E+00  2.139160573516673E+02  7.130535245055674E+01  7.130535245055674E+01  2.139160573516702E+02 -2.955857780762017E-12  2.999999999999959E+00  3.370499006508539E+03 -4.144643445670626E+02  2.956034661941476E+03  2.637419581128548E+22 -3.243188548431371E+21
  0.000000000000000E+00  1.257984498547987E+00 -1.031614767247461E+00  4.345128949857906E+00  2.134465862859662E+02  7.114886209532345E+01  7.114886209532345E+01  2.134465862859704E+02 -4.177991286269389E-12  2.999999999999941E+00  3.335276461131416E+03 -4.548804198692508E+02  2.880396041262165E+03  2.556590258265057E+22 -3.486795963290983E+21
  0.000000000000000E+00  1.258070802334694E+00 -1.031165814470405E+00  4.345054872619780E+00  2.129330366844214E+02  7.097767889480889E+01  7.097767889480889E+01  2.129330366844267E+02 -5.314859663485549E-12  2.999999999999925E+00  3.297782131244202E+03 -4.961451774396079E+02  2.801636953804594E+03  2.476111953466128E+22 -3.725264300735623E+21
  0.000000000000000E+00  1.257541294509892E+00 -1.034260553980466E+00  4.345620182830678E+00  2.159439925760298E+02  7.198133085867674E+01  7.198133085867674E+01  2.159439925760303E+02 -4.547473508864641E-13  2.999999999999994E+00  3.523743333398913E+03 -3.295407134743680E+02  3.194202619924545E+03  2.988864400204009E+22 -2.795187996769640E+21
  0.000000000000000E+00  1.257607832566979E+00 -1.033823476655122E+00  4.345533483830915E+00  2.155734719057254E+02  7.185782396857539E+01  7.185782396857539E+01  2.155734719057262E+02 -7.673861546209082E-13  2.999999999999989E+00  3.494422061492508E+03 -3.757528812706705E+02  3.118669180221837E+03  2.927028513944818E+22 -3.147414302914572E+21
  0.000000000000000E+00  1.257676723644052E+00 -1.033386756922138E+00  4.345448847013227E+00  2.151668223076191E+02  7.172227410254018E+01  7.172227410254018E+01  2.151668223076205E+02 -1.477928890381008E-12  2.999999999999980E+00  3.464626480721313E+03 -3.987196576968612E+02  3.065906823024452E+03  2.859789405462353E+22 -3.291131841126107E+21
  0.000000000000000E+00  1.257748119341212E+00 -1.032950441326616E+00  4.345366419783811E+00  2.147483455675361E+02  7.158278185584611E+01  7.158278185584611E+01  2.147483455675384E+02 -2.216893335571513E-12  2.999999999999969E+00  3.434341866289859E+03 -3.984369551337696E+02  3.035904911156089E+03  2.788814335811970E+22 -3.235457434511981E+21
  0.000000000000000E+00  1.257341907603089E+00 -1.035667139012781E+00  4.345911319664120E+00  2.155490446944252E+02  7.184968156480802E+01  7.184968156480802E+01  2.155490446944241E+02  1.108446667785756E-12  3.000000000000015E+00  3.606527075412620E+03  8.092730547999864E+02  4.415800130212607E+03  3.214201285500187E+22  7.212385873357633E+21
  0.000000000000000E+00  1.257389812375091E+00 -1.035315220798772E+00  4.345836856549730E+00  2.160448182015039E+02  7.201493940050105E+01  7.201493940050105E+01  2.160448182015031E+02  7.105427357601002E-13  3.000000000000010E+00  3.589928963003205E+03  3.870161050227751E+02  3.976945068025980E+03  3.130128004691410E+22  3.374467743186088E+21
  0.000000000000000E+00  1.257438974409999E+00 -1.034963473582801E+00  4.345763476719519E+00  2.162245638343715E+02  7.207485461145710E+01  7.207485461145710E+01  2.162245638343713E+02  1.989519660128281E-13  3.000000000000003E+00  3.569677666285488E+03  5.645998177108049E+01  3.626137648056568E+03  3.073876261542985E+22  4.861811455202525E+20
  0.000000000000000E+00  1.257489449768152E+00 -1.034611912823741E+00  4.345691234136072E+00  2.161652868676672E+02  7.205509562255578E+01  7.205509562255578E+01  2.161652868676674E+02 -2.273736754432321E-13  2.999999999999997E+00  3.547161467086964E+03 -1.823946546466401E+02  3.364766812440324E+03  3.031398242497779E+22 -1.558741660528021E+21
  0.000000000000000E+00  1.257270426637545E+00 -1.036209769338651E+00  4.346028079082816E+00  2.140350977862859E+02  7.134503259542726E+01  7.134503259542726E+01  2.140350977862818E+02  4.064304448547773E-12  3.000000000000057E+00  3.620738763763740E+03  1.520708302805257E+03  5.141447066568997E+03  3.534869901019459E+22  1.484643427362011E+22
  0.000000000000000E+00  1.257288037911242E+00 -1.036074077805645E+00  4.345998667679023E+00  2.144992731987865E+02  7.149975773292758E+01  7.149975773292759E+01  2.144992731987828E+02  3.637978807091713E-12  3.000000000000051E+00  3.618763965380864E+03  1.348577413693367E+03  4.967341379074232E+03  3.430963562573331E+22  1.278591257112939E+22
  0.000000000000000E+00  1.257305820073305E+00 -1.035938408449742E+00  4.345969402291112E+00  2.149071454960248E+02  7.163571516534071E+01  7.163571516534071E+01  2.149071454960222E+02  2.671640686457977E-12  3.000000000000037E+00  3.615692224175747E+03  1.172628420249627E+03  4.788320644425375E+03  3.339883189479942E+22  1.083179016762402E+22
  0.000000000000000E+00  1.257323775758875E+00 -1.035802761956827E+00  4.345940285444073E+00  2.152574806654286E+02  7.175249355514229E+01  7.175249355514229E+01  2.152574806654269E+02  1.648459146963432E-12  3.000000000000023E+00  3.611590916397305E+03  9.928605488000828E+02  4.604451465197388E+03  3.266142651242586E+22  8.978935489202383E+21
  0.000000000000000E+00  1.257228881796931E+00 -1.036535196583729E+00  4.346099177515382E+00  2.127412237488574E+02  7.091374124961767E+01  7.091374124961767E+01  2.127412237488531E+02  4.376943252282217E-12  3.000000000000062E+00  3.621003131496180E+03  1.780165390139894E+03  5.401168521636074E+03  3.786929569720021E+22  1.861738504525249E+22
  0.000000000000000E+00  1.257239179183264E+00 -1.036453828465247E+00  4.346081327283292E+00  2.130822683954312E+02  7.102742279847563E+01  7.102742279847563E+01  2.130822683954269E+02  4.348521542851813E-12  3.000000000000061E+00  3.621487179676720E+03  1.735315307806878E+03  5.356802487483598E+03  3.728792039685946E+22  1.786732793756036E+22
  0.000000000000000E+00  1.257249535433955E+00 -1.036372467795965E+00  4.346063527131132E+00  2.134133203370085E+02  7.113777344566807E+01  7.113777344566807E+01  2.134133203370042E+02  4.263256414560601E-12  3.000000000000060E+00  3.621618556225736E+03  1.677122705587263E+03  5.298741261813000E+03  3.665970335137382E+22  1.697661416191681E+22
  0.000000000000000E+00  1.257259951076287E+00 -1.036291114709296E+00  4.346045777562918E+00  2.137317924938673E+02  7.124393083128771E+01  7.124393083128771E+01  2.137317924938631E+02  4.177991286269389E-12  3.000000000000059E+00  3.621376103604690E+03  1.605587179235647E+03  5.226963282840338E+03  3.600612637210155E+22  1.596381409250483E+22
  0.000000000000000E+00  1.257194882285160E+00 -1.036807230593042E+00  4.346159200958303E+00  2.115624083804140E+02  7.052080279347035E+01  7.052080279347035E+01  2.115624083804111E+02  2.870592652470805E-12  3.000000000000041E+00  3.617041383677093E+03  1.870994604168252E+03  5.488035987845345E+03  3.924484354603506E+22  2.030026276376547E+22
  0.000000000000000E+00  1.257203322084708E+00 -1.036739214599661E+00  4.346144144122118E+00  2.118630497200724E+02  7.062101657335641E+01  7.062101657335641E+01  2.118630497200693E+02  3.097966327914037E-12  3.000000000000044E+00  3.618405640006245E+03  1.840597047483737E+03  5.459002687489981E+03  3.899628570409613E+22  1.983648475898013E+22
  0.000000000000000E+00  1.257211801742011E+00 -1.036671203551932E+00  4.346129121083890E+00  2.121591789081372E+02  7.071972630271119E+01  7.071972630271119E+01  2.121591789081336E+02  3.581135388230905E-12  3.000000000000051E+00  3.619502711695784E+03  1.815326276511742E+03  5.434828988207526E+03  3.868061002652030E+22  1.939988262634783E+22
  0.000000000000000E+00  1.257220321548831E+00 -1.036603197522429E+00  4.346114132122121E+00  2.124516266744512E+02  7.081720889148237E+01  7.081720889148237E+01  2.124516266744471E+02  4.092726157978177E-12  3.000000000000058E+00  3.620359576926133E+03  1.795182364133230E+03  5.415541941059363E+03  3.830315976810714E+22  1.899290814772191E+22
  0.000000000000000E+00  1.256942970246164E+00 -1.038998237461344E+00  4.346660250974033E+00  2.017440737083056E+02  6.724802456943252E+01  6.724802456943252E+01  2.017440737082976E+02  8.043343768804334E-12  3.000000000000120E+00  3.551053626510144E+03  2.365174726249508E+03  5.916228352759652E+03  4.128726078373612E+22  2.749932723988002E+22
  0.000000000000000E+00  1.257002565949093E+00 -1.038450103120065E+00  4.346532164718318E+00  2.045554889320712E+02  6.818516297735464E+01  6.818516297735464E+01  2.045554889320640E+02  7.219114195322618E-12  3.000000000000106E+00  3.571355773229659E+03  1.976922401073506E+03  5.548278174303166E+03  4.089218949441696E+22  2.263585332114630E+22
  0.000000000000000E+00  1.257064333908815E+00 -1.037902204596295E+00  4.346405882538697E+00  2.069756432876729E+02  6.899188109588914E+01  6.899188109588914E+01  2.069756432876675E+02  5.400124791776761E-12  3.000000000000079E+00  3.588860819489677E+03  1.765132045080294E+03  5.353992864569971E+03  4.076721820835815E+22  2.005079797398947E+22
  0.000000000000000E+00  1.257128398046960E+00 -1.037354570787974E+00  4.346281522016001E+00  2.092345965216180E+02  6.974486550720479E+01  6.974486550720479E+01  2.092345965216144E+02  3.609557097661309E-12  3.000000000000052E+00  3.603961460884867E+03  1.729814914787931E+03  5.333776375672798E+03  4.039393552894411E+22  1.938811857543941E+22
  0.000000000000000E+00  1.256728504915683E+00 -1.041146880479662E+00  4.347177417923323E+00  1.821984695306410E+02  6.073282317687718E+01  6.073282317687718E+01  1.821984695306316E+02  9.379164112033322E-12  3.000000000000155E+00  3.393616273849411E+03  5.604381067370708E+03  8.997997341220120E+03  4.332262528451627E+22  7.154506618921064E+22
  0.000000000000000E+00  1.256779463987926E+00 -1.040609458491333E+00  4.347045964883540E+00  1.887113002480955E+02  6.290376674936208E+01  6.290376674936208E+01  1.887113002480863E+02  9.208633855450898E-12  3.000000000000146E+00  3.449179497011941E+03  4.617564389924488E+03  8.066743886936430E+03  4.271302040669678E+22  5.718175067054164E+22
  0.000000000000000E+00  1.256832138870778E+00 -1.040072199005823E+00  4.346915900262444E+00  1.940393726876880E+02  6.467979089589308E+01  6.467979089589308E+01  1.940393726876792E+02  8.753886504564434E-12  3.000000000000135E+00  3.492729507002086E+03  3.748764554986779E+03  7.241494061988866E+03  4.227011088404387E+22  4.536872755241675E+22
  0.000000000000000E+00  1.256886613108702E+00 -1.039535119502652E+00  4.346787302697829E+00  1.983333945931732E+02  6.611113153105497E+01  6.611113153105497E+01  1.983333945931649E+02  8.270717444247566E-12  3.000000000000125E+00  3.526089484836172E+03  2.997968988596700E+03  6.524058473432872E+03  4.184802212712727E+22  3.558022934777139E+22
  0.000000000000000E+00  1.256543310566115E+00 -1.043262399469302E+00  4.347706738880289E+00  1.414752293941205E+02  4.715840979804013E+01  4.715840979804013E+01  1.414752293941204E+02  5.684341886080801E-14  3.000000000000001E+00  3.040247437048531E+03  1.116187385338346E+04  1.420212129043199E+04  4.250514116359397E+22  1.560521087878543E+23
  0.000000000000000E+00  1.256587447488040E+00 -1.042733333205554E+00  4.347572696730799E+00  1.544035717645105E+02  5.146785725483640E+01  5.146785725483640E+01  1.544035717645092E+02  1.307398633798584E-12  3.000000000000025E+00  3.152242140063810E+03  9.462209018144538E+03  1.261445115820835E+04  4.358187028030021E+22  1.308214114495387E+23
  0.000000000000000E+00  1.256632985791617E+00 -1.042204383738234E+00  4.347439758686930E+00  1.653270001726285E+02  5.510900005754131E+01  5.510900005754131E+01  1.653270001726240E+02  4.547473508864641E-12  3.000000000000082E+00  3.247011402008000E+03  7.969410486626459E+03  1.121642188863446E+04  4.400367114052425E+22  1.080018745916594E+23
  0.000000000000000E+00  1.256679985069836E+00 -1.041675562389038E+00  4.347307980475315E+00  1.745053532256226E+02  5.816845107520490E+01  5.816845107520490E+01  1.745053532256147E+02  7.872813512221910E-12  3.000000000000135E+00  3.326748515681036E+03  6.683467731803621E+03  1.001021624748466E+04  4.387678496636825E+22  8.814885619268875E+22
  0.000000000000000E+00  1.256381728334212E+00 -1.045352264868897E+00  4.348245822873813E+00  7.165266704539411E+01  2.388422234845818E+01  2.388422234845818E+01  7.165266704537456E+01  1.955413608811796E-11  3.000000000000818E+00  2.271183519628265E+03  1.553947684485889E+04  1.781066036448715E+04  3.181468076449393E+22  2.176765949531676E+23
  0.000000000000000E+00  1.256420317261260E+00 -1.044829660773540E+00  4.348109660029079E+00  9.080458012196678E+01  3.026819337398346E+01  3.026819337398347E+01  9.080458012195041E+01  1.637090463191271E-11  3.000000000000540E+00  2.518950916612127E+03  1.526673340716889E+04  1.778568432378102E+04  3.540349493122761E+22  2.145717549447327E+23
  0.000000000000000E+00  1.256460081004545E+00 -1.044307143355611E+00  4.347974397540106E+00  1.092783442224248E+02  3.642611474080499E+01  3.642611474080499E+01  1.092783442224150E+02  9.777068044058979E-12  3.000000000000269E+00  2.729218010621079E+03  1.444626540208263E+04  1.717548341270371E+04  3.839518370079180E+22  2.032329450211754E+23
  0.000000000000000E+00  1.256501063970639E+00 -1.043784720344425E+00  4.347840076701413E+00  1.263949103215491E+02  4.213163677384861E+01  4.213163677384861E+01  1.263949103215458E+02  3.225864020350855E-12  3.000000000000076E+00  2.902732110793600E+03  1.307800486843689E+04  1.598073697923049E+04  4.076782779116923E+22  1.836758715508000E+23
  0.000000000000000E+00  1.256239666378362E+00 -1.047422831420801E+00  4.348793247473354E+00  2.392212008621452E+01  7.974040028750621E+00  7.974040028750621E+00  2.392212008625187E+01 -3.734257347787207E-11  2.999999999995317E+00  1.354192323635323E+03  2.157156651077205E+03  3.511348974712528E+03  1.842407327177772E+22  2.934857294971037E+22
  0.000000000000000E+00  1.256273638792901E+00 -1.046905085348655E+00  4.348655236112076E+00  2.929313090655005E+01  9.764376968859480E+00  9.764376968859480E+00  2.929313090657845E+01 -2.839684043465240E-11  2.999999999997092E+00  1.510719935531659E+03  6.484087499367001E+03  7.994807434898661E+03  2.083718797356084E+22  8.943428022863661E+22
  0.000000000000000E+00  1.256308617075503E+00 -1.046387405230729E+00  4.348517973739538E+00  3.957415561929580E+01  1.319138520643484E+01  1.319138520643484E+01  3.957415561930454E+01 -8.739675649849232E-12  2.999999999999337E+00  1.736573826112525E+03  1.015680216616645E+04  1.189337599227898E+04  2.413288353837969E+22  1.411474249540917E+23
  0.000000000000000E+00  1.256344635498497E+00 -1.045869796569863E+00  4.348381492070344E+00  5.396179930529580E+01  1.798726643509498E+01  1.798726643509498E+01  5.396179930528496E+01  1.083577672034153E-11  3.000000000000603E+00  2.000369831046787E+03  1.317527820468343E+04  1.517564803573021E+04  2.791649340820102E+22  1.838697831989333E+23
  0.000000000000000E+00  1.256114067844802E+00 -1.049479705680794E+00  4.349348221361768E+00  1.489145638027203E+01  4.963818793427184E+00  4.963818793427184E+00  1.489145638028156E+01 -9.521272659185342E-12  2.999999999998082E+00  1.159479846518208E+03  1.715994791580749E+02  1.331079325676283E+03  1.306282027621361E+22  1.933257539977944E+21
  0.000000000000000E+00  1.256144125574308E+00 -1.048965406274814E+00  4.349208502922586E+00  1.592715099058165E+01  5.309050330198505E+00  5.309050330198505E+00  1.592715099059552E+01 -1.386624148835836E-11  2.999999999997388E+00  1.174971313969985E+03  1.441653843758291E+03  2.616625157728276E+03  1.417779510305262E+22  1.739572069829734E+22
  0.000000000000000E+00  1.256175059753184E+00 -1.048451158059635E+00  4.349069417730184E+00  1.819667619885997E+01  6.065558732961130E+00  6.065558732961130E+00  1.819667619888340E+01 -2.343014671168930E-11  2.999999999996138E+00  1.206683550373265E+03  2.195954111513231E+03  3.402637661886496E+03  1.537558612107388E+22  2.798089155110606E+22
  0.000000000000000E+00  1.256206897611259E+00 -1.047936965090036E+00  4.348930990870840E+00  2.107125742432994E+01  7.023752474787640E+00  7.023752474787640E+00  2.107125742436292E+01 -3.298694650766265E-11  2.999999999995303E+00  1.263506252288272E+03  2.434468240856474E+03  3.697974493144745E+03  1.675959664052410E+22  3.229165322848913E+22
  0.000000000000000E+00  1.256002590567439E+00 -1.051527980601518E+00  4.349910385560706E+00  1.339884847145394E+01  4.466282823819018E+00  4.466282823819018E+00  1.339884847145705E+01 -3.113953539468639E-12  2.999999999999303E+00  1.179779935597945E+03 -2.471855921049760E+02  9.325943434929692E+02  9.360456229478389E+21 -1.961187714455954E+21
  0.000000000000000E+00  1.256029274939992E+00 -1.051015848245539E+00  4.349769010202494E+00  1.342428420830974E+01  4.474761402771285E+00  4.474761402771285E+00  1.342428420831386E+01 -4.115818796890380E-12  2.999999999999080E+00  1.167085800479868E+03  2.459486962554503E+02  1.413034496735318E+03  1.013663039693866E+22  2.136167734647576E+21
  0.000000000000000E+00  1.256056734545976E+00 -1.050503756259399E+00  4.349628177525529E+00  1.389104409836360E+01  4.630348032789973E+00  4.630348032789973E+00  1.389104409836992E+01 -6.318501277746691E-12  2.999999999998635E+00  1.157709676507131E+03  4.801349609370984E+02  1.637844637444229E+03  1.102371091501449E+22  4.571844838967921E+21
  0.000000000000000E+00  1.256084991482032E+00 -1.049991707714137E+00  4.349487907807945E+00  1.448485815216716E+01  4.828286050725225E+00  4.828286050725225E+00  1.448485815217568E+01 -8.521183758603001E-12  2.999999999998235E+00  1.154303067482010E+03  4.553579544944780E+02  1.609661021976487E+03  1.200200756912269E+22  4.734640122220875E+21
  0.000000000000000E+00  1.255903408035790E+00 -1.053572363251895E+00  4.350479684101058E+00  1.443830965141603E+01  4.812769883806251E+00  4.812769883806251E+00  1.443830965141876E+01 -2.721378677961184E-12  2.999999999999435E+00  1.249727761106013E+03 -3.919238543537037E+02  8.578039067523088E+02  7.028894584987123E+21 -2.204313245915280E+21
  0.000000000000000E+00  1.255927143545744E+00 -1.053061216853623E+00  4.350336637337509E+00  1.406503953012268E+01  4.688346510041820E+00  4.688346510041820E+00  1.406503953012546E+01 -2.781774810500792E-12  2.999999999999407E+00  1.230185106389440E+03 -2.376579958421956E+02  9.925271105472443E+02  7.511325810705266E+21 -1.451104089147419E+21
  0.000000000000000E+00  1.255951573456954E+00 -1.052550102683010E+00  4.350194060706328E+00  1.383092704911339E+01  4.610309016372101E+00  4.610309016372101E+00  1.383092704911630E+01 -2.916777930295211E-12  2.999999999999367E+00  1.211571509604850E+03 -1.621101453638276E+02  1.049461364241022E+03  8.063993949399028E+21 -1.078974885911984E+21
  0.000000000000000E+00  1.255976716290495E+00 -1.052039023134246E+00  4.350051971130436E+00  1.364064057426489E+01  4.546880191422648E+00  4.546880191422648E+00  1.364064057426795E+01 -3.053557406929031E-12  2.999999999999329E+00  1.194551311905874E+03 -1.652843970836833E+02  1.029266914822191E+03  8.681369028612995E+21 -1.201199840855664E+21
  0.000000000000000E+00  1.255814754872832E+00 -1.055617470576308E+00  4.351056074179890E+00  1.655031815247609E+01  5.516772717492669E+00  5.516772717492669E+00  1.655031815247801E+01 -1.922018100231071E-12  2.999999999999651E+00  1.334010214374062E+03 -4.929027548805288E+02  8.411074594935327E+02  5.698690128617106E+21 -2.105606114060997E+21
  0.000000000000000E+00  1.255835584869589E+00 -1.055106137783298E+00  4.350911026232616E+00  1.597349279277279E+01  5.324497597591613E+00  5.324497597591613E+00  1.597349279277484E+01 -2.048139435828489E-12  2.999999999999615E+00  1.311744277828810E+03 -4.603658537153556E+02  8.513784241134543E+02  5.952973808433807E+21 -2.089237906950061E+21
  0.000000000000000E+00  1.255857484989274E+00 -1.054594848842806E+00  4.350766766040085E+00  1.543314209276706E+01  5.144380697589793E+00  5.144380697589793E+00  1.543314209276938E+01 -2.323474745935528E-12  2.999999999999548E+00  1.290201466350405E+03 -4.326895767056095E+02  8.575118896447951E+02  6.255742141926680E+21 -2.097962597288324E+21
  0.000000000000000E+00  1.255880183341478E+00 -1.054083593937962E+00  4.350623062487474E+00  1.492337729735082E+01  4.974459099117806E+00  4.974459099117806E+00  1.492337729735342E+01 -2.598810056042566E-12  2.999999999999478E+00  1.269492993910484E+03 -4.098752990679264E+02  8.596176948425569E+02  6.612558151693009E+21 -2.134965898220893E+21
  0.000000000000000E+00  1.255733722293830E+00 -1.057668353124756E+00  4.351638680536736E+00  1.891833682376823E+01  6.306112274591920E+00  6.306112274591920E+00  1.891833682377576E+01 -7.531752999057062E-12  2.999999999998805E+00  1.418971851126218E+03 -4.635392618045860E+02  9.554325893216323E+02  4.891884006583519E+21 -1.598044597886588E+21
  0.000000000000000E+00  1.255753980438580E+00 -1.057155632487644E+00  4.351493219923624E+00  1.834389166017802E+01  6.114630553394892E+00  6.114630553394892E+00  1.834389166018468E+01 -6.657785434072139E-12  2.999999999998912E+00  1.397685795810723E+03 -4.812546540132468E+02  9.164311417974760E+02  5.050367856605851E+21 -1.738955237833451E+21
  0.000000000000000E+00  1.255774238583331E+00 -1.056642911850532E+00  4.351347632100334E+00  1.775213989271526E+01  5.917379964239996E+00  5.917379964239996E+00  1.775213989271999E+01 -4.732214620162267E-12  2.999999999999200E+00  1.376332903422531E+03 -4.920539234222692E+02  8.842789800002622E+02  5.244305287742582E+21 -1.874895954344330E+21
  0.000000000000000E+00  1.255794496728081E+00 -1.056130191213420E+00  4.351201916906099E+00  1.715148192295594E+01  5.717160640986248E+00  5.717160640986248E+00  1.715148192295874E+01 -2.803091092573595E-12  2.999999999999510E+00  1.355059425475530E+03 -4.959367352914605E+02  8.591226901840695E+02  5.463565318780822E+21 -1.999604368861489E+21
  0.000000000000000E+00  1.255652175739458E+00 -1.059732244059818E+00  4.352222930103590E+00  2.083290012208958E+01  6.944300040696750E+00  6.944300040696750E+00  2.083290012209025E+01 -6.679101716144942E-13  2.999999999999904E+00  1.498088512592542E+03 -3.074296420775748E+02  1.190658870514968E+03  4.572158881835297E+21 -9.382737780506142E+20
  0.000000000000000E+00  1.255672562378051E+00 -1.059216271326052E+00  4.352077060140727E+00  2.042860302111443E+01  6.809534340372058E+00  6.809534340372058E+00  2.042860302111617E+01 -1.744382416291046E-12  2.999999999999743E+00  1.479994503442797E+03 -3.533292654387912E+02  1.126665238004006E+03  4.605655825752472E+21 -1.099539887473580E+21
  0.000000000000000E+00  1.255692949016644E+00 -1.058700298592287E+00  4.351931062000533E+00  1.997100906964627E+01  6.657003023216791E+00  6.657003023216791E+00  1.997100906965037E+01 -4.099831585335778E-12  2.999999999999384E+00  1.460546742674878E+03 -3.946475586546037E+02  1.065899184020274E+03  4.671378689899880E+21 -1.262231561410909E+21
  0.000000000000000E+00  1.255713335655237E+00 -1.058184325858522E+00  4.351784935520220E+00  1.946571981981943E+01  6.488573273275296E+00  6.488573273275296E+00  1.946571981982589E+01 -6.462386181738111E-12  2.999999999999004E+00  1.440091504265607E+03 -4.313842985136340E+02  1.008707205751973E+03  4.767414153979594E+21 -1.428095092879004E+21
  0.000000000000000E+00  1.255569975042303E+00 -1.061812690928736E+00  4.352809793425232E+00  2.192226048666900E+01  7.307420162222243E+00  7.307420162222243E+00  2.192226048666673E+01  2.263078613395919E-12  3.000000000000310E+00  1.554031176231897E+03 -1.411762903718314E+02  1.412854885860066E+03  4.568959673410211E+21 -4.150681063648717E+20
  0.000000000000000E+00  1.255590525216592E+00 -1.061292579211507E+00  4.352663272129142E+00  2.172521958671039E+01  7.241739862236189E+00  7.241739862236189E+00  2.172521958670857E+01  1.822542117224657E-12  3.000000000000252E+00  1.542640969289394E+03 -1.790509537449967E+02  1.363590015544397E+03  4.566363970846607E+21 -5.300078504355441E+20
  0.000000000000000E+00  1.255611075390881E+00 -1.060772467494277E+00  4.352516621253987E+00  2.147999818895436E+01  7.159999396317848E+00  7.159999396317848E+00  2.147999818895354E+01  8.135714324453147E-13  3.000000000000114E+00  1.529518295623697E+03 -2.193846530351083E+02  1.310133642588588E+03  4.562073041592243E+21 -6.543555668566986E+20
  0.000000000000000E+00  1.255631625565170E+00 -1.060252355777048E+00  4.352369840634110E+00  2.118356784891079E+01  7.061189282970332E+00  7.061189282970332E+00  2.118356784891100E+01 -2.060573933704291E-13  2.999999999999971E+00  1.514666369228062E+03 -2.621775089200136E+02  1.252488860308048E+03  4.562099821398540E+21 -7.896656259875111E+20
  0.000000000000000E+00  1.255486980173651E+00 -1.063913237768352E+00  4.353400225957544E+00  2.226422691117704E+01  7.421408970391414E+00  7.421408970391414E+00  2.226422691117425E+01  2.795985665215994E-12  3.000000000000377E+00  1.582754633159558E+03  4.124166663551720E+00  1.586878799823109E+03  4.556504678384446E+21  1.187283505807699E+19
  0.000000000000000E+00  1.255507728890815E+00 -1.063388101058448E+00  4.353252815120017E+00  2.224661367655900E+01  7.415537892185429E+00  7.415537892185429E+00  2.224661367655629E+01  2.710720536924782E-12  3.000000000000365E+00  1.578094430156182E+03 -3.241330812006703E+01  1.545681122036115E+03  4.564469778446822E+21 -9.375203568704604E+19
  0.000000000000000E+00  1.255528477607978E+00 -1.062862964348544E+00  4.353105272865093E+00  2.218362976913571E+01  7.394543256377732E+00  7.394543256377732E+00  2.218362976913320E+01  2.511768570911954E-12  3.000000000000340E+00  1.571781578403667E+03 -6.880921393952070E+01  1.502972364464147E+03  4.567955782236969E+21 -1.999752707405066E+20
  0.000000000000000E+00  1.255549226325140E+00 -1.062337827638640E+00  4.352957599023386E+00  2.207545282660607E+01  7.358484275534581E+00  7.358484275534581E+00  2.207545282660374E+01  2.330580173293129E-12  3.000000000000317E+00  1.563774257515054E+03 -1.050635437162804E+02  1.458710713798774E+03  4.568843848974535E+21 -3.069617773491029E+20
  0.000000000000000E+00  1.255403051773065E+00 -1.066037411703030E+00  4.353995164214600E+00  2.197738620718023E+01  7.325795402392820E+00  7.325795402392820E+00  2.197738620717846E+01  1.769251412042649E-12  3.000000000000242E+00  1.585990431426483E+03  9.706619609279997E+01  1.683056627519283E+03  4.462940978024451E+21  2.731420666478305E+20
  0.000000000000000E+00  1.255424033873216E+00 -1.065506368219361E+00  4.353846630366296E+00  2.208993417262237E+01  7.363311390873482E+00  7.363311390873481E+00  2.208993417262045E+01  1.929123527588672E-12  3.000000000000262E+00  1.587360014379514E+03  8.102673991522771E+01  1.668386754294742E+03  4.496418162443846E+21  2.295195177515274E+20
  0.000000000000000E+00  1.255445015973359E+00 -1.064975324735691E+00  4.353697962823401E+00  2.217928053121866E+01  7.393093510405458E+00  7.393093510405458E+00  2.217928053121638E+01  2.280842181789922E-12  3.000000000000308E+00  1.587336752765101E+03  6.019007661684849E+01  1.647526829381950E+03  4.522833367396629E+21  1.715009032800536E+20
  0.000000000000000E+00  1.255465998073501E+00 -1.064444281252021E+00  4.353549161411913E+00  2.223938990379493E+01  7.413129967930764E+00  7.413129967930764E+00  2.223938990379229E+01  2.639666263348772E-12  3.000000000000356E+00  1.585831140931230E+03  3.455596569913868E+01  1.620387106630368E+03  4.542691227441048E+21  9.898726174909843E+19
  0.000000000000000E+00  1.255318052116857E+00 -1.068188698429890E+00  4.354595518849987E+00  2.133553599484392E+01  7.111845331613545E+00  7.111845331613545E+00  2.133553599484064E+01  3.279154725532862E-12  3.000000000000461E+00  1.568331784244820E+03  1.484265839013836E+02  1.716758368146204E+03  4.274426625083028E+21  4.045308196082294E+20
  0.000000000000000E+00  1.255339302030914E+00 -1.067650876748175E+00  4.354445634988119E+00  2.151903440086032E+01  7.173011466952426E+00  7.173011466952426E+00  2.151903440085728E+01  3.044675622732029E-12  3.000000000000424E+00  1.574328052220613E+03  1.391488791460876E+02  1.713476931366701E+03  4.331073503110767E+21  3.828071427725090E+20
  0.000000000000000E+00  1.255360551944962E+00 -1.067113055066460E+00  4.354295614714675E+00  2.168919295817738E+01  7.229730986058284E+00  7.229730986058284E+00  2.168919295817486E+01  2.522426711948356E-12  3.000000000000349E+00  1.579351642090583E+03  1.274963266486295E+02  1.706847968739213E+03  4.380313356347972E+21  3.536095747271617E+20
  0.000000000000000E+00  1.255381801859008E+00 -1.066575233384745E+00  4.354145457850116E+00  2.184298558691179E+01  7.280995195636594E+00  7.280995195636594E+00  2.184298558690978E+01  2.003730514843483E-12  3.000000000000275E+00  1.583279654133744E+03  1.134688058254039E+02  1.696748459959148E+03  4.423731408518201E+21  3.170352874214923E+20
  0.000000000000000E+00  1.255231846508505E+00 -1.070370507033524E+00  4.355202164880088E+00  2.044530820188837E+01  6.815102733961647E+00  6.815102733961647E+00  2.044530820188494E+01  3.431921413721284E-12  3.000000000000504E+00  1.535038352542094E+03  1.972566134548356E+02  1.732294965996929E+03  4.046908127028701E+21  5.200387278783917E+20
  0.000000000000000E+00  1.255253397910607E+00 -1.069825054882616E+00  4.355050712908210E+00  2.069185874423968E+01  6.897286248078757E+00  6.897286248078757E+00  2.069185874423628E+01  3.403499704290880E-12  3.000000000000494E+00  1.544720072358330E+03  1.843082566342813E+02  1.729028328992611E+03  4.086354999925463E+21  4.875633970854056E+20
  0.000000000000000E+00  1.255274949312682E+00 -1.069279602731707E+00  4.354899121369960E+00  2.092198759263532E+01  6.973995864210654E+00  6.973995864210654E+00  2.092198759263196E+01  3.357314426466473E-12  3.000000000000481E+00  1.553489370510722E+03  1.718537824613184E+02  1.725343152972040E+03  4.143478977834865E+21  4.583697503226427E+20
  0.000000000000000E+00  1.255296500714756E+00 -1.068734150580798E+00  4.354747390079327E+00  2.113633369389638E+01  7.045444564631023E+00  7.045444564631023E+00  2.113633369389307E+01  3.307576434963266E-12  3.000000000000470E+00  1.561356525132746E+03  1.598932163967263E+02  1.721249741529472E+03  4.209255920191287E+21  4.310555961324244E+20
  0.000000000000000E+00  1.255144301908511E+00 -1.072586204646454E+00  4.355815951396792E+00  1.939831721665231E+01  6.466105738885465E+00  6.466105738885465E+00  1.939831721665640E+01 -4.092726157978177E-12  2.999999999999367E+00  1.489684740587929E+03  1.977379446380679E+02  1.687422685225997E+03  3.751472575863752E+21  4.979633987689299E+20
  0.000000000000000E+00  1.255166188058488E+00 -1.072032280243221E+00  4.355662719705116E+00  1.965937568662349E+01  6.553125228875466E+00  6.553125228875466E+00  1.965937568662640E+01 -2.906119789258810E-12  2.999999999999557E+00  1.501587501356330E+03  1.997497933013238E+02  1.701337294657654E+03  3.861135864349553E+21  5.136304678318773E+20
  0.000000000000000E+00  1.255188074208508E+00 -1.071478355839989E+00  4.355509344850854E+00  1.992213767833525E+01  6.640712559445189E+00  6.640712559445189E+00  1.992213767833557E+01 -3.197442310920451E-13  2.999999999999952E+00  1.513210168748066E+03  2.003402372297860E+02  1.713550405977852E+03  3.946298160427252E+21  5.224669553295150E+20
  0.000000000000000E+00  1.255209960358529E+00 -1.070924431436758E+00  4.355355826640469E+00  2.018473718551455E+01  6.728245728504094E+00  6.728245728504094E+00  2.018473718551228E+01  2.263078613395919E-12  3.000000000000336E+00  1.524408176151740E+03  1.995092020665569E+02  1.723917378218297E+03  4.007885838213130E+21  5.245380588119869E+20
  0.000000000000000E+00  1.255055299598516E+00 -1.074838796056359E+00  4.356437613236213E+00  1.826191302367306E+01  6.087304341223807E+00  6.087304341223807E+00  1.826191302367143E+01  1.634248292248230E-12  3.000000000000269E+00  1.436408984518963E+03  2.296047991545026E+02  1.666013783673466E+03  3.309804793215384E+21  5.290603671915388E+20
  0.000000000000000E+00  1.255077550176336E+00 -1.074275648203896E+00  4.356282418723863E+00  1.856237694791228E+01  6.187458982637179E+00  6.187458982637179E+00  1.856237694791154E+01  7.425171588693047E-13  3.000000000000119E+00  1.450668770799700E+03  2.207263969950114E+02  1.671395167794712E+03  3.405444621697737E+21  5.181551685978682E+20
  0.000000000000000E+00  1.255099800753513E+00 -1.073712500351407E+00  4.356127077047484E+00  1.885139122248668E+01  6.283797074162641E+00  6.283797074162641E+00  1.885139122248793E+01 -1.247002501258976E-12  2.999999999999802E+00  1.464257962549873E+03  2.124557656285786E+02  1.676713728178451E+03  3.512854658230439E+21  5.096958630544901E+20
  0.000000000000000E+00  1.255122051330690E+00 -1.073149352498918E+00  4.355971588005702E+00  1.912976744589908E+01  6.376589148634099E+00  6.376589148634099E+00  1.912976744590230E+01 -3.215205879314453E-12  2.999999999999496E+00  1.477241748483922E+03  2.047929373959983E+02  1.682034685879921E+03  3.629188269595140E+21  5.031215282510532E+20
  0.000000000000000E+00  1.254964731017872E+00 -1.077131028612079E+00  4.357067801332617E+00  1.699748903771358E+01  5.665829679238189E+00  5.665829679238189E+00  1.699748903771457E+01 -9.841016890277388E-13  2.999999999999826E+00  1.373537655724122E+03  2.317054284558008E+02  1.605243084179922E+03  2.909288899732651E+21  4.907750640872516E+20
  0.000000000000000E+00  1.254987373162767E+00 -1.076557970473139E+00  4.356910481837162E+00  1.731361756575076E+01  5.771205855250446E+00  5.771205855250446E+00  1.731361756575134E+01 -5.755396159656812E-13  2.999999999999901E+00  1.389728734142936E+03  2.335124261941356E+02  1.623241160337072E+03  3.018241531628015E+21  5.071471040174031E+20
  0.000000000000000E+00  1.255010015308194E+00 -1.075984912334219E+00  4.356753010797143E+00  1.763113893819142E+01  5.877046312730362E+00  5.877046312730362E+00  1.763113893819109E+01  3.304023721284466E-13  3.000000000000056E+00  1.405675545380173E+03  2.337647099908947E+02  1.639440255371067E+03  3.120651352628924E+21  5.189662442570961E+20
  0.000000000000000E+00  1.255032657453620E+00 -1.075411854195300E+00  4.356595388000854E+00  1.794794135688302E+01  5.982647118960597E+00  5.982647118960597E+00  1.794794135688179E+01  1.232791646543774E-12  3.000000000000206E+00  1.421270983911918E+03  2.324621956947817E+02  1.653733179606700E+03  3.217494134218259E+21  5.262513338707620E+20
  0.000000000000000E+00  1.254872502390624E+00 -1.079465275937934E+00  4.357707052021391E+00  1.573534637007030E+01  5.245115456690187E+00  5.245115456690187E+00  1.573534637007056E+01 -2.629008122312371E-13  2.999999999999950E+00  1.305946526086655E+03  2.208204111801185E+02  1.526766937266774E+03  2.451237895838994E+21  4.144758987042464E+20
  0.000000000000000E+00  1.254895559547379E+00 -1.078881714106468E+00  4.357547473971194E+00  1.604428598275132E+01  5.348095327583897E+00  5.348095327583897E+00  1.604428598275169E+01 -3.765876499528531E-13  2.999999999999929E+00  1.322945039959892E+03  2.256200032581856E+02  1.548565043218078E+03  2.566017123516394E+21  4.376181733036172E+20
  0.000000000000000E+00  1.254918616704248E+00 -1.078298152275006E+00  4.357387739654121E+00  1.635890080482968E+01  5.452966934943432E+00  5.452966934943432E+00  1.635890080483030E+01 -6.252776074688882E-13  2.999999999999885E+00  1.339939126115771E+03  2.290340877496632E+02  1.568973213865434E+03  2.680473382411891E+21  4.581699003428599E+20
  0.000000000000000E+00  1.254941673861117E+00 -1.077714590443545E+00  4.357227848848590E+00  1.667727407643917E+01  5.559091358813346E+00  5.559091358813346E+00  1.667727407644004E+01 -8.704148513061227E-13  2.999999999999843E+00  1.356834469799364E+03  2.310625882753114E+02  1.587897058074675E+03  2.794823340086652E+21  4.759453928290638E+20
  0.000000000000000E+00  1.254778541328677E+00 -1.081843370089135E+00  4.358355743043669E+00  1.459892040188312E+01  4.866306800627796E+00  4.866306800627796E+00  1.459892040188339E+01 -2.664535259100376E-13  2.999999999999945E+00  1.240102330139790E+03  1.776671620848066E+02  1.417769492224596E+03  1.967188310301748E+21  2.818354226770301E+20
  0.000000000000000E+00  1.254802031594164E+00 -1.081248846551335E+00  4.358193812417538E+00  1.485898907090614E+01  4.952996356968799E+00  4.952996356968799E+00  1.485898907090640E+01 -2.664535259100376E-13  2.999999999999946E+00  1.255652296233978E+03  1.910921968527407E+02  1.446744493086718E+03  2.094285821791577E+21  3.187201422909886E+20
  0.000000000000000E+00  1.254825521859651E+00 -1.080654323013534E+00  4.358031720526848E+00  1.513673494652233E+01  5.045578315507531E+00  5.045578315507531E+00  1.513673494652260E+01 -2.682298827494378E-13  2.999999999999947E+00  1.271940171004664E+03  2.027594824533574E+02  1.474699653458021E+03  2.215926004686566E+21  3.532398929662681E+20
  0.000000000000000E+00  1.254849012125137E+00 -1.080059799475734E+00  4.357869467139105E+00  1.542968004186572E+01  5.143226680621994E+00  5.143226680621994E+00  1.542968004186598E+01 -2.646771690706373E-13  2.999999999999948E+00  1.288769716256643E+03  2.126689201435119E+02  1.501438636400154E+03  2.334193591496817E+21  3.851816381528628E+20
  0.000000000000000E+00  1.254682804242141E+00 -1.084266414289302E+00  4.359014045492581E+00  1.372950011836936E+01  4.576500039456524E+00  4.576500039456524E+00  1.372950011836957E+01 -2.131628207280301E-13  2.999999999999954E+00  1.187005309813289E+03  1.310353566661248E+02  1.318040666479414E+03  1.437696307274871E+21  1.587095245858387E+20
  0.000000000000000E+00  1.254706738513800E+00 -1.083660653239262E+00  4.358849719790499E+00  1.392336365230998E+01  4.641121217436734E+00  4.641121217436734E+00  1.392336365231020E+01 -2.220446049250313E-13  2.999999999999952E+00  1.198678282052245E+03  1.393189644126195E+02  1.337997246464864E+03  1.585572904410808E+21  1.842866249858317E+20
  0.000000000000000E+00  1.254730672785409E+00 -1.083054892189219E+00  4.358685227644432E+00  1.413073487240822E+01  4.710244957469486E+00  4.710244957469486E+00  1.413073487240846E+01 -2.398081733190338E-13  2.999999999999949E+00  1.211421576119466E+03  1.498520487580585E+02  1.361273624877524E+03  1.716163285938637E+21  2.122882648541380E+20
  0.000000000000000E+00  1.254754607057018E+00 -1.082449131139176E+00  4.358520568810326E+00  1.435484378636547E+01  4.784947928788575E+00  4.784947928788575E+00  1.435484378636573E+01 -2.593480985524366E-13  2.999999999999946E+00  1.225231005950729E+03  1.626347384122058E+02  1.387865744362935E+03  1.839791903558257E+21  2.442103354509164E+20
  0.000000000000000E+00  1.254585280012442E+00 -1.086734690099240E+00  4.359681902615310E+00  1.272170314122956E+01  4.240567713743246E+00  4.240567713743246E+00  1.272170314122974E+01 -1.865174681370263E-13  2.999999999999956E+00  1.137092641776096E+03  2.190646273160222E+02  1.356157269092118E+03  1.143466841846616E+21  2.202926378681837E+20
  0.000000000000000E+00  1.254609661070498E+00 -1.086117621146781E+00  4.359515196131664E+00  1.302351319546206E+01  4.341171065154083E+00  4.341171065154083E+00  1.302351319546225E+01 -1.918465386552271E-13  2.999999999999956E+00  1.151148626148236E+03  1.938643340645706E+02  1.345012960212806E+03  1.167500132756367E+21  1.966180826835864E+20
  0.000000000000000E+00  1.254634042127291E+00 -1.085500552194271E+00  4.359348317953421E+00  1.329000566956390E+01  4.430001889854701E+00  4.430001889854701E+00  1.329000566956411E+01 -2.025046796916286E-13  2.999999999999954E+00  1.163827871076339E+03  1.707926084395035E+02  1.334620479515842E+03  1.216914222673645E+21  1.785830701453701E+20
  0.000000000000000E+00  1.254658423184085E+00 -1.084883483241762E+00  4.359181267825563E+00  1.352429612378353E+01  4.508098707927910E+00  4.508098707927910E+00  1.352429612378373E+01 -2.078337502098293E-13  2.999999999999954E+00  1.175618837817879E+03  1.498495745902285E+02  1.325468412408108E+03  1.303075109473586E+21  1.660957144716847E+20
  0.000000000000000E+00  1.254485991868360E+00 -1.089247609101827E+00  4.360359021336617E+00  1.129966733171140E+01  3.766555777237113E+00  3.766555777237113E+00  1.129966733171134E+01  5.506706202140776E-14  3.000000000000015E+00  1.068383580324036E+03  2.505023078726157E+02  1.318885888196652E+03  1.067498779032239E+21  2.502948498306861E+20
  0.000000000000000E+00  1.254510813903725E+00 -1.088619379351155E+00  4.360190007258381E+00  1.167058163055840E+01  3.890193876852792E+00  3.890193876852792E+00  1.167058163055838E+01  2.309263891220326E-14  3.000000000000006E+00  1.086741879621596E+03  2.470056208701843E+02  1.333747500491780E+03  1.087996688141645E+21  2.472908263668896E+20
  0.000000000000000E+00  1.254535635940401E+00 -1.087991149600534E+00  4.360020816291660E+00  1.203411375700894E+01  4.011371252336335E+00  4.011371252336335E+00  1.203411375700900E+01 -6.039613253960852E-14  2.999999999999985E+00  1.104455062732071E+03  2.406005601938355E+02  1.345055622925907E+03  1.108032470987791E+21  2.413798824672461E+20
  0.000000000000000E+00  1.254560457977077E+00 -1.087362919849913E+00  4.359851448167221E+00  1.238593162319025E+01  4.128643874396799E+00  4.128643874396799E+00  1.238593162319040E+01 -1.474376176702208E-13  2.999999999999964E+00  1.121309232386603E+03  2.312869532177158E+02  1.352596185604319E+03  1.126801783363501E+21  2.324198747563496E+20
  0.000000000000000E+00  1.254385010944955E+00 -1.091803433954325E+00  4.361044804633997E+00  9.758749408360160E+00  3.252916469453431E+00  3.252916469453431E+00  9.758749408360295E+00 -1.350031197944190E-13  2.999999999999959E+00  9.911383276081103E+02  2.549026704811317E+02  1.246040998089242E+03  9.829353625272872E+20  2.527930177245771E+20
  0.000000000000000E+00  1.254410256407011E+00 -1.091164477750336E+00  4.360873632077610E+00  1.014561024775756E+01  3.381870082585888E+00  3.381870082585888E+00  1.014561024775767E+01 -1.083577672034153E-13  2.999999999999968E+00  1.010466885423335E+03  2.555458066527546E+02  1.266012692076090E+03  1.004037753413009E+21  2.539198872393069E+20
  0.000000000000000E+00  1.254435501406657E+00 -1.090525521528076E+00  4.360702277273121E+00  1.053255738066139E+01  3.510852460220478E+00  3.510852460220478E+00  1.053255738066144E+01 -4.085620730620576E-14  2.999999999999988E+00  1.029905259433214E+03  2.550268383209107E+02  1.284932097754125E+03  1.025290205556361E+21  2.538840510711958E+20
  0.000000000000000E+00  1.254460746406304E+00 -1.089886565305817E+00  4.360530740324680E+00  1.091783000825242E+01  3.639276669417467E+00  3.639276669417467E+00  1.091783000825240E+01  2.131628207280301E-14  3.000000000000006E+00  1.049271035357340E+03  2.533456954175236E+02  1.302616730774864E+03  1.046506045401124E+21  2.526780906903604E+20
  0.000000000000000E+00  1.254282447111457E+00 -1.094399196216340E+00  4.361738326215493E+00  8.215163521073219E+00  2.738387840357811E+00  2.738387840357811E+00  8.215163521073434E+00 -2.149391775674303E-13  2.999999999999921E+00  9.154156824248871E+02  2.442951865817697E+02  1.159710869006657E+03  9.009789172714158E+20  2.404424753987342E+20
  0.000000000000000E+00  1.254308087838631E+00 -1.093750255641702E+00  4.361565225561847E+00  8.594283791164358E+00  2.864761263721519E+00  2.864761263721519E+00  8.594283791164560E+00 -2.025046796916286E-13  2.999999999999930E+00  9.338817285869909E+02  2.482458217451822E+02  1.182127550332173E+03  9.208767582328437E+20  2.447888212990746E+20
  0.000000000000000E+00  1.254333729028206E+00 -1.093101315085333E+00  4.361391938863420E+00  8.978809983265894E+00  2.992936661088689E+00  2.992936661088689E+00  8.978809983266068E+00 -1.740829702612245E-13  2.999999999999941E+00  9.526700872010165E+02  2.513306495812120E+02  1.204000736782228E+03  9.411643271078885E+20  2.482952334418982E+20
  0.000000000000000E+00  1.254359370217781E+00 -1.092452374528964E+00  4.361218465445986E+00  9.367409416092830E+00  3.122469805364325E+00  3.122469805364325E+00  9.367409416092976E+00 -1.456612608308205E-13  2.999999999999953E+00  9.717618673854083E+02  2.535496168934714E+02  1.225311484278880E+03  9.618478413664521E+20  2.509628746232262E+20
  0.000000000000000E+00  1.254178462668293E+00 -1.097030975728404E+00  4.362438432328131E+00  6.765627163915670E+00  2.255209054638537E+00  2.255209054638537E+00  6.765627163915614E+00  5.595524044110789E-14  3.000000000000025E+00  8.433259678897992E+02  2.169197031254934E+02  1.060245671015293E+03  8.239547620390278E+20  2.119370553922017E+20
  0.000000000000000E+00  1.254204458779150E+00 -1.096373030850391E+00  4.362263691754421E+00  7.111051578385688E+00  2.370350526128558E+00  2.370350526128558E+00  7.111051578385675E+00  1.243449787580175E-14  3.000000000000005E+00  8.609593256556192E+02  2.255929630937730E+02  1.086552288749392E+03  8.426972038957211E+20  2.208078286078233E+20
  0.000000000000000E+00  1.254230454889875E+00 -1.095715085972372E+00  4.362088760744946E+00  7.469051490391549E+00  2.489683830130543E+00  2.489683830130543E+00  7.469051490391630E+00 -8.082423619271140E-14  2.999999999999968E+00  8.788481152537190E+02  2.330466808950757E+02  1.111894796148795E+03  8.617697598188184E+20  2.285179642941407E+20
  0.000000000000000E+00  1.254256451000600E+00 -1.095057141094354E+00  4.361913638999056E+00  7.837723328448859E+00  2.612574442816343E+00  2.612574442816343E+00  7.837723328449030E+00 -1.714184350021242E-13  2.999999999999934E+00  8.969982826048754E+02  2.392807806756356E+02  1.136279063280511E+03  8.811906554073827E+20  2.350639817699998E+20
  0.000000000000000E+00  1.254073247222177E+00 -1.099693911098174E+00  4.363143730184349E+00  5.533532279941727E+00  1.844510759980567E+00  1.844510759980567E+00  5.533532279941702E+00  2.486899575160351E-14  3.000000000000014E+00  7.755937802972466E+02  1.706560755128774E+02  9.462498558101239E+02  7.524586047304947E+20  1.655655779240364E+20
  0.000000000000000E+00  1.254099551083636E+00 -1.099028177255729E+00  4.362967696631809E+00  5.813410898789233E+00  1.937803632929734E+00  1.937803632929734E+00  5.813410898789203E+00  2.930988785010413E-14  3.000000000000015E+00  7.918045442248369E+02  1.836656593739496E+02  9.754702035987865E+02  7.695145210384986E+20  1.784953028309881E+20
  0.000000000000000E+00  1.254125854945235E+00 -1.098362443413289E+00  4.362791469344468E+00  6.113066613751729E+00  2.037688871250563E+00  2.037688871250563E+00  6.113066613751690E+00  3.907985046680551E-14  3.000000000000019E+00  8.085575066298834E+02  1.957128323235934E+02  1.004270338953477E+03  7.871699198141094E+20  1.905359275790828E+20
  0.000000000000000E+00  1.254152158806835E+00 -1.097696709570849E+00  4.362615048013170E+00  6.430978882802711E+00  2.143659627600886E+00  2.143659627600886E+00  6.430978882802661E+00  4.973799150320701E-14  3.000000000000024E+00  8.257614415719294E+02  2.067975337710290E+02  1.032558975342958E+03  8.053435529515949E+20  2.016842300988945E+20
  0.000000000000000E+00  1.253967022712652E+00 -1.102382385268800E+00  4.363852652743262E+00  4.617217033842560E+00  1.539072344614182E+00  1.539072344614182E+00  4.617217033842547E+00  1.332267629550188E-14  3.000000000000009E+00  7.178083533235567E+02  1.167908080391368E+02  8.345991613626935E+02  6.916786062259183E+20  1.125393748212568E+20
  0.000000000000000E+00  1.253993578840162E+00 -1.101710266726148E+00  4.363675716728548E+00  4.814121162075946E+00  1.604707054025310E+00  1.604707054025310E+00  4.814121162075931E+00  1.421085471520200E-14  3.000000000000009E+00  7.308933293376595E+02  1.302142594926624E+02  8.611075888303218E+02  7.054681223217351E+20  1.256845636107388E+20
  0.000000000000000E+00  1.254020134967414E+00 -1.101038148183487E+00  4.363498584507399E+00  5.032445310880441E+00  1.677481770293475E+00  1.677481770293475E+00  5.032445310880425E+00  1.687538997430238E-14  3.000000000000010E+00  7.449529863994800E+02  1.436662867032206E+02  8.886192731027005E+02  7.202547949270060E+20  1.389031707456818E+20
  0.000000000000000E+00  1.254046691094667E+00 -1.100366029640825E+00  4.363321255764616E+00  5.272234132690789E+00  1.757411377563589E+00  1.757411377563589E+00  5.272234132690767E+00  2.220446049250313E-14  3.000000000000012E+00  7.598864598513699E+02  1.571468914501854E+02  9.170333513015552E+02  7.359482610743514E+20  1.521963972336404E+20
  0.000000000000000E+00  1.253860031783723E+00 -1.105090257030345E+00  4.364563522014278E+00  4.023123701240046E+00  1.341041233746505E+00  1.341041233746505E+00  4.023123701239514E+00  5.311306949806749E-13  3.000000000000396E+00  6.759761772092550E+02  7.004854752226190E+01  7.460247247315168E+02  6.470692574804150E+20  6.705304589274068E+19
  0.000000000000000E+00  1.253886779516113E+00 -1.104413289089965E+00  4.364386101667742E+00  4.144065631894468E+00  1.381355210631339E+00  1.381355210631339E+00  4.144065631894017E+00  4.511946372076636E-13  3.000000000000326E+00  6.847615685379452E+02  8.068075019632779E+01  7.654423187342729E+02  6.565540598121195E+20  7.735725327457703E+19
  0.000000000000000E+00  1.253913527248187E+00 -1.103736321149572E+00  4.364208483553419E+00  4.282643837258602E+00  1.427547945752776E+00  1.427547945752776E+00  4.282643837258327E+00  2.753353101070388E-13  3.000000000000192E+00  6.946736336963201E+02  9.201516456817998E+01  7.866887982645001E+02  6.671572990778883E+20  8.837040257432699E+19
  0.000000000000000E+00  1.253940274980261E+00 -1.103059353209179E+00  4.364030667351937E+00  4.439985307764086E+00  1.479995102587997E+00  1.479995102587996E+00  4.439985307763990E+00  9.592326932761353E-14  3.000000000000065E+00  7.056949945577003E+02  1.040518355462892E+02  8.097468301039895E+02  6.788688274114212E+20  1.000964271137958E+20
  0.000000000000000E+00  1.253752519101024E+00 -1.107811334055056E+00  4.365274675621694E+00  3.690007486112238E+00  1.230002495370743E+00  1.230002495370743E+00  3.690007486112229E+00  8.881784197001252E-15  3.000000000000007E+00  6.516487667089482E+02  3.501420595657027E+01  6.866629726655184E+02  6.197481898304779E+20  3.330013324436786E+19
  0.000000000000000E+00  1.253779397271895E+00 -1.107131064798886E+00  4.365097185159917E+00  3.752648737885432E+00  1.250882912628447E+00  1.250882912628447E+00  3.752648737885342E+00  9.015010959956271E-14  3.000000000000072E+00  6.561413879082693E+02  4.272575472140297E+01  6.988671426296722E+02  6.250247792343855E+20  4.069954419046768E+19
  0.000000000000000E+00  1.253806275442374E+00 -1.106450795542700E+00  4.364919496285751E+00  3.828297874059278E+00  1.276099291353003E+00  1.276099291353003E+00  3.828297874059008E+00  2.700062395888381E-13  3.000000000000212E+00  6.616748863798549E+02  5.113529799195162E+01  7.128101843718066E+02  6.313158448938775E+20  4.878910250366727E+19
  0.000000000000000E+00  1.253833153612852E+00 -1.105770526286515E+00  4.364741608677869E+00  3.918080870041556E+00  1.306026956680369E+00  1.306026956680369E+00  3.918080870041108E+00  4.485301019485632E-13  3.000000000000343E+00  6.682772657032505E+02  6.024288063622556E+01  7.285201463394760E+02  6.386533699441375E+20  5.757238904869831E+19
  0.000000000000000E+00  1.253644735287144E+00 -1.110539273053079E+00  4.365984441147663E+00  3.549387070072493E+00  1.183129023357511E+00  1.183129023357511E+00  3.549387070072533E+00 -4.085620730620576E-14  2.999999999999965E+00  6.433929780565809E+02  9.940840438462700E+00  6.533338184950436E+02  6.080238608329378E+20  9.394364547737952E+18
  0.000000000000000E+00  1.253671681240134E+00 -1.109857288303554E+00  4.365807297275182E+00  3.569784700530583E+00  1.189928233510205E+00  1.189928233510205E+00  3.569784700530616E+00 -3.330669073875470E-14  2.999999999999972E+00  6.440631174328851E+02  1.536364869551466E+01  6.594267661283997E+02  6.096148844696806E+20  1.454191160934613E+19
  0.000000000000000E+00  1.253698627194085E+00 -1.109175303554068E+00  4.365629955278264E+00  3.599412842669839E+00  1.199804280889952E+00  1.199804280889952E+00  3.599412842669856E+00 -1.687538997430238E-14  2.999999999999986E+00  6.456392317428564E+02  2.135012148103998E+01  6.669893532238964E+02  6.120744913893737E+20  2.024019623363520E+19
  0.000000000000000E+00  1.253725573148035E+00 -1.108493318804581E+00  4.365452414834720E+00  3.639183202520359E+00  1.213061067506786E+00  1.213061067506786E+00  3.639183202520359E+00  4.440892098500626E-16  3.000000000000000E+00  6.481562674102482E+02  2.790029512480803E+01  6.760565625350563E+02  6.154398924431475E+20  2.649199814012695E+19
  0.000000000000000E+00  1.253536910446110E+00 -1.113268250564806E+00  4.366691310192485E+00  3.539116283007861E+00  1.179705427669375E+00  1.179705427669375E+00  3.539116283008127E+00 -2.660094367001875E-13  2.999999999999774E+00  6.485665618969394E+02 -5.336916886339639E+00  6.432296450105998E+02  6.091381328432490E+20 -5.012468693693034E+18
  0.000000000000000E+00  1.253563866656417E+00 -1.112586006186876E+00  4.366514888744334E+00  3.532843636502720E+00  1.177614545500984E+00  1.177614545500984E+00  3.532843636502951E+00 -2.309263891220326E-13  2.999999999999804E+00  6.462505816960489E+02 -2.322694862752034E+00  6.439278868332968E+02  6.078898534257745E+20 -2.184822234071447E+18
  0.000000000000000E+00  1.253590822866627E+00 -1.111903761808943E+00  4.366338270300273E+00  3.531885359022074E+00  1.177295119674076E+00  1.177295119674076E+00  3.531885359022227E+00 -1.523225989785715E-13  2.999999999999870E+00  6.445630755773591E+02  1.228315619483822E+00  6.457913911968428E+02  6.072362275217551E+20  1.157183480163355E+18
  0.000000000000000E+00  1.253617779076838E+00 -1.111221517431009E+00  4.366161454541278E+00  3.537110240300479E+00  1.179036746766852E+00  1.179036746766852E+00  3.537110240300556E+00 -7.682743330406083E-14  2.999999999999935E+00  6.435841188022824E+02  5.316149180008477E+00  6.489002679822909E+02  6.072550453976117E+20  5.016062884917593E+18
  0.000000000000000E+00  1.253429251239236E+00 -1.115993035967808E+00  4.367393953768021E+00  3.603681588928254E+00  1.201227196309346E+00  1.201227196309346E+00  3.603681588928039E+00  2.144950883575802E-13  3.000000000000179E+00  6.616876956713294E+02 -1.282495375794560E+01  6.488627419133838E+02  6.177773392365632E+20 -1.197387507769384E+19
  0.000000000000000E+00  1.253456166040949E+00 -1.115311839617057E+00  4.367218585879234E+00  3.583548545805457E+00  1.194516181935106E+00  1.194516181935105E+00  3.583548545805317E+00  1.398881011027697E-13  3.000000000000117E+00  6.581103343364639E+02 -1.197006625948370E+01  6.461402680769802E+02  6.153364422081374E+20 -1.119207160381809E+19
  0.000000000000000E+00  1.253483080842673E+00 -1.114630643266307E+00  4.367043022863836E+00  3.565345955161755E+00  1.188448651720593E+00  1.188448651720593E+00  3.565345955161781E+00 -2.575717417130363E-14  2.999999999999979E+00  6.546354971873551E+02 -1.043712673143225E+01  6.441983704559228E+02  6.129934390577824E+20 -9.773210032867357E+18
  0.000000000000000E+00  1.253509995644398E+00 -1.113949446915557E+00  4.366867264406810E+00  3.550169854921205E+00  1.183389951640465E+00  1.183389951640465E+00  3.550169854921394E+00 -1.896260926059767E-13  2.999999999999840E+00  6.514068156624162E+02 -8.226091498735457E+00  6.431807241636808E+02  6.108826944343279E+20 -7.714345043044609E+18
  0.000000000000000E+00  1.253321936320754E+00 -1.118709107642662E+00  4.368091248229665E+00  3.683055907245048E+00  1.227685302414756E+00  1.227685302414756E+00  3.683055907244269E+00  7.798206524967100E-13  3.000000000000635E+00  6.744155277261193E+02 -1.045146081677643E+01  6.639640669093428E+02  6.261171389515243E+20 -9.702977579011912E+18
  0.000000000000000E+00  1.253348765050332E+00 -1.118030089723947E+00  4.367917213880888E+00  3.665054290826150E+00  1.221684763608486E+00  1.221684763608486E+00  3.665054290825458E+00  6.918909889463976E-13  3.000000000000566E+00  6.716979104554081E+02 -1.180474058944527E+01  6.598931698659628E+02  6.244561639302924E+20 -1.097449152354715E+19
  0.000000000000000E+00  1.253375593779995E+00 -1.117351071805235E+00  4.367742986894127E+00  3.645280395657299E+00  1.215093465218934E+00  1.215093465218934E+00  3.645280395656803E+00  4.964917366123700E-13  3.000000000000409E+00  6.685930858368953E+02 -1.265143769332954E+01  6.559416481435658E+02  6.224414397785252E+20 -1.177813420437526E+19
  0.000000000000000E+00  1.253402422509658E+00 -1.116672053886523E+00  4.367568566959883E+00  3.624550676703124E+00  1.208183558900940E+00  1.208183558900940E+00  3.624550676702822E+00  3.024247519078926E-13  3.000000000000250E+00  6.652177884798414E+02 -1.299151959422939E+01  6.522262688856119E+02  6.201797149855378E+20 -1.211193846392816E+19
  0.000000000000000E+00  1.253215114496512E+00 -1.121412700121809E+00  4.368782282806499E+00  3.730121425796164E+00  1.243373808598685E+00  1.243373808598685E+00  3.730121425796057E+00  1.074695887837152E-13  3.000000000000086E+00  6.806423711654752E+02 -4.199631339475856E+00  6.764427398259993E+02  6.285606972024640E+20 -3.878282214805727E+18
  0.000000000000000E+00  1.253241819955130E+00 -1.120736802002123E+00  4.368609808951311E+00  3.722121205849122E+00  1.240707068616303E+00  1.240707068616303E+00  3.722121205848910E+00  2.122746423083299E-13  3.000000000000171E+00  6.797791754018933E+02 -5.772768423679471E+00  6.740064069782138E+02  6.285757880977881E+20 -5.337942956659515E+18
  0.000000000000000E+00  1.253268525408633E+00 -1.120060903882235E+00  4.368437145435896E+00  3.711602883296297E+00  1.237200961098618E+00  1.237200961098618E+00  3.711602883295853E+00  4.436451206402126E-13  3.000000000000358E+00  6.784509773692200E+02 -7.339119323347094E+00  6.711118580458729E+02  6.281722893672883E+20 -6.795231403694642E+18
  0.000000000000000E+00  1.253295230862137E+00 -1.119385005762347E+00  4.368264291961728E+00  3.698577452355627E+00  1.232859150784984E+00  1.232859150784984E+00  3.698577452354952E+00  6.745715097622451E-13  3.000000000000547E+00  6.766617668181325E+02 -8.898683600398927E+00  6.677630832177335E+02  6.273521156946440E+20 -8.250219322806729E+18
  0.000000000000000E+00  1.253108899079606E+00 -1.124100943472520E+00  4.369466390163657E+00  3.747422691703088E+00  1.249140897234323E+00  1.249140897234323E+00  3.747422691702970E+00  1.181277298201167E-13  3.000000000000095E+00  6.807375036276301E+02 -2.044872707967261E+00  6.786926309196627E+02  6.255485428432900E+20 -1.879090157296004E+18
  0.000000000000000E+00  1.253135452931403E+00 -1.123428882634746E+00  4.369295643101926E+00  3.744140458736149E+00  1.248046819578677E+00  1.248046819578677E+00  3.744140458736033E+00  1.163513729807164E-13  3.000000000000093E+00  6.810503279581549E+02 -2.121315296778007E+00  6.789290126613769E+02  6.265908098519606E+20 -1.951686410231274E+18
  0.000000000000000E+00  1.253162006788059E+00 -1.122756821797164E+00  4.369124709721310E+00  3.740490556273481E+00  1.246830185424456E+00  1.246830185424456E+00  3.740490556273368E+00  1.136868377216160E-13  3.000000000000091E+00  6.811900490645938E+02 -2.505909539294338E+00  6.786841395252995E+02  6.274882293039286E+20 -2.308355416769340E+18
  0.000000000000000E+00  1.253188560644715E+00 -1.122084760959583E+00  4.368953589722732E+00  3.735981405048886E+00  1.245327135016259E+00  1.245327135016259E+00  3.735981405048777E+00  1.096900348329655E-13  3.000000000000088E+00  6.810795380485328E+02 -3.198675024026339E+00  6.778808630245064E+02  6.281687766270970E+20 -2.950180800362109E+18
  0.000000000000000E+00  1.253003386036109E+00 -1.126771410824739E+00  4.370143026835282E+00  3.785377501883868E+00  1.261792500627983E+00  1.261792500627983E+00  3.785377501883950E+00 -8.171241461241152E-14  2.999999999999936E+00  6.805029996876294E+02 -1.477711884698608E+01  6.657258808406434E+02  6.224772522646308E+20 -1.351709006496978E+19
  0.000000000000000E+00  1.253029764296853E+00 -1.126103793986679E+00  4.369974142024635E+00  3.766880633272650E+00  1.255626877757566E+00  1.255626877757567E+00  3.766880633272701E+00 -5.018208071305708E-14  2.999999999999960E+00  6.799940581754397E+02 -8.867151939972386E+00  6.711269062354673E+02  6.226994517806205E+20 -8.120027793613006E+18
  0.000000000000000E+00  1.253056142557857E+00 -1.125436177148630E+00  4.369805074500714E+00  3.756310165988190E+00  1.252103388662724E+00  1.252103388662724E+00  3.756310165988172E+00  1.865174681370263E-14  3.000000000000015E+00  6.800122541180546E+02 -4.775045401254161E+00  6.752372087168005E+02  6.234229902008155E+20 -4.377675643882907E+18
  0.000000000000000E+00  1.253082520818862E+00 -1.124768560310580E+00  4.369635823976314E+00  3.750784664106374E+00  1.250261554702096E+00  1.250261554702096E+00  3.750784664106289E+00  8.570921750106208E-14  3.000000000000069E+00  6.803339628824392E+02 -2.500914050646958E+00  6.778330488317923E+02  6.244412603219149E+20 -2.295451949989783E+18
  0.000000000000000E+00  1.252898640675212E+00 -1.129422448658379E+00  4.370811853391923E+00  4.044145129314226E+00  1.348048376438086E+00  1.348048376438086E+00  4.044145129314259E+00 -3.286260152890463E-14  2.999999999999976E+00  6.966277939955266E+02 -9.747278380314815E+01  5.991550101923785E+02  6.346953822404385E+20 -8.880714537550592E+19
  0.000000000000000E+00  1.252924827015436E+00 -1.128759689199969E+00  4.370644915448783E+00  3.921798446383989E+00  1.307266148794677E+00  1.307266148794677E+00  3.921798446384031E+00 -4.130029651605582E-14  2.999999999999968E+00  6.880999553374811E+02 -5.991190505026870E+01  6.281880502872124E+02  6.274845414794481E+20 -5.463420536219927E+19
  0.000000000000000E+00  1.252951013355660E+00 -1.128096929741559E+00  4.370477798560741E+00  3.849698705817986E+00  1.283232901939348E+00  1.283232901939348E+00  3.849698705818044E+00 -5.773159728050814E-14  2.999999999999955E+00  6.835096979407060E+02 -3.360853068334200E+01  6.499011672573640E+02  6.239087355794622E+20 -3.067792007414426E+19
  0.000000000000000E+00  1.252977199695885E+00 -1.127434170283149E+00  4.370310502449270E+00  3.810130270142515E+00  1.270043423380862E+00  1.270043423380862E+00  3.810130270142588E+00 -7.327471962526033E-14  2.999999999999942E+00  6.814442624794432E+02 -1.856336663727313E+01  6.628808958421700E+02  6.226699412707170E+20 -1.696228297786326E+19
  0.000000000000000E+00  1.252794711778856E+00 -1.132052822298733E+00  4.371472641218411E+00  4.933796955531899E+00  1.644598985177068E+00  1.644598985177068E+00  4.933796955531205E+00  6.936673457857978E-13  3.000000000000422E+00  2.074073035168448E-12 -9.954103433739003E+01 -9.954103433738796E+01  1.884475565965542E+06 -9.044167868684224E+19
  0.000000000000000E+00  1.252820694002945E+00 -1.131395228888644E+00  4.371307707153508E+00  4.735897815033254E+00  1.578632605010891E+00  1.578632605010891E+00  4.735897815032675E+00  5.790923296444817E-13  3.000000000000367E+00  1.113224140452851E+02 -1.484610679515553E+02 -3.713865390627018E+01  1.012236441533430E+20 -1.349932126592254E+20
  0.000000000000000E+00  1.252846676227034E+00 -1.130737635478556E+00  4.371142598007489E+00  4.487350063298298E+00  1.495783354432656E+00  1.495783354432656E+00  4.487350063297968E+00  3.304023721284466E-13  3.000000000000221E+00  3.545266069349115E+02 -1.644244044329788E+02  1.901022025019327E+02  3.225695474059370E+20 -1.496031741566131E+20
  0.000000000000000E+00  1.252872658451123E+00 -1.130080042068468E+00  4.370977313510442E+00  4.239612801125725E+00  1.413204267041881E+00  1.413204267041881E+00  4.239612801125644E+00  8.082423619271140E-14  3.000000000000057E+00  5.943356295053951E+02 -1.474289932330631E+02  4.469066362723320E+02  5.410993299589482E+20 -1.342233672265624E+20
  0.000000000000000E+00  1.254330452440217E+00 -1.131708548164948E+00  4.372597484765671E+00 -4.367855534626285E-01  1.669876194417022E+00  1.669876194417022E+00  5.009628583251067E+00 -5.446414136713695E+00 -2.615676269432158E-01 -4.438552276532674E-29  7.381595418892448E-01  7.381595418892448E-01 -4.040675999871801E-11  6.719901803923876E+17
  0.000000000000000E+00  1.253946439120947E+00 -1.131794267576456E+00  4.372315964344264E+00  4.050662969912547E-01  1.662753924907448E+00  1.662753924907448E+00  4.988261774722345E+00 -4.583195477731090E+00  2.436116919788966E-01 -6.601357077720341E-18  1.623817738983458E+03  1.623817738983458E+03 -6.006476993020915E+00  1.477487700670110E+21
  0.000000000000000E+00  1.253562477643303E+00 -1.131880219234142E+00  4.372034649877527E+00  2.255013021582815E+00  1.655787007721703E+00  1.655787007721703E+00  4.967361023165110E+00 -2.712348001582295E+00  1.361898004433326E+00 -1.078228004965365E-18  2.161856237352230E+03  2.161856237352230E+03 -9.805854572634766E-01  1.966082106270308E+21
  0.000000000000000E+00  1.253178568398776E+00 -1.131966403890676E+00  4.371753541968111E+00  4.101706085900286E+00  1.649545381573629E+00  1.649545381573629E+00  4.948636144720889E+00 -8.469300588206030E-01  2.486567591118560E+00  5.065666280762014E-18  1.615850431233281E+03  1.615850431233281E+03  4.604760379783864E+00  1.468830284706479E+21
  0.000000000000000E+00  1.255880515985744E+00 -1.131365042346247E+00  4.373735548164007E+00 -4.395567246769355E-01  1.702959997369977E+00  1.702959997369977E+00  5.108879992109933E+00 -5.548436716786869E+00 -2.581133587141092E-01 -1.030966733484804E-27  7.359341598612099E-01  7.359341598612099E-01 -9.408371267214310E-10  6.715970146578705E+17
  0.000000000000000E+00  1.255492921406404E+00 -1.131450563194958E+00  4.373450718391538E+00 -4.388650338022790E-01  1.693812716752699E+00  1.693812716752699E+00  5.081438150258097E+00 -5.520303184060376E+00 -2.590989130390113E-01  1.139311530854164E-16  7.364802864964307E-01  7.364802864964308E-01  1.039035376091654E+02  6.716592000874431E+17
  0.000000000000000E+00  1.255105378823589E+00 -1.131536319704703E+00  4.373166097078485E+00 -4.381726127716329E-01  1.685239315062447E+00  1.685239315062447E+00  5.055717945187342E+00 -5.493890557958975E+00 -2.600061658040516E-01  7.725333831389488E-17  7.370332345973064E-01  7.370332345973066E-01  7.040992984829656E+01  6.717438945227516E+17
  0.000000000000000E+00  1.254717888935469E+00 -1.131622313989895E+00  4.372881685458501E+00 -4.374794548900613E-01  1.677255303787722E+00  1.677255303787722E+00  5.031765911363166E+00 -5.469245366253228E+00 -2.608305687882504E-01  1.914276083693866E-18  7.375929908572737E-01  7.375929908572737E-01  1.743662134689073E+00  6.718534384487296E+17
  0.000000000000000E+00  1.257461445535034E+00 -1.131018812139817E+00  4.374899088928139E+00 -4.423690666225399E-01  1.745074823294632E+00  1.745074823294632E+00  5.235224469883896E+00 -5.677593536506436E+00 -2.534957588737454E-01 -4.329250373269971E-27  7.334862600760519E-01  7.334862600760519E-01 -3.961991956971566E-09  6.712632470769900E+17
  0.000000000000000E+00  1.257066131997368E+00 -1.131104998603422E+00  4.374607878128844E+00 -4.416671876668228E-01  1.733936708272552E+00  1.733936708272552E+00  5.201810124817656E+00 -5.643477312484478E+00 -2.547193248517342E-01 -9.462492363212208E-17  7.340874010391532E-01  7.340874010391532E-01 -8.653439960138709E+01  6.713222063019084E+17
  0.000000000000000E+00  1.256670872077169E+00 -1.131191431000072E+00  4.374316883547023E+00 -4.409645091878985E-01  1.723169994653147E+00  1.723169994653147E+00  5.169509983959443E+00 -5.610474493147341E+00 -2.559030801117559E-01  4.259054583514018E-18  7.346957740370839E-01  7.346957740370839E-01  3.892105853382130E+00  6.713963548749706E+17
  0.000000000000000E+00  1.256275666498579E+00 -1.131278111518202E+00  4.374026106464614E+00 -4.402610239398939E-01  1.712826988873322E+00  1.712826988873322E+00  5.138480966619966E+00 -5.578741990559860E+00 -2.570376499202016E-01  1.010750562079822E-16  7.353113650220937E-01  7.353113650220937E-01  9.230188584477833E+01  6.714873898756978E+17
  0.000000000000000E+00  1.259091599663945E+00 -1.130666160514833E+00  4.376101828371344E+00 -4.452535148136328E-01  1.793609420298949E+00  1.793609420298949E+00  5.380828260896847E+00 -5.826081775710479E+00 -2.482444113944386E-01  2.743222674413825E-28  7.307624483303110E-01  7.307624483303110E-01  2.518354766340958E-10  6.708602666419954E+17
  0.000000000000000E+00  1.258683975438195E+00 -1.130753926681335E+00  4.375800797956476E+00 -4.445337588502090E-01  1.781180904639251E+00  1.781180904639251E+00  5.343542713917753E+00 -5.788076472767962E+00 -2.495724929974151E-01 -9.451194206627543E-17  7.314430384786827E-01  7.314430384786826E-01 -8.669582219892750E+01  6.709528365010580E+17
  0.000000000000000E+00  1.258276407961448E+00 -1.130841956417912E+00  4.375499997280764E+00 -4.438130992553273E-01  1.768919449998685E+00  1.768919449998685E+00  5.306758349996056E+00 -5.750571449251383E+00 -2.508950304411301E-01 -1.236709944512773E-16  7.321238736696537E-01  7.321238736696536E-01 -1.133543784898838E+02  6.710502090296134E+17
  0.000000000000000E+00  1.257868897803721E+00 -1.130930251109195E+00  4.375199427289551E+00 -4.430915353918254E-01  1.756869331257172E+00  1.756869331257172E+00  5.270607993771517E+00 -5.713699529163342E+00 -2.522051740038971E-01 -9.099342450100878E-17  7.328049491386325E-01  7.328049491386324E-01 -8.333805901667394E+01  6.711533545849684E+17
  0.000000000000000E+00  1.260792427684399E+00 -1.130302926988809E+00  4.377359912868169E+00 -4.482456984004685E-01  1.846379931608271E+00  1.846379931608271E+00  5.539139794824813E+00 -5.987385493225281E+00 -2.427700229659821E-01  2.311232991402328E-28  7.277764519973697E-01  7.277764519973697E-01  2.128933417199369E-10  6.703727467856500E+17
  0.000000000000000E+00  1.260367128673439E+00 -1.130393303838028E+00  4.377045017602749E+00 -4.474991870732862E-01  1.833110691749623E+00  1.833110691749623E+00  5.499332075248870E+00 -5.946831262322156E+00 -2.441201118336002E-01  2.257594157858308E-17  7.285451752059673E-01  7.285451752059673E-01  2.077760301220012E+01  6.705112331280859E+17
  0.000000000000000E+00  1.259941890907416E+00 -1.130483968894543E+00  4.376730371755668E+00 -4.467516428922859E-01  1.819872928754240E+00  1.819872928754240E+00  5.459618786262721E+00 -5.906370429155007E+00 -2.454850752673712E-01  3.789397366796233E-17  7.292990704944440E-01  7.292990704944440E-01  3.484598728532092E+01  6.706381959390932E+17
  0.000000000000000E+00  1.259516714524771E+00 -1.130574921379697E+00  4.376415975340984E+00 -4.460030805686679E-01  1.806696039358542E+00  1.806696039358542E+00  5.420088118075626E+00 -5.866091198644295E+00 -2.468611602907033E-01  3.426903573335140E-17  7.300381556229778E-01  7.300381556229779E-01  3.148616735377935E+01  6.707543136446906E+17
  0.000000000000000E+00  1.262590098918005E+00 -1.129924235489425E+00  4.378693172741926E+00 -4.513883002310421E-01  1.902248096131096E+00  1.902248096131096E+00  5.706744288393289E+00 -6.158132588624332E+00 -2.372920236582716E-01 -2.073911673406001E-28  7.244193532146371E-01  7.244193532146371E-01 -1.917254062491225E-10  6.696986982174775E+17
  0.000000000000000E+00  1.262140579665820E+00 -1.130018425943651E+00  4.378359441866820E+00 -4.506044411893983E-01  1.888351588694552E+00  1.888351588694552E+00  5.665054766083657E+00 -6.115659207273056E+00 -2.386231694813296E-01 -2.130542929228903E-17  7.252859160557059E-01  7.252859160557059E-01 -1.967821107213368E+01  6.698916575670938E+17
  0.000000000000000E+00  1.261691127951845E+00 -1.130112938718278E+00  4.378025988289245E+00 -4.498193751559383E-01  1.874395289788349E+00  1.874395289788349E+00  5.623185869365049E+00 -6.073005244520987E+00 -2.399810635496904E-01 -4.632617908689812E-18  7.261342713577322E-01  7.261342713577322E-01 -4.274923936558475E+00  6.700679483969208E+17
  0.000000000000000E+00  1.261241743912548E+00 -1.130207772753325E+00  4.377692811970035E+00 -4.490331212023868E-01  1.860398352922814E+00  1.860398352922814E+00  5.581195058768442E+00 -6.030228179970829E+00 -2.413639640655050E-01  1.436913112386714E-17  7.269644422911995E-01  7.269644422911996E-01  1.324768484211034E+01  6.702281258257770E+17
  0.000000000000000E+00  1.264517762272357E+00 -1.129524132657321E+00  4.380126873570576E+00 -4.547343927319917E-01  1.960775906931613E+00  1.960775906931613E+00  5.882327720794840E+00 -6.337062113526832E+00 -2.319155346230249E-01 -1.559285436953590E-28  7.205704721889008E-01  7.205704721889008E-01 -1.447123100124720E-10  6.687384816532289E+17
  0.000000000000000E+00  1.264035731354666E+00 -1.129623602849537E+00  4.379767972514331E+00 -4.539000280299371E-01  1.946332153218507E+00  1.946332153218507E+00  5.838996459655521E+00 -6.292896487685458E+00 -2.332078968532457E-01 -2.207321175312722E-19  7.215565130415287E-01  7.215565130415287E-01 -2.046553741839169E-01  6.690028611284227E+17
  0.000000000000000E+00  1.263553776905214E+00 -1.129723443604963E+00  4.379409388426893E+00 -4.530642126569401E-01  1.931753057611167E+00  1.931753057611167E+00  5.795259172833503E+00 -6.248323385490443E+00 -2.345352636414126E-01  2.059238893008677E-18  7.225266604912601E-01  7.225266604912601E-01  1.907399607342096E+00  6.692506989811493E+17
  0.000000000000000E+00  1.263071899300745E+00 -1.129823654594594E+00  4.379051121704585E+00 -4.522269641962314E-01  1.917053433963922E+00  1.917053433963921E+00  5.751160301891765E+00 -6.203387266087996E+00 -2.358969010379406E-01  3.311015030689867E-18  7.234809340537834E-01  7.234809340537834E-01  3.063890775315291E+00  6.694824817820364E+17
  0.000000000000000E+00  1.266618571423705E+00 -1.129095143530893E+00  4.381694086973567E+00 -4.583517637241673E-01  2.021815562127594E+00  2.021815562127594E+00  6.065446686382783E+00 -6.523798450106950E+00 -2.267030545762716E-01  1.856103796337546E-28  7.160565780750294E-01  7.160565780750294E-01  1.729857858076056E-10  6.673528176895547E+17
  0.000000000000000E+00  1.266093234166297E+00 -1.129201728433211E+00  4.381301720882979E+00 -4.574501242998018E-01  2.006871542055908E+00  2.006871542055908E+00  6.020614626167722E+00 -6.478064750467524E+00 -2.279419059533697E-01  1.109542688423970E-18  7.172087114324619E-01  7.172087114324619E-01  1.032992824400679E+00  6.677268574134337E+17
  0.000000000000000E+00  1.265567986463809E+00 -1.129308754736285E+00  4.380909729395021E+00 -4.565466701641988E-01  1.991707092422607E+00  1.991707092422607E+00  5.975121277267823E+00 -6.431667947432022E+00 -2.292238009801328E-01 -3.569537136671703E-18  7.183450588647107E-01  7.183450588647107E-01 -3.319775257824269E+00  6.680821803195921E+17
  0.000000000000000E+00  1.265042828953433E+00 -1.129416222718271E+00  4.380518113346093E+00 -4.556414200605361E-01  1.976336963842805E+00  1.976336963842805E+00  5.929010891528415E+00 -6.384652311588951E+00 -2.305484481626976E-01 -6.467666712303932E-18  7.194656394427117E-01  7.194656394427117E-01 -6.008782926833850E+00  6.684192372657020E+17
  0.000000000000000E+00  1.268949427470335E+00 -1.128627811925093E+00  4.383438677673989E+00 -4.623277061353115E-01  2.085125863224034E+00  2.085125863224034E+00  6.255377589672102E+00 -6.717705295807414E+00 -2.217265222639643E-01  2.160858417115008E-29  7.105747591951064E-01  7.105747591951064E-01  2.023141667623013E-11  6.652881058297932E+17
  0.000000000000000E+00  1.268366548169182E+00 -1.128743818375617E+00  4.383001837376916E+00 -4.613372996166144E-01  2.069781401842063E+00  2.069781401842063E+00  6.209344205526191E+00 -6.670681505142806E+00 -2.228917987213690E-01  1.549471307962927E-18  7.120106272635285E-01  7.120106272635285E-01  1.449071962139369E+00  6.658752772061851E+17
  0.000000000000000E+00  1.267783779067932E+00 -1.128860378517311E+00  4.382565459346734E+00 -4.603444676542585E-01  2.054104578215024E+00  2.054104578215024E+00  6.162313734645072E+00 -6.622658202299331E+00 -2.241095572915225E-01 -6.655731986478141E-19  7.134028368457294E-01  7.134028368457294E-01 -6.217353835830626E-01  6.664147344223612E+17
  0.000000000000000E+00  1.267201120156226E+00 -1.128977488264346E+00  4.382129542806813E+00 -4.593492693296431E-01  2.038110821818379E+00  2.038110821818379E+00  6.114332465455139E+00 -6.573681734784782E+00 -2.253799275349595E-01 -2.549715368278360E-18  7.147514623561627E-01  7.147514623561627E-01 -2.379041184589415E+00  6.669070543505393E+17
  0.000000000000000E+00  1.271584126711915E+00 -1.128110548052696E+00  4.385417962118257E+00 -4.667716963661376E-01  2.150027035650383E+00  2.150027035650383E+00  6.450081106951151E+00 -6.916852803317289E+00 -2.171003846121121E-01 -1.897378425015468E-30  7.039196082122680E-01  7.039196082122680E-01 -1.785416301404191E-12  6.623821198820625E+17
  0.000000000000000E+00  1.270925244225874E+00 -1.128238803121497E+00  4.384922261154758E+00 -4.656655374743505E-01  2.134504393147811E+00  2.134504393147811E+00  6.403513179443435E+00 -6.869178716917785E+00 -2.181609646572903E-01  8.872346090843002E-18  7.056905364324003E-01  7.056905364324003E-01  8.338442377534129E+00  6.632247901697463E+17
  0.000000000000000E+00  1.270266500742888E+00 -1.128367772250480E+00  4.384427148711072E+00 -4.645560797660023E-01  2.118505067293606E+00  2.118505067293606E+00  6.355515201880818E+00 -6.820071281646821E+00 -2.192848565424833E-01  1.500707360495116E-17  7.073899403378586E-01  7.073899403378587E-01  1.408634592983944E+01  6.639895071614790E+17
  0.000000000000000E+00  1.269607895434021E+00 -1.128497445248670E+00  4.383932621863849E+00 -4.634434328000153E-01  2.102041432511202E+00  2.102041432511202E+00  6.306124297533605E+00 -6.769567730333621E+00 -2.204730247616304E-01  1.364074197355133E-17  7.090179660422922E-01  7.090179660422923E-01  1.278767003512730E+01  6.646770253631176E+17
  0.000000000000000E+00  1.274610815864140E+00 -1.127530757881530E+00  4.387701206531853E+00 -4.718075693811717E-01  2.215039567805396E+00  2.215039567805396E+00  6.645118703416189E+00 -7.116926272797361E+00 -2.130018696905836E-01  2.996814686524493E-30  6.957151548929581E-01  6.957151548929581E-01  2.835626393808235E-12  6.582950439537407E+17
  0.000000000000000E+00  1.273853876566556E+00 -1.127674306788003E+00  4.387129246008987E+00 -4.705553240325833E-01  2.199752221535948E+00  2.199752221535948E+00  6.599256664607845E+00 -7.069811988640428E+00 -2.139128759256459E-01  3.069802933604679E-18  6.978808319457535E-01  6.978808319457535E-01  2.900750029918278E+00  6.594487945742289E+17
  0.000000000000000E+00  1.273097115401947E+00 -1.127818794952725E+00  4.386558053173370E+00 -4.692985079962589E-01  2.183820040938871E+00  2.183820040938871E+00  6.551460122816615E+00 -7.020758630812874E+00 -2.148979765725098E-01  5.603218151666335E-18  6.999700188899270E-01  6.999700188899270E-01  5.287374920850016E+00  6.605139801892015E+17
  0.000000000000000E+00  1.272340532180378E+00 -1.127964212124641E+00  4.385987625919034E+00 -4.680372543986324E-01  2.167244490736303E+00  2.167244490736303E+00  6.501733472208910E+00 -6.969770726607543E+00 -2.159596004969521E-01  5.336373976309726E-18  7.019828872611351E-01  7.019828872611351E-01  5.028563939661039E+00  6.614914638313204E+17
  0.000000000000000E+00  1.278110709541128E+00 -1.126879645386749E+00  4.390353998202930E+00 -4.775327749698058E-01  2.277552059245079E+00  2.277552059245079E+00  6.832656177735237E+00 -7.310188952705043E+00 -2.096693127304803E-01  2.953394543653974E-30  6.853412018269954E-01  6.853412018269954E-01  2.811398456243815E-12  6.523907213673110E+17
  0.000000000000000E+00  1.277235388511407E+00 -1.127040547563060E+00  4.389689278370312E+00 -4.761110587011225E-01  2.263138861028481E+00  2.263138861028481E+00  6.789416583085442E+00 -7.265527641786565E+00 -2.103764231615706E-01  1.050818257905083E-19  6.880133624010829E-01  6.880133624010829E-01  9.988342900194311E-02  6.539773487832188E+17
  0.000000000000000E+00  1.276360297430474E+00 -1.127202700679827E+00  4.389025570882758E+00 -4.746828845922419E-01  2.247928582920169E+00  2.247928582920169E+00  6.743785748760509E+00 -7.218468633352750E+00 -2.111645753334412E-01 -4.297659738906763E-19  6.906330001719743E-01  6.906330001719743E-01 -4.078971135451721E-01  6.554897884048195E+17
  0.000000000000000E+00  1.275485438985621E+00 -1.127366104273751E+00  4.388362879142072E+00 -4.732483542749847E-01  2.231901920114391E+00  2.231901920114391E+00  6.695705760343175E+00 -7.168954114618160E+00 -2.120381500683190E-01 -7.503174517468188E-19  6.932002271289042E-01  6.932002271289042E-01 -7.110573574369381E-01  6.569287713212965E+17
  0.000000000000000E+00  1.282103988327330E+00 -1.126162240653829E+00  4.393397143907921E+00 -4.839275543833265E-01  2.333977782230597E+00  2.333977782230597E+00  7.001933346691793E+00 -7.485860901075119E+00 -2.073402575070076E-01 -4.388844732748084E-29  6.721361979730386E-01  6.721361979730386E-01 -4.204207290518448E-11  6.438596204268588E+17
  0.000000000000000E+00  1.281105225780244E+00 -1.126339115129304E+00  4.392634388675848E+00 -4.823424481423881E-01  2.321217082116776E+00  2.321217082116776E+00  6.963651246350329E+00 -7.445993694492717E+00 -2.077972163217616E-01 -1.521230363439845E-17  6.755165746769450E-01  6.755165746769449E-01 -1.455027275943005E+01  6.461184743144342E+17
  0.000000000000000E+00  1.280106754979924E+00 -1.126517637060557E+00  4.391872940745826E+00 -4.807482077338090E-01  2.307585517394881E+00  2.307585517394881E+00  6.922756552184644E+00 -7.403504759918453E+00 -2.083338641666218E-01 -1.147254434557145E-17  6.788441275518245E-01  6.788441275518245E-01 -1.095622636991386E+01  6.482929773303046E+17
  0.000000000000000E+00  1.279108581156757E+00 -1.126697811971676E+00  4.391112807975921E+00 -4.791449457966085E-01  2.293043654344465E+00  2.293043654344465E+00  6.879130963033395E+00 -7.358275908830004E+00 -2.089558761294435E-01 -1.986207786814329E-18  6.821189668407240E-01  6.821189668407240E-01 -1.893800024668442E+00  6.503835725574730E+17
  0.000000000000000E+00  1.286494115786287E+00 -1.125405277377391E+00  4.396762773628057E+00 -4.907746929026389E-01  2.380624300862705E+00  2.380624300862705E+00  7.141872902588116E+00 -7.632647595490754E+00 -2.061537776980555E-01  1.028779935188323E-29  6.557788771072345E-01  6.557788771072345E-01  9.916106751709115E-12  6.320859426288195E+17
  0.000000000000000E+00  1.285396058254411E+00 -1.125591452323114E+00  4.395918994741940E+00 -4.890810490254325E-01  2.370338048291628E+00  2.370338048291628E+00  7.111014144874884E+00 -7.600095193900317E+00 -2.063338811010217E-01 -4.995432379512489E-18  6.600369485432841E-01  6.600369485432841E-01 -4.807854660803468E+00  6.352526624864493E+17
  0.000000000000000E+00  1.284298348343695E+00 -1.125779677470672E+00  4.395076794185682E+00 -4.873751295856003E-01  2.359152342590707E+00  2.359152342590707E+00  7.077457027772123E+00 -7.564832157357723E+00 -2.065890874390877E-01 -5.318937938303202E-18  6.641823077956047E-01  6.641823077956047E-01 -5.111429745338095E+00  6.382705050844742E+17
  0.000000000000000E+00  1.283200990289536E+00 -1.125969943390699E+00  4.394236175936282E+00 -4.856572071744591E-01  2.347040986367759E+00  2.347040986367759E+00  7.041122959103278E+00 -7.526780166277737E+00 -2.069231896653215E-01 -2.981259105794998E-18  6.682152821055892E-01  6.682152821055892E-01 -2.860459745095506E+00  6.411394809009633E+17
  0.000000000000000E+00  1.291100169936257E+00 -1.124647543122801E+00  4.400316464530974E+00 -4.977329785191814E-01  2.414213049600709E+00  2.414213049600709E+00  7.242639148802126E+00 -7.740372127321307E+00 -2.061677939324793E-01 -2.364854393608270E-29  6.364641767942799E-01  6.364641767942799E-01 -2.292445715497526E-11  6.169764950870778E+17
  0.000000000000000E+00  1.289948090484609E+00 -1.124833514565879E+00  4.399425443121184E+00 -4.960154395812077E-01  2.407236024738437E+00  2.407236024738437E+00  7.221708074215313E+00 -7.717723513796520E+00 -2.060518513697065E-01 -9.324602035979828E-18  6.415372771253015E-01  6.415372771253015E-01 -9.026844809190457E+00  6.210514312112607E+17
  0.000000000000000E+00  1.288796386243485E+00 -1.125021810215930E+00  4.398536154235035E+00 -4.942829349516311E-01  2.399320682031941E+00  2.399320682031941E+00  7.197962046095826E+00 -7.692244981047457E+00 -2.060095337206162E-01  6.426476404129892E-18  6.464470757476312E-01  6.464470757476312E-01  6.212553156819762E+00  6.249282761813244E+17
  0.000000000000000E+00  1.287645060311255E+00 -1.125212405883065E+00  4.397648597797381E+00 -4.925358807016941E-01  2.390454335925328E+00  2.390454335925328E+00  7.171363007775984E+00 -7.663898888477678E+00 -2.060427899832844E-01  1.898962136371948E-17  6.511941001442103E-01  6.511941001442103E-01  1.833094177802727E+01  6.286065902685427E+17
  0.000000000000000E+00  1.295762499771324E+00 -1.123919118139646E+00  4.403936914881045E+00 -5.045218415614966E-01  2.433753208293266E+00  2.433753208293266E+00  7.301259624879798E+00 -7.805781466441294E+00 -2.073019728714835E-01 -9.176369482762759E-30  6.150314877678705E-01  6.150314877678705E-01 -8.940528216155000E-12  5.992246040813216E+17
  0.000000000000000E+00  1.294596359125227E+00 -1.124097626563957E+00  4.403029171312236E+00 -5.028489906096423E-01  2.430033328413900E+00  2.430033328413900E+00  7.290099985241701E+00 -7.792948975851344E+00 -2.069309028522071E-01 -2.997508459315614E-17  6.207165452575638E-01  6.207165452575637E-01 -2.916954955971631E+01  6.040357275108518E+17
  0.000000000000000E+00  1.293430590085022E+00 -1.124278562195323E+00  4.402123186045055E+00 -5.011595196340654E-01  2.425584859333691E+00  2.425584859333691E+00  7.276754578001073E+00 -7.777914097635138E+00 -2.066138884836765E-01 -4.685502845899788E-17  6.261831853141550E-01  6.261831853141550E-01 -4.553919007910751E+01  6.085979677787649E+17
  0.000000000000000E+00  1.292265193429202E+00 -1.124461882044639E+00  4.401218952645884E+00 -4.994539938616254E-01  2.420335525060129E+00  2.420335525060129E+00  7.261006575180388E+00 -7.760460569042014E+00 -2.063573371089602E-01 -4.031683990699597E-17  6.314321490651538E-01  6.314321490651537E-01 -3.913429908292903E+01  6.129114937851180E+17
  0.000000000000000E+00  1.300393589797468E+00 -1.123234741826468E+00  4.407556242095098E+00 -5.109910424563062E-01  2.443085447102896E+00  2.443085447102896E+00  7.329256341308689E+00 -7.840247383764995E+00 -2.091580722492776E-01 -2.374100460344068E-29  5.915603476722189E-01  5.915603476722189E-01 -2.323310775405919E-11  5.789049591652727E+17
  0.000000000000000E+00  1.299235287714213E+00 -1.123402226028907E+00  4.406648844465582E+00 -5.093996831826483E-01  2.441424956344258E+00  2.441424956344258E+00  7.324274869032774E+00 -7.833674552215422E+00 -2.086485115419699E-01  4.581361846918183E-20  5.976570321316478E-01  5.976570321316478E-01  4.478643607260388E-02  5.842570256901216E+17
  0.000000000000000E+00  1.298077335356667E+00 -1.123572128731958E+00  4.405743154863839E+00 -5.077907754036002E-01  2.439357085584382E+00  2.439357085584382E+00  7.318071256753147E+00 -7.825862032156746E+00 -2.081658230377337E-01  5.924496270616694E-20  6.036007962152458E-01  6.036007962152458E-01  5.785385903121480E-02  5.894279240002100E+17
  0.000000000000000E+00  1.296919737712986E+00 -1.123744432060559E+00  4.404839177098673E+00 -5.061647009272027E-01  2.436820335881356E+00  2.436820335881356E+00  7.310461007644067E+00 -7.816625708571269E+00 -2.077152318019095E-01  4.305144553479906E-20  6.093921211595957E-01  6.093921211595957E-01  4.199352280556271E-02  5.944172517217929E+17
  0.000000000000000E+00  1.304959325755287E+00 -1.122599121171218E+00  4.411146977814992E+00 -5.170793884030975E-01  2.446124900230378E+00  2.446124900230378E+00  7.338374700691135E+00 -7.855454089094232E+00 -2.113871570312695E-01 -2.595504829582277E-32  5.658980210703916E-01  5.658980210703916E-01 -2.549756438746296E-14  5.559234975995942E+17
  0.000000000000000E+00  1.303817393858677E+00 -1.122754422237689E+00  4.410246817974418E+00 -5.155846985894262E-01  2.445900764564545E+00  2.445900764564545E+00  7.337702293693638E+00 -7.853286992283063E+00 -2.107954280316920E-01  4.490033737136284E-18  5.724343079782094E-01  5.724343079782094E-01  4.406837044111512E+00  5.618275633108329E+17
  0.000000000000000E+00  1.302675788050151E+00 -1.122912121125272E+00  4.409348299704720E+00 -5.140716221370211E-01  2.445312988297337E+00  2.445312988297337E+00  7.335938964892013E+00 -7.850010587029034E+00 -2.102273306514301E-01  1.875794849679836E-17  5.788899855314467E-01  5.788899855314467E-01  1.839297477045037E+01  5.676265131319456E+17
  0.000000000000000E+00  1.301534517104738E+00 -1.123072225199641E+00  4.408451436570601E+00 -5.125403423309562E-01  2.444371304714779E+00  2.444371304714779E+00  7.333113914144337E+00 -7.845654256475293E+00 -2.096818684388712E-01  2.366371756714196E-17  5.852652630927040E-01  5.852652630927041E-01  2.318071399147599E+01  5.733193288165369E+17
  0.000000000000000E+00  1.309450177501982E+00 -1.122012767981062E+00  4.414700530063970E+00 -5.227647288838467E-01  2.443255644282285E+00  2.443255644282285E+00  7.329766932846857E+00 -7.852531661730704E+00 -2.139623539219985E-01  1.848395606609823E-31  5.379258359295929E-01  5.379258359295929E-01  1.821980490424861E-13  5.302384266952490E+17
  0.000000000000000E+00  1.308326995622198E+00 -1.122155734178215E+00  4.413809751663175E+00 -5.213723734481892E-01  2.444547300778903E+00  2.444547300778903E+00  7.333641902336709E+00 -7.855014275784899E+00 -2.132797239317337E-01  2.019281756359655E-18  5.451038838618771E-01  5.451038838618771E-01  1.988802218536992E+00  5.368759511362324E+17
  0.000000000000000E+00  1.307204121719940E+00 -1.122301119861922E+00  4.412920561156255E+00 -5.199605063483835E-01  2.445452698964306E+00  2.445452698964306E+00  7.336358096892919E+00 -7.856318603241302E+00 -2.126234159297361E-01  1.636398381631716E-18  5.521583544207074E-01  5.521583544207074E-01  1.610351144733843E+00  5.433694191442040E+17
  0.000000000000000E+00  1.306081562772029E+00 -1.122448917902738E+00  4.412032967058979E+00 -5.185294153961221E-01  2.445976883795722E+00  2.445976883795722E+00  7.337930651387166E+00 -7.856460066783288E+00 -2.119927701816447E-01  4.339567991017276E-19  5.590896122308420E-01  5.590896122308420E-01  4.266832098669472E-01  5.497186605757062E+17
  0.000000000000000E+00  1.313865454957440E+00 -1.121474929348960E+00  4.418215229086395E+00 -5.280385009071020E-01  2.434353535225342E+00  2.434353535225342E+00  7.303060605676026E+00 -7.831099106583128E+00 -2.169111812505174E-01  1.600222776595141E-30  5.081390810223062E-01  5.081390810223062E-01  1.582113951179063E-12  5.023887554801973E+17
  0.000000000000000E+00  1.312761202282549E+00 -1.121605799043587E+00  4.417334267070485E+00 -5.267500288965542E-01  2.437185146669660E+00  2.437185146669660E+00  7.311555440008982E+00 -7.838305468905537E+00 -2.161304936624704E-01  4.395015968857663E-20  5.157952945533230E-01  5.157952945533230E-01  4.342126149581667E-02  5.095881908463880E+17
  0.000000000000000E+00  1.311657234420273E+00 -1.121739071762932E+00  4.416454825914911E+00 -5.254413618552066E-01  2.439598552252127E+00  2.439598552252127E+00  7.318795656756383E+00 -7.844237018611590E+00 -2.153802564647953E-01  2.110768198122347E-20  5.233115421775981E-01  5.233115421775981E-01  2.083816770700231E-02  5.166296180038771E+17
  0.000000000000000E+00  1.310553557462717E+00 -1.121874732933316E+00  4.415576911611088E+00 -5.241128213339930E-01  2.441614976585437E+00  2.441614976585437E+00  7.324844929756312E+00 -7.848957751090305E+00 -2.146582595372826E-01 -1.233597022282192E-20  5.306882479270677E-01  5.306882479270677E-01 -1.216918070896366E-02  5.235130332270276E+17
  0.000000000000000E+00  1.318207375622363E+00 -1.120984208852097E+00  4.421691674329240E+00 -5.328999698264779E-01  2.418564851445790E+00  2.418564851445790E+00  7.255694554337371E+00 -7.788594524163849E+00 -2.203372671640028E-01 -3.237028996755589E-30  4.765903892940922E-01  4.765903892940922E-01 -3.209045902593349E-12  4.724704157770795E+17
  0.000000000000000E+00  1.317121496846992E+00 -1.121103326423181E+00  4.420820374513035E+00 -5.317154967007151E-01  2.423285134915546E+00  2.423285134915546E+00  7.269855404746639E+00 -7.801570901447355E+00 -2.194192870824695E-01 -1.687833354446437E-18  4.847424347149499E-01  4.847424347149499E-01 -1.672150447231175E+00  4.802383344689704E+17
  0.000000000000000E+00  1.316035880504356E+00 -1.121224836008706E+00  4.419950532097332E+00 -5.305101577727855E-01  2.427464094338493E+00  2.427464094338493E+00  7.282392283015479E+00 -7.812902440788265E+00 -2.185450071167189E-01  1.088647007489005E-19  4.927175373979221E-01  4.927175373979221E-01  1.077812410909780E-01  4.878138397728039E+17
  0.000000000000000E+00  1.314950531554492E+00 -1.121348712140142E+00  4.419082149514148E+00 -5.292843576418582E-01  2.431140603259976E+00  2.431140603259976E+00  7.293421809779929E+00 -7.822706167421787E+00 -2.177103031112753E-01  1.854051710659492E-18  5.005162386462253E-01  5.005162386462253E-01  1.834348577466974E+00  4.951972186542979E+17
  0.000000000000000E+00  1.322479184130653E+00 -1.120539394707118E+00  4.425131412192221E+00 -5.373481819766996E-01  2.393925749973286E+00  2.393925749973286E+00  7.181777249919857E+00 -7.719125431896556E+00 -2.244631781009482E-01  1.768289627121600E-32  4.430967902859506E-01  4.430967902859506E-01  1.757270416118275E-14  4.403356040231521E+17
  0.000000000000000E+00  1.321410866118282E+00 -1.120647045547865E+00  4.424269379385023E+00 -5.362680178734291E-01  2.401087448664394E+00  2.401087448664394E+00  7.203262345993182E+00 -7.739530363866612E+00 -2.233438095608423E-01 -1.254516145530920E-20  4.517143555389240E-01  4.517143555389240E-01 -1.245964826602698E-02  4.486352771767759E+17
  0.000000000000000E+00  1.320342788210514E+00 -1.120757078868770E+00  4.423408742624637E+00 -5.351663532872761E-01  2.407549688756073E+00  2.407549688756073E+00  7.222649066268219E+00 -7.757815419555495E+00 -2.222867323514243E-01 -5.237729260662717E-20  4.601688178364986E-01  4.601688178364986E-01 -5.198901928230082E-02  4.567575823991385E+17
  0.000000000000000E+00  1.319274956135743E+00 -1.120869473645094E+00  4.422549506206698E+00 -5.340435500082795E-01  2.413359734824485E+00  2.413359734824485E+00  7.240079204473455E+00 -7.774122754481734E+00 -2.212863429774254E-01 -6.606415469810667E-20  4.684606658000029E-01  4.684606658000029E-01 -6.553417831774082E-02  4.647026053337940E+17
  0.000000000000000E+00  1.326684614384401E+00 -1.120139442448167E+00  4.428536489993189E+00 -5.413818222317986E-01  2.357977040329134E+00  2.357977040329134E+00  7.073931120987401E+00 -7.615312943219200E+00 -2.295958836631551E-01 -1.074650988378377E-29  4.075340835158831E-01  4.075340835158831E-01 -1.070308263211277E-11  4.058872153325616E+17
  0.000000000000000E+00  1.325632922275011E+00 -1.120235869651883E+00  4.427683204256427E+00 -5.404063696098713E-01  2.368199104145960E+00  2.368199104145960E+00  7.104597312437880E+00 -7.645003682047752E+00 -2.281929626034367E-01  9.038300986705840E-18  4.166389051135297E-01  4.166389051135297E-01  8.996969179764456E+00  4.147336312334331E+17
  0.000000000000000E+00  1.324581448782677E+00 -1.120334680982255E+00  4.426831258348076E+00 -5.394087413542883E-01  2.377576921905068E+00  2.377576921905068E+00  7.132730765715204E+00 -7.672139507069492E+00 -2.268733080240699E-01  7.153813624568126E-18  4.256006823525117E-01  4.256006823525117E-01  7.117222205284489E+00  4.234237549355212E+17
  0.000000000000000E+00  1.323530200527768E+00 -1.120435861110320E+00  4.425980658832889E+00 -5.383892434736859E-01  2.386141976287246E+00  2.386141976287246E+00  7.158425928861741E+00 -7.696815172335427E+00 -2.256316886522405E-01  1.686597230136607E-18  4.344198366405703E-01  4.344198366405703E-01  1.677038233761966E+00  4.319577090090771E+17
  0.000000000000000E+00  1.330827712514686E+00 -1.119783350501643E+00  4.431909278839646E+00 -5.450003527703221E-01  2.309777176899524E+00  2.309777176899524E+00  6.929331530698574E+00 -7.474331883468897E+00 -2.359536487852437E-01  1.040738309373729E-30  3.700929259996460E-01  3.700929259996460E-01  1.038565810728358E-12  3.693203721567117E+17
  0.000000000000000E+00  1.329791635866460E+00 -1.119868809869755E+00  4.431064147151091E+00 -5.441295730635493E-01  2.322871408888235E+00  2.322871408888235E+00  6.968614226664706E+00 -7.512743799728256E+00 -2.342486850462285E-01 -1.047883718199451E-18  3.796613990278153E-01  3.796613990278153E-01 -1.045207134943166E+00  3.786916393817338E+17
  0.000000000000000E+00  1.328755756110549E+00 -1.119956655990979E+00  4.430220300778142E+00 -5.432360314681745E-01  2.335325955827934E+00  2.335325955827934E+00  7.005977867483804E+00 -7.549213898951978E+00 -2.326167917213008E-01 -2.624934403115820E-18  3.890908083699144E-01  3.890908083699144E-01 -2.616967906945455E+00  3.879099444096099E+17
  0.000000000000000E+00  1.327720080024135E+00 -1.120046872354167E+00  4.429377746245549E+00 -5.423200178892428E-01  2.347056079160831E+00  2.347056079160831E+00  7.041168237482495E+00 -7.583488255371738E+00 -2.310639369482575E-01 -2.890959338682648E-18  3.983815655328944E-01  3.983815655328944E-01 -2.880753526381384E+00  3.969751785845519E+17
  0.000000000000000E+00  1.334912698552848E+00 -1.119470091177858E+00  4.435252341608212E+00 -5.482050220028409E-01  2.255385243817912E+00  2.255385243817912E+00  6.766155731453736E+00 -7.314360753456577E+00 -2.430649147437182E-01  7.443903822114089E-30  3.309556115068640E-01  3.309556115068640E-01  7.441566427584415E-12  3.308516910567364E+17
  0.000000000000000E+00  1.333891183022051E+00 -1.119544842431087E+00  4.434414722030162E+00 -5.474384751423510E-01  2.268959834631636E+00  2.268959834631636E+00  6.806879503894909E+00 -7.354317979037260E+00 -2.412728805449424E-01 -1.364259373211271E-17  3.409956949302047E-01  3.409956949302047E-01 -1.363256908213190E+01  3.407451294912742E+17
  0.000000000000000E+00  1.332869842590565E+00 -1.119621985995559E+00  4.433578335529280E+00 -5.466486105589908E-01  2.282697010251026E+00  2.282697010251026E+00  6.848091030753079E+00 -7.394739641312071E+00 -2.394748878647177E-01 -1.176271156937277E-17  3.508649416742607E-01  3.508649416742607E-01 -1.174886286725879E+01  3.504518546040876E+17
  0.000000000000000E+00  1.331848683630680E+00 -1.119701496982127E+00  4.432743186401545E+00 -5.458357843894261E-01  2.296376285924262E+00  2.296376285924262E+00  6.889128857772786E+00 -7.434964642162212E+00 -2.376944004060442E-01 -3.994104277248421E-18  3.605638511755373E-01  3.605638511755372E-01 -3.987587621853241E+00  3.599755664931732E+17
  0.000000000000000E+00  1.338943923499826E+00 -1.119198878245956E+00  4.438568459683180E+00 -5.509959157655665E-01  2.208054431996559E+00  2.208054431996559E+00  6.624163295989678E+00 -7.175159211755245E+00 -2.495391000245165E-01  4.782216526944763E-30  2.900308254607735E-01  2.900308254607735E-01  4.788422281527943E-12  2.904071907119547E+17
  0.000000000000000E+00  1.337935881153195E+00 -1.119263107989995E+00  4.437737652097558E+00 -5.503335913656686E-01  2.218577629119479E+00  2.218577629119479E+00  6.655732887358440E+00 -7.206066478724108E+00 -2.480569461002308E-01 -6.833995344570851E-21  3.004808402211803E-01  3.004808402211803E-01 -6.840272104113291E-03  3.007568202132763E+17
  0.000000000000000E+00  1.336927991435541E+00 -1.119329732688299E+00  4.436908025564088E+00 -5.496474716945845E-01  2.230088643155528E+00  2.230088643155528E+00  6.690265929466586E+00 -7.239913401161170E+00 -2.464688896477428E-01  4.437719280842848E-19  3.107846920991596E-01  3.107846920991596E-01  4.439992547039217E-01  3.109438946737676E+17
  0.000000000000000E+00  1.335920261513285E+00 -1.119398733398408E+00  4.436079586593505E+00 -5.489378506183100E-01  2.242415254567431E+00  2.242415254567431E+00  6.727245763702292E+00 -7.276183614320603E+00 -2.447975902323238E-01  6.730051885651373E-19  3.209428065167640E-01  3.209428065167640E-01  6.730696940050493E-01  3.209735678797857E+17
  0.000000000000000E+00  1.342925842108689E+00 -1.118969057635224E+00  4.441860580443967E+00 -5.533728289859764E-01  2.178066488195928E+00  2.178066488195928E+00  6.534199464587784E+00 -7.087572293573761E+00 -2.540660865887202E-01 -4.917062671751670E-30  2.473217179533979E-01  2.473217179533979E-01 -4.929720444489362E-12  2.479583871008005E+17
  0.000000000000000E+00  1.341930159468215E+00 -1.119022919796655E+00  4.441035843873521E+00 -5.528147798597218E-01  2.183772130249494E+00  2.183772130249494E+00  6.551316390748482E+00 -7.104131170608204E+00 -2.531467327575809E-01  2.807170530068892E-18  2.581833445812596E-01  2.581833445812596E-01  2.813661846609799E+00  2.587803691643105E+17
  0.000000000000000E+00  1.340934606927058E+00 -1.119079186545194E+00  4.440212239303120E+00 -5.522324529787743E-01  2.190685798555515E+00  2.190685798555515E+00  6.572057395666546E+00 -7.124289848645320E+00 -2.520819979491823E-01  7.527778747144449E-19  2.689218299588055E-01  2.689218299588055E-01  7.542826889575215E-01  2.694594087235237E+17
  0.000000000000000E+00  1.339939192324501E+00 -1.119137843991431E+00  4.439389775131806E+00 -5.516260857963253E-01  2.198786797631900E+00  2.198786797631900E+00  6.596360392895702E+00 -7.147986478692028E+00 -2.508774777028988E-01 -1.681334105931671E-18  2.795375357096206E-01  2.795375357096206E-01 -1.684115199025668E+00  2.799999184730061E+17
  0.000000000000000E+00  1.346862973883997E+00 -1.118780111132400E+00  4.445131782217474E+00 -5.553352264755536E-01  2.166641930972975E+00  2.166641930972975E+00  6.499925792918924E+00 -7.055261019394477E+00 -2.563114922391302E-01 -1.660728269524659E-30  2.028633724110167E-01  2.028633724110167E-01 -1.666165158215376E-12  2.035275060898743E+17
  0.000000000000000E+00  1.345878521598888E+00 -1.118823725205489E+00  4.444312343345890E+00 -5.548815913787480E-01  2.167971117367378E+00  2.167971117367378E+00  6.503913352102136E+00 -7.058794943480883E+00 -2.559451032043981E-01  9.329479399386553E-19  2.141636512495016E-01  2.141636512495016E-01  9.358444791409922E-01  2.148285687491861E+17
  0.000000000000000E+00  1.344894176779521E+00 -1.118869764440007E+00  4.443493991108643E+00 -5.544031568334610E-01  2.170270682593027E+00  2.170270682593027E+00  6.510812047779082E+00 -7.065215204612542E+00 -2.554534608425264E-01  2.207006805002623E-18  2.253398916654180E-01  2.253398916654180E-01  2.213509664633810E+00  2.260038468836284E+17
  0.000000000000000E+00  1.343909947568565E+00 -1.118918213646428E+00  4.442676734001900E+00 -5.539001577368259E-01  2.173612011314388E+00  2.173612011314388E+00  6.520836033943166E+00 -7.074736191679992E+00 -2.548293600024234E-01  2.378625072047779E-18  2.363924581669694E-01  2.363924581669694E-01  2.385230485183985E+00  2.370489171721424E+17
  0.000000000000000E+00  1.350759862006388E+00 -1.118631591350401E+00  4.448385221335209E+00 -5.568829597087231E-01  2.168667957265302E+00  2.168667957265302E+00  6.506003871795906E+00 -7.062886831504629E+00 -2.567857185527629E-01  1.993548709741516E-30  1.569836827329992E-01  1.569836827329992E-01  2.000481006488391E-12  1.575295723156338E+17
  0.000000000000000E+00  1.349785505948095E+00 -1.118665084078562E+00  4.447570294248876E+00 -5.565335257768848E-01  2.167369523595878E+00  2.167369523595878E+00  6.502108570787636E+00 -7.058642096564521E+00 -2.567783295455502E-01 -1.755527931368079E-20  1.686421598193681E-01  1.686421598193681E-01 -1.761500607508384E-02  1.692159160018844E+17
  0.000000000000000E+00  1.348811233661692E+00 -1.118701013053744E+00  4.446756406468718E+00 -5.561589355833456E-01  2.166495987681367E+00  2.166495987681367E+00  6.499487963044102E+00 -7.055646898627447E+00 -2.567089617269772E-01 -7.131613113680414E-21  1.801746878901222E-01  1.801746878901222E-01 -7.155839343228270E-03  1.807867448368411E+17
  0.000000000000000E+00  1.347837053517039E+00 -1.118739361122754E+00  4.445943566362805E+00 -5.557594241442027E-01  2.166201929985742E+00  2.166201929985742E+00  6.498605789957228E+00 -7.054365214101431E+00 -2.565593800148911E-01  6.875487923979976E-21  1.915816348980162E-01  1.915816348980162E-01  6.898734700311972E-03  1.922293933502213E+17
  0.000000000000000E+00  1.354621043870778E+00 -1.118523200298114E+00  4.451624122039072E+00 -5.580154252949265E-01  2.174060593218499E+00  2.174060593218499E+00  6.522181779655496E+00 -7.080197204950422E+00 -2.566696747255032E-01 -3.428570607505028E-32  1.095118957959836E-01  1.095118957959836E-01 -3.441578279437036E-14  1.099273735493215E+17
  0.000000000000000E+00  1.353655649962637E+00 -1.118546622604768E+00  4.450812894048974E+00 -5.577704998289315E-01  2.173081445999258E+00  2.173081445999258E+00  6.519244337997776E+00 -7.077014837826708E+00 -2.566726161395433E-01 -1.187911838387814E-21  1.215664126031624E-01  1.215664126031624E-01 -1.192312963750804E-03  1.220168071564496E+17
  0.000000000000000E+00  1.352690315822531E+00 -1.118572507137898E+00  4.450002662132523E+00 -5.574999615037416E-01  2.171724734097813E+00  2.171724734097813E+00  6.515174202293439E+00 -7.072674163797180E+00 -2.567083906862352E-01  7.514643359458308E-21  1.334963062561826E-01  1.334963062561826E-01  7.542039866277841E-03  1.339830003399580E+17
  0.000000000000000E+00  1.351725050240451E+00 -1.118600836014207E+00  4.449193435014148E+00 -5.572040386775932E-01  2.170187792768411E+00  2.170187792768411E+00  6.510563378305234E+00 -7.067767416982827E+00 -2.567538350986635E-01  1.246963561089955E-20  1.453019403370511E-01  1.453019403370511E-01  1.251429580815233E-02  1.458223415355426E+17
  0.000000000000000E+00  1.358451052725410E+00 -1.118454895055319E+00  4.454851797381734E+00 -5.587303469218954E-01  2.170980647602174E+00  2.170980647602174E+00  6.512941942806522E+00 -7.071672289728418E+00 -2.573631172341436E-01 -9.390133465213787E-34  6.051769532694062E-02  6.051769532694062E-02 -9.428308676515134E-16  6.076372759209798E+16
  0.000000000000000E+00  1.357493489073678E+00 -1.118468252822441E+00  4.454043439181532E+00 -5.585904585408140E-01  2.172974691920749E+00  2.172974691920749E+00  6.518924075762247E+00 -7.077514534303061E+00 -2.570625698576642E-01  5.378103412355503E-21  7.293655368832884E-02  7.293655368832884E-02  5.399677414650720E-03  7.322913515358334E+16
  0.000000000000000E+00  1.356535960187565E+00 -1.118484100757042E+00  4.453236034178001E+00 -5.584245407118947E-01  2.174104856616268E+00  2.174104856616268E+00  6.522314569848805E+00 -7.080739110560700E+00 -2.568526255817372E-01  2.244990550254470E-20  8.524164744813598E-02  8.524164744813598E-02  2.253875261240492E-02  8.557899737660816E+16
  0.000000000000000E+00  1.355578475356717E+00 -1.118502422151480E+00  4.452429591960610E+00 -5.582327955812337E-01  2.174442903208821E+00  2.174442903208821E+00  6.523328709626464E+00 -7.081561505207698E+00 -2.567245130959524E-01  2.831299580595691E-20  9.743331413808883E-02  9.743331413808883E-02  2.842312619762041E-02  9.781230508347099E+16
  0.000000000000000E+00  1.362254405862352E+00 -1.118426755788279E+00  4.458071604717386E+00 -5.590251529858823E-01  2.155464316061112E+00  2.155464316061112E+00  6.466392948183338E+00 -7.025418101169221E+00 -2.593525435890504E-01 -2.964275924277008E-31  1.013391362447974E-02  1.013391362447974E-02 -2.975908633054671E-13  1.017368214434191E+16
  0.000000000000000E+00  1.361303544761356E+00 -1.118430027077429E+00  4.457265276974221E+00 -5.589908707047329E-01  2.160223793858047E+00  2.160223793858047E+00  6.480671381574142E+00 -7.039662252278875E+00 -2.587652595504488E-01  1.386016036008514E-20  2.288384453413498E-02  2.288384453413498E-02  1.391569650317784E-02  2.297553759045911E+16
  0.000000000000000E+00  1.360352692356000E+00 -1.118435817912933E+00  4.456459859592934E+00 -5.589301911571929E-01  2.164487238114209E+00  2.164487238114209E+00  6.493461714342629E+00 -7.052391905499821E+00 -2.582275290494001E-01  1.097424870620822E-20  3.553090943904647E-02  3.553090943904647E-02  1.101889345165182E-02  3.567545404066358E+16
  0.000000000000000E+00  1.359401858419585E+00 -1.118444112502871E+00  4.455655362959225E+00 -5.588432910080008E-01  2.168118304229088E+00  2.168118304229088E+00  6.504354912687264E+00 -7.063198203695265E+00 -2.577549803984092E-01  2.593369262627831E-21  4.807542067157432E-02  4.807542067157432E-02  2.603983287471998E-03  4.827218158671096E+16
  0.000000000000000E+00  1.366035596082839E+00 -1.118438977221337E+00  4.461286932841330E+00 -5.588970889760210E-01  2.135537656107001E+00  2.135537656107001E+00  6.406612968321003E+00 -6.965510057297024E+00 -2.617125890418003E-01 -3.697315548358429E-32 -4.147473360454851E-02 -4.147473360454851E-02 -3.709120961381793E-14 -4.160716113307068E+16
  0.000000000000000E+00  1.365090316006857E+00 -1.118432113608211E+00  4.460481789084346E+00 -5.589690033861504E-01  2.140338891640808E+00  2.140338891640808E+00  6.421016674922425E+00 -6.979985678308576E+00 -2.611591115637011E-01 -3.405332520017407E-20 -2.844355977901524E-02 -2.844355977901524E-02 -3.416912209325507E-02 -2.854028090187806E+16
  0.000000000000000E+00  1.364145017454127E+00 -1.118427798097624E+00  4.459677512237192E+00 -5.590142254934498E-01  2.145356818587663E+00  2.145356818587663E+00  6.436070455762991E+00 -6.995084681256441E+00 -2.605693470895258E-01 -8.344593099184728E-20 -1.549857868667293E-02 -1.549857868667293E-02 -8.374736091178613E-02 -1.555456386506522E+16
  0.000000000000000E+00  1.363199710660632E+00 -1.118426016790629E+00  4.458874113679070E+00 -5.590328953444998E-01  2.150446829282715E+00  2.150446829282715E+00  6.451340487848145E+00 -7.010373383192645E+00 -2.599612730396901E-01 -9.115536282792730E-20 -2.639514413271567E-03 -2.639514413271567E-03 -9.150150497823319E-02 -2.649537380285564E+15
  0.000000000000000E+00  1.369799083821458E+00 -1.118491855432671E+00  4.464501188776556E+00 -5.583434161421601E-01  2.120467344893089E+00  2.120467344893089E+00  6.361402034679267E+00 -6.919745450821427E+00 -2.633114900292469E-01  4.073134308762431E-31 -9.415408437576435E-02 -9.415408437576435E-02  4.084846179606501E-13 -9.442481457812435E+16
  0.000000000000000E+00  1.368858271373919E+00 -1.118474780660075E+00  4.463696377651539E+00 -5.585221421628898E-01  2.123493615770587E+00  2.123493615770587E+00  6.370480847311763E+00 -6.929002989474652E+00 -2.630204009161617E-01 -3.459851026863507E-19 -8.086813630377418E-02 -8.086813630377418E-02 -3.469897311280123E-01 -8.110295112419317E+16
  0.000000000000000E+00  1.367917412149120E+00 -1.118460284592368E+00  4.462892389848210E+00 -5.586739158630835E-01  2.127058295519497E+00  2.127058295519497E+00  6.381174886558492E+00 -6.939848802421576E+00 -2.626509659090641E-01 -1.474917093714650E-19 -6.765976735943387E-02 -6.765976735943387E-02 -1.479268882475247E-01 -6.785939960750677E+16
  0.000000000000000E+00  1.366976516825834E+00 -1.118448354391979E+00  4.462089237542392E+00 -5.587988579112807E-01  2.131095077758681E+00  2.131095077758681E+00  6.393285233276043E+00 -6.952084091187324E+00 -2.622120729118204E-01  1.250710978179528E-19 -5.452872040624281E-02 -5.452872040624281E-02  1.254512154262093E-01 -5.469444475938053E+16
  0.000000000000000E+00  1.373549307537773E+00 -1.118586003468316E+00  4.467717849044306E+00 -5.573591299146456E-01  2.115004311470245E+00  2.115004311470245E+00  6.345012934410734E+00 -6.902372064325380E+00 -2.635262381697925E-01  4.168241297799805E-31 -1.480749126505345E-01 -1.480749126505345E-01  4.180741258510272E-13 -1.485189681785373E+17
  0.000000000000000E+00  1.372611855569875E+00 -1.118558543580113E+00  4.466912498824650E+00 -5.576460375938388E-01  2.115238813620361E+00  2.115238813620361E+00  6.345716440861084E+00 -6.903362478454923E+00 -2.636326612404550E-01 -9.327848497687158E-19 -1.345727680213366E-01 -1.345727680213366E-01 -9.354961290217310E-01 -1.349639239819502E+17
  0.000000000000000E+00  1.371674326986429E+00 -1.118533699319271E+00  4.466107928538646E+00 -5.579057268859429E-01  2.116276881615277E+00  2.116276881615277E+00  6.348830644845830E+00 -6.906736371731773E+00 -2.636260556133438E-01 -1.522981355618134E-18 -1.210853449408709E-01 -1.210853449408709E-01 -1.527342301882602E+00 -1.214320640131391E+17
  0.000000000000000E+00  1.370736732749577E+00 -1.118511470124040E+00  4.465304153447594E+00 -5.581381892492769E-01  2.118044422893387E+00  2.118044422893387E+00  6.354133268680162E+00 -6.912271457929439E+00 -2.635158088359750E-01 -1.351978208648679E-18 -1.076124987799905E-01 -1.076124987799905E-01 -1.355840883074326E+00 -1.079199534743476E+17
  0.000000000000000E+00  1.377290734683794E+00 -1.118722067370162E+00  4.470940437230944E+00 -5.559397107206341E-01  2.123212254122036E+00  2.123212254122036E+00  6.369636762366106E+00 -6.925576473086740E+00 -2.618389704756670E-01 -8.662425102104665E-32 -2.030080529673702E-01 -2.030080529673702E-01 -8.691524473137099E-14 -2.036900105700321E+17
  0.000000000000000E+00  1.376355529213606E+00 -1.118684049546043E+00  4.470133667060605E+00 -5.563359190280861E-01  2.119741340239792E+00  2.119741340239792E+00  6.359224020719377E+00 -6.915559939747463E+00 -2.624546252257134E-01  8.540170542947474E-19 -1.891731345214354E-01 -1.891731345214354E-01  8.568696671202325E-01 -1.898050161765608E+17
  0.000000000000000E+00  1.375420214909101E+00 -1.118648709674465E+00  4.469327636824456E+00 -5.567044929809523E-01  2.117226882790496E+00  2.117226882790496E+00  6.351680648371489E+00 -6.908385141352441E+00 -2.629404045008242E-01  7.230570240971534E-19 -1.754061282549333E-01 -1.754061282549333E-01  7.254086694333708E-01 -1.759766130019277E+17
  0.000000000000000E+00  1.374484803705437E+00 -1.118616032675273E+00  4.468522359763410E+00 -5.570455306021621E-01  2.115653125344022E+00  2.115653125344022E+00  6.346959376032068E+00 -6.904004906634229E+00 -2.632971936321470E-01  2.301464879389917E-19 -1.617068009735779E-01 -1.617068009735779E-01  2.308663512575195E-01 -1.622125953283812E+17
  0.000000000000000E+00  1.381027774831955E+00 -1.118900940202800E+00  4.474172491869041E+00 -5.540794883077904E-01  2.146173721719635E+00  2.146173721719635E+00  6.438521165158905E+00 -6.992600653466695E+00 -2.581708473551856E-01 -1.466695696721862E-29 -2.587112194308834E-01 -2.587112194308834E-01 -1.471308274346886E-11 -2.595248344055210E+17
  0.000000000000000E+00  1.380093716007832E+00 -1.118852144884412E+00  4.473363420354453E+00 -5.545862652375739E-01  2.139130690901179E+00  2.139130690901179E+00  6.417392072703539E+00 -6.971978337941112E+00 -2.592577758790119E-01  2.469169463191539E-18 -2.446263257363521E-01 -2.446263257363520E-01  2.477106710801158E+00 -2.454126872024828E+17
  0.000000000000000E+00  1.379159514326925E+00 -1.118806085179886E+00  4.472555046008731E+00 -5.550651118809614E-01  2.132938831205373E+00  2.132938831205373E+00  6.398816493616120E+00 -6.953881605497081E+00 -2.602348945784260E-01  7.075470749722408E-18 -2.306476895990649E-01 -2.306476895990649E-01  7.098646611743954E+00 -2.314031812431999E+17
  0.000000000000000E+00  1.378225182861492E+00 -1.118762734778657E+00  4.471747380959635E+00 -5.555162023409742E-01  2.127624049867298E+00  2.127624049867298E+00  6.382872149601894E+00 -6.938388351942868E+00 -2.610969745221776E-01  8.147905654587720E-18 -2.167750298887039E-01 -2.167750298887039E-01  8.174995625189196E+00 -2.174957585563846E+17
  0.000000000000000E+00  1.388411540737684E+00 -1.119384209715419E+00  4.480596576027654E+00 -5.490872816219268E-01  2.233157551664352E+00  2.233157551664352E+00  6.699472654993058E+00 -7.248559936614985E+00 -2.458793295675430E-01  3.191516163884620E-30 -3.702500117606655E-01 -3.702500117606655E-01  3.199051937052257E-12 -3.711242420514333E+17
  0.000000000000000E+00  1.386566716438990E+00 -1.119247073792167E+00  4.478986865535393E+00 -5.504989638907719E-01  2.205759761658639E+00  2.205759761658639E+00  6.617279284975918E+00 -7.167778248866690E+00 -2.495734002676790E-01 -6.290893453697454E-19 -3.422170111027383E-01 -3.422170111027383E-01 -6.306460205850739E-01 -3.430638236316237E+17
  0.000000000000000E+00  1.384721079577552E+00 -1.119120873714080E+00  4.477379533642488E+00 -5.518015061899970E-01  2.182311239146830E+00  2.182311239146830E+00  6.546933717440490E+00 -7.098735223630487E+00 -2.528518830365015E-01 -5.850071098329298E-19 -3.142836521870900E-01 -3.142836521870900E-01 -5.865847442303934E-01 -3.151312054764721E+17
  0.000000000000000E+00  1.382874731819747E+00 -1.119005524258508E+00  4.475774702139099E+00 -5.529949878766527E-01  2.162539915407603E+00  2.162539915407603E+00  6.487619746222811E+00 -7.040614734099464E+00 -2.557155056129552E-01 -2.479211498051642E-19 -2.864487999674725E-01 -2.864487999674725E-01 -2.486518215057381E-01 -2.872930201236153E+17
  0.000000000000000E+00  1.395809467175370E+00 -1.120046971260533E+00  4.487082109717325E+00 -5.423192053259409E-01  2.382618814121662E+00  2.382618814121662E+00  7.147856442364987E+00 -7.690175647690928E+00 -2.276147582280649E-01  4.695333403576472E-31 -4.832599316809968E-01 -4.832599316809968E-01  4.700904765444693E-13 -4.838333554880807E+17
  0.000000000000000E+00  1.393961559662862E+00 -1.119864302422988E+00  4.485457609104327E+00 -5.441756215411161E-01  2.340443564543142E+00  2.340443564543142E+00  7.021330693629427E+00 -7.565506315170543E+00 -2.325096104794733E-01 -7.728948925301888E-19 -4.550740111940765E-01 -4.550740111940765E-01 -7.742042927707340E-01 -4.558449750411434E+17
  0.000000000000000E+00  1.392112529600461E+00 -1.119692992333785E+00  4.483835094772046E+00 -5.459227722062957E-01  2.301015769014099E+00  2.301015769014099E+00  6.903047307042297E+00 -7.448970079248593E+00 -2.372529469627249E-01 -1.956289709557181E-18 -4.268441648022462E-01 -4.268441648022462E-01 -1.960302571350400E+00 -4.277197338103668E+17
  0.000000000000000E+00  1.390262486716093E+00 -1.119532981321679E+00  4.482214704686250E+00 -5.475601585052945E-01  2.265024180424509E+00  2.265024180424509E+00  6.795072541273530E+00 -7.342632699778825E+00 -2.417458335489694E-01 -2.163415069716321E-18 -3.985697458038666E-01 -3.985697458038666E-01 -2.168325335372714E+00 -3.994743726421895E+17
  0.000000000000000E+00  1.403235835691841E+00 -1.120898334502205E+00  4.493639818297148E+00 -5.337557284640949E-01  2.555912371574598E+00  2.555912371574598E+00  7.667737114723796E+00 -8.201492843187891E+00 -2.088317793677991E-01  2.673957196457190E-31 -5.952417098914697E-01 -5.952417098914697E-01  2.670004210737138E-13 -5.943617474215030E+17
  0.000000000000000E+00  1.401381310558952E+00 -1.120667957514218E+00  4.491997918820529E+00 -5.360585418230103E-01  2.514002805768738E+00  2.514002805768738E+00  7.542008417306215E+00 -8.078066959129226E+00 -2.132290944914411E-01  3.954512144828077E-19 -5.674723994844335E-01 -5.674723994844335E-01  3.951377552565304E-01 -5.670225855686797E+17
  0.000000000000000E+00  1.399525328785716E+00 -1.120449308762278E+00  4.490357567960544E+00 -5.382540098423138E-01  2.470613248979381E+00  2.470613248979381E+00  7.411839746938144E+00 -7.950093756780458E+00 -2.178625125015695E-01  6.531060791541857E-19 -5.395524679555112E-01 -5.395524679555112E-01  6.530385813215295E-01 -5.394967057702341E+17
  0.000000000000000E+00  1.397668008336426E+00 -1.120242332069884E+00  4.488718915305642E+00 -5.403412063879693E-01  2.426549864124398E+00  2.426549864124398E+00  7.279649592373195E+00 -7.819990798761165E+00 -2.226787977352970E-01  5.844687447826549E-19 -5.114817406630492E-01 -5.114817406630492E-01  5.847987944771148E-01 -5.117705745720214E+17
  0.000000000000000E+00  1.410704805549988E+00 -1.121948545751227E+00  4.500280333444889E+00 -5.233916787147959E-01  2.709164127217625E+00  2.709164127217625E+00  8.127492381652877E+00 -8.650884060367673E+00 -1.931930492717439E-01  3.641572298583005E-30 -7.048537052269581E-01 -7.048537052269581E-01  3.626370530902996E-12 -7.019112887659633E+17
  0.000000000000000E+00  1.408840175108683E+00 -1.121667845722777E+00  4.498618436176929E+00 -5.261404756095234E-01  2.672550504095627E+00  2.672550504095627E+00  8.017651512286882E+00 -8.543791987896405E+00 -1.968683004505337E-01  2.412864570982664E-18 -6.779284151754117E-01 -6.779284151754117E-01  2.404414269943157E+00 -6.755541836249293E+17
  0.000000000000000E+00  1.406973721830451E+00 -1.121399255393828E+00  4.496957608227259E+00 -5.287851495935972E-01  2.635034381368594E+00  2.635034381368594E+00  7.905103144105784E+00 -8.433888293699381E+00 -2.006748577295431E-01  1.686012368648957E-18 -6.506844656967155E-01 -6.506844656967155E-01  1.681240145654161E+00 -6.488427168298063E+17
  0.000000000000000E+00  1.405105567947450E+00 -1.121142757431322E+00  4.495298014212249E+00 -5.313241005755952E-01  2.596270192655320E+00  2.596270192655320E+00  7.788810577965962E+00 -8.320134678541557E+00 -2.046490007390897E-01  1.131302760084682E-19 -6.231221602699692E-01 -6.231221602699692E-01  1.128862832719396E-01 -6.217782469830920E+17
  0.000000000000000E+00  1.418230885285898E+00 -1.123208692066754E+00  4.507014481359727E+00 -5.112394504468596E-01  2.853999079092464E+00  2.853999079092464E+00  8.561997237277394E+00 -9.073236687724254E+00 -1.791309093937855E-01  5.465168417682454E-32 -8.097527012444010E-01 -8.097527012444010E-01  5.428461458004695E-14 -8.043139741125228E+17
  0.000000000000000E+00  1.416352561785931E+00 -1.122874948376929E+00  4.505329950618501E+00 -5.144281232331822E-01  2.818306452825188E+00  2.818306452825188E+00  8.454919358475564E+00 -8.969347481708747E+00 -1.825309390032790E-01 -3.988832548989488E-19 -7.841693638934705E-01 -7.841693638934705E-01 -3.964611601003708E-01 -7.794077387458524E+17
  0.000000000000000E+00  1.414472020843290E+00 -1.122553685428767E+00  4.503645965478615E+00 -5.175177484104392E-01  2.782205046500937E+00  2.782205046500937E+00  8.346615139502813E+00 -8.864132887913252E+00 -1.860099236975001E-01 -1.890754839463410E-18 -7.581578889735147E-01 -7.581578889735147E-01 -1.880444619857123E+00 -7.540236806835736E+17
  0.000000000000000E+00  1.412589392187976E+00 -1.122244889220716E+00  4.501962701391082E+00 -5.205062816728906E-01  2.745791918503740E+00  2.745791918503740E+00  8.237375755511222E+00 -8.757882037184112E+00 -1.895650861834167E-01 -2.439997025676423E-18 -7.317190984529514E-01 -7.317190984529514E-01 -2.428211800289740E+00 -7.281848832861860E+17
  0.000000000000000E+00  1.425828413389272E+00 -1.124690919636129E+00  4.513852813255182E+00 -4.973320124210164E-01  2.986645537954042E+00  2.986645537954042E+00  8.959936613862126E+00 -9.457268626283144E+00 -1.665185928832072E-01  7.831324820145885E-31 -9.078804023430935E-01 -9.078804023430935E-01  7.756483189524118E-13 -8.992040606919200E+17
  0.000000000000000E+00  1.423932848907861E+00 -1.124301140703493E+00  4.512143081265938E+00 -5.009494332290595E-01  2.956088801204955E+00  2.956088801204956E+00  8.868266403614868E+00 -9.369215836843928E+00 -1.694635942685021E-01  1.103013537542808E-18 -8.842101501983239E-01 -8.842101501983239E-01  1.093279748817107E+00 -8.764072407160668E+17
  0.000000000000000E+00  1.422034652247344E+00 -1.123924162623920E+00  4.510433324611263E+00 -5.044749116885449E-01  2.923572749393090E+00  2.923572749393090E+00  8.770718248179271E+00 -9.275193159867817E+00 -1.725542529404372E-01  8.540882006002193E-19 -8.599646397141617E-01 -8.599646397141617E-01  8.471651277987904E-01 -8.529939336404660E+17
  0.000000000000000E+00  1.420133954131948E+00 -1.123560006158108E+00  4.508723729320570E+00 -5.079058000207268E-01  2.889431477146306E+00  2.889431477146306E+00  8.668294431438920E+00 -9.176200231459646E+00 -1.757805312352832E-01  1.768974724821002E-19 -8.351451091876130E-01 -8.351451091876130E-01  1.755880255958928E-01 -8.289631205621526E+17
  0.000000000000000E+00  1.433512036249025E+00 -1.126408240168063E+00  4.520805915928547E+00 -4.817245511202919E-01  3.088160360955961E+00  3.088160360955961E+00  9.264481082867885E+00 -9.746205633988177E+00 -1.559907824771026E-01 -8.254041794221129E-31 -9.972618042658183E-01 -9.972618042658183E-01 -8.151376527294278E-13 -9.848576813060116E+17
  0.000000000000000E+00  1.431595607486702E+00 -1.125959195797808E+00  4.519068406029321E+00 -4.857541128059242E-01  3.066131168418399E+00  3.066131168418399E+00  9.198393505255197E+00 -9.684147618061122E+00 -1.584257444069134E-01 -5.373331110587840E-20 -9.759808830007266E-01 -9.759808830007266E-01 -5.310267205603347E-02 -9.645263188941224E+17
  0.000000000000000E+00  1.429676106453402E+00 -1.125523262894268E+00  4.517330255968369E+00 -4.897006881121638E-01  3.041910670121609E+00  3.041910670121609E+00  9.125732010364828E+00 -9.615432698476992E+00 -1.609845722697000E-01 -6.772416722566014E-19 -9.539892319477803E-01 -9.539892319477803E-01 -6.697757505055841E-01 -9.434724411937457E+17
  0.000000000000000E+00  1.427753664602974E+00 -1.125100488494643E+00  4.515591660167482E+00 -4.935610602476487E-01  3.015436311491516E+00  3.015436311491516E+00  9.046308934474549E+00 -9.539869994722197E+00 -1.636781577401381E-01 -9.633644595027357E-19 -9.312885402235194E-01 -9.312885402235194E-01 -9.534434643599674E-01 -9.216978718187057E+17
  0.000000000000000E+00  1.441296309050363E+00 -1.128374562629823E+00  4.527884004007435E+00 -4.644978043793577E-01  3.158205580381388E+00  3.158205580381388E+00  9.474616741144164E+00 -9.939114545523521E+00 -1.470764940904400E-01 -2.048533736632571E-31 -1.075839590633626E+00 -1.075839590633626E+00 -2.017080226597783E-13 -1.059320979905037E+18
  0.000000000000000E+00  1.439355402206040E+00 -1.127862840913120E+00  4.526116230994599E+00 -4.689162366675336E-01  3.143451837876039E+00  3.143451837876039E+00  9.430355513628120E+00 -9.899271750295654E+00 -1.491723941870125E-01  7.878055949965374E-21 -1.057404524569584E+00 -1.057404524569584E+00  7.763008455114227E-03 -1.041962676686220E+18
  0.000000000000000E+00  1.437410967222878E+00 -1.127364500415424E+00  4.524347158306631E+00 -4.732625994383119E-01  3.126919859831289E+00  3.126919859831289E+00  9.380759579493869E+00 -9.854022178932182E+00 -1.513510485247442E-01  1.866780363167165E-20 -1.038161853458932E+00 -1.038161853458932E+00  1.840886359557161E-02 -1.023761569787838E+18
  0.000000000000000E+00  1.435463134953123E+00 -1.126879610409488E+00  4.522576986330787E+00 -4.775332513648468E-01  3.108519437205232E+00  3.108519437205232E+00  9.325558311615698E+00 -9.803091562980544E+00 -1.536208027684656E-01  2.014062172978721E-20 -1.018113628420162E+00 -1.018113628420162E+00  1.987575321507506E-02 -1.004724456616740E+18
  0.000000000000000E+00  1.449195824480821E+00 -1.130604688678392E+00  4.535096958050231E+00 -4.457583627795342E-01  3.199348518148958E+00  3.199348518148958E+00  9.598045554446873E+00 -1.004380391722641E+01 -1.393278538586462E-01 -4.379663998534299E-31 -1.141795688125357E+00 -1.141795688125357E+00 -4.297662074094874E-13 -1.120417462815322E+18
  0.000000000000000E+00  1.447226804337857E+00 -1.130026672752516E+00  4.533296514798188E+00 -4.505358933365029E-01  3.192146340300807E+00  3.192146340300807E+00  9.576439020902423E+00 -1.002697491423893E+01 -1.411388593462940E-01  5.912232980343994E-21 -1.126719156363952E+00 -1.126719156363952E+00  5.806802450136522E-03 -1.106626815881887E+18
  0.000000000000000E+00  1.445253798441360E+00 -1.129462232985315E+00  4.531494073753983E+00 -4.552544730291757E-01  3.182824520739422E+00  3.182824520739422E+00  9.548473562218266E+00 -1.000372803524744E+01 -1.430347385043435E-01  6.265554294674496E-21 -1.110699474748932E+00 -1.110699474748932E+00  6.159200175843880E-03 -1.091846000919338E+18
  0.000000000000000E+00  1.443276926706979E+00 -1.128911489552509E+00  4.529689836109772E+00 -4.599098579969836E-01  3.171478965440913E+00  3.171478965440913E+00  9.514436896322739E+00 -9.974346754319722E+00 -1.450143176128696E-01  3.482903399409226E-21 -1.093738897927244E+00 -1.093738897927244E+00  3.426660121701468E-03 -1.076076777127014E+18
  0.000000000000000E+00  1.457225037799204E+00 -1.133113926740418E+00  4.542454039476101E+00 -4.256427413114430E-01  3.205182985953322E+00  3.205182985953322E+00  9.615548957859968E+00 -1.004119169917141E+01 -1.327982655520192E-01 -1.524960995008703E-28 -1.193844132023267E+00 -1.193844132023267E+00 -1.490388940254971E-10 -1.166778754721933E+18
  0.000000000000000E+00  1.455224319342495E+00 -1.132465796848353E+00  4.540618677224682E+00 -4.307429901274680E-01  3.207280431385053E+00  3.207280431385053E+00  9.621841294155161E+00 -1.005258428428263E+01 -1.343016301014417E-01  2.228843481417752E-19 -1.182287083629275E+00 -1.182287083629275E+00  2.180602244439342E-01 -1.156697583131199E+18
  0.000000000000000E+00  1.453219132019977E+00 -1.131831460603042E+00  4.538780573974089E+00 -4.357986169212889E-01  3.207027879883431E+00  3.207027879883431E+00  9.621083639650294E+00 -1.005688225657158E+01 -1.358886274905503E-01  1.773890491969209E-19 -1.169758322217271E+00 -1.169758322217271E+00  1.737272842053997E-01 -1.145611509929660E+18
  0.000000000000000E+00  1.451209594257477E+00 -1.131211047910913E+00  4.536939932823597E+00 -4.408052112772097E-01  3.204394264465663E+00  3.204394264465663E+00  9.613182793396991E+00 -1.005398800467420E+01 -1.375627263365841E-01  4.295421320029787E-20 -1.156260380234870E+00 -1.156260380234870E+00  4.210937641706605E-02 -1.133518692576412E+18
  0.000000000000000E+00  1.465398109990424E+00 -1.135918487261241E+00  4.549963744734494E+00 -4.043134049673421E-01  3.174681640396519E+00  3.174681640396519E+00  9.524044921189558E+00 -9.928358326156900E+00 -1.273555747520067E-01 -3.577000727545267E-29 -1.230488364544575E+00 -1.230488364544575E+00 -3.479891141338521E-11 -1.197082663787242E+18
  0.000000000000000E+00  1.463362122839165E+00 -1.135196359249888E+00  4.548091381147361E+00 -4.096925462148877E-01  3.185181205816703E+00  3.185181205816703E+00  9.555543617450109E+00 -9.965236163664997E+00 -1.286245647395874E-01  4.031249051470645E-18 -1.222899705850251E+00 -1.222899705850251E+00  3.926501628624150E+00 -1.191124047499195E+18
  0.000000000000000E+00  1.461321215532287E+00 -1.134488101318781E+00  4.546215512153193E+00 -4.150436844491944E-01  3.193912036813443E+00  3.193912036813443E+00  9.581736110440330E+00 -9.996779794889525E+00 -1.299483766820586E-01  6.890190608077253E-18 -1.214261121593250E+00 -1.214261121593250E+00  6.718955716538313E+00 -1.184084326308048E+18
  0.000000000000000E+00  1.459275487406672E+00 -1.133793896228698E+00  4.544336332708149E+00 -4.203620170286003E-01  3.200653005990922E+00  3.200653005990922E+00  9.601959017972767E+00 -1.002232103500137E+01 -1.313363292558658E-01  6.307360312058315E-18 -1.204575128565184E+00 -1.204575128565184E+00  6.157567528072111E+00 -1.175967810590442E+18
  0.000000000000000E+00  1.473728644769750E+00 -1.139034643483297E+00  4.557633382811617E+00 -3.819637536284410E-01  3.118781793712484E+00  3.118781793712484E+00  9.356345381137455E+00 -9.738309134765895E+00 -1.224720993300930E-01 -3.528746927381223E-31 -1.251553622377998E+00 -1.251553622377998E+00 -3.414188467856573E-13 -1.210922753136683E+18
  0.000000000000000E+00  1.471654030838816E+00 -1.138234381240107E+00  4.555722262072477E+00 -3.875725020677992E-01  3.134312983999867E+00  3.134312983999867E+00  9.402938951999603E+00 -9.790511454067403E+00 -1.236546905322763E-01  1.982693712496008E-21 -1.247789102732599E+00 -1.247789102732599E+00  1.921149569271978E-03 -1.209056891716867E+18
  0.000000000000000E+00  1.469574004783583E+00 -1.137448147779375E+00  4.553806819086105E+00 -3.931701290112421E-01  3.148892713148835E+00  3.148892713148835E+00  9.446678139446506E+00 -9.839848268457748E+00 -1.248598046448141E-01  8.109995907006644E-21 -1.243021620556891E+00 -1.243021620556891E+00  7.869252738794966E-03 -1.206122839531620E+18
  0.000000000000000E+00  1.467488665026603E+00 -1.136676123115091E+00  4.551887247972937E+00 -3.987519810980097E-01  3.162391944250636E+00  3.162391944250636E+00  9.487175832751911E+00 -9.885927813849920E+00 -1.260918912416779E-01  1.019410601902387E-20 -1.237253855303093E+00 -1.237253855303093E+00  9.904699262447983E-03 -1.202128693306930E+18
  0.000000000000000E+00  1.482229473008082E+00 -1.142479403798867E+00  4.565468923559470E+00 -3.588093825484667E-01  3.038308176613349E+00  3.038308176613349E+00  9.114924529840049E+00 -9.473733912388516E+00 -1.180951245533011E-01  3.052149275503827E-29 -1.256171065821662E+00 -1.256171065821662E+00  2.933038071523003E-11 -1.207148546098673E+18
  0.000000000000000E+00  1.480112938369571E+00 -1.141597010291176E+00  4.563517558608447E+00 -3.645910910981102E-01  3.061966358247154E+00  3.061966358247154E+00  9.185899074741464E+00 -9.550490165839573E+00 -1.190709003435371E-01 -5.199354589850640E-18 -1.256545747368851E+00 -1.256545747368851E+00 -5.005461486360960E+00 -1.209686940102716E+18
  0.000000000000000E+00  1.477990575352621E+00 -1.140728594653390E+00  4.561561062431400E+00 -3.703805861388579E-01  3.082909972421438E+00  3.082909972421438E+00  9.248729917264317E+00 -9.619110503403174E+00 -1.201399293045027E-01 -4.060878525286987E-18 -1.255899482530342E+00 -1.255899482530342E+00 -3.916242362870326E+00 -1.211168156438429E+18
  0.000000000000000E+00  1.475862454103819E+00 -1.139874393509451E+00  4.559599611016875E+00 -3.761730721544037E-01  3.101671092966463E+00  3.101671092966463E+00  9.305013278899390E+00 -9.681186351053793E+00 -1.212807744210650E-01 -8.858370336070838E-19 -1.254234685029989E+00 -1.254234685029989E+00 -8.557131653614001E-01 -1.211583047124130E+18
  0.000000000000000E+00  1.490911854939010E+00 -1.146269095386242E+00  4.573474063310587E+00 -3.350940153337112E-01  2.902795059060997E+00  2.902795059060997E+00  8.708385177182992E+00 -9.043479192516703E+00 -1.154383993757066E-01  3.086738049202237E-30 -1.245340455680855E+00 -1.245340455680855E+00  2.942332851073500E-12 -1.187080366106100E+18
  0.000000000000000E+00  1.488750646900581E+00 -1.145300351338465E+00  4.571481610947015E+00 -3.409884324171881E-01  2.942737229288650E+00  2.942737229288650E+00  8.828211687865952E+00 -9.169200120283140E+00 -1.158745772552772E-01  4.641348368454155E-18 -1.249442437813588E+00 -1.249442437813588E+00  4.433658145443632E+00 -1.193532612058633E+18
  0.000000000000000E+00  1.486583140241538E+00 -1.144345656945354E+00  4.569483158125895E+00 -3.469087588959570E-01  2.978561183144248E+00  2.978561183144248E+00  8.935683549432746E+00 -9.282592308328702E+00 -1.164685690725852E-01  8.010927097673681E-18 -1.252613395751616E+00 -1.252613395751616E+00  7.668227020247976E+00 -1.199027749237218E+18
  0.000000000000000E+00  1.484409395448498E+00 -1.143405258875843E+00  4.567478872276610E+00 -3.528505553972920E-01  3.010380354346308E+00  3.010380354346308E+00  9.031141063038927E+00 -9.383991618436220E+00 -1.172112869019543E-01  7.379197810934614E-18 -1.254855575240474E+00 -1.254855575240474E+00  7.077589701327440E+00 -1.203566176639793E+18
  0.000000000000000E+00  1.499784038116522E+00 -1.150419350034005E+00  4.581648964713411E+00 -3.110801768460881E-01  2.696171888956171E+00  2.696171888956171E+00  8.088515666868513E+00 -8.399595843714602E+00 -1.153784660838236E-01  9.631307199738872E-30 -1.219118133416841E+00 -1.219118133416841E+00  9.092111247457900E-12 -1.150867422557103E+18
  0.000000000000000E+00  1.497575966877744E+00 -1.149360633623134E+00  4.579615351102580E+00 -3.170203520997523E-01  2.753848094504054E+00  2.753848094504053E+00  8.261544283512160E+00 -8.578564635611912E+00 -1.151190411455303E-01  2.519094211252587E-18 -1.226962388124059E+00 -1.226962388124059E+00  2.384162734481134E+00 -1.161242000917783E+18
  0.000000000000000E+00  1.495361222766478E+00 -1.148315831855400E+00  4.577574898480940E+00 -3.230054862084987E-01  2.807564961141181E+00  2.807564961141181E+00  8.422694883423544E+00 -8.745700369632043E+00 -1.150482680469155E-01  8.819502654399558E-19 -1.233946296913587E+00 -1.233946296913587E+00  8.367743705700728E-01 -1.170740206537683E+18
  0.000000000000000E+00  1.493139840535856E+00 -1.147285225515029E+00  4.575527752837497E+00 -3.290314252579456E-01  2.857241084212010E+00  2.857241084212009E+00  8.571723252636028E+00 -8.900754677893973E+00 -1.151570398018018E-01 -1.201674832090396E-18 -1.240071749293721E+00 -1.240071749293721E+00 -1.142838273709756E+00 -1.179355196092236E+18
  0.000000000000000E+00  1.508842275292425E+00 -1.154939513734075E+00  4.589981914718438E+00 -2.870707274378763E-01  2.419700990177390E+00  2.419700990177390E+00  7.259102970532169E+00 -7.546173697970045E+00 -1.186389262984229E-01  7.815033989845161E-30 -1.179528159481776E+00 -1.179528159481776E+00  7.293044840125904E-12 -1.100743997846925E+18
  0.000000000000000E+00  1.506588339330573E+00 -1.153788344124866E+00  4.587910133310687E+00 -2.929835545961470E-01  2.494275044624285E+00  2.494275044624285E+00  7.482825133872857E+00 -7.775808688469004E+00 -1.174624086576143E-01  3.717087918631789E-20 -1.190503447123842E+00 -1.190503447123842E+00  3.479296434890596E-02 -1.114343940734015E+18
  0.000000000000000E+00  1.504327301981537E+00 -1.152651076541242E+00  4.585830622912656E+00 -2.989584077024796E-01  2.565282886612452E+00  2.565282886612452E+00  7.695848659837356E+00 -7.994807067539836E+00 -1.165401325766707E-01 -7.085373963399956E-19 -1.200759162183357E+00 -1.200759162183357E+00 -6.651537010068043E-01 -1.127236762476873E+18
  0.000000000000000E+00  1.502059191993969E+00 -1.151527986629017E+00  4.583743520091256E+00 -3.049917830285635E-01  2.632617505077783E+00  2.632617505077783E+00  7.897852515233350E+00 -8.202844298261914E+00 -1.158511566683335E-01 -1.101705319818843E-18 -1.210296912940665E+00 -1.210296912940665E+00 -1.037182262610163E+00 -1.139414022980580E+18
  0.000000000000000E+00  1.518036099114508E+00 -1.159812731476226E+00  4.598417756783571E+00 -2.634769464468764E-01  2.053716746892447E+00  2.053716746892447E+00  6.161150240677340E+00 -6.424627187124217E+00 -1.282927389307960E-01 -3.553662673474485E-29 -1.127919323976683E+00 -1.127919323976683E+00 -3.273549361941179E-11 -1.039012400047235E+18
  0.000000000000000E+00  1.515748632921858E+00 -1.158573838165463E+00  4.596321374981373E+00 -2.692617118495322E-01  2.158922446611801E+00  2.158922446611801E+00  6.476767339835405E+00 -6.746029051684937E+00 -1.247204188701219E-01 -2.407336262831714E-18 -1.141673964438460E+00 -1.141673964438460E+00 -2.224831234962933E+00 -1.055121353607179E+18
  0.000000000000000E+00  1.513453831809833E+00 -1.157348485870426E+00  4.594216529363788E+00 -2.751240986152196E-01  2.253244489837545E+00  2.253244489837545E+00  6.759733469512636E+00 -7.034857568127856E+00 -1.221013076282084E-01 -1.694214026575086E-18 -1.154859598026267E+00 -1.154859598026267E+00 -1.570906250345576E+00 -1.070806953758059E+18
  0.000000000000000E+00  1.511151708394624E+00 -1.156136951942752E+00  4.592103336086593E+00 -2.810613545444854E-01  2.339298722411975E+00  2.339298722411975E+00  7.017896167235927E+00 -7.298957521780412E+00 -1.201476971930682E-01 -1.305542765577856E-19 -1.167477345802000E+00 -1.167477345802000E+00 -1.214461936282669E-01 -1.086028612261721E+18
  0.000000000000000E+00  1.527165941435556E+00 -1.164930003810239E+00  4.606765422101500E+00 -2.410272603447460E-01  1.461725834648594E+00  1.461725834648594E+00  4.385177503945782E+00 -4.626204764290527E+00 -1.648922490329318E-01 -1.722391899621658E-31 -1.068422545691541E+00 -1.068422545691541E+00 -1.566176742318834E-13 -9.715202111660764E+17
  0.000000000000000E+00  1.524894453158247E+00 -1.163631235445101E+00  4.604691683231939E+00 -2.465121060347865E-01  1.635690773319645E+00  1.635690773319645E+00  4.907072319958937E+00 -5.153584425993723E+00 -1.507082573648615E-01  1.385341926799181E-18 -1.083939572680820E+00 -1.083939572680820E+00  1.263841472655555E+00 -9.888734032411516E+17
  0.000000000000000E+00  1.522615655161643E+00 -1.162345249562175E+00  4.602609100419127E+00 -2.520833356191547E-01  1.792746006856470E+00  1.792746006856470E+00  5.378238020569411E+00 -5.630321356188565E+00 -1.406129672887549E-01  5.210550856558056E-18 -1.099027696740684E+00 -1.099027696740684E+00  4.768943584470155E+00 -1.005882339087020E+18
  0.000000000000000E+00  1.520329539721734E+00 -1.161072322719777E+00  4.600517761285322E+00 -2.577389490918512E-01  1.932288882350319E+00  1.932288882350319E+00  5.796866647050959E+00 -6.054605596142810E+00 -1.333853087113729E-01  6.327078557926412E-18 -1.113687480525960E+00 -1.113687480525960E+00  5.809494565751835E+00 -1.022582746022018E+18
  0.000000000000000E+00  1.535763548750155E+00 -1.169996560924053E+00  4.614593025471247E+00 -2.209266390945751E-01  7.938807556226386E-01  7.938807556226386E-01  2.381642266867916E+00 -2.602568905962491E+00 -2.782869310407995E-01  3.105227367863263E-28 -1.006513798480665E+00 -1.006513798480665E+00  2.784901938472956E-10 -9.026850199434450E+17
  0.000000000000000E+00  1.533623872245946E+00 -1.168713511679753E+00  4.612648344270749E+00 -2.258283581191990E-01  9.277492356119503E-01  9.277492356119503E-01  2.783247706835851E+00 -3.009076064955051E+00 -2.434152995774132E-01 -1.005846622340635E-17 -1.022325476841469E+00 -1.022325476841469E+00 -9.054167078847835E+00 -9.202502121790442E+17
  0.000000000000000E+00  1.531477711963458E+00 -1.167441274000425E+00  4.610695470993106E+00 -2.308129639850864E-01  1.096126354277455E+00  1.096126354277455E+00  3.288379062832366E+00 -3.519192026817452E+00 -2.105714939563092E-01 -7.717484642384800E-18 -1.037914070564043E+00 -1.037914070564043E+00 -6.971390065277445E+00 -9.375728200873903E+17
  0.000000000000000E+00  1.529325068245670E+00 -1.166180040504457E+00  4.608734473524391E+00 -2.358795627182608E-01  1.280341943372041E+00  1.280341943372041E+00  3.841025830116123E+00 -4.076905392834384E+00 -1.842316921189226E-01 -1.616631830650803E-18 -1.053279738554737E+00 -1.053279738554737E+00 -1.465264928960713E+00 -9.546600728923359E+17
  0.000000000000000E+00  1.543289310801067E+00 -1.174625455063487E+00  4.621413561091030E+00 -2.042404522401018E-01  6.927417292182887E-01  6.927417292182887E-01  2.078225187654867E+00 -2.282465639894968E+00 -2.948291457345483E-01 -3.104619640581697E-29 -9.494874462049518E-01 -9.494874462049518E-01 -2.743927293058134E-11 -8.391767171741811E+17
  0.000000000000000E+00  1.541415398968727E+00 -1.173456048662271E+00  4.619718192396065E+00 -2.083129643021314E-01  6.908521865232833E-01  6.908521865232833E-01  2.072556559569850E+00 -2.280869523871981E+00 -3.015304407596469E-01  4.450175473083631E-20 -9.639267036095623E-01 -9.639267036095623E-01  3.948592073042016E-02 -8.552816319013295E+17
  0.000000000000000E+00  1.539536478862610E+00 -1.172294667026157E+00  4.618016294254297E+00 -2.124517556312371E-01  6.950060781000573E-01  6.950060781000573E-01  2.085018234300172E+00 -2.297469989931409E+00 -3.056833059820395E-01  4.371604557886458E-18 -9.782442997963713E-01 -9.782442997963712E-01  3.893381623581167E+00 -8.712312218014528E+17
  0.000000000000000E+00  1.537652534212994E+00 -1.171141455873850E+00  4.616307895265725E+00 -2.166564419783934E-01  7.233125518370345E-01  7.233125518370345E-01  2.169937655511104E+00 -2.386594097489497E+00 -2.995336406483473E-01  6.520994859935824E-18 -9.924400730227165E-01 -9.924400730227165E-01  5.828383098172485E+00 -8.870304411820367E+17
  0.000000000000000E+00  1.549580133544473E+00 -1.178631695801244E+00  4.627089705831716E+00 -1.909811890578915E-01  6.958460095552039E-01  6.958460095552039E-01  2.087538028665612E+00 -2.278519217723503E+00 -2.744589843663395E-01  1.969755424116114E-28 -9.003304512878681E-01 -9.003304512878681E-01  1.715153872695331E-10 -7.839578667107118E+17
  0.000000000000000E+00  1.548012680548184E+00 -1.177621918663866E+00  4.625677681417726E+00 -1.942248848542354E-01  6.951309934348062E-01  6.951309934348062E-01  2.085392980304419E+00 -2.279617865158654E+00 -2.794076032986594E-01 -1.921556209801898E-18 -9.126558068379471E-01 -9.126558068379471E-01 -1.679892844632578E+00 -7.978761962302943E+17
  0.000000000000000E+00  1.546441726381034E+00 -1.176617576071251E+00  4.624260968830825E+00 -1.975159958266075E-01  6.937728672115205E-01  6.937728672115205E-01  2.081318601634562E+00 -2.278834597461170E+00 -2.846983575770020E-01 -1.258068414329453E-18 -9.249571887211381E-01 -9.249571887211381E-01 -1.104044856212786E+00 -8.117159725124372E+17
  0.000000000000000E+00  1.544867270109752E+00 -1.175618733159193E+00  4.622839588406201E+00 -2.008545192101742E-01  6.926752420758479E-01  6.926752420758479E-01  2.078025726227544E+00 -2.278880245437718E+00 -2.899692482269788E-01  3.029759889807679E-20 -9.372344554977282E-01 -9.372344554977282E-01  2.668499905408227E-02 -8.254812746893208E+17
  0.000000000000000E+00  1.554837520593180E+00 -1.182074639489625E+00  4.631814223291166E+00 -1.803959917295853E-01  6.979870447728189E-01  6.979870447728189E-01  2.093961134318457E+00 -2.274357126048042E+00 -2.584517765488050E-01 -1.253483019579348E-30 -8.588707733523876E-01 -8.588707733523876E-01 -1.075154327927722E-12 -7.366822004579977E+17
  0.000000000000000E+00  1.553526884959061E+00 -1.181208254119144E+00  4.630638130291538E+00 -1.829921875292264E-01  6.974441393405979E-01  6.974441393405979E-01  2.092332418021794E+00 -2.275324605551020E+00 -2.623754035731625E-01 -1.263758372445670E-18 -8.692286908196143E-01 -8.692286908196143E-01 -1.088310444337193E+00 -7.485534286952474E+17
  0.000000000000000E+00  1.552213775372592E+00 -1.180345611147106E+00  4.629458672261853E+00 -1.856217431442576E-01  6.967572232433553E-01  6.967572232433553E-01  2.090271669730067E+00 -2.275893412874324E+00 -2.664080643185895E-01 -4.955563290475723E-18 -8.795913575695092E-01 -8.795913575695092E-01 -4.284000356881971E+00 -7.603917998545709E+17
  0.000000000000000E+00  1.550898191634240E+00 -1.179486746424233E+00  4.628275860309644E+00 -1.882847223840293E-01  6.961499591064407E-01  6.961499591064407E-01  2.088449877319323E+00 -2.276734599703352E+00 -2.704657522722639E-01 -6.158513038296663E-18 -8.899586537629584E-01 -8.899586537629584E-01 -5.343583691110415E+00 -7.721942810606815E+17
  0.000000000000000E+00  1.559341150474036E+00 -1.185092409865409E+00  4.635846584125921E+00 -1.716926407238509E-01  7.001776493139404E-01  7.001776493139404E-01  2.100532947941822E+00 -2.272225588665673E+00 -2.452129697257283E-01 -1.691072034849721E-30 -8.231745035751710E-01 -8.231745035751710E-01 -1.428945186811882E-12 -6.955772554624097E+17
  0.000000000000000E+00  1.558217962809102E+00 -1.184333918649229E+00  4.634842251157302E+00 -1.738315102468764E-01  6.995480916324422E-01  6.995480916324422E-01  2.098644274897327E+00 -2.272475785144204E+00 -2.484911506816193E-01 -1.797450334988537E-19 -8.320899971365279E-01 -8.320899971365279E-01 -1.524768637099126E-01 -7.058580179828841E+17
  0.000000000000000E+00  1.557092965572403E+00 -1.183578107001438E+00  4.633835411752636E+00 -1.759949941966268E-01  6.989409592961968E-01  6.989409592961968E-01  2.096822877888591E+00 -2.272817872085217E+00 -2.518023759458110E-01 -1.163185646338569E-19 -8.410112857558559E-01 -8.410112857558559E-01 -9.904793938078278E-02 -7.161404984003212E+17
  0.000000000000000E+00  1.555966153316307E+00 -1.182825004191686E+00  4.632826068283486E+00 -1.781831391614228E-01  6.984045208335427E-01  6.984045208335427E-01  2.095213562500629E+00 -2.273396701662052E+00 -2.551288455990549E-01  5.259898862092790E-21 -8.499382523680843E-01 -8.499382523680843E-01  4.495483470639311E-03 -7.264176488489641E+17
  0.000000000000000E+00  1.563316757605387E+00 -1.187808349216843E+00  4.639394217227979E+00 -1.642919819157905E-01  7.032705988955938E-01  7.032705988955938E-01  2.109811796686782E+00 -2.274103778602572E+00 -2.336113327839842E-01 -2.444384221609779E-29 -7.917016373891471E-01 -7.917016373891471E-01 -2.035753100234897E-11 -6.593517698762552E+17
  0.000000000000000E+00  1.562324982787053E+00 -1.187126257827959E+00  4.638510284111157E+00 -1.661133717338579E-01  7.023437992386261E-01  7.023437992386261E-01  2.107031397715879E+00 -2.273144769449737E+00 -2.365129042413881E-01 -6.939498574000803E-19 -7.995365971071294E-01 -7.995365971071294E-01 -5.800821372942907E-01 -6.683435310910609E+17
  0.000000000000000E+00  1.561331788868097E+00 -1.186446229819400E+00  4.637624363947475E+00 -1.679538962373928E-01  7.015148110540513E-01  7.015148110540513E-01  2.104544433162154E+00 -2.272498329399547E+00 -2.394160373963252E-01 -6.273828555442677E-19 -8.073937725129415E-01 -8.073937725129415E-01 -5.263591746757533E-01 -6.773840183592147E+17
  0.000000000000000E+00  1.560337177534949E+00 -1.185768276671704E+00  4.636736462127732E+00 -1.698136282821417E-01  7.007904793948343E-01  7.007904793948343E-01  2.102371438184503E+00 -2.272185066466645E+00 -2.423172592595489E-01 -2.475647027537777E-19 -8.152730972677648E-01 -8.152730972677648E-01 -2.084509627345919E-01 -6.864648317256320E+17
  0.000000000000000E+00  1.566925399899524E+00 -1.190315841741765E+00  4.642604279560152E+00 -1.578037214443554E-01  7.080440642265576E-01  7.080440642265576E-01  2.124132192679673E+00 -2.281935914124029E+00 -2.228727411432149E-01  4.406227120577674E-30 -7.633178603541192E-01 -7.633178603541192E-01  3.620106194560853E-12 -6.271332909240968E+17
  0.000000000000000E+00  1.566025008057728E+00 -1.189686428204185E+00  4.641804257418505E+00 -1.594022084633256E-01  7.066285005712066E-01  7.066285005712066E-01  2.119885501713620E+00 -2.279287710176946E+00 -2.255813462582843E-01  9.789629230111803E-20 -7.703814243759605E-01 -7.703814243759605E-01  8.070292943919570E-02 -6.350806171641924E+17
  0.000000000000000E+00  1.565123437120768E+00 -1.189058701373053E+00  4.641002571096169E+00 -1.610163732224347E-01  7.053581735789219E-01  7.053581735789219E-01  2.116074520736766E+00 -2.277090893959201E+00 -2.282760436523369E-01  1.448466201504437E-18 -7.774666180207395E-01 -7.774666180207395E-01  1.198142754882881E+00 -6.431050959817592E+17
  0.000000000000000E+00  1.564220686999652E+00 -1.188432671595048E+00  4.640199223407905E+00 -1.626462772103628E-01  7.042374255777142E-01  7.042374255777142E-01  2.112712276733143E+00 -2.275358553943506E+00 -2.309537540935681E-01  2.077819209231501E-18 -7.845733774289722E-01 -7.845733774289722E-01  1.724596486130053E+00 -6.511983736668014E+17
  0.000000000000000E+00  1.570281280964363E+00 -1.192683868838218E+00  4.645580563456447E+00 -1.519651524535151E-01  7.144538984665690E-01  7.144538984665690E-01  2.143361695399707E+00 -2.295326847853222E+00 -2.127011312831767E-01  1.984639722338285E-31 -7.371142513979623E-01 -7.371142513979623E-01  1.610812406183457E-13 -5.982711963093939E+17
  0.000000000000000E+00  1.569443849225151E+00 -1.192089685676531E+00  4.644838678725264E+00 -1.534045297639261E-01  7.128380633736779E-01  7.128380633736779E-01  2.138514190121034E+00 -2.291918719884960E+00 -2.152024949929050E-01  3.086508469705935E-20 -7.436366341313537E-01 -7.436366341313537E-01  2.512533828711149E-02 -6.053481524066364E+17
  0.000000000000000E+00  1.568605392982237E+00 -1.191496946413833E+00  4.644095335948739E+00 -1.548573835766669E-01  7.111661441230896E-01  7.111661441230896E-01  2.133498432369269E+00 -2.288355815945936E+00 -2.177513438404963E-01  7.103217311307640E-20 -7.501780715865956E-01 -7.501780715865956E-01  5.799790607368750E-02 -6.125218394368652E+17
  0.000000000000000E+00  1.567765910464177E+00 -1.190905661589215E+00  4.643350535940037E+00 -1.563237640755419E-01  7.095356434842384E-01  7.095356434842383E-01  2.128606930452715E+00 -2.284930694528257E+00 -2.203184089637837E-01  7.667549005276154E-20 -7.567385015561866E-01 -7.567385015561866E-01  6.279894507138753E-02 -6.197857954338500E+17
  0.000000000000000E+00  1.573468489464600E+00 -1.194965027773973E+00  4.648399024348790E+00 -1.465939378709475E-01  7.195251007687558E-01  7.195251007687558E-01  2.158575302306267E+00 -2.305169240177215E+00 -2.037370728475261E-01 -9.443064512517374E-31 -7.123864629351837E-01 -7.123864629351837E-01 -7.585608307729034E-13 -5.722596371539815E+17
  0.000000000000000E+00  1.572673070101535E+00 -1.194392809314601E+00  4.647696396261804E+00 -1.479185659229308E-01  7.187796297140080E-01  7.187796297140080E-01  2.156338889142024E+00 -2.304257455064955E+00 -2.057912603641611E-01 -5.355976005987527E-20 -7.185342009022869E-01 -7.185342009022869E-01 -4.312917854858914E-02 -5.786021036938665E+17
  0.000000000000000E+00  1.571876730398397E+00 -1.193821870168258E+00  4.646992443418991E+00 -1.492552753376614E-01  7.175259167980197E-01  7.175259167980197E-01  2.152577750394059E+00 -2.301833025731720E+00 -2.080137760092589E-01 -5.122210030629797E-20 -7.247047883719143E-01 -7.247047883719143E-01 -4.135144782234548E-02 -5.850520002843480E+17
  0.000000000000000E+00  1.571079468103300E+00 -1.193252220090833E+00  4.646287165808162E+00 -1.506041196646769E-01  7.160039952918525E-01  7.160039952918525E-01  2.148011985875558E+00 -2.298616105540235E+00 -2.103397755529126E-01 -2.500405038094708E-20 -7.308981605676550E-01 -7.308981605676550E-01 -2.023895067787177E-02 -5.916086232792046E+17
  0.000000000000000E+00  1.576552793358002E+00 -1.197202120710101E+00  4.651118624059527E+00 -1.415570928652413E-01  7.186765507415132E-01  7.186765507415132E-01  2.156029652224540E+00 -2.297586745089781E+00 -1.969691270978385E-01  2.686285034302029E-29 -6.886652630518326E-01 -6.886652630518326E-01  2.140290627660897E-11 -5.486922606068254E+17
  0.000000000000000E+00  1.575783011807723E+00 -1.196641065716039E+00  4.650440601091003E+00 -1.427994207128653E-01  7.202294487731670E-01  7.202294487731670E-01  2.160688346319501E+00 -2.303487767032367E+00 -1.982693445208450E-01 -1.652849127333282E-20 -6.945507700071067E-01 -6.945507700071067E-01 -1.319370311000383E-02 -5.544182165666316E+17
  0.000000000000000E+00  1.575012367054765E+00 -1.196081195050678E+00  4.649761325653754E+00 -1.440529615760756E-01  7.204966164928593E-01  7.204966164928593E-01  2.161489849478579E+00 -2.305542811054654E+00 -1.999356531017148E-01 -1.484778436963479E-20 -7.004661755089605E-01 -7.004661755089605E-01 -1.187558302898713E-02 -5.602481837805908E+17
  0.000000000000000E+00  1.574240859480076E+00 -1.195522513980997E+00  4.649080799484516E+00 -1.453177793352953E-01  7.200658888436892E-01  7.200658888436893E-01  2.160197666531068E+00 -2.305515445866364E+00 -2.018117808200197E-01 -5.659602469011925E-21 -7.064114248591863E-01 -7.064114248591863E-01 -4.536197048972898E-03 -5.661919610700893E+17
  0.000000000000000E+00  1.579589656102563E+00 -1.199433262635054E+00  4.653788641357274E+00  2.113655010574091E+00  7.045516701912495E-01  7.045516701912495E-01  2.113655010573749E+00  3.419486915845482E-13  3.000000000000485E+00  1.487158613300763E-22  1.940681783034603E+01  1.940681783034603E+01  1.178545525392191E-04  1.537954197453860E+19
  0.000000000000000E+00  1.578831708789681E+00 -1.198873753468015E+00  4.653122982274451E+00  1.780859129645778E+00  7.127657158783332E-01  7.127657158783332E-01  2.138297147635000E+00 -3.574380179892223E-01  2.498519625696705E+00 -9.033665746903074E-20 -3.537735638474947E+02 -3.537735638474947E+02 -7.166029254460626E-02 -2.806337735990557E+20
  0.000000000000000E+00  1.578072915011678E+00 -1.198315390973678E+00  4.652456091481158E+00  1.003862023337448E+00  7.161652111333736E-01  7.161652111333736E-01  2.148495633400121E+00 -1.144633610062673E+00  1.401718496977503E+00 -9.369995332753838E-20 -4.812800740183532E+02 -4.812800740183532E+02 -7.441966558713251E-02 -3.822488794310819E+20
  0.000000000000000E+00  1.577313276092977E+00 -1.197758178828790E+00  4.651787971295207E+00  2.179583847876071E-01  7.172891560549179E-01  7.172891560549179E-01  2.151867468164754E+00 -1.933909083377147E+00  3.038640455494624E-01 -5.015272394504300E-20 -3.634672344186228E+02 -3.634672344186228E+02 -3.989145894633178E-02 -2.891017101291527E+20
