# length                 R                      Z                      theta_geo              Phi                    T_e                    Te_float               Phi_float              Phi_error              Phi_Te_ratio           vparB_norm             vExB_norm              vflow_norm             partF_vpar             partF_ExB              
# time step #000500,  t_now =   1.411010E+02
  0.000000000000000E+00  1.579589656102563E+00 -1.199433262635054E+00  4.653788641357274E+00  2.144723115782834E+00  7.149077052611007E-01  7.149077052611007E-01  2.144723115783302E+00 -4.680700271819660E-13  2.999999999999345E+00 -1.186869817482729E-12  6.674935431358188E+01  6.674935431358068E+01 -9.162455169028410E+05  5.152949021459861E+19
  0.000000000000000E+00  1.579711972000091E+00 -1.198995244165320E+00  4.653869968398856E+00  2.087085426205494E+00  6.956951420682707E-01  6.956951420682707E-01  2.087085426204812E+00  6.816769371198461E-13  3.000000000000980E+00  1.064946831119137E+02  6.654421553997290E+01  1.730388986518866E+02  8.224969207136541E+19  5.139450231089553E+19
  0.000000000000000E+00  1.579834287897621E+00 -1.198557225695588E+00  4.653951356414447E+00  2.033269123495344E+00  6.777563744973775E-01  6.777563744973775E-01  2.033269123492133E+00  3.211653165635653E-12  3.000000000004738E+00  3.414855938335313E+02  5.782722675575039E+01  3.993128205892817E+02  2.638436456098444E+20  4.467932644380315E+19
  0.000000000000000E+00  1.579956603795151E+00 -1.198119207225856E+00  4.654032805471561E+00  1.990557067907967E+00  6.635190226340750E-01  6.635190226340749E-01  1.990557067902225E+00  5.742073483361310E-12  3.000000000008654E+00  5.789213308220152E+02  4.059641092329569E+01  6.195177417453109E+02  4.474615565769033E+20  3.137789584878551E+19
  0.000000000000000E+00  1.580078919692679E+00 -1.197681188756122E+00  4.654114315637816E+00  1.966232119698944E+00  6.554107065640169E-01  6.554107065640169E-01  1.966232119692051E+00  6.892486581477897E-12  3.000000000010516E+00  6.936659469657701E+02  1.484979100504867E+01  7.085157379708188E+02  5.363720967747790E+20  1.148249178568694E+19
  0.000000000000000E+00  1.580202005791068E+00 -1.197240412164100E+00  4.654196400814737E+00  1.960559570293993E+00  6.535198567626802E-01  6.535198567626802E-01  1.960559570288041E+00  5.952349724225314E-12  3.000000000009108E+00  7.058276656326229E+02 -2.464807329021015E+00  7.033628583036019E+02  5.460412558767720E+20 -1.906820255092451E+18
  0.000000000000000E+00  1.580325091889457E+00 -1.196799635572079E+00  4.654278548010481E+00  1.971841654102797E+00  6.572805513663046E-01  6.572805513663046E-01  1.971841654098914E+00  3.883338095533873E-12  3.000000000005908E+00  7.242832630448988E+02 -2.454347733908642E+01  6.997397857058124E+02  5.606129924118327E+20 -1.899725283918964E+19
  0.000000000000000E+00  1.580448177987846E+00 -1.196358858980058E+00  4.654360757294253E+00  2.004176665816106E+00  6.680588886047638E-01  6.680588886047638E-01  2.004176665814291E+00  1.814104422237506E-12  3.000000000002716E+00  7.579103780967373E+02 -5.138733156641918E+01  7.065230465303182E+02  5.869521973808702E+20 -3.979613955965558E+19
  0.000000000000000E+00  1.580571264086235E+00 -1.195918082388036E+00  4.654443028735352E+00  2.061662900124668E+00  6.872209667079316E-01  6.872209667079316E-01  2.061662900123795E+00  8.730793865652231E-13  3.000000000001270E+00  8.155212028945022E+02 -8.299748255230224E+01  7.325237203421999E+02  6.318847391920036E+20 -6.430837411708445E+19
  0.000000000000000E+00  1.580695053245394E+00 -1.195474788105264E+00  4.654525832867269E+00  2.158169988417507E+00  7.193899961391954E-01  7.193899961391954E-01  2.158169988417586E+00 -7.949196856316121E-14  2.999999999999889E+00  8.929536382386657E+02 -1.403055335656942E+02  7.526481046729716E+02  6.921966588676909E+20 -1.087615497556935E+20
  0.000000000000000E+00  1.580818842404555E+00 -1.195031493822492E+00  4.654608700009530E+00  2.305017056704859E+00  7.683390189023444E-01  7.683390189023444E-01  2.305017056707033E+00 -2.173816682216057E-12  2.999999999997171E+00  9.790312458372492E+02 -1.993518655782216E+02  7.796793802590277E+02  7.592337044008483E+20 -1.545963482020816E+20
  0.000000000000000E+00  1.580942631563715E+00 -1.194588199539721E+00  4.654691630232946E+00  2.503700618631270E+00  8.345668728785132E-01  8.345668728785132E-01  2.503700618635540E+00 -4.269473663498502E-12  2.999999999994884E+00  1.073241174500921E+03 -2.601368848401001E+02  8.131042896608215E+02  8.325972616413201E+20 -2.018085618737923E+20
  0.000000000000000E+00  1.581066420722875E+00 -1.194144905256949E+00  4.654774623608430E+00  2.755717187841289E+00  9.185723959488368E-01  9.185723959488368E-01  2.755717187846511E+00 -5.221156840207186E-12  2.999999999994316E+00  1.175074130594176E+03 -3.226609976015869E+02  8.524131329925887E+02  9.118891571330096E+20 -2.503936198423749E+20
  0.000000000000000E+00  1.581190821563115E+00 -1.193699420518020E+00  4.654858090772811E+00  3.063390135509720E+00  1.021130045171516E+00  1.021130045171516E+00  3.063390135514549E+00 -4.829026067909581E-12  2.999999999995271E+00  1.280536916210218E+03 -3.840260039945179E+02  8.965109122156999E+02  9.940107738463145E+20 -2.980983840258401E+20
  0.000000000000000E+00  1.581315222403355E+00 -1.193253935779092E+00  4.654941621858819E+00  3.421722277983756E+00  1.140574092662574E+00  1.140574092662574E+00  3.421722277987722E+00 -3.966160733170909E-12  2.999999999996522E+00  1.383442215505120E+03 -4.392517987152640E+02  9.441904167898559E+02  1.074161619630736E+21 -3.410532209048062E+20
  0.000000000000000E+00  1.581439623243595E+00 -1.192808451040164E+00  4.655025216938743E+00  3.825367872950125E+00  1.275122624317742E+00  1.275122624317742E+00  3.825367872953227E+00 -3.102851309222387E-12  2.999999999997567E+00  1.481568312684021E+03 -4.883369305850019E+02  9.932313820990192E+02  1.150619655312235E+21 -3.792535692991604E+20
  0.000000000000000E+00  1.581564024083836E+00 -1.192362966301236E+00  4.655108876084982E+00  4.268981178095553E+00  1.422993726032754E+00  1.422993726032754E+00  4.268981178098263E+00 -2.710720536924782E-12  2.999999999998095E+00  1.572710156859705E+03 -5.312799484246563E+02  1.041430208435048E+03  1.221677693707200E+21 -4.126970626299665E+20
  0.000000000000000E+00  1.581688916641732E+00 -1.191915720700314E+00  4.655192930429386E+00  4.747129715211263E+00  1.582376571738488E+00  1.582376571738488E+00  4.747129715215465E+00 -4.201972103601292E-12  2.999999999997345E+00  1.655020786259676E+03 -5.628008309315369E+02  1.092219955328140E+03  1.285912660015380E+21 -4.372831565442869E+20
  0.000000000000000E+00  1.581813809199628E+00 -1.191468475099392E+00  4.655277049494132E+00  5.248107198938715E+00  1.749369066315399E+00  1.749369066315399E+00  5.248107198946197E+00 -7.482015007553855E-12  2.999999999995723E+00  1.726841791416825E+03 -5.836909200886951E+02  1.143150871328130E+03  1.342045034513332E+21 -4.536255173398620E+20
  0.000000000000000E+00  1.581938701757524E+00 -1.191021229498470E+00  4.655361233352806E+00  5.762633410399746E+00  1.920877803470170E+00  1.920877803470170E+00  5.762633410410510E+00 -1.076383426834582E-11  2.999999999994397E+00  1.787299278162805E+03 -5.939476966467122E+02  1.193351581516093E+03  1.389402048760453E+21 -4.617201812030966E+20
  0.000000000000000E+00  1.582063594315420E+00 -1.190573983897548E+00  4.655445482079107E+00  6.281428130716197E+00  2.093809376909483E+00  2.093809376909483E+00  6.281428130728450E+00 -1.225419765660263E-11  2.999999999994147E+00  1.835526228732560E+03 -5.935686413561079E+02  1.241957587376452E+03  1.427315891658116E+21 -4.615624344319461E+20
  0.000000000000000E+00  1.582188825197155E+00 -1.190125526744464E+00  4.655530024234012E+00  6.796902995673157E+00  2.265634331894498E+00  2.265634331894498E+00  6.796902995683494E+00 -1.033662044847006E-11  2.999999999995438E+00  1.874959344161807E+03 -5.843827090155403E+02  1.290576635146267E+03  1.458461754131169E+21 -4.545697662877840E+20
  0.000000000000000E+00  1.582314056078889E+00 -1.189677069591380E+00  4.655614631757187E+00  7.302654427360362E+00  2.434218142455494E+00  2.434218142455494E+00  7.302654427366482E+00 -6.120437490153563E-12  2.999999999997486E+00  1.909730191236266E+03 -5.714283564906769E+02  1.338301834745589E+03  1.486048408485298E+21 -4.446545400094601E+20
  0.000000000000000E+00  1.582439286960624E+00 -1.189228612438296E+00  4.655699304723265E+00  7.795387710381624E+00  2.598462570127842E+00  2.598462570127842E+00  7.795387710383527E+00 -1.902478174997668E-12  2.999999999999268E+00  1.940356253667391E+03 -5.547046893835231E+02  1.385651564283868E+03  1.510477275086871E+21 -4.318118521350449E+20
  0.000000000000000E+00  1.582564517842359E+00 -1.188780155285213E+00  4.655784043206986E+00  8.271808129340757E+00  2.757269376446914E+00  2.757269376446914E+00  8.271808129340743E+00  1.421085471520200E-14  3.000000000000005E+00  1.967351237915899E+03 -5.342108132959124E+02  1.433140424619986E+03  1.532146809034761E+21 -4.160362304243436E+20
  0.000000000000000E+00  1.582689901674890E+00 -1.188331150408757E+00  4.655868950898840E+00  8.730357359106172E+00  2.910119119703020E+00  2.910119119703020E+00  8.730357359109062E+00 -2.890132577704208E-12  2.999999999999007E+00  1.992574929987500E+03 -5.133325212130661E+02  1.479242408774434E+03  1.552503476499461E+21 -3.999601278675717E+20
  0.000000000000000E+00  1.582815285507417E+00 -1.187882145532300E+00  4.655953924418751E+00  9.170765500554333E+00  3.056921833521201E+00  3.056921833521201E+00  9.170765500563606E+00 -9.272582701669307E-12  2.999999999996967E+00  2.017553323766457E+03 -4.928503117631842E+02  1.524703012003273E+03  1.572733468740176E+21 -3.841891915609733E+20
  0.000000000000000E+00  1.582940669339943E+00 -1.187433140655842E+00  4.656038963842079E+00  9.593382196670804E+00  3.197794065562154E+00  3.197794065562154E+00  9.593382196686465E+00 -1.566036189615261E-11  2.999999999995103E+00  2.042388912191884E+03 -4.727642798620094E+02  1.569624632329875E+03  1.592917112237349E+21 -3.687222873916629E+20
  0.000000000000000E+00  1.583066053172475E+00 -1.186984135779387E+00  4.656124069244296E+00  9.998557090441162E+00  3.332852363486575E+00  3.332852363486575E+00  9.998557090459727E+00 -1.856470532857202E-11  2.999999999994430E+00  2.067183414984300E+03 -4.530745204250892E+02  1.614108894559211E+03  1.613134219832251E+21 -3.535583769364502E+20
  0.000000000000000E+00  1.583191369509080E+00 -1.186535372600155E+00  4.656209194833762E+00  1.038669868564973E+01  3.462232895221812E+00  3.462232895221812E+00  1.038669868566544E+01 -1.571365260133462E-11  2.999999999995461E+00  2.092148460540237E+03 -4.345076870030538E+02  1.657640773537183E+03  1.633550385069734E+21 -3.392637820914081E+20
  0.000000000000000E+00  1.583316685843013E+00 -1.186086609420176E+00  4.656294386479859E+00  1.075904247559688E+01  3.586347491868772E+00  3.586347491868772E+00  1.075904247560632E+01 -9.436007530894130E-12  2.999999999997369E+00  2.117411940690810E+03 -4.170236903448695E+02  1.700388250345941E+03  1.654268246491216E+21 -3.258076691241439E+20
  0.000000000000000E+00  1.583442002176946E+00 -1.185637846240198E+00  4.656379644260584E+00  1.111653816970014E+01  3.705512723234429E+00  3.705512723234428E+00  1.111653816970329E+01 -3.151257033096044E-12  2.999999999999150E+00  2.142909656263102E+03 -4.006227882637453E+02  1.742286867999356E+03  1.675240310681579E+21 -3.131907321970069E+20
  0.000000000000000E+00  1.583567318513551E+00 -1.185189083060966E+00  4.656464968254047E+00  1.146013547737699E+01  3.820045159125758E+00  3.820045159125758E+00  1.146013547737728E+01 -2.913225216616411E-13  2.999999999999924E+00  2.168577885885803E+03 -3.853052385725435E+02  1.783272647313259E+03  1.696419395279130E+21 -3.014137901485250E+20
  0.000000000000000E+00  1.583692315528325E+00 -1.184741463402156E+00  4.656550140865074E+00  1.178995981460357E+01  3.929986604867933E+00  3.929986604867933E+00  1.178995981460380E+01 -2.291500322826323E-13  2.999999999999942E+00  2.194178522671716E+03 -3.710820542265096E+02  1.823096468445207E+03  1.717619255754414E+21 -2.904857901116728E+20
  0.000000000000000E+00  1.583817312545172E+00 -1.184293843743925E+00  4.656635379502304E+00  1.210774403656677E+01  4.035914678855628E+00  4.035914678855628E+00  1.210774403656688E+01 -1.136868377216160E-13  2.999999999999972E+00  2.219621697920570E+03 -3.577566138553071E+02  1.861865084065263E+03  1.738775657637449E+21 -2.802542848239310E+20
  0.000000000000000E+00  1.583942309562018E+00 -1.183846224085693E+00  4.656720684239502E+00  1.241427309410590E+01  4.138091031368633E+00  4.138091031368633E+00  1.241427309410590E+01 -3.552713678800501E-15  2.999999999999999E+00  2.244869903326645E+03 -3.453291305447087E+02  1.899540772781936E+03  1.759862218201123E+21 -2.707202269446823E+20
  0.000000000000000E+00  1.584067306576792E+00 -1.183398604426883E+00  4.656806055150550E+00  1.271033193806027E+01  4.236777312686741E+00  4.236777312686741E+00  1.271033193806023E+01  4.618527782440651E-14  3.000000000000011E+00  2.269885919487052E+03 -3.337998173805017E+02  1.936086102106550E+03  1.780852734119593E+21 -2.618846666818483E+20
  0.000000000000000E+00  1.584191707315719E+00 -1.182953120052656E+00  4.656891084592754E+00  1.299531968058070E+01  4.331773226860292E+00  4.331773226860292E+00  1.299531968058088E+01 -1.758593271006248E-13  2.999999999999960E+00  2.294391291812031E+03 -3.230720411891726E+02  1.971319250622859E+03  1.801524862256418E+21 -2.536717762917252E+20
  0.000000000000000E+00  1.584316108055235E+00 -1.182507635678594E+00  4.656976179731147E+00  1.327123230101623E+01  4.423744100338959E+00  4.423744100338959E+00  1.327123230101688E+01 -6.501466032204917E-13  2.999999999999853E+00  2.318370275740604E+03 -3.129355514805019E+02  2.005434724260102E+03  1.821875476573240E+21 -2.459182698105121E+20
  0.000000000000000E+00  1.584440508794751E+00 -1.182062151304532E+00  4.657061340640151E+00  1.353858434763483E+01  4.512861449211986E+00  4.512861449211986E+00  1.353858434763596E+01 -1.136868377216160E-12  2.999999999999748E+00  2.341823807821206E+03 -3.033904879358487E+02  2.038433319885357E+03  1.841907764411575E+21 -2.386248245966764E+20
  0.000000000000000E+00  1.584564909533678E+00 -1.181616666930306E+00  4.657146567394302E+00  1.379789036870449E+01  4.599296789568614E+00  4.599296789568614E+00  1.379789036870584E+01 -1.351807554783591E-12  2.999999999999706E+00  2.364752832203492E+03 -2.944369902367483E+02  2.070315841966743E+03  1.861624900515591E+21 -2.317921878316748E+20
  0.000000000000000E+00  1.584688421544466E+00 -1.181174365125259E+00  4.657231250497876E+00  1.404785274987654E+01  4.682617583292561E+00  4.682617583292561E+00  1.404785274987768E+01 -1.142197447734361E-12  2.999999999999756E+00  2.386903842206138E+03 -2.860013929016060E+02  2.100902449304531E+03  1.880816991237836E+21 -2.253615205503420E+20
  0.000000000000000E+00  1.584811933554487E+00 -1.180732063319997E+00  4.657315998656742E+00  1.429067541232118E+01  4.763558470773951E+00  4.763558470773951E+00  1.429067541232185E+01 -6.750155989720952E-13  2.999999999999858E+00  2.408353085958355E+03 -2.779033948837473E+02  2.130449691074607E+03  1.899557807132888E+21 -2.191927614177436E+20
  0.000000000000000E+00  1.584935445564508E+00 -1.180289761514735E+00  4.657400811945342E+00  1.452665025611595E+01  4.842216752038722E+00  4.842216752038722E+00  1.452665025611617E+01 -2.167155344068306E-13  2.999999999999955E+00  2.429111149254845E+03 -2.701430754238302E+02  2.158968073831015E+03  1.917857388711279E+21 -2.132862028029109E+20
  0.000000000000000E+00  1.585058957575296E+00 -1.179847459709688E+00  4.657485690438232E+00  1.475606918133843E+01  4.918689727112813E+00  4.918689727112813E+00  1.475606918133844E+01 -1.065814103640150E-14  2.999999999999998E+00  2.449188558425101E+03 -2.627205137624362E+02  2.186468044662665E+03  1.935725689744445E+21 -2.076421784526962E+20
  0.000000000000000E+00  1.585181285820662E+00 -1.179409397024325E+00  4.657569819779729E+00  1.497708474262191E+01  4.992361580873884E+00  4.992361580873884E+00  1.497708474262165E+01  2.575717417130363E-13  3.000000000000052E+00  2.468349214481806E+03 -2.556041854829226E+02  2.212745028998884E+03  1.952957237434277E+21 -2.022339630991653E+20
  0.000000000000000E+00  1.585303614066810E+00 -1.178971334339181E+00  4.657654013226247E+00  1.519208173995461E+01  5.064027246651252E+00  5.064027246651252E+00  1.519208173995376E+01  8.579803534303210E-13  3.000000000000169E+00  2.486734299003427E+03 -2.486454347990039E+02  2.238088864204424E+03  1.969683688547512E+21 -1.969461945941201E+20
  0.000000000000000E+00  1.585425942312959E+00 -1.178533271654038E+00  4.657738270849207E+00  1.540119548717406E+01  5.133731829057533E+00  5.133731829057533E+00  1.540119548717260E+01  1.456612608308205E-12  3.000000000000284E+00  2.504349476712316E+03 -2.418442984434934E+02  2.262505178268822E+03  1.985910419046611E+21 -1.917787898741911E+20
  0.000000000000000E+00  1.585548270558325E+00 -1.178095208968675E+00  4.657822592720137E+00  1.560456129811777E+01  5.201520432705346E+00  5.201520432705346E+00  1.560456129811604E+01  1.728395204736444E-12  3.000000000000332E+00  2.521200393655532E+03 -2.352008131491151E+02  2.285999580506417E+03  2.001642700518580E+21 -1.867316822497227E+20
  0.000000000000000E+00  1.585669131369340E+00 -1.177662401225242E+00  4.657905966244209E+00  1.579995475525882E+01  5.266651585085782E+00  5.266651585085782E+00  1.579995475525735E+01  1.470823463023407E-12  3.000000000000279E+00  2.537073882996597E+03 -2.287262233442130E+02  2.308347659652384E+03  2.016682017419548E+21 -1.818110480037527E+20
  0.000000000000000E+00  1.585789992180094E+00 -1.177229593481736E+00  4.657989402624949E+00  1.598990014549976E+01  5.329966715166290E+00  5.329966715166290E+00  1.598990014549887E+01  8.899547765395255E-13  3.000000000000167E+00  2.552149666463682E+03 -2.222999468940375E+02  2.329849719569644E+03  2.031199271998806E+21 -1.769235935611098E+20
  0.000000000000000E+00  1.585910852990849E+00 -1.176796785738230E+00  4.658072901932529E+00  1.617443899504317E+01  5.391479665014284E+00  5.391479665014284E+00  1.617443899504286E+01  3.161915174132446E-13  3.000000000000059E+00  2.566429980800962E+03 -2.159219950715926E+02  2.350507985729370E+03  2.045196369079145E+21 -1.720689376403425E+20
  0.000000000000000E+00  1.586031713801864E+00 -1.176363977994797E+00  4.658156464237226E+00  1.635361283009159E+01  5.451204276697177E+00  5.451204276697177E+00  1.635361283009154E+01  5.684341886080801E-14  3.000000000000011E+00  2.579917070946348E+03 -2.095923791497469E+02  2.370324691796601E+03  2.058675097007466E+21 -1.672466980963296E+20
  0.000000000000000E+00  1.586150847753042E+00 -1.175937354207147E+00  4.658238894324665E+00  1.652500699476651E+01  5.508335664922138E+00  5.508335664922138E+00  1.652500699476641E+01  9.237055564881302E-14  3.000000000000016E+00  2.592421054513819E+03 -2.033674519609858E+02  2.389053602552833E+03  2.071442864434948E+21 -1.624983165791734E+20
  0.000000000000000E+00  1.586269981702941E+00 -1.175510730419140E+00  4.658321385755984E+00  1.669121571647294E+01  5.563738572157591E+00  5.563738572157591E+00  1.669121571647278E+01  1.669775429036235E-13  3.000000000000030E+00  2.604124788274135E+03 -1.971284963335600E+02  2.406996291940575E+03  2.083683567739297E+21 -1.577318454142203E+20
  0.000000000000000E+00  1.586389115652840E+00 -1.175084106631133E+00  4.658403938599682E+00  1.685222812998177E+01  5.617409376660513E+00  5.617409376660512E+00  1.685222812998154E+01  2.344791028008331E-13  3.000000000000042E+00  2.615028477679605E+03 -1.908755093181506E+02  2.424152968361455E+03  2.095396856270914E+21 -1.529466870354158E+20
  0.000000000000000E+00  1.586508249604018E+00 -1.174657482843482E+00  4.658486552924353E+00  1.700803337006388E+01  5.669344456687871E+00  5.669344456687871E+00  1.700803337006361E+01  2.629008122312371E-13  3.000000000000046E+00  2.625132351693694E+03 -1.846084879653527E+02  2.440523863728341E+03  2.106582255282693E+21 -1.481422316369965E+20
  0.000000000000000E+00  1.586625434722985E+00 -1.174237837916540E+00  4.658567875862336E+00  1.715619519176045E+01  5.718731730586841E+00  5.718731730586841E+00  1.715619519176052E+01 -7.105427357601002E-14  2.999999999999988E+00  2.634265250277924E+03 -1.784096282890017E+02  2.455855621988922E+03  2.117048838320652E+21 -1.433803586311598E+20
  0.000000000000000E+00  1.586742619843491E+00 -1.173818192990028E+00  4.658649258416343E+00  1.729925486213190E+01  5.766418287377561E+00  5.766418287377561E+00  1.729925486213268E+01 -7.922551503725117E-13  2.999999999999863E+00  2.642567731093061E+03 -1.721329087336202E+02  2.470434822359440E+03  2.126958235272231E+21 -1.385468775254047E+20
  0.000000000000000E+00  1.586859804963996E+00 -1.173398548063515E+00  4.658730700649527E+00  1.743714958418643E+01  5.812383194729311E+00  5.812383194729311E+00  1.743714958418794E+01 -1.502797886132612E-12  2.999999999999741E+00  2.650031458222072E+03 -1.657783122518676E+02  2.484253145970205E+03  2.136302657458114E+21 -1.336409226063262E+20
  0.000000000000000E+00  1.586976990082964E+00 -1.172978903136573E+00  4.658812202625135E+00  1.756981656093230E+01  5.856605520311374E+00  5.856605520311374E+00  1.756981656093413E+01 -1.829647544582258E-12  2.999999999999687E+00  2.656648182824308E+03 -1.593458217964203E+02  2.497302361027888E+03  2.145074186196874E+21 -1.286616011949494E+20
  0.000000000000000E+00  1.587092050159661E+00 -1.172566868071600E+00  4.658892284829619E+00  1.769492335930891E+01  5.898307786436803E+00  5.898307786436802E+00  1.769492335931041E+01 -1.495692458775011E-12  2.999999999999746E+00  2.662274629622088E+03 -1.529214083910393E+02  2.509353221231048E+03  2.153090867213244E+21 -1.236738254365859E+20
  0.000000000000000E+00  1.587207110236202E+00 -1.172154833006583E+00  4.658972424754250E+00  1.781480883223381E+01  5.938269610744857E+00  5.938269610744857E+00  1.781480883223458E+01 -7.673861546209082E-13  2.999999999999871E+00  2.666985559190481E+03 -1.463339169914230E+02  2.520651642199058E+03  2.160473041802767E+21 -1.185422551959132E+20
  0.000000000000000E+00  1.587322170312743E+00 -1.171742797941566E+00  4.659052622460560E+00  1.792934308171940E+01  5.976447693906477E+00  5.976447693906477E+00  1.792934308171943E+01 -2.842170943040401E-14  2.999999999999995E+00  2.670763204476582E+03 -1.395833123348455E+02  2.531179892141737E+03  2.167204578142758E+21 -1.132655987686834E+20
  0.000000000000000E+00  1.587437230389440E+00 -1.171330762876592E+00  4.659132878010168E+00  1.803839620977810E+01  6.012798736592599E+00  6.012798736592599E+00  1.803839620977780E+01  3.019806626980426E-13  3.000000000000050E+00  2.673589955409249E+03 -1.326695591586514E+02  2.540920396250598E+03  2.173269187781983E+21 -1.078425150770667E+20
  0.000000000000000E+00  1.587550039967020E+00 -1.170926786946390E+00  4.659211620030817E+00  1.813986115107390E+01  6.046620383691167E+00  6.046620383691167E+00  1.813986115107350E+01  3.979039320256561E-13  3.000000000000066E+00  2.675373540606833E+03 -1.256934270488064E+02  2.549680113558026E+03  2.178513230357415E+21 -1.023501165869645E+20
  0.000000000000000E+00  1.587662849544756E+00 -1.170522811016231E+00  4.659290417771432E+00  1.823573811128345E+01  6.078579370427609E+00  6.078579370427609E+00  1.823573811128283E+01  6.181721801112872E-13  3.000000000000102E+00  2.676104755880826E+03 -1.184556616939624E+02  2.557649094186864E+03  2.182999826026724E+21 -9.662876174841191E+19
  0.000000000000000E+00  1.587775659122493E+00 -1.170118835086073E+00  4.659369271290061E+00  1.832582242810737E+01  6.108607476035508E+00  6.108607476035508E+00  1.832582242810653E+01  8.384404281969182E-13  3.000000000000137E+00  2.675753264739127E+03 -1.109562075355679E+02  2.564797057203559E+03  2.186701580152419E+21 -9.067656481749675E+19
  0.000000000000000E+00  1.587888468700072E+00 -1.169714859155870E+00  4.659448180644830E+00  1.840990943924630E+01  6.136636479748454E+00  6.136636479748454E+00  1.840990943924537E+01  9.343636975245317E-13  3.000000000000152E+00  2.674288979258129E+03 -1.031950090150625E+02  2.571093970243066E+03  2.189590885985240E+21 -8.449156129762291E+19
  0.000000000000000E+00  1.587998953894042E+00 -1.169319206940807E+00  4.659525518291209E+00  1.848624155886539E+01  6.162080519621530E+00  6.162080519621528E+00  1.848624155886459E+01  8.064660050877137E-13  3.000000000000131E+00  2.671700578332463E+03 -9.528758945867777E+01  2.576412988873786E+03  2.191568251189551E+21 -7.816342051337306E+19
  0.000000000000000E+00  1.588109439087497E+00 -1.168923554725600E+00  4.659602909607014E+00  1.855634380487629E+01  6.185447934958598E+00  6.185447934958598E+00  1.855634380487580E+01  4.938272013532696E-13  3.000000000000080E+00  2.667869164566940E+03 -8.700331608684164E+01  2.580865848480098E+03  2.192616290208961E+21 -7.150458901352237E+19
  0.000000000000000E+00  1.588219924280953E+00 -1.168527902510394E+00  4.659680354647655E+00  1.861992728639504E+01  6.206642428798284E+00  6.206642428798284E+00  1.861992728639486E+01  1.882938249764265E-13  3.000000000000031E+00  2.662729354443114E+03 -7.834211047593737E+01  2.584387243967177E+03  2.192677238770944E+21 -6.451236292236415E+19
  0.000000000000000E+00  1.588330409474922E+00 -1.168132250295330E+00  4.659757853468614E+00  1.867670311253767E+01  6.225567704179205E+00  6.225567704179205E+00  1.867670311253762E+01  4.973799150320701E-14  3.000000000000008E+00  2.656216260611413E+03 -6.930389420241514E+01  2.586912366408998E+03  2.191693008406040E+21 -5.718392083925507E+19
  0.000000000000000E+00  1.588438545326380E+00 -1.167745010334427E+00  4.659833756456258E+00  1.872537712750167E+01  6.241792375833528E+00  6.241792375833528E+00  1.872537712750059E+01  1.083577672034153E-12  3.000000000000174E+00  2.648472763824020E+03 -6.001624604298882E+01  2.588456517781031E+03  2.189680633507173E+21 -4.961969533958409E+19
  0.000000000000000E+00  1.588546680915570E+00 -1.167357770300287E+00  4.659909710835256E+00  1.876690109799998E+01  6.255633699332209E+00  6.255633699332209E+00  1.876690109799663E+01  3.353761712787673E-12  3.000000000000536E+00  2.639311997801086E+03 -5.030430621000583E+01  2.589007691591080E+03  2.186573382417525E+21 -4.167527638695982E+19
  0.000000000000000E+00  1.588654816504760E+00 -1.166970530266147E+00  4.659985716887564E+00  1.880095679012276E+01  6.266985596705714E+00  6.266985596705714E+00  1.880095679011714E+01  5.616840326183592E-12  3.000000000000896E+00  2.628630439980106E+03 -4.016798832614336E+01  2.588462451653962E+03  2.182279677731662E+21 -3.334732158856408E+19
  0.000000000000000E+00  1.588762952356217E+00 -1.166583290305244E+00  4.660061774895504E+00  1.882722596996019E+01  6.275741989984509E+00  6.275741989984509E+00  1.882722596995353E+01  6.654232720393338E-12  3.000000000001060E+00  2.616325320534996E+03 -2.960720600744261E+01  2.586718114527553E+03  2.176707447228266E+21 -2.463234418984394E+19
  0.000000000000000E+00  1.588868758381630E+00 -1.166204395240186E+00  4.660136244397429E+00  1.884507086796508E+01  6.281690289319833E+00  6.281690289319833E+00  1.884507086795950E+01  5.577760475716786E-12  3.000000000000888E+00  2.602776485842595E+03 -1.884953433108782E+01  2.583926951511507E+03  2.170062972243665E+21 -1.571578532325929E+19
  0.000000000000000E+00  1.588974564669801E+00 -1.165825500248502E+00  4.660210763749117E+00  1.885491315920676E+01  6.284971053067847E+00  6.284971053067847E+00  1.885491315920354E+01  3.218758592993254E-12  3.000000000000512E+00  2.587798524162580E+03 -7.861081889336883E+00  2.579937442273243E+03  2.162285141120918E+21 -6.568479116027190E+18
  0.000000000000000E+00  1.589080370957972E+00 -1.165446605256819E+00  4.660285332768467E+00  1.885658407364586E+01  6.285528024548330E+00  6.285528024548332E+00  1.885658407364500E+01  8.597567102697212E-13  3.000000000000136E+00  2.571292364233785E+03  3.358197137977791E+00  2.574650561371762E+03  2.153283784577267E+21  2.812263413995772E+18
  0.000000000000000E+00  1.589186176983385E+00 -1.165067710191761E+00  4.660359951273142E+00  1.884991484124301E+01  6.283304947081073E+00  6.283304947081073E+00  1.884991484124322E+01 -2.131628207280301E-13  2.999999999999966E+00  2.553159651444123E+03  1.480834856368604E+01  2.567968000007808E+03  2.142968149122516E+21  1.242923422165707E+19
  0.000000000000000E+00  1.589289709324456E+00 -1.164696956441564E+00  4.660433014422547E+00  1.883518477572225E+01  6.278394925240819E+00  6.278394925240819E+00  1.883518477572246E+01 -2.060573933704291E-13  2.999999999999968E+00  2.533945157591014E+03  2.608450673385160E+01  2.560029664324866E+03  2.131679475276579E+21  2.194357184909516E+19
  0.000000000000000E+00  1.589393241665243E+00 -1.164326202691288E+00  4.660506125267072E+00  1.881239768874796E+01  6.270799229582711E+00  6.270799229582711E+00  1.881239768874813E+01 -1.776356839400250E-13  2.999999999999972E+00  2.513410205335383E+03  3.719499137714902E+01  2.550605196712532E+03  2.119313909196679E+21  3.136291179637502E+19
  0.000000000000000E+00  1.589496774006030E+00 -1.163955448941012E+00  4.660579283852905E+00  1.878167390091970E+01  6.260557966973286E+00  6.260557966973286E+00  1.878167390091986E+01 -1.563194018672220E-13  2.999999999999975E+00  2.491510870489170E+03  4.813976983082294E+01  2.539650640319992E+03  2.105826063881536E+21  4.068775425374796E+19
  0.000000000000000E+00  1.589600306347101E+00 -1.163584695190815E+00  4.660652490226289E+00  1.874313373283706E+01  6.247711244279067E+00  6.247711244279067E+00  1.874313373283720E+01 -1.492139745096210E-13  2.999999999999976E+00  2.468203559491987E+03  5.891880943211504E+01  2.527122368924102E+03  2.091170046523860E+21  4.991859321629281E+19
  0.000000000000000E+00  1.589701652124428E+00 -1.163221771620871E+00  4.660724196837307E+00  1.869802702935982E+01  6.232675676453307E+00  6.232675676453307E+00  1.869802702935992E+01 -1.065814103640150E-13  2.999999999999983E+00  2.443972433254973E+03  6.906997795181921E+01  2.513042411206792E+03  2.075638625536341E+21  5.866036463872936E+19
  0.000000000000000E+00  1.589802997902028E+00 -1.162858848051003E+00  4.660795949326060E+00  1.864588836779489E+01  6.215296122598308E+00  6.215296122598308E+00  1.864588836779492E+01 -3.197442310920451E-14  2.999999999999994E+00  2.418265586821037E+03  7.888977325094484E+01  2.497155360071982E+03  2.058861880390804E+21  6.716514008395576E+19
  0.000000000000000E+00  1.589904343679629E+00 -1.162495924481135E+00  4.660867747735609E+00  1.858695210649195E+01  6.195650702163966E+00  6.195650702163966E+00  1.858695210649190E+01  4.973799150320701E-14  3.000000000000008E+00  2.391008216080596E+03  8.837813170947747E+01  2.479386347790074E+03  2.040765549890107E+21  7.543221530706469E+19
  0.000000000000000E+00  1.590005689456955E+00 -1.162133000911191E+00  4.660939592109068E+00  1.852145260380065E+01  6.173817534600190E+00  6.173817534600190E+00  1.852145260380057E+01  8.171241461241152E-14  3.000000000000013E+00  2.362126048459565E+03  9.753498970747852E+01  2.459661038167043E+03  2.021274657984439E+21  8.346083101325833E+19
  0.000000000000000E+00  1.590104959206696E+00 -1.161777511684157E+00  4.661010009382586E+00  1.845114194207083E+01  6.150380647356828E+00  6.150380647356829E+00  1.845114194207049E+01  3.446132268436486E-13  3.000000000000056E+00  2.332055738904533E+03  1.062875620206188E+02  2.438343300925152E+03  2.000644056937600E+21  9.118288887161224E+19
  0.000000000000000E+00  1.590204228956458E+00 -1.161422022457129E+00  4.661080470838942E+00  1.837478381408308E+01  6.124927938027383E+00  6.124927938027383E+00  1.837478381408215E+01  9.308109838457312E-13  3.000000000000152E+00  2.299964346568799E+03  1.150791548824679E+02  2.415043501451267E+03  1.978253693838329E+21  9.898230099508435E+19
  0.000000000000000E+00  1.590303498706218E+00 -1.161066533230101E+00  4.661150976519015E+00  1.829235205381954E+01  6.097450684606006E+00  6.097450684606006E+00  1.829235205381802E+01  1.517008740847814E-12  3.000000000000249E+00  2.265700736534474E+03  1.239097753961995E+02  2.389610511930674E+03  1.953956992490526E+21  1.068607023731047E+20
  0.000000000000000E+00  1.590402768455960E+00 -1.160711044003067E+00  4.661221526463734E+00  1.820382049526232E+01  6.067940165086844E+00  6.067940165086844E+00  1.820382049526053E+01  1.783462266757851E-12  3.000000000000294E+00  2.229114803162921E+03  1.327794306649261E+02  2.361894233827848E+03  1.927606153298599E+21  1.148197693622735E+20
  0.000000000000000E+00  1.590500090203884E+00 -1.160362530653357E+00  4.661290734994251E+00  1.811095187224131E+01  6.036983957413187E+00  6.036983957413187E+00  1.811095187223956E+01  1.744382416291046E-12  3.000000000000289E+00  2.191031255625026E+03  1.418362644876671E+02  2.332867520112693E+03  1.899792591689378E+21  1.229829486981452E+20
  0.000000000000000E+00  1.590597411951626E+00 -1.160014017303595E+00  4.661359986147154E+00  1.801206225364866E+01  6.004020751215670E+00  6.004020751215670E+00  1.801206225364701E+01  1.652011860642233E-12  3.000000000000275E+00  2.151536071292959E+03  1.506047152822453E+02  2.302140786575204E+03  1.870677443120800E+21  1.309449780857358E+20
  0.000000000000000E+00  1.590694733699367E+00 -1.159665503953833E+00  4.661429279961325E+00  1.790734738512482E+01  5.969115795041085E+00  5.969115795041085E+00  1.790734738512326E+01  1.556088591314619E-12  3.000000000000261E+00  2.111591882806597E+03  1.590847299107286E+02  2.270676612717326E+03  1.841083445395321E+21  1.387049576381868E+20
  0.000000000000000E+00  1.590792055447291E+00 -1.159316990604122E+00  4.661498616475692E+00  1.779700301231018E+01  5.932334337436223E+00  5.932334337436223E+00  1.779700301230867E+01  1.513456027169013E-12  3.000000000000255E+00  2.072155250820961E+03  1.672762552351523E+02  2.239431506056113E+03  1.811837228947025E+21  1.462618916385818E+20
  0.000000000000000E+00  1.590887569399432E+00 -1.158974950962108E+00  4.661566706584045E+00  1.768386937868199E+01  5.894623126226849E+00  5.894623126226849E+00  1.768386937868055E+01  1.445954467271804E-12  3.000000000000245E+00  2.033587059638683E+03  1.737696274928967E+02  2.207356687131580E+03  1.783157053045837E+21  1.523704310570114E+20
  0.000000000000000E+00  1.590983083324513E+00 -1.158632911312538E+00  4.661634837871013E+00  1.756637220503804E+01  5.855457401678914E+00  5.855457401678914E+00  1.756637220503674E+01  1.289635065404582E-12  3.000000000000220E+00  1.994928251008984E+03  1.804503865709152E+02  2.175378637579899E+03  1.754298135450977E+21  1.586842917997951E+20
  0.000000000000000E+00  1.591078597249594E+00 -1.158290871662968E+00  4.661703010397295E+00  1.744438768566528E+01  5.814795895221380E+00  5.814795895221381E+00  1.744438768566415E+01  1.133315663537360E-12  3.000000000000195E+00  1.957311750124613E+03  1.873185660809742E+02  2.144630316205587E+03  1.726254518942889E+21  1.652059367439024E+20
  0.000000000000000E+00  1.591174111201735E+00 -1.157948832020955E+00  4.661771224223658E+00  1.731779201485071E+01  5.772597338283211E+00  5.772597338283211E+00  1.731779201484964E+01  1.069366817318951E-12  3.000000000000185E+00  1.921863393746967E+03  1.943741996351278E+02  2.116237593382095E+03  1.700025751355192E+21  1.719378941572568E+20
  0.000000000000000E+00  1.591267965173460E+00 -1.157612737014426E+00  4.661838292780594E+00  1.718862551851658E+01  5.729541839505176E+00  5.729541839505176E+00  1.718862551851553E+01  1.048050535246148E-12  3.000000000000183E+00  1.886441867377110E+03  2.030823448951021E+02  2.089524212272212E+03  1.673635265961885E+21  1.801729383706116E+20
  0.000000000000000E+00  1.591361819172369E+00 -1.157276642015490E+00  4.661905401286095E+00  1.705157482535805E+01  5.683858275119018E+00  5.683858275119018E+00  1.705157482535706E+01  9.912071163853398E-13  3.000000000000175E+00  1.846371717565612E+03  2.185904530319272E+02  2.064962170597540E+03  1.643018919583131E+21  1.945156798898710E+20
  0.000000000000000E+00  1.591455673171278E+00 -1.156940547016553E+00  4.661972549751157E+00  1.690220861714803E+01  5.634069539049029E+00  5.634069539049028E+00  1.690220861714709E+01  9.450218385609332E-13  3.000000000000167E+00  1.800748839893399E+03  2.408997269882785E+02  2.041648566881677E+03  1.607346221868348E+21  2.150268029863888E+20
  0.000000000000000E+00  1.591549527143003E+00 -1.156604452010025E+00  4.662039738186787E+00  1.673609557565943E+01  5.578698525219502E+00  5.578698525219502E+00  1.673609557565851E+01  9.166001291305292E-13  3.000000000000164E+00  1.748674838197812E+03  2.700113697055395E+02  2.018686207903352E+03  1.565777984921341E+21  2.417704247400886E+20
  0.000000000000000E+00  1.591641873233248E+00 -1.156273756704472E+00  4.662105886222431E+00  1.655078888745624E+01  5.516929629151351E+00  5.516929629151351E+00  1.655078888745405E+01  2.181366198783508E-12  3.000000000000395E+00  1.690080258632265E+03  3.097872430668122E+02  1.999867501699078E+03  1.518095168547496E+21  2.782628307592717E+20
  0.000000000000000E+00  1.591734219323567E+00 -1.155943061398939E+00  4.662172073045509E+00  1.633652899421194E+01  5.445509664735661E+00  5.445509664735661E+00  1.633652899420698E+01  4.956035581926699E-12  3.000000000000910E+00  1.622541941766857E+03  3.603598849135454E+02  1.982901826680403E+03  1.462110057222701E+21  3.247286238887365E+20
  0.000000000000000E+00  1.591826565413886E+00 -1.155612366093407E+00  4.662238298689501E+00  1.608639655978139E+01  5.362132186591218E+00  5.362132186591218E+00  1.608639655977366E+01  7.730704965069890E-12  3.000000000001442E+00  1.544323508054671E+03  4.217311735992587E+02  1.966054681653930E+03  1.396171899457398E+21  3.812732310512948E+20
  0.000000000000000E+00  1.591918911504131E+00 -1.155281670787853E+00  4.662304563187925E+00  1.579347224801944E+01  5.264490749336812E+00  5.264490749336812E+00  1.579347224801044E+01  8.995471034722868E-12  3.000000000001709E+00  1.453699409109282E+03  4.939029874778013E+02  1.947602396587083E+03  1.318614304263686E+21  4.480070227213236E+20
  0.000000000000000E+00  1.592009903675754E+00 -1.154955823922660E+00  4.662369894196047E+00  1.545565490349399E+01  5.151884967828408E+00  5.151884967828408E+00  1.545565490348523E+01  8.764544645600836E-12  3.000000000001701E+00  1.356321083647420E+03  5.766587786787020E+02  1.932979862326122E+03  1.234457967594165E+21  5.248469794546781E+20
  0.000000000000000E+00  1.592100895847377E+00 -1.154629977057466E+00  4.662435262992544E+00  1.506381982992023E+01  5.021273276637330E+00  5.021273276637330E+00  1.506381982991199E+01  8.244072091656562E-12  3.000000000001642E+00  1.254030657561573E+03  6.650100364591307E+02  1.919040694020703E+03  1.145387907770079E+21  6.073969960089500E+20
  0.000000000000000E+00  1.592191888018999E+00 -1.154304130192273E+00  4.662500669609649E+00  1.461443890647207E+01  4.871479635488112E+00  4.871479635488112E+00  1.461443890646434E+01  7.730704965069890E-12  3.000000000001587E+00  1.143695066262926E+03  7.589577185785492E+02  1.902652784841475E+03  1.048403465734988E+21  6.957220731082067E+20
  0.000000000000000E+00  1.592282880190621E+00 -1.153978283327079E+00  4.662566114079636E+00  1.410398401232338E+01  4.701328004105294E+00  4.701328004105294E+00  1.410398401231588E+01  7.496225862269057E-12  3.000000000001594E+00  1.022200316440818E+03  8.585027827964267E+02  1.880703099237244E+03  9.404904817517168E+20  7.898781508782163E+20
  0.000000000000000E+00  1.592372672545678E+00 -1.153656733056412E+00  4.662630732742327E+00  1.353677023539266E+01  4.512256745130706E+00  4.512256745130706E+00  1.353677023539212E+01  5.329070518200751E-13  3.000000000000119E+00  9.003139944130494E+02  9.595030089171314E+02  1.859817003330181E+03  8.313719512879344E+20  8.860285342005984E+20
  0.000000000000000E+00  1.592462464900736E+00 -1.153335182785746E+00  4.662695388328773E+00  1.291108704864388E+01  4.303695682886219E+00  4.303695682886219E+00  1.291108704865866E+01 -1.477573619013128E-11  2.999999999996567E+00  7.898064932754640E+02  1.046263294856192E+03  1.836069788131656E+03  7.319853152320358E+20  9.696670946891166E+20
  0.000000000000000E+00  1.592552257255793E+00 -1.153013632515079E+00  4.662760080870092E+00  1.223581487638962E+01  4.078604958806569E+00  4.078604958806569E+00  1.223581487641971E+01 -3.008615578892204E-11  2.999999999992624E+00  6.941342267644422E+02  1.118781229894552E+03  1.812915456658995E+03  6.456688946820699E+20  1.040666505474307E+21
  0.000000000000000E+00  1.592642049610850E+00 -1.152692082244413E+00  4.662824810397431E+00  1.151983414294244E+01  3.839944714326491E+00  3.839944714326491E+00  1.151983414297947E+01 -3.704059281517402E-11  2.999999999990353E+00  6.167326264106091E+02  1.177054403312446E+03  1.793787029723055E+03  5.757838853486361E+20  1.098902390733487E+21
  0.000000000000000E+00  1.592730795200694E+00 -1.152374280484823E+00  4.662888821704801E+00  1.078512747596522E+01  3.595042491999031E+00  3.595042491999031E+00  1.078512747599710E+01 -3.187139441251929E-11  2.999999999991135E+00  5.669028917225315E+02  1.204690319936540E+03  1.771593211659072E+03  5.312782553671451E+20  1.128986605605165E+21
  0.000000000000000E+00  1.592819540790538E+00 -1.152056478725233E+00  4.662952869201483E+00  1.004180099659868E+01  3.347266998873060E+00  3.347266998873059E+00  1.004180099661918E+01 -2.050271064035769E-11  2.999999999993875E+00  5.451661233592267E+02  1.205184371831794E+03  1.750350495191021E+03  5.129286604108635E+20  1.133917862655704E+21
  0.000000000000000E+00  1.592908286380383E+00 -1.151738676965644E+00  4.663016952917650E+00  9.306568587558905E+00  3.102189529189345E+00  3.102189529189345E+00  9.306568587568037E+00 -9.132250511356688E-12  2.999999999997056E+00  5.441519152253758E+02  1.178532021773346E+03  1.722683936998721E+03  5.139586394662006E+20  1.113138992127051E+21
  0.000000000000000E+00  1.592997031970227E+00 -1.151420875206054E+00  4.663081072883505E+00  8.596144131562006E+00  2.865381377188657E+00  2.865381377188657E+00  8.596144131565971E+00 -3.964828465541359E-12  2.999999999998616E+00  5.565330763082986E+02  1.124728732536018E+03  1.681261808844317E+03  5.275295368535221E+20  1.066113862084081E+21
  0.000000000000000E+00  1.593084881941415E+00 -1.151106280695246E+00  4.663144581484466E+00  7.928385098681422E+00  2.642795032893290E+00  2.642795032893290E+00  7.928385098679871E+00  1.550759520796419E-12  3.000000000000587E+00  6.130508526953206E+02  1.061041031726772E+03  1.674091884422092E+03  5.831625040759692E+20  1.009311613006842E+21
  0.000000000000000E+00  1.593172731912602E+00 -1.150791686184438E+00  4.663208125666141E+00  7.309813646811777E+00  2.436604548932696E+00  2.436604548932696E+00  7.309813646798089E+00  1.368771762599863E-11  3.000000000005618E+00  7.183569767517999E+02  9.634175250079298E+02  1.681774501759730E+03  6.859413375318074E+20  9.199436033790383E+20
  0.000000000000000E+00  1.593260581883790E+00 -1.150477091673630E+00  4.663271705457928E+00  6.761105238948971E+00  2.253701746307717E+00  2.253701746307717E+00  6.761105238923150E+00  2.582112301752204E-11  3.000000000011457E+00  8.257250662595130E+02  8.318525997268254E+02  1.657577665986338E+03  7.914454827198674E+20  7.973186345485839E+20
  0.000000000000000E+00  1.593348431854978E+00 -1.150162497162822E+00  4.663335320889254E+00  6.302935338088916E+00  2.100978446019192E+00  2.100978446019192E+00  6.302935338057578E+00  3.133759918227952E-11  3.000000000014916E+00  8.887041451530997E+02  6.663406432301974E+02  1.555044788383297E+03  8.547475715172018E+20  6.408803758939404E+20
  0.000000000000000E+00  1.593435535244074E+00 -1.149850576194472E+00  4.663398430908233E+00  5.936457940735184E+00  1.978819313569471E+00  1.978819313569471E+00  5.936457940708413E+00  2.677058574818147E-11  3.000000000013529E+00  9.653240620836244E+02  5.153884695570046E+02  1.480712531640629E+03  9.322188216680675E+20  4.977135147286098E+20
  0.000000000000000E+00  1.593522638633170E+00 -1.149538655226122E+00  4.663461576021276E+00  5.718343338133534E+00  1.906114446038938E+00  1.906114446038938E+00  5.718343338116814E+00  1.672084692927456E-11  3.000000000008772E+00  1.204396258364302E+03  1.752004642221643E+02  1.379596722586466E+03  1.168873406241712E+21  1.700330451612438E+20
  0.000000000000000E+00  1.593609742022267E+00 -1.149226734257772E+00  4.663524756257159E+00  5.762892682457885E+00  1.920964227483737E+00  1.920964227483737E+00  5.762892682451211E+00  6.673772645626741E-12  3.000000000003474E+00  1.694805746708925E+03 -3.542544014727744E+02  1.340551345236150E+03  1.652216259364668E+21 -3.453521934306610E+20
  0.000000000000000E+00  1.593696845411363E+00 -1.148914813289422E+00  4.663587971644690E+00  6.184407125882148E+00  2.061469041960014E+00  2.061469041960014E+00  6.184407125880043E+00  2.104982854689297E-12  3.000000000001021E+00  2.524909911573696E+03 -1.073007156226226E+03  1.451902755347470E+03  2.468047958978658E+21 -1.048842618009714E+21
  0.000000000000000E+00  1.593783349155265E+00 -1.148605039676204E+00  4.663650786656978E+00  7.158177019572650E+00  2.386059006523657E+00  2.386059006523657E+00  7.158177019570971E+00  1.678657213233237E-12  3.000000000000703E+00  3.401322611213711E+03 -2.207736713470872E+03  1.193585897742838E+03  3.328060837984251E+21 -2.160183827449590E+21
  0.000000000000000E+00  1.593869852899167E+00 -1.148295266062987E+00  4.663713636395312E+00  8.873491862173132E+00  2.957830620724133E+00  2.957830620724133E+00  8.873491862172401E+00  7.318590178329032E-13  3.000000000000248E+00  4.026872865840228E+03 -3.545856063107010E+03  4.810168027332175E+02  3.970187099700046E+21 -3.495941508002701E+21
  0.000000000000000E+00  1.593956356643069E+00 -1.147985492449769E+00  4.663776520887999E+00  1.145226645165456E+01  3.817422150551590E+00  3.817422150551590E+00  1.145226645165477E+01 -2.113864638886298E-13  2.999999999999945E+00  4.462324038102448E+03 -5.087398300668539E+03 -6.250742625660918E+02  4.509137083354250E+21 -5.140768832442921E+21
  0.000000000000000E+00  1.594042860386972E+00 -1.147675718836551E+00  4.663839440163376E+00  1.501641558598789E+01  5.005471861996175E+00  5.005471861996175E+00  1.501641558598853E+01 -6.412648190234904E-13  2.999999999999872E+00  4.768087881008104E+03 -6.832396521685840E+03 -2.064308640677736E+03  5.067465298696049E+21 -7.261387194326281E+21
  0.000000000000000E+00  1.594128909413241E+00 -1.147367573586658E+00  4.663902063232804E+00  1.959860559344871E+01  6.532868531151195E+00  6.532868531151195E+00  1.959860559345359E+01 -4.877875880993088E-12  2.999999999999253E+00  5.063204753722714E+03 -8.562920811925656E+03 -3.499716058202941E+03  5.670557983957847E+21 -9.590080065468952E+21
  0.000000000000000E+00  1.594214958439510E+00 -1.147059428336766E+00  4.663964720776228E+00  2.527161496063766E+01  8.423871653550620E+00  8.423871653550620E+00  2.527161496065186E+01 -1.420374928784440E-11  2.999999999998314E+00  5.426890616463705E+03 -1.049055932203443E+04 -5.063668705570722E+03  6.282999193103864E+21 -1.214547710904490E+22
  0.000000000000000E+00  1.594301007465780E+00 -1.146751283086874E+00  4.664027412821630E+00  3.215291007524290E+01  1.071763669175547E+01  1.071763669175547E+01  3.215291007526643E+01 -2.353317540837452E-11  2.999999999997804E+00  5.855456723977383E+03 -1.261534393996065E+04 -6.759887215983268E+03  6.930767387332294E+21 -1.493205713587255E+22
  0.000000000000000E+00  1.594387056492049E+00 -1.146443137836981E+00  4.664090139397023E+00  4.035995732495262E+01  1.345331910832679E+01  1.345331910832679E+01  4.035995732498039E+01 -2.776801011350472E-11  2.999999999997936E+00  6.345234423668776E+03 -1.493730655364890E+04 -8.592072129980126E+03  7.646522342796168E+21 -1.800066643363376E+22
  0.000000000000000E+00  1.594472794463631E+00 -1.146136106487251E+00  4.664152673595829E+00  5.007302869886678E+01  1.669100956629697E+01  1.669100956629697E+01  5.007302869889093E+01 -2.415845301584341E-11  2.999999999998552E+00  6.894556480465129E+03 -1.784983718525345E+04 -1.095528070478832E+04  8.452654967012362E+21 -2.188371585203343E+22
  0.000000000000000E+00  1.594558532435214E+00 -1.145829075137520E+00  4.664215242131043E+00  6.169001395980630E+01  2.056333798660751E+01  2.056333798660751E+01  6.169001395982254E+01 -1.623590151211829E-11  2.999999999999210E+00  7.514924603391030E+03 -2.134711594505716E+04 -1.383219134166613E+04  9.355322940147881E+21 -2.657500561172274E+22
  0.000000000000000E+00  1.594644270406796E+00 -1.145522043787790E+00  4.664277845030462E+00  7.555819109256321E+01  2.518606369752382E+01  2.518606369752382E+01  7.555819109257149E+01 -8.284928298962768E-12  2.999999999999671E+00  8.216761251311775E+03 -2.542923710667479E+04 -1.721247585536302E+04  1.036091100096149E+22 -3.206495289643993E+22
  0.000000000000000E+00  1.594730008378378E+00 -1.145215012438059E+00  4.664340482321913E+00  9.202483808192945E+01  3.067494602731136E+01  3.067494602731136E+01  9.202483808193411E+01 -4.661160346586257E-12  2.999999999999848E+00  9.010425943635553E+03 -3.009629494373432E+04 -2.108586900009876E+04  1.147275901352712E+22 -3.832088973922367E+22
  0.000000000000000E+00  1.594815577515818E+00 -1.144908585690626E+00  4.664403030587061E+00  1.115964740889681E+02  3.719882469631705E+01  3.719882469631705E+01  1.115964740889512E+02  1.693933882052079E-11  3.000000000000456E+00  9.911797024165506E+03 -3.558654717579671E+04 -2.567475015163121E+04  1.280322357326072E+22 -4.596770076922301E+22
  0.000000000000000E+00  1.594901146653258E+00 -1.144602158943193E+00  4.664465613164396E+00  1.338347253335968E+02  4.461157511117743E+01  4.461157511117743E+01  1.338347253335323E+02  6.448885869758669E-11  3.000000000001446E+00  1.091346873542029E+04 -3.909447284950461E+04 -2.818100411408432E+04  1.441793658186925E+22 -5.164825628870595E+22
  0.000000000000000E+00  1.594986715790698E+00 -1.144295732195760E+00  4.664528230081666E+00  1.575638934753196E+02  5.252129782506919E+01  5.252129782506918E+01  1.575638934752075E+02  1.120383785746526E-10  3.000000000002133E+00  1.198597569581904E+04 -4.061975280458676E+04 -2.863377710876772E+04  1.621785883028063E+22 -5.496135095080119E+22
  0.000000000000000E+00  1.595072284928138E+00 -1.143989305448327E+00  4.664590881366654E+00  1.816082801736406E+02  6.053609339116897E+01  6.053609339116897E+01  1.816082801735070E+02  1.336104560323292E-10  3.000000000002207E+00  1.310002386523338E+04 -4.016206788073079E+04 -2.706204401549741E+04  1.806730139299573E+22 -5.539075290487563E+22
  0.000000000000000E+00  1.595157827837701E+00 -1.143682972624042E+00  4.664653547828051E+00  2.039350509499822E+02  6.797835031662827E+01  6.797835031662827E+01  2.039350509498848E+02  9.731593308970332E-11  3.000000000001432E+00  1.420055109903874E+04 -3.508511595232162E+04 -2.088456485328289E+04  1.983704054447495E+22 -4.901111673763994E+22
  0.000000000000000E+00  1.595243370747266E+00 -1.143376639799757E+00  4.664716248691708E+00  2.230777265601750E+02  7.435924218671911E+01  7.435924218671911E+01  2.230777265601573E+02  1.762145984685048E-11  3.000000000000237E+00  1.523932231418294E+04 -2.942028099065425E+04 -1.418095867647131E+04  2.151873984234663E+22 -4.154301350640918E+22
  0.000000000000000E+00  1.595328913656830E+00 -1.143070306975472E+00  4.664778983985467E+00  2.386882473507163E+02  7.956274911692611E+01  7.956274911692611E+01  2.386882473507784E+02 -6.212985681486316E-11  2.999999999999219E+00  1.619646721721314E+04 -2.316746850991251E+04 -6.971001292699364E+03  2.313824692277228E+22 -3.309700811719010E+22
  0.000000000000000E+00  1.595414456566393E+00 -1.142763974151187E+00  4.664841753737202E+00  2.504185536681032E+02  8.347285122273387E+01  8.347285122273387E+01  2.504185536682016E+02 -9.839595804805867E-11  2.999999999998821E+00  1.705223450545740E+04 -1.632658402427223E+04  7.256504811851615E+02  2.473551212646311E+22 -2.368290308152035E+22
  0.000000000000000E+00  1.595500115193550E+00 -1.142457226937247E+00  4.664904642956190E+00  2.588581086013623E+02  8.628603620048035E+01  8.628603620048035E+01  2.588581086014411E+02 -7.884182195994072E-11  2.999999999999087E+00  1.696836322697098E+04 -1.228170410753002E+04  4.686659119440965E+03  2.506172864885715E+22 -1.813968333723706E+22
  0.000000000000000E+00  1.595585773820706E+00 -1.142150479723306E+00  4.664967566782467E+00  2.651823579956956E+02  8.839411933191037E+01  8.839411933191037E+01  2.651823579957312E+02 -3.558398020686582E-11  2.999999999999598E+00  1.564735440728811E+04 -9.197445452426184E+03  6.449908954861924E+03  2.359875333066367E+22 -1.387124243846262E+22
  0.000000000000000E+00  1.595671432447861E+00 -1.141843732509366E+00  4.665030525244106E+00  2.699614763732230E+02  8.998715879107175E+01  8.998715879107175E+01  2.699614763732153E+02  7.617018127348274E-12  3.000000000000085E+00  1.388041518648975E+04 -7.073962841074023E+03  6.806452345415723E+03  2.151970108060848E+22 -1.096721991020952E+22
  0.000000000000000E+00  1.595757091075017E+00 -1.141536985295425E+00  4.665093518369211E+00  2.737656382560642E+02  9.125521275201227E+01  9.125521275201227E+01  2.737656382560368E+02  2.734168447204866E-11  3.000000000000299E+00  1.245407026911940E+04 -5.911411055577539E+03  6.542659213541861E+03  2.004832718670669E+22 -9.516077909982235E+21
  0.000000000000000E+00  1.595843009787688E+00 -1.141229306703879E+00  4.665156737610292E+00  2.769479160570324E+02  9.231597201891256E+01  9.231597201891256E+01  2.769479160567377E+02  2.947331267932896E-10  3.000000000003193E+00  1.152229372211818E+04 -4.806406496763739E+03  6.715887225354441E+03  1.941434317203848E+22 -8.098493876558843E+21
  0.000000000000000E+00  1.595928928500287E+00 -1.140921628112313E+00  4.665219991782321E+00  2.795102617605895E+02  9.317008725323555E+01  9.317008725323555E+01  2.795102617597066E+02  8.828351383272093E-10  3.000000000009475E+00  1.070627052738245E+04 -3.828076966927141E+03  6.878193560455306E+03  1.913482043982001E+22 -6.841744303454495E+21
  0.000000000000000E+00  1.596014847212885E+00 -1.140613949520747E+00  4.665283280913814E+00  2.815281118418825E+02  9.384270394680384E+01  9.384270394680384E+01  2.815281118404116E+02  1.470937149861129E-09  3.000000000015675E+00  9.980877968686364E+03 -2.976442944388222E+03  7.004435024298143E+03  1.939204515984396E+22 -5.782989850628547E+21
  0.000000000000000E+00  1.596100765925556E+00 -1.140306270929201E+00  4.665346605033321E+00  2.830769027760587E+02  9.435896759144013E+01  9.435896759144013E+01  2.830769027743204E+02  1.738271748763509E-09  3.000000000018422E+00  9.321141389069518E+03 -2.251524907467860E+03  7.069616481601658E+03  2.030261922517234E+22 -4.904104654599017E+21
  0.000000000000000E+00  1.596187089817494E+00 -1.139997141373806E+00  4.665410263044127E+00  2.842075753094622E+02  9.473585843612786E+01  9.473585843612786E+01  2.842075753083836E+02  1.078603872883832E-09  3.000000000011386E+00  8.989718320137496E+03 -1.538893623748527E+03  7.450824696388968E+03  2.211527014165836E+22 -3.785774703556418E+21
  0.000000000000000E+00  1.596273413709504E+00 -1.139688011818432E+00  4.665473956431450E+00  2.849246111550990E+02  9.497487038515717E+01  9.497487038515717E+01  2.849246111554716E+02 -3.725517672137357E-10  2.999999999996077E+00  8.878526768570706E+03 -8.675105515326412E+02  8.011016217038065E+03  2.429227626344482E+22 -2.373570134843085E+21
  0.000000000000000E+00  1.596359737601514E+00 -1.139378882263057E+00  4.665537685224209E+00  2.852527075347453E+02  9.508423584552301E+01  9.508423584552301E+01  2.852527075365691E+02 -1.823764250730164E-09  2.999999999980819E+00  8.400273220296984E+03 -2.373823952379214E+02  8.162890825059063E+03  2.525607886344132E+22 -7.137087494291740E+20
  0.000000000000000E+00  1.596446061493451E+00 -1.139069752707663E+00  4.665601449451348E+00  2.852165616701776E+02  9.507218722422026E+01  9.507218722422026E+01  2.852165616726608E+02 -2.483261596353259E-09  2.999999999973880E+00  6.971215463140406E+03  3.514841407184023E+02  7.322699603858809E+03  2.280991447341682E+22  1.150061023208928E+21
  0.000000000000000E+00  1.596456678035430E+00 -1.139031734415965E+00  4.665609293941788E+00  2.851815786246266E+02  9.506052620896175E+01  9.506052620896175E+01  2.851815786268853E+02 -2.258730091853067E-09  2.999999999976239E+00  6.739778434844858E+03  5.940887225267294E+02  7.333867157371587E+03  2.228300463422179E+22  1.964171654183872E+21
  0.000000000000000E+00  1.596467294577409E+00 -1.138993716124267E+00  4.665617138968679E+00  2.851301909218731E+02  9.504339697454594E+01  9.504339697454594E+01  2.851301909236379E+02 -1.764760781952646E-09  2.999999999981432E+00  6.551658626015877E+03  7.979315862963572E+02  7.349590212312234E+03  2.191101792237565E+22  2.668559869518261E+21
  0.000000000000000E+00  1.596477911119388E+00 -1.138955697832569E+00  4.665624984532075E+00  2.850652474181227E+02  9.502174913979779E+01  9.502174913979781E+01  2.850652474193935E+02 -1.270734628633363E-09  2.999999999986627E+00  6.392027180281097E+03  9.630119586654382E+02  7.355039138946535E+03  2.164951349547839E+22  3.261678933367370E+21
  0.000000000000000E+00  1.596488527661366E+00 -1.138917679540872E+00  4.665632830632028E+00  2.849895969695809E+02  9.499653232354233E+01  9.499653232354233E+01  2.849895969706270E+02 -1.046146280714311E-09  2.999999999988987E+00  6.246066289037959E+03  1.089329066270307E+03  7.335395355308266E+03  2.145210725737462E+22  3.741299385377744E+21
  0.000000000000000E+00  1.596501196298731E+00 -1.138872312607673E+00  4.665642194024595E+00  2.848864442862774E+02  9.496214809579324E+01  9.496214809579324E+01  2.848864442873797E+02 -1.102364421967650E-09  2.999999999988391E+00  6.074532902596280E+03  1.262721743605046E+03  7.337254646201326E+03  2.124876450315323E+22  4.417010722158877E+21
  0.000000000000000E+00  1.596513864936096E+00 -1.138826945674474E+00  4.665651558181360E+00  2.847682197988958E+02  9.492273993337403E+01  9.492273993337403E+01  2.847682198001222E+02 -1.226339918503072E-09  2.999999999987081E+00  5.904961755382554E+03  1.433086075716248E+03  7.338047831098802E+03  2.107154052751178E+22  5.113891092747882E+21
  0.000000000000000E+00  1.596526533573461E+00 -1.138781578741275E+00  4.665660923102417E+00  2.846351893137778E+02  9.487839643837600E+01  9.487839643837600E+01  2.846351893151281E+02 -1.350258571619634E-09  2.999999999985769E+00  5.739170499954708E+03  1.600421990445872E+03  7.339592490400580E+03  2.092089822343040E+22  5.833990395811073E+21
  0.000000000000000E+00  1.596539202210825E+00 -1.138736211808075E+00  4.665670288787856E+00  2.844876186372646E+02  9.482920621289040E+01  9.482920621289040E+01  2.844876186386712E+02 -1.406590399710694E-09  2.999999999985167E+00  5.578975168585315E+03  1.764729415639555E+03  7.343704584224872E+03  2.079832984039143E+22  6.578882923191024E+21
  0.000000000000000E+00  1.596560247155207E+00 -1.138660848960562E+00  4.665685848609412E+00  2.842118082688793E+02  9.473726942338958E+01  9.473726942338959E+01  2.842118082701688E+02 -1.289492956857430E-09  2.999999999986389E+00  5.325095657327502E+03  2.019472312032603E+03  7.344567969360105E+03  2.063903318341102E+22  7.827081191239771E+21
  0.000000000000000E+00  1.596581292099589E+00 -1.138585486113049E+00  4.665701410540984E+00  2.839000083863066E+02  9.463333612911279E+01  9.463333612911279E+01  2.839000083873384E+02 -1.031764895742526E-09  2.999999999989097E+00  5.085096955409866E+03  2.258905605895855E+03  7.344002561305721E+03  2.049042074264026E+22  9.102270160940148E+21
  0.000000000000000E+00  1.596602337043970E+00 -1.138510123265536E+00  4.665716974582993E+00  2.835544500915001E+02  9.451815003075811E+01  9.451815003075811E+01  2.835544500922744E+02 -7.742073648842052E-10  2.999999999991809E+00  4.860054125653179E+03  2.483028691567199E+03  7.343082817220378E+03  2.031654897880003E+22  1.037983790380336E+22
  0.000000000000000E+00  1.596623381988352E+00 -1.138434760418022E+00  4.665732540735862E+00  2.831773644864135E+02  9.439245482902359E+01  9.439245482902359E+01  2.831773644870708E+02 -6.573372957063839E-10  2.999999999993036E+00  4.651040618287089E+03  2.691840963377563E+03  7.342881581664653E+03  2.008999930785017E+22  1.162730827988652E+22
  0.000000000000000E+00  1.596677439204742E+00 -1.138241179210013E+00  4.665772534500889E+00  2.820787683894515E+02  9.402625612966803E+01  9.402625612966801E+01  2.820787683890041E+02  4.473577064345591E-10  3.000000000004758E+00  4.172764498318377E+03  3.170121454176712E+03  7.342885952495089E+03  1.922825715411664E+22  1.460803995894262E+22
  0.000000000000000E+00  1.596731496421132E+00 -1.138047598002004E+00  4.665812542203288E+00  2.808129871734527E+02  9.360432905685799E+01  9.360432905685799E+01  2.808129871705740E+02  2.878664417949039E-09  3.000000000030754E+00  3.757983549044654E+03  3.585735103188027E+03  7.343718652232682E+03  1.821790695741724E+22  1.738288303588531E+22
  0.000000000000000E+00  1.596785553637522E+00 -1.137854016793995E+00  4.665852563850219E+00  2.794034789061853E+02  9.313449296695836E+01  9.313449296695836E+01  2.794034789008751E+02  5.310198503138963E-09  3.000000000057017E+00  3.390678009698196E+03  3.938675542380337E+03  7.329353552078533E+03  1.730802971945622E+22  2.010533384409512E+22
  0.000000000000000E+00  1.596839610853913E+00 -1.137660435585985E+00  4.665892599448844E+00  2.778737016554173E+02  9.262456721633401E+01  9.262456721633401E+01  2.778737016490021E+02  6.415234565793071E-09  3.000000000069261E+00  3.054888621537943E+03  4.228936403721740E+03  7.283825025259684E+03  1.663182679170211E+22  2.302373228403149E+22
  0.000000000000000E+00  1.596905584278140E+00 -1.137424181927160E+00  4.665941479286968E+00  2.758632906638595E+02  9.195443021953827E+01  9.195443021953827E+01  2.758632906586149E+02  5.244658041192451E-09  3.000000000057036E+00  2.667992104933210E+03  4.567138670376666E+03  7.235130775309875E+03  1.613153788426220E+22  2.761438849374124E+22
  0.000000000000000E+00  1.596971557702367E+00 -1.137187928268334E+00  4.665990379929388E+00  2.737129618334834E+02  9.123765394360429E+01  9.123765394360429E+01  2.737129618308129E+02  2.670503818080761E-09  3.000000000029269E+00  2.327099886462020E+03  4.842232855693918E+03  7.169332742155939E+03  1.582647720158890E+22  3.293175696550628E+22
  0.000000000000000E+00  1.597037531126595E+00 -1.136951674609509E+00  4.666039301389157E+00  2.714515393662206E+02  9.048384645537470E+01  9.048384645537470E+01  2.714515393661242E+02  9.640643838793039E-11  3.000000000001065E+00  2.070616823830860E+03  5.054211134924790E+03  7.124827958755650E+03  1.575179893797858E+22  3.844888956332129E+22
  0.000000000000000E+00  1.597103504550822E+00 -1.136715420950683E+00  4.666088243679334E+00  2.691078474640028E+02  8.970261582169211E+01  8.970261582169211E+01  2.691078474650764E+02 -1.073544808605220E-09  2.999999999988032E+00  1.936767723906737E+03  5.203065683326177E+03  7.139833407232914E+03  1.620005202829498E+22  4.352093115559330E+22
  0.000000000000000E+00  1.597169813958040E+00 -1.136477964122371E+00  4.666137456221009E+00  2.667216205536192E+02  8.890720685160427E+01  8.890720685160427E+01  2.667216205548128E+02 -1.193598109239247E-09  2.999999999986574E+00  1.925479450432009E+03  5.187501784465648E+03  7.112981234897657E+03  1.726711464087877E+22  4.651993974385678E+22
  0.000000000000000E+00  1.597236123365257E+00 -1.136240507294059E+00  4.666186689832291E+00  2.643578260198072E+02  8.811927534042162E+01  8.811927534042162E+01  2.643578260212649E+02 -1.457692633266561E-09  2.999999999983458E+00  1.990782864946463E+03  5.105708516671843E+03  7.096491381618306E+03  1.870368210480730E+22  4.796884215607587E+22
  0.000000000000000E+00  1.597302432772475E+00 -1.136003050465747E+00  4.666235944526473E+00  2.620468486604436E+02  8.734894955405511E+01  8.734894955405511E+01  2.620468486621653E+02 -1.721730313875014E-09  2.999999999980289E+00  2.101120370641875E+03  4.957677631553913E+03  7.058798002195788E+03  2.034105487014248E+22  4.799553330736067E+22
  0.000000000000000E+00  1.597368742179693E+00 -1.135765593637435E+00  4.666285220316861E+00  2.598190732734054E+02  8.660635775841568E+01  8.660635775841568E+01  2.598190732752471E+02 -1.841669927671319E-09  2.999999999978735E+00  2.225081942156489E+03  4.743400880717911E+03  6.968482822874399E+03  2.193859060475102E+22  4.676840345728127E+22
  0.000000000000000E+00  1.597435381418168E+00 -1.135526955669257E+00  4.666334762478483E+00  2.576689539873029E+02  8.588965132960442E+01  8.588965132960442E+01  2.576689539888133E+02 -1.510386482550530E-09  2.999999999982415E+00  2.345122984499174E+03  4.585768134041396E+03  6.930891118540569E+03  2.339500967796288E+22  4.574774567727151E+22
  0.000000000000000E+00  1.597502020656643E+00 -1.135288317701079E+00  4.666384325973681E+00  2.555893791992600E+02  8.519645973334730E+01  8.519645973334730E+01  2.555893792000419E+02 -7.819949132681359E-10  2.999999999990822E+00  2.458661959464959E+03  4.437743942678217E+03  6.896405902143175E+03  2.473143354364048E+22  4.463882030611601E+22
  0.000000000000000E+00  1.597568659895119E+00 -1.135049679732901E+00  4.666433910815995E+00  2.535759133356802E+02  8.452530444524459E+01  8.452530444524459E+01  2.535759133357338E+02 -5.357492227631155E-11  2.999999999999366E+00  2.558664968884601E+03  4.299329510727774E+03  6.857994479612374E+03  2.589435737871366E+22  4.351033691142710E+22
  0.000000000000000E+00  1.597635299133594E+00 -1.134811041764723E+00  4.666483517018975E+00  2.516241208229670E+02  8.387470694089652E+01  8.387470694089652E+01  2.516241208226896E+02  2.774243057501735E-10  3.000000000003307E+00  2.638131639226919E+03  4.170526042291076E+03  6.808657681517995E+03  2.683527720825199E+22  4.242291051174060E+22
  0.000000000000000E+00  1.597702272524026E+00 -1.134571207184071E+00  4.666533393499726E+00  2.497164263503862E+02  8.323880878337269E+01  8.323880878337269E+01  2.497164263501181E+02  2.680735633475706E-10  3.000000000003221E+00  2.703366272077053E+03  4.065926795073103E+03  6.769293067150156E+03  2.762106301798263E+22  4.154273188698617E+22
  0.000000000000000E+00  1.597769245914458E+00 -1.134331372603420E+00  4.666583291583375E+00  2.478566001339750E+02  8.261886671124252E+01  8.261886671124252E+01  2.478566001337276E+02  2.474394023010973E-10  3.000000000002995E+00  2.765715758630963E+03  3.964203974410637E+03  6.729919733041600E+03  2.834820023173949E+22  4.063253704772529E+22
  0.000000000000000E+00  1.597836219304890E+00 -1.134091538022768E+00  4.666633211283712E+00  2.460433056581130E+02  8.201443521929542E+01  8.201443521929541E+01  2.460433056578863E+02  2.267768195451936E-10  3.000000000002765E+00  2.826769033777331E+03  3.865357943123600E+03  6.692126976900931E+03  2.902834825759057E+22  3.969371221082732E+22
  0.000000000000000E+00  1.597903192695322E+00 -1.133851703442117E+00  4.666683152614540E+00  2.442752064071799E+02  8.142506880232081E+01  8.142506880232081E+01  2.442752064069625E+02  2.174544988520211E-10  3.000000000002671E+00  2.888107456379449E+03  3.769389064025391E+03  6.657496520404839E+03  2.967317899851567E+22  3.872769905593763E+22
  0.000000000000000E+00  1.597970504670367E+00 -1.133610656375457E+00  4.666733368232978E+00  2.425435637417883E+02  8.084785458053376E+01  8.084785458053376E+01  2.425435637416013E+02  1.869864263426280E-10  3.000000000002313E+00  2.950382910928942E+03  3.670153272424550E+03  6.620536183353493E+03  3.027933693761948E+22  3.766623211407496E+22
  0.000000000000000E+00  1.598037816645413E+00 -1.133369609308797E+00  4.666783605729152E+00  2.408582121928010E+02  8.028607073089367E+01  8.028607073089367E+01  2.408582121926810E+02  1.199111920868745E-10  3.000000000001493E+00  3.013216789121543E+03  3.570816125232026E+03  6.584032914353569E+03  3.083957300803369E+22  3.654647252395720E+22
  0.000000000000000E+00  1.598105128620459E+00 -1.133128562242137E+00  4.666833865117109E+00  2.392191950426907E+02  7.973973168087930E+01  7.973973168087929E+01  2.392191950426379E+02  5.277911441226024E-11  3.000000000000662E+00  3.077575934134755E+03  3.471377610697785E+03  6.548953544832540E+03  3.136956817066165E+22  3.538356776093915E+22
  0.000000000000000E+00  1.598172440595504E+00 -1.132887515175477E+00  4.666884146410908E+00  2.376265555739305E+02  7.920885185796939E+01  7.920885185796939E+01  2.376265555739082E+02  2.228262019343674E-11  3.000000000000281E+00  3.144422501992723E+03  3.371837717073010E+03  6.516260219065733E+03  3.188544602387641E+22  3.419150876221879E+22
  0.000000000000000E+00  1.598240095672816E+00 -1.132645239444901E+00  4.666934706086085E+00  2.360732678766440E+02  7.869108929220853E+01  7.869108929220853E+01  2.360732678766256E+02  1.836042429204099E-11  3.000000000000234E+00  3.215635850427015E+03  3.268479068117253E+03  6.484114918544268E+03  3.239903320669567E+22  3.293145330782974E+22
  0.000000000000000E+00  1.598307750750128E+00 -1.132402963714324E+00  4.666985287919502E+00  2.345687655035314E+02  7.818958850117382E+01  7.818958850117382E+01  2.345687655035215E+02  9.890754881780595E-12  3.000000000000127E+00  3.290216387667270E+03  3.163544043998403E+03  6.453760431665673E+03  3.288816054643844E+22  3.162197623376198E+22
  0.000000000000000E+00  1.598375405827441E+00 -1.132160687983748E+00  4.667035891925470E+00  2.331137817636025E+02  7.770459392120036E+01  7.770459392120036E+01  2.331137817636011E+02  1.392663762089796E-12  3.000000000000018E+00  3.365858826476297E+03  3.057032445648749E+03  6.422891272125046E+03  3.332657077065342E+22  3.026877043882287E+22
  0.000000000000000E+00  1.598443060904753E+00 -1.131918412253171E+00  4.667086518118312E+00  2.317090499658670E+02  7.723634998862313E+01  7.723634998862313E+01  2.317090499658694E+02 -2.415845301584341E-12  2.999999999999969E+00  3.440269072900049E+03  2.948944074001523E+03  6.389213146901572E+03  3.368888710107892E+22  2.887757959370505E+22
  0.000000000000000E+00  1.598484180475576E+00 -1.131771161308260E+00  4.667117298677858E+00  2.308793867743828E+02  7.695979559146191E+01  7.695979559146191E+01  2.308793867743858E+02 -2.927436071331613E-12  2.999999999999962E+00  3.484968962803733E+03  2.888554905772798E+03  6.373523868576531E+03  3.388135605150912E+22  2.808293510828990E+22
  0.000000000000000E+00  1.598525300046399E+00 -1.131623910363349E+00  4.667148087441740E+00  2.300663489405340E+02  7.668878298017931E+01  7.668878298017931E+01  2.300663489405379E+02 -3.922195901395753E-12  2.999999999999948E+00  3.527482215662224E+03  2.832128721203077E+03  6.359610936865301E+03  3.406071066209060E+22  2.734650695115841E+22
  0.000000000000000E+00  1.598566419617223E+00 -1.131476659418438E+00  4.667178884413183E+00  2.292688090061987E+02  7.642293633540129E+01  7.642293633540129E+01  2.292688090062039E+02 -5.144329406903125E-12  2.999999999999933E+00  3.563601764544906E+03  2.779665826358757E+03  6.343267590903662E+03  3.420781763403773E+22  2.668263963097186E+22
  0.000000000000000E+00  1.598607539188047E+00 -1.131329408473526E+00  4.667209689595408E+00  2.284856395132556E+02  7.616187983775373E+01  7.616187983775373E+01  2.284856395132612E+02 -5.627498467219993E-12  2.999999999999926E+00  3.589133066789696E+03  2.731166527302805E+03  6.320299594092501E+03  3.430517092432760E+22  2.610467006890020E+22
  0.000000000000000E+00  1.598648658758870E+00 -1.131182157528615E+00  4.667240502991641E+00  2.277141220738277E+02  7.590470735794447E+01  7.590470735794447E+01  2.277141220738335E+02 -5.798028723802418E-12  2.999999999999924E+00  3.606607033958055E+03  2.697869202252333E+03  6.304476236210387E+03  3.438004551029139E+22  2.571748601412157E+22
  0.000000000000000E+00  1.598689778329694E+00 -1.131034906583703E+00  4.667271324605110E+00  2.269514879506805E+02  7.565049598356222E+01  7.565049598356222E+01  2.269514879506867E+02 -6.195932655828074E-12  2.999999999999918E+00  3.620475921447011E+03  2.668802363825723E+03  6.289278285272733E+03  3.446073384234150E+22  2.540243049064458E+22
  0.000000000000000E+00  1.598730897900517E+00 -1.130887655638792E+00  4.667302154439044E+00  2.261965341616564E+02  7.539884472055431E+01  7.539884472055431E+01  2.261965341616630E+02 -6.565414878423326E-12  2.999999999999913E+00  3.629439516379503E+03  2.643966338589843E+03  6.273405854969346E+03  3.453177404395306E+22  2.515563292127216E+22
  0.000000000000000E+00  1.598772017471340E+00 -1.130740404693881E+00  4.667332992496673E+00  2.254480577245974E+02  7.514935257486805E+01  7.514935257486805E+01  2.254480577246042E+02 -6.764366844436154E-12  2.999999999999910E+00  3.632201502922807E+03  2.623361453111316E+03  6.255562956034123E+03  3.457744147989345E+22  2.497359440344149E+22
  0.000000000000000E+00  1.598813137042164E+00 -1.130593153748970E+00  4.667363838781230E+00  2.247045654679236E+02  7.490152182264329E+01  7.490152182264329E+01  2.247045654679299E+02 -6.309619493549690E-12  2.999999999999916E+00  3.631277574183001E+03  2.608386554309032E+03  6.239664128492032E+03  3.460535365421715E+22  2.485740550943078E+22
  0.000000000000000E+00  1.598854256612987E+00 -1.130445902804058E+00  4.667394693295948E+00  2.239652957690101E+02  7.465509858967184E+01  7.465509858967184E+01  2.239652957690155E+02 -5.400124791776761E-12  2.999999999999928E+00  3.630050410209559E+03  2.593782637234986E+03  6.223833047444546E+03  3.463289769625774E+22  2.474627031873728E+22
  0.000000000000000E+00  1.598895376183811E+00 -1.130298651859147E+00  4.667425556044063E+00  2.232301429691315E+02  7.441004765637862E+01  7.441004765637862E+01  2.232301429691359E+02 -4.433786671143025E-12  2.999999999999940E+00  3.628527083077014E+03  2.579549730568625E+03  6.208076813645639E+03  3.465876209233193E+22  2.463919887330750E+22
  0.000000000000000E+00  1.598936495754634E+00 -1.130151400914235E+00  4.667456427028812E+00  2.224990014095618E+02  7.416633380318861E+01  7.416633380318861E+01  2.224990014095659E+02 -4.035882739117369E-12  2.999999999999945E+00  3.626714645536289E+03  2.565687862994493E+03  6.192402508530781E+03  3.468163694515097E+22  2.453522365992410E+22
  0.000000000000000E+00  1.598977615325458E+00 -1.130004149969324E+00  4.667487306253433E+00  2.217718237344942E+02  7.392394124483258E+01  7.392394124483258E+01  2.217718237344978E+02 -3.609557097661309E-12  2.999999999999952E+00  3.624807188897119E+03  2.551612024858674E+03  6.176419213755793E+03  3.469302382588624E+22  2.442147462187466E+22
  0.000000000000000E+00  1.599018734896281E+00 -1.129856899024413E+00  4.667518193721168E+00  2.210487612216856E+02  7.368292040722943E+01  7.368292040722943E+01  2.210487612216883E+02 -2.671640686457977E-12  2.999999999999964E+00  3.623430513414126E+03  2.536858820361605E+03  6.160289333775730E+03  3.469246823622825E+22  2.428910771694759E+22
  0.000000000000000E+00  1.599059854467105E+00 -1.129709648079502E+00  4.667549089435258E+00  2.203300061627575E+02  7.344333538758640E+01  7.344333538758642E+01  2.203300061627593E+02 -1.762145984685048E-12  2.999999999999976E+00  3.623237750927809E+03  2.521428197301927E+03  6.144665948229736E+03  3.469070534664442E+22  2.414142506185892E+22
  0.000000000000000E+00  1.599100974037928E+00 -1.129562397134590E+00  4.667579993398949E+00  2.196157508493313E+02  7.320525028311086E+01  7.320525028311086E+01  2.196157508493326E+02 -1.335820343228988E-12  2.999999999999982E+00  3.624880074034710E+03  2.505320103480084E+03  6.130200177514793E+03  3.469842931851063E+22  2.398166856706196E+22
  0.000000000000000E+00  1.599142093608752E+00 -1.129415146189679E+00  4.667610905615484E+00  2.189064328507980E+02  7.296881095026636E+01  7.296881095026636E+01  2.189064328507991E+02 -1.108446667785756E-12  2.999999999999985E+00  3.627679654250812E+03  2.486818067928810E+03  6.114497722179621E+03  3.470443450020562E+22  2.379030757339203E+22
  0.000000000000000E+00  1.599183213179575E+00 -1.129267895244768E+00  4.667641826088111E+00  2.182024784955218E+02  7.273415949850744E+01  7.273415949850744E+01  2.182024784955224E+02 -5.684341886080801E-13  2.999999999999992E+00  3.630980048116307E+03  2.467697707721268E+03  6.098677755837576E+03  3.469878660247523E+22  2.358209492339651E+22
  0.000000000000000E+00  1.599224332750399E+00 -1.129120644299856E+00  4.667672754820080E+00  2.175040632135835E+02  7.250135440452782E+01  7.250135440452783E+01  2.175040632135835E+02 -8.526512829121202E-14  2.999999999999999E+00  3.635461502482081E+03  2.447958975236160E+03  6.083420477718242E+03  3.469402648226593E+22  2.336142287749683E+22
  0.000000000000000E+00  1.599265452321222E+00 -1.128973393354945E+00  4.667703691814639E+00  2.168113624350640E+02  7.227045414502126E+01  7.227045414502126E+01  2.168113624350638E+02  1.989519660128281E-13  3.000000000000002E+00  3.641802219054641E+03  2.427601822848495E+03  6.069404041903137E+03  3.470265208532713E+22  2.313256360250279E+22
  0.000000000000000E+00  1.599306571892046E+00 -1.128826142410034E+00  4.667734637075043E+00  2.161247727423955E+02  7.204159091413175E+01  7.204159091413175E+01  2.161247727423953E+02  1.705302565824240E-13  3.000000000000003E+00  3.648864938445704E+03  2.405200749438580E+03  6.054065687884284E+03  3.471034465485143E+22  2.287981286933632E+22
  0.000000000000000E+00  1.599347691462869E+00 -1.128678891465122E+00  4.667765590604544E+00  2.154445415856958E+02  7.181484719523191E+01  7.181484719523191E+01  2.154445415856957E+02  1.136868377216160E-13  3.000000000000002E+00  3.655618970671919E+03  2.382968403487489E+03  6.038587374159408E+03  3.470355392351249E+22  2.262201644972162E+22
  0.000000000000000E+00  1.599388811033693E+00 -1.128531640520211E+00  4.667796552406399E+00  2.147706206965751E+02  7.159020689885834E+01  7.159020689885834E+01  2.147706206965751E+02  0.000000000000000E+00  3.000000000000000E+00  3.662898956681910E+03  2.360904798097159E+03  6.023803754779069E+03  3.469587412110818E+22  2.236306724685139E+22
  0.000000000000000E+00  1.599429930604516E+00 -1.128384389575300E+00  4.667827522483864E+00  2.141029618066429E+02  7.136765393554766E+01  7.136765393554766E+01  2.141029618066430E+02 -1.136868377216160E-13  2.999999999999998E+00  3.671537027732125E+03  2.339009946371721E+03  6.010546974103846E+03  3.470085004503915E+22  2.210671791945278E+22
  0.000000000000000E+00  1.599471050175340E+00 -1.128237138630388E+00  4.667858500840198E+00  2.134418120461655E+02  7.114727068205544E+01  7.114727068205542E+01  2.134418120461663E+02 -7.958078640513122E-13  2.999999999999989E+00  3.680390239869180E+03  2.315286409814662E+03  5.995676649683842E+03  3.470395036162022E+22  2.183181114022245E+22
  0.000000000000000E+00  1.599512169746163E+00 -1.128089887685477E+00  4.667889487478663E+00  2.127873253085606E+02  7.092910843618759E+01  7.092910843618759E+01  2.127873253085628E+02 -2.216893335571513E-12  2.999999999999968E+00  3.688408960419009E+03  2.292223827390846E+03  5.980632787809855E+03  3.469114193901484E+22  2.155939403828314E+22
  0.000000000000000E+00  1.599553289316987E+00 -1.127942636740566E+00  4.667920482402520E+00  2.121393134701657E+02  7.071310449005644E+01  7.071310449005644E+01  2.121393134701694E+02 -3.609557097661309E-12  2.999999999999949E+00  3.696561219167570E+03  2.269822250169127E+03  5.966383469336697E+03  3.467663464684603E+22  2.129270752348623E+22
  0.000000000000000E+00  1.599594408887810E+00 -1.127795385795655E+00  4.667951485615034E+00  2.114975884073186E+02  7.049919613577427E+01  7.049919613577427E+01  2.114975884073228E+02 -4.234834705130197E-12  2.999999999999940E+00  3.705812131099191E+03  2.248081729218196E+03  5.953893860317386E+03  3.467456383691689E+22  2.103486379576978E+22
  0.000000000000000E+00  1.599635528458633E+00 -1.127648134850743E+00  4.667982497119469E+00  2.108623163714530E+02  7.028743879048564E+01  7.028743879048564E+01  2.108623163714570E+02 -4.007461029686965E-12  2.999999999999943E+00  3.715011804796814E+03  2.224564257138331E+03  5.939576061935145E+03  3.467019574279043E+22  2.076065495614741E+22
  0.000000000000000E+00  1.599676648029457E+00 -1.127500883905832E+00  4.668013516919093E+00  2.102335989970713E+02  7.007786633235820E+01  7.007786633235820E+01  2.102335989970746E+02 -3.410605131648481E-12  2.999999999999952E+00  3.723028317094793E+03  2.202049021179723E+03  5.925077338274516E+03  3.464873353796911E+22  2.049358835710926E+22
  0.000000000000000E+00  1.599717767600280E+00 -1.127353632960921E+00  4.668044545017176E+00  2.096111512351144E+02  6.987038374503905E+01  6.987038374503905E+01  2.096111512351172E+02 -2.728484105318785E-12  2.999999999999960E+00  3.730849312844645E+03  2.180536098725952E+03  5.911385411570597E+03  3.462410685380125E+22  2.023644177236759E+22
  0.000000000000000E+00  1.599758887171104E+00 -1.127206382016009E+00  4.668075581416988E+00  2.089946880365235E+02  6.966489601217530E+01  6.966489601217530E+01  2.089946880365260E+02 -2.415845301584341E-12  2.999999999999965E+00  3.739459457971870E+03  2.160025567154364E+03  5.899485025126234E+03  3.461015786762703E+22  1.999188030183091E+22
  0.000000000000000E+00  1.599800006741927E+00 -1.127059131071098E+00  4.668106626121801E+00  2.083842989706130E+02  6.946143299020441E+01  6.946143299020441E+01  2.083842989706133E+02 -3.126388037344441E-13  2.999999999999996E+00  3.747849829526973E+03  2.137894188590256E+03  5.885744018117229E+03  3.459355742506630E+22  1.973327874533514E+22
  0.000000000000000E+00  1.599841126312751E+00 -1.126911880126187E+00  4.668137679134890E+00  2.077800572457296E+02  6.926001908190840E+01  6.926001908190840E+01  2.077800572457252E+02  4.320099833421409E-12  3.000000000000062E+00  3.754980379215338E+03  2.116851622110552E+03  5.871832001325890E+03  3.456050624893007E+22  1.948331451183171E+22
  0.000000000000000E+00  1.599882245883574E+00 -1.126764629181275E+00  4.668168740459530E+00  2.071816532713617E+02  6.906055109045091E+01  6.906055109045090E+01  2.071816532713527E+02  8.924416761146858E-12  3.000000000000129E+00  3.761784734127646E+03  2.096897951758956E+03  5.858682685886602E+03  3.452401727564228E+22  1.924441355057311E+22
  0.000000000000000E+00  1.599923365454398E+00 -1.126617378236364E+00  4.668199810098999E+00  2.065887774569979E+02  6.886292581899559E+01  6.886292581899559E+01  2.065887774569868E+02  1.102762325899675E-11  3.000000000000160E+00  3.769193699496611E+03  2.078033261576435E+03  5.847226961073045E+03  3.449701384335064E+22  1.901890640460300E+22
  0.000000000000000E+00  1.599964485025221E+00 -1.126470127291453E+00  4.668230888056575E+00  2.060014808307220E+02  6.866716027690421E+01  6.866716027690421E+01  2.060014808307126E+02  9.379164112033322E-12  3.000000000000136E+00  3.776359418122246E+03  2.057710854468667E+03  5.834070272590912E+03  3.446778884087456E+22  1.878124812141640E+22
  0.000000000000000E+00  1.600005604596044E+00 -1.126322876346541E+00  4.668261974335540E+00  2.054198228030654E+02  6.847327426768656E+01  6.847327426768656E+01  2.054198228030597E+02  5.655920176650397E-12  3.000000000000083E+00  3.782344458715161E+03  2.038433192956589E+03  5.820777651671749E+03  3.442365084297367E+22  1.855206823888854E+22
  0.000000000000000E+00  1.600046724166868E+00 -1.126175625401630E+00  4.668293068939176E+00  2.048435063571876E+02  6.828116878572852E+01  6.828116878572852E+01  2.048435063571856E+02  1.932676241267473E-12  3.000000000000028E+00  3.787941349843206E+03  2.020200357669372E+03  5.808141707512578E+03  3.437592859173703E+22  1.833351069153131E+22
  0.000000000000000E+00  1.600087843737692E+00 -1.126028374456719E+00  4.668324171870768E+00  2.042722344762484E+02  6.809074482541602E+01  6.809074482541602E+01  2.042722344762481E+02  3.126388037344441E-13  3.000000000000004E+00  3.793940219618391E+03  2.003012429236698E+03  5.796952648855088E+03  3.433587282246173E+22  1.812763935405368E+22
  0.000000000000000E+00  1.600128963308515E+00 -1.125881123511808E+00  4.668355283133600E+00  2.037060211314123E+02  6.790200704380395E+01  6.790200704380395E+01  2.037060211314118E+02  5.115907697472721E-13  3.000000000000008E+00  3.799673280671239E+03  1.984658430044103E+03  5.784331710715343E+03  3.429357389434628E+22  1.791233758754418E+22
  0.000000000000000E+00  1.600170082879339E+00 -1.125733872566896E+00  4.668386402730962E+00  2.031449040568449E+02  6.771496801894796E+01  6.771496801894796E+01  2.031449040568439E+02  9.094947017729282E-13  3.000000000000013E+00  3.804383779404561E+03  1.967223868539965E+03  5.771607647944526E+03  3.423816440898137E+22  1.770434796956408E+22
  0.000000000000000E+00  1.600211202450162E+00 -1.125586621621985E+00  4.668417530666142E+00  2.025886218802075E+02  6.752954062673537E+01  6.752954062673537E+01  2.025886218802061E+02  1.364242052659392E-12  3.000000000000020E+00  3.808725107042672E+03  1.950708815676297E+03  5.759433922718968E+03  3.417935650597673E+22  1.750558787429044E+22
  0.000000000000000E+00  1.600252322020985E+00 -1.125439370677074E+00  4.668448666942432E+00  2.020369132291617E+02  6.734563774305337E+01  6.734563774305337E+01  2.020369132291601E+02  1.591615728102624E-12  3.000000000000024E+00  3.813348671320645E+03  1.935113342407493E+03  5.748462013728139E+03  3.412679654762652E+22  1.731790744172031E+22
  0.000000000000000E+00  1.600293441591809E+00 -1.125292119732162E+00  4.668479811563122E+00  2.014897777865817E+02  6.716325926219353E+01  6.716325926219353E+01  2.014897777865806E+02  1.051603248924948E-12  3.000000000000016E+00  3.817741070375081E+03  1.918567161005551E+03  5.736308231380632E+03  3.407213134966162E+22  1.712260499282792E+22
  0.000000000000000E+00  1.600334561162632E+00 -1.125144868787251E+00  4.668510964531510E+00  2.009472512222609E+02  6.698241707408700E+01  6.698241707408700E+01  2.009472512222610E+02 -8.526512829121202E-14  2.999999999999999E+00  3.821322967342026E+03  1.902750501609513E+03  5.724073468951538E+03  3.400629949965283E+22  1.693274920330918E+22
  0.000000000000000E+00  1.600375680733456E+00 -1.124997617842340E+00  4.668542125850890E+00  2.004091261442392E+02  6.680304204808013E+01  6.680304204808013E+01  2.004091261442404E+02 -1.193711796076968E-12  2.999999999999982E+00  3.824644124538370E+03  1.887663420519195E+03  5.712307545057565E+03  3.393779703949231E+22  1.675009123945266E+22
  0.000000000000000E+00  1.600416800304279E+00 -1.124850366897428E+00  4.668573295524560E+00  1.998751951605566E+02  6.662506505351945E+01  6.662506505351945E+01  1.998751951605584E+02 -1.762145984685048E-12  2.999999999999974E+00  3.828252631010896E+03  1.873305974033724E+03  5.701558605044620E+03  3.387506284537057E+22  1.657632442669897E+22
  0.000000000000000E+00  1.600457919875103E+00 -1.124703115952517E+00  4.668604473555820E+00  1.993454714760539E+02  6.644849049201851E+01  6.644849049201851E+01  1.993454714760556E+02 -1.648459146963432E-12  2.999999999999975E+00  3.831725292049025E+03  1.858095082574677E+03  5.689820374623701E+03  3.381076290436858E+22  1.639564621740158E+22
  0.000000000000000E+00  1.600499039445926E+00 -1.124555865007606E+00  4.668635659947971E+00  1.988200015257764E+02  6.627333384192590E+01  6.627333384192590E+01  1.988200015257777E+02 -1.335820343228988E-12  2.999999999999980E+00  3.834583197605071E+03  1.843438298087268E+03  5.678021495692338E+03  3.373700198566601E+22  1.621873312381529E+22
  0.000000000000000E+00  1.600540159016750E+00 -1.124408614062695E+00  4.668666854704316E+00  1.982986277630706E+02  6.609954258769051E+01  6.609954258769051E+01  1.982986277630716E+02 -1.023181539494544E-12  2.999999999999984E+00  3.837288551091483E+03  1.829335663339043E+03  5.666624214430526E+03  3.366130054594629E+22  1.604722103724993E+22
  0.000000000000000E+00  1.600581278587573E+00 -1.124261363117783E+00  4.668698057828159E+00  1.977811926412829E+02  6.592706421376126E+01  6.592706421376126E+01  1.977811926412838E+02 -8.810729923425242E-13  2.999999999999987E+00  3.840302145301794E+03  1.815787221098892E+03  5.656089366400687E+03  3.359112974402901E+22  1.588269407554376E+22
  0.000000000000000E+00  1.600622398158397E+00 -1.124114112172872E+00  4.668729269322808E+00  1.972677228071799E+02  6.575590760239349E+01  6.575590760239349E+01  1.972677228071805E+02 -6.536993168992922E-13  2.999999999999990E+00  3.843266021202834E+03  1.801475806284041E+03  5.644741827486876E+03  3.352000559248540E+22  1.571202169410829E+22
  0.000000000000000E+00  1.600663517729220E+00 -1.123966861227960E+00  4.668760489191568E+00  1.967582671903462E+02  6.558608906344877E+01  6.558608906344877E+01  1.967582671903463E+02 -1.421085471520200E-13  2.999999999999998E+00  3.845759354602823E+03  1.787600867117970E+03  5.633360221720793E+03  3.344083972314113E+22  1.554410158677594E+22
  0.000000000000000E+00  1.600704637300044E+00 -1.123819610283049E+00  4.668791717437752E+00  1.962527016683563E+02  6.541756722278529E+01  6.541756722278529E+01  1.962527016683559E+02  3.410605131648481E-13  3.000000000000005E+00  3.848146746599713E+03  1.774162437294854E+03  5.622309183894566E+03  3.336013318703855E+22  1.538046730049868E+22
  0.000000000000000E+00  1.600745756870867E+00 -1.123672359338138E+00  4.668822954064670E+00  1.957509021187845E+02  6.525030070626127E+01  6.525030070626127E+01  1.957509021187839E+02  6.536993168992922E-13  3.000000000000010E+00  3.850791682724418E+03  1.761160550510024E+03  5.611952233234443E+03  3.328434813869887E+22  1.522260504360637E+22
  0.000000000000000E+00  1.600786876441691E+00 -1.123525108393227E+00  4.668854199075636E+00  1.952528892476671E+02  6.508429641588751E+01  6.508429641588751E+01  1.952528892476626E+02  4.547473508864641E-12  3.000000000000070E+00  3.853413826951284E+03  1.747562636778181E+03  5.600976463729466E+03  3.320794356059968E+22  1.506014251696831E+22
  0.000000000000000E+00  1.600827996012514E+00 -1.123377857448315E+00  4.668885452473964E+00  1.947586976446057E+02  6.491956588153087E+01  6.491956588153087E+01  1.947586976445926E+02  1.307398633798584E-11  3.000000000000201E+00  3.855667158627124E+03  1.734327916923890E+03  5.589995075551014E+03  3.312472980894435E+22  1.489992296655319E+22
  0.000000000000000E+00  1.600869115583338E+00 -1.123230606503404E+00  4.668916714262970E+00  1.942682240125221E+02  6.475607467083353E+01  6.475607467083353E+01  1.942682240125006E+02  2.145839061995503E-11  3.000000000000332E+00  3.857815194418517E+03  1.721456418989059E+03  5.579271613407577E+03  3.304014842866238E+22  1.474336450309024E+22
  0.000000000000000E+00  1.600910235154161E+00 -1.123083355558492E+00  4.668947984445974E+00  1.937813650543380E+02  6.459378835143758E+01  6.459378835143758E+01  1.937813650543127E+02  2.529532139305957E-11  3.000000000000392E+00  3.860120642899500E+03  1.708948171013986E+03  5.569068813913485E+03  3.295961366236237E+22  1.459184224960200E+22
  0.000000000000000E+00  1.600951354724985E+00 -1.122936104613581E+00  4.668979263026295E+00  1.932981233772896E+02  6.443270779242208E+01  6.443270779242208E+01  1.932981233772663E+02  2.327738002350088E-11  3.000000000000361E+00  3.862395612563611E+03  1.696046469690002E+03  5.558442082253612E+03  3.287858837251686E+22  1.443757173817460E+22
  0.000000000000000E+00  1.600992474295808E+00 -1.122788853668670E+00  4.669010550007255E+00  1.928185135267839E+02  6.427283784225499E+01  6.427283784225499E+01  1.928185135267649E+02  1.892885848064907E-11  3.000000000000294E+00  3.864390677970955E+03  1.683444945397078E+03  5.547835623368034E+03  3.279190607780518E+22  1.428514173044275E+22
  0.000000000000000E+00  1.601033593866632E+00 -1.122641602723759E+00  4.669041845392178E+00  1.923424501130002E+02  6.411415003766184E+01  6.411415003766184E+01  1.923424501129856E+02  1.458033693779726E-11  3.000000000000227E+00  3.866275250416832E+03  1.671143621316787E+03  5.537418871733619E+03  3.270400561582488E+22  1.413585087365466E+22
  0.000000000000000E+00  1.601074713437455E+00 -1.122494351778847E+00  4.669073149184388E+00  1.918698477461175E+02  6.395661591536827E+01  6.395661591536827E+01  1.918698477461049E+02  1.261923898709938E-11  3.000000000000197E+00  3.868218220661116E+03  1.659142520627983E+03  5.527360741289100E+03  3.261930953031953E+22  1.399095923446353E+22
  0.000000000000000E+00  1.601115833008278E+00 -1.122347100833936E+00  4.669104461387212E+00  1.914006910840980E+02  6.380023036136252E+01  6.380023036136252E+01  1.914006910840876E+02  1.048761077981908E-11  3.000000000000164E+00  3.870122046417405E+03  1.646937815738624E+03  5.517059862156028E+03  3.253421897933750E+22  1.384499891733213E+22
  0.000000000000000E+00  1.601156952579102E+00 -1.122199849889025E+00  4.669135782003980E+00  1.909349764026638E+02  6.364499213421940E+01  6.364499213421940E+01  1.909349764026582E+02  5.542233338928781E-12  3.000000000000087E+00  3.871831255116596E+03  1.634971951568494E+03  5.506803206685089E+03  3.244453973594796E+22  1.370047116070066E+22
  0.000000000000000E+00  1.601198072149925E+00 -1.122052598944113E+00  4.669167111038021E+00  1.904726357386336E+02  6.349087857954430E+01  6.349087857954429E+01  1.904726357386329E+02  7.389644451905042E-13  3.000000000000012E+00  3.873427209273048E+03  1.623244946566542E+03  5.496672155839591E+03  3.235378488829063E+22  1.355856583453781E+22
  0.000000000000000E+00  1.601239191720749E+00 -1.121905347999202E+00  4.669198448492669E+00  1.900136011288264E+02  6.333786704294262E+01  6.333786704294262E+01  1.900136011288279E+02 -1.477928890381008E-12  2.999999999999977E+00  3.874991021158531E+03  1.611756819182868E+03  5.486747840341400E+03  3.226546163396051E+22  1.342043827422111E+22
  0.000000000000000E+00  1.601280311291572E+00 -1.121758097054291E+00  4.669229794371255E+00  1.895578408326666E+02  6.318594694422256E+01  6.318594694422256E+01  1.895578408326677E+02 -1.080024958355352E-12  2.999999999999983E+00  3.876506293723994E+03  1.600243261591911E+03  5.476749555315906E+03  3.217681536554350E+22  1.328276754033930E+22
  0.000000000000000E+00  1.601321430862396E+00 -1.121610846109379E+00  4.669261148677116E+00  1.891053333761159E+02  6.303511112537202E+01  6.303511112537202E+01  1.891053333761161E+02 -1.421085471520200E-13  2.999999999999998E+00  3.877902846824071E+03  1.588914337809720E+03  5.466817184633792E+03  3.208454137562973E+22  1.314617457617294E+22
  0.000000000000000E+00  1.601362550433219E+00 -1.121463595164468E+00  4.669292511413590E+00  1.886560261957990E+02  6.288534206526603E+01  6.288534206526603E+01  1.886560261957981E+02  8.526512829121202E-13  3.000000000000014E+00  3.879180939574933E+03  1.577770062105754E+03  5.456951001680687E+03  3.199132034528662E+22  1.301175384037611E+22
  0.000000000000000E+00  1.601403670004043E+00 -1.121316344219557E+00  4.669323882584015E+00  1.882098667283402E+02  6.273662224277965E+01  6.273662224277965E+01  1.882098667283390E+02  1.278976924368180E-12  3.000000000000020E+00  3.880340831032976E+03  1.566810448748555E+03  5.447151279781531E+03  3.189983659282965E+22  1.288056886325414E+22
  0.000000000000000E+00  1.601444789574866E+00 -1.121169093274646E+00  4.669355262191732E+00  1.877668076184064E+02  6.258893587280172E+01  6.258893587280172E+01  1.877668076184052E+02  1.222133505507372E-12  3.000000000000020E+00  3.881440132176480E+03  1.555990438824894E+03  5.437430571001375E+03  3.180811159302742E+22  1.275122527474697E+22
  0.000000000000000E+00  1.601485909145690E+00 -1.121021842329734E+00  4.669386650240083E+00  1.873268110054550E+02  6.244227033515124E+01  6.244227033515124E+01  1.873268110054538E+02  1.193711796076968E-12  3.000000000000020E+00  3.882489189387633E+03  1.545304924500841E+03  5.427794113888474E+03  3.171366001806984E+22  1.262264300279957E+22
  0.000000000000000E+00  1.601527028716513E+00 -1.120874591384823E+00  4.669418046732414E+00  1.868898385682965E+02  6.229661285609843E+01  6.229661285609843E+01  1.868898385682953E+02  1.136868377216160E-12  3.000000000000018E+00  3.883417529734226E+03  1.534753916179353E+03  5.418171445913578E+03  3.161841730682630E+22  1.249582086229233E+22
  0.000000000000000E+00  1.601568148287337E+00 -1.120727340439912E+00  4.669449451672069E+00  1.864558519857418E+02  6.215195066191354E+01  6.215195066191354E+01  1.864558519857407E+02  1.108446667785756E-12  3.000000000000018E+00  3.884154899516122E+03  1.524337424263016E+03  5.408492323779139E+03  3.152433056638959E+22  1.237173029921453E+22
  0.000000000000000E+00  1.601609267858160E+00 -1.120580089495000E+00  4.669480865062395E+00  1.860247913166959E+02  6.200826377223149E+01  6.200826377223149E+01  1.860247913166945E+02  1.335820343228988E-12  3.000000000000022E+00  3.884825151212360E+03  1.514199331921872E+03  5.399024483134232E+03  3.143008176884324E+22  1.225059223110212E+22
  0.000000000000000E+00  1.601650387428984E+00 -1.120432838550089E+00  4.669512286906744E+00  1.855966062970897E+02  6.186553543236267E+01  6.186553543236267E+01  1.855966062970880E+02  1.705302565824240E-12  3.000000000000028E+00  3.885511321980018E+03  1.504144622593918E+03  5.389655944573937E+03  3.133389238893753E+22  1.212985932511439E+22
  0.000000000000000E+00  1.601691506999807E+00 -1.120285587605178E+00  4.669543717208466E+00  1.851712731212729E+02  6.172375770709024E+01  6.172375770709024E+01  1.851712731212708E+02  2.160049916710705E-12  3.000000000000035E+00  3.886082405478876E+03  1.494173302741135E+03  5.380255708220012E+03  3.123704073977546E+22  1.201043813795765E+22
  0.000000000000000E+00  1.601732626570631E+00 -1.120138336660266E+00  4.669575155970913E+00  1.847487679835945E+02  6.158292266119738E+01  6.158292266119738E+01  1.847487679835922E+02  2.302158463862725E-12  3.000000000000037E+00  3.886407803276853E+03  1.484285378825645E+03  5.370693182102499E+03  3.114082340376706E+22  1.189321121263461E+22
  0.000000000000000E+00  1.601773746141454E+00 -1.119991085715355E+00  4.669606603197439E+00  1.843290224302301E+02  6.144300747674261E+01  6.144300747674261E+01  1.843290224302278E+02  2.245315045001917E-12  3.000000000000036E+00  3.886668374041335E+03  1.474787099249646E+03  5.361455473290981E+03  3.104448365817103E+22  1.177975571770513E+22
  0.000000000000000E+00  1.601814865712278E+00 -1.119843834770443E+00  4.669638058891404E+00  1.839119776722962E+02  6.130399255743134E+01  6.130399255743134E+01  1.839119776722941E+02  2.103206497849897E-12  3.000000000000034E+00  3.887008920400311E+03  1.465321141317094E+03  5.352330061717405E+03  3.094685743052982E+22  1.166631859584495E+22
  0.000000000000000E+00  1.601855985283101E+00 -1.119696583825532E+00  4.669669523056162E+00  1.834976244015533E+02  6.116587480051712E+01  6.116587480051712E+01  1.834976244015514E+02  1.961097950697877E-12  3.000000000000032E+00  3.887245496479159E+03  1.455887507553751E+03  5.343133004032909E+03  3.084866115108187E+22  1.155372883840181E+22
  0.000000000000000E+00  1.601897104853925E+00 -1.119549332880621E+00  4.669700995695075E+00  1.830859533097625E+02  6.102865110325353E+01  6.102865110325353E+01  1.830859533097606E+02  1.904254531837068E-12  3.000000000000032E+00  3.887194730283926E+03  1.446486200487392E+03  5.333680930771318E+03  3.075063515675499E+22  1.144279422482640E+22
  0.000000000000000E+00  1.601938224424748E+00 -1.119402081935710E+00  4.669732476811503E+00  1.826768901392594E+02  6.089229671308583E+01  6.089229671308583E+01  1.826768901392576E+02  1.875832822406664E-12  3.000000000000031E+00  3.887086349475791E+03  1.437567128549495E+03  5.324653478025286E+03  3.065252505008109E+22  1.133627052688941E+22
  0.000000000000000E+00  1.601979343995571E+00 -1.119254830990798E+00  4.669763966408811E+00  1.822703697312454E+02  6.075678991041452E+01  6.075678991041452E+01  1.822703697312436E+02  1.790567694115452E-12  3.000000000000029E+00  3.887117701251172E+03  1.428632296675114E+03  5.315749997926286E+03  3.055371176885413E+22  1.122940511995241E+22
  0.000000000000000E+00  1.602020463566395E+00 -1.119107580045887E+00  4.669795464490364E+00  1.818663964257793E+02  6.062213214192580E+01  6.062213214192580E+01  1.818663964257774E+02  1.847411112976260E-12  3.000000000000030E+00  3.887057814061404E+03  1.419681703687034E+03  5.306739517748439E+03  3.045442727113883E+22  1.112296118588687E+22
  0.000000000000000E+00  1.602061583137218E+00 -1.118960329100976E+00  4.669826971059527E+00  1.814649745629200E+02  6.048832485430605E+01  6.048832485430605E+01  1.814649745629182E+02  1.762145984685048E-12  3.000000000000029E+00  3.886676438578561E+03  1.410715348405978E+03  5.297391786984539E+03  3.035493236245194E+22  1.101768301536241E+22
  0.000000000000000E+00  1.602102702708042E+00 -1.118813078156065E+00  4.669858486119671E+00  1.810660254063548E+02  6.035534180211843E+01  6.035534180211842E+01  1.810660254063553E+02 -4.831690603168681E-13  2.999999999999992E+00  3.886245483314159E+03  1.402311760749547E+03  5.288557244063705E+03  3.025542272444347E+22  1.091735848780049E+22
  0.000000000000000E+00  1.602143822278865E+00 -1.118665827211153E+00  4.669890009674164E+00  1.806694784539440E+02  6.022315948464984E+01  6.022315948464984E+01  1.806694784539496E+02 -5.627498467219993E-12  2.999999999999907E+00  3.886008110891694E+03  1.393848891378995E+03  5.279857002270690E+03  3.015576230760256E+22  1.081638912264015E+22
  0.000000000000000E+00  1.602184941849689E+00 -1.118518576266242E+00  4.669921541726380E+00  1.802753503970058E+02  6.009178346567219E+01  6.009178346567218E+01  1.802753503970166E+02 -1.071498445526231E-11  2.999999999999822E+00  3.885692134267843E+03  1.385326735764738E+03  5.271018870032581E+03  3.005575972281195E+22  1.071547772417070E+22
  0.000000000000000E+00  1.602226061420512E+00 -1.118371325321331E+00  4.669953082279692E+00  1.798836579268589E+02  5.996121930895731E+01  5.996121930895731E+01  1.798836579268720E+02 -1.301714291912504E-11  2.999999999999783E+00  3.885026219552595E+03  1.376745289373894E+03  5.261771508926489E+03  2.995525667770362E+22  1.061531021733071E+22
  0.000000000000000E+00  1.602267180991336E+00 -1.118224074376419E+00  4.669984631337474E+00  1.794943186791209E+02  5.983143955971050E+01  5.983143955971050E+01  1.794943186791315E+02 -1.065814103640150E-11  2.999999999999822E+00  3.884317513716320E+03  1.368796834169859E+03  5.253114347886179E+03  2.985483342374874E+22  1.052056154801773E+22
  0.000000000000000E+00  1.602308300562159E+00 -1.118076823431508E+00  4.670016188903106E+00  1.791072573768006E+02  5.970241912560194E+01  5.970241912560194E+01  1.791072573768058E+02 -5.286437954055145E-12  2.999999999999912E+00  3.883848508105170E+03  1.360751628853373E+03  5.244600136958544E+03  2.975477018119247E+22  1.042493081429917E+22
  0.000000000000000E+00  1.602349420132983E+00 -1.117929572486597E+00  4.670047754979965E+00  1.787225013423031E+02  5.957416711410103E+01  5.957416711410103E+01  1.787225013423031E+02  2.842170943040401E-14  3.000000000000000E+00  3.883312249099283E+03  1.352609666007700E+03  5.235921915106983E+03  2.965450972628310E+22  1.032906290391493E+22
  0.000000000000000E+00  1.602390539703806E+00 -1.117782321541685E+00  4.670079329571434E+00  1.783400778980338E+02  5.944669263267713E+01  5.944669263267713E+01  1.783400778980314E+02  2.415845301584341E-12  3.000000000000041E+00  3.882402747630748E+03  1.344370938215297E+03  5.226773685846047E+03  2.955353137541271E+22  1.023358762224882E+22
  0.000000000000000E+00  1.602431659274629E+00 -1.117635070596774E+00  4.670110912680893E+00  1.779599016587459E+02  5.931996721958067E+01  5.931996721958067E+01  1.779599016587420E+02  3.865352482534945E-12  3.000000000000065E+00  3.881454169910630E+03  1.336825557318191E+03  5.218279727228821E+03  2.945272333335399E+22  1.014391811962474E+22
  0.000000000000000E+00  1.602472778845453E+00 -1.117487819651863E+00  4.670142504311727E+00  1.775818926486918E+02  5.919396421622830E+01  5.919396421622830E+01  1.775818926486849E+02  6.906475391588174E-12  3.000000000000117E+00  3.880780555909311E+03  1.329154822957652E+03  5.209935378866962E+03  2.935270884951194E+22  1.005320810391945E+22
  0.000000000000000E+00  1.602513898416277E+00 -1.117340568706952E+00  4.670174104467323E+00  1.772060863045258E+02  5.906869543483862E+01  5.906869543483862E+01  1.772060863045159E+02  9.919176591210999E-12  3.000000000000168E+00  3.880047241594352E+03  1.321358725513391E+03  5.201405967107743E+03  2.925262537549359E+22  9.962046691008819E+21
  0.000000000000000E+00  1.602555017987100E+00 -1.117193317762040E+00  4.670205713151069E+00  1.768325180629020E+02  5.894417268763022E+01  5.894417268763022E+01  1.768325180628907E+02  1.131184035330079E-11  3.000000000000192E+00  3.878920617274160E+03  1.313437255365954E+03  5.192357872640114E+03  2.915164942276985E+22  9.871009537220208E+21
  0.000000000000000E+00  1.602596137557923E+00 -1.117046066817129E+00  4.670237330366354E+00  1.764610995577854E+02  5.882036651925848E+01  5.882036651925848E+01  1.764610995577755E+02  9.919176591210999E-12  3.000000000000169E+00  3.877753106055303E+03  1.306260821029197E+03  5.184013927084499E+03  2.905090133484686E+22  9.786093439016912E+21
  0.000000000000000E+00  1.602637257128747E+00 -1.116898815872217E+00  4.670268956116569E+00  1.760917456092799E+02  5.869724853642430E+01  5.869724853642430E+01  1.760917456092729E+02  6.906475391588174E-12  3.000000000000118E+00  3.876881801224077E+03  1.298942184202460E+03  5.175823985426537E+03  2.895127321772625E+22  9.700071345224371E+21
  0.000000000000000E+00  1.602678376699570E+00 -1.116751564927306E+00  4.670300590405108E+00  1.757244964332475E+02  5.857483214441453E+01  5.857483214441451E+01  1.757244964332436E+02  3.950617610826157E-12  3.000000000000068E+00  3.875951730097537E+03  1.291481333967194E+03  5.167433064064731E+03  2.885165784011685E+22  9.613478223987455E+21
  0.000000000000000E+00  1.602719496270394E+00 -1.116604313982395E+00  4.670332233235365E+00  1.753593922455505E+02  5.845313074851599E+01  5.845313074851599E+01  1.753593922455480E+02  2.557953848736361E-12  3.000000000000044E+00  3.874609041284628E+03  1.283878259406954E+03  5.158487300691582E+03  2.875098854604823E+22  9.526837091798876E+21
  0.000000000000000E+00  1.602760615841217E+00 -1.116457063037483E+00  4.670363884610737E+00  1.749963411792472E+02  5.833211372641434E+01  5.833211372641434E+01  1.749963411792430E+02  4.121147867408581E-12  3.000000000000071E+00  3.873216767084100E+03  1.277063878674211E+03  5.150280645758310E+03  2.865054914234922E+22  9.446561763549273E+21
  0.000000000000000E+00  1.602801735412041E+00 -1.116309812092572E+00  4.670395544534623E+00  1.746352522708101E+02  5.821175075693422E+01  5.821175075693422E+01  1.746352522708027E+02  7.418066161335446E-12  3.000000000000127E+00  3.872127390208635E+03  1.270102519839432E+03  5.142229910048067E+03  2.855143594236204E+22  9.365200852411588E+21
  0.000000000000000E+00  1.602842854982864E+00 -1.116162561147661E+00  4.670427213010422E+00  1.742761670912241E+02  5.809205569707108E+01  5.809205569707108E+01  1.742761670912133E+02  1.082867129298393E-11  3.000000000000187E+00  3.870972950036771E+03  1.262994171618662E+03  5.133967121655433E+03  2.845236122104186E+22  9.283238827753460E+21
  0.000000000000000E+00  1.602883974553688E+00 -1.116015310202749E+00  4.670458890041537E+00  1.739191272114735E+02  5.797304240382038E+01  5.797304240382038E+01  1.739191272114612E+02  1.233502189279534E-11  3.000000000000213E+00  3.869386651412775E+03  1.255738822725623E+03  5.125125474138398E+03  2.835207832923601E+22  9.201149605966705E+21
  0.000000000000000E+00  1.602925094124511E+00 -1.115868059257838E+00  4.670490575631371E+00  1.735640368015793E+02  5.785467893385605E+01  5.785467893385605E+01  1.735640368015682E+02  1.108446667785756E-11  3.000000000000192E+00  3.867736883725678E+03  1.249306449826737E+03  5.117043333552415E+03  2.825200369255789E+22  9.125597602606909E+21
  0.000000000000000E+00  1.602966213695335E+00 -1.115720808312927E+00  4.670522269783330E+00  1.732107992967759E+02  5.773693309892248E+01  5.773693309892248E+01  1.732107992967674E+02  8.412825991399586E-12  3.000000000000146E+00  3.866385665440687E+03  1.242730991395759E+03  5.109116656836445E+03  2.815340313581459E+22  9.049047254355452E+21
  0.000000000000000E+00  1.603007333266158E+00 -1.115573557368016E+00  4.670553972500822E+00  1.728594551658678E+02  5.761981838862072E+01  5.761981838862072E+01  1.728594551658622E+02  5.655920176650397E-12  3.000000000000098E+00  3.864958411916963E+03  1.236012436445922E+03  5.100970848362885E+03  2.805486442196698E+22  8.971936469338758E+21
  0.000000000000000E+00  1.603048452836982E+00 -1.115426306423104E+00  4.670585683787254E+00  1.725100448776600E+02  5.750334829255185E+01  5.750334829255185E+01  1.725100448776556E+02  4.405364961712621E-12  3.000000000000076E+00  3.863081728244394E+03  1.229150773992133E+03  5.092232502236528E+03  2.795501597286617E+22  8.894693909472757E+21
  0.000000000000000E+00  1.603089572407805E+00 -1.115279055478193E+00  4.670617403646039E+00  1.721624688896481E+02  5.738748962988147E+01  5.738748962988147E+01  1.721624688896444E+02  3.666400516522117E-12  3.000000000000064E+00  3.861126996404173E+03  1.223134973182124E+03  5.084261969586297E+03  2.785538156881249E+22  8.824079451382237E+21
  0.000000000000000E+00  1.603130691978629E+00 -1.115131804533282E+00  4.670649132080588E+00  1.718166263856993E+02  5.727220879523239E+01  5.727220879523239E+01  1.718166263856972E+02  2.046363078989089E-12  3.000000000000036E+00  3.859461921062940E+03  1.216982833418955E+03  5.076444754481895E+03  2.775734477740519E+22  8.752570380611488E+21
  0.000000000000000E+00  1.603171811549452E+00 -1.114984553588370E+00  4.670680869094316E+00  1.714725559241749E+02  5.715751864139148E+01  5.715751864139148E+01  1.714725559241745E+02  4.547473508864641E-13  3.000000000000008E+00  3.857709384361031E+03  1.210694344235177E+03  5.068403728596208E+03  2.765938299652042E+22  8.680555019171959E+21
  0.000000000000000E+00  1.603212931120276E+00 -1.114837302643459E+00  4.670712614690640E+00  1.711302960634365E+02  5.704343202114558E+01  5.704343202114558E+01  1.711302960634368E+02 -3.126388037344441E-13  2.999999999999995E+00  3.855493469547470E+03  1.204269495163684E+03  5.059762964711154E+03  2.756001326391462E+22  8.608413818409209E+21
  0.000000000000000E+00  1.603254050691099E+00 -1.114690051698548E+00  4.670744368872976E+00  1.707897445841888E+02  5.692991486139617E+01  5.692991486139617E+01  1.707897445841886E+02  2.842170943040401E-13  3.000000000000005E+00  3.853189142904527E+03  1.198702232321720E+03  5.051891375226247E+03  2.746084867182117E+22  8.542892493345894E+21
  0.000000000000000E+00  1.603295170261923E+00 -1.114542800753636E+00  4.670776131644745E+00  1.704507985973157E+02  5.681693286577135E+01  5.681693286577135E+01  1.704507985973141E+02  1.620037437533028E-12  3.000000000000029E+00  3.851168232495038E+03  1.193002184565564E+03  5.044170417060602E+03  2.736337008480431E+22  8.476534474085612E+21
  0.000000000000000E+00  1.603336289832746E+00 -1.114395549808725E+00  4.670807903009369E+00  1.701134956564466E+02  5.670449855214788E+01  5.670449855214788E+01  1.701134956564437E+02  2.984279490192421E-12  3.000000000000053E+00  3.849051922135006E+03  1.187169341700270E+03  5.036221263835276E+03  2.726595390615420E+22  8.409682489199638E+21
  0.000000000000000E+00  1.603377409403570E+00 -1.114248298863814E+00  4.670839682970270E+00  1.697778733152112E+02  5.659262443840252E+01  5.659262443840252E+01  1.697778733152076E+02  3.581135388230905E-12  3.000000000000063E+00  3.846462605509746E+03  1.181203693531742E+03  5.027666299041488E+03  2.716701501781743E+22  8.342672676789380E+21
  0.000000000000000E+00  1.603418528974393E+00 -1.114101047918903E+00  4.670871471530873E+00  1.694438281328823E+02  5.648127604429300E+01  5.648127604429302E+01  1.694438281328791E+02  3.183231456205249E-12  3.000000000000056E+00  3.843782312790229E+03  1.176099434418954E+03  5.019881747209183E+03  2.706827902327843E+22  8.282203584745398E+21
  0.000000000000000E+00  1.603459648545216E+00 -1.113953796973991E+00  4.670903268694606E+00  1.691112575670037E+02  5.637041918900044E+01  5.637041918900044E+01  1.691112575670014E+02  2.302158463862725E-12  3.000000000000041E+00  3.841388234220647E+03  1.170857646164336E+03  5.012245880384983E+03  2.697132907219875E+22  8.220878741199486E+21
  0.000000000000000E+00  1.603500768116040E+00 -1.113806546029080E+00  4.670935074464897E+00  1.687802005186109E+02  5.626006683953648E+01  5.626006683953648E+01  1.687802005186095E+02  1.449507180950604E-12  3.000000000000026E+00  3.838897331140825E+03  1.165478318207659E+03  5.004375649348484E+03  2.687442264176057E+22  8.158998327265227E+21
  0.000000000000000E+00  1.603541887686863E+00 -1.113659295084168E+00  4.670966888845177E+00  1.684506958887395E+02  5.615023196291278E+01  5.615023196291278E+01  1.684506958887384E+02  1.080024958355352E-12  3.000000000000020E+00  3.835927791600417E+03  1.159961439988152E+03  4.995889231588569E+03  2.677585487416808E+22  8.096857100585680E+21
  0.000000000000000E+00  1.603583007257687E+00 -1.113512044139257E+00  4.670998711838877E+00  1.681226405520612E+02  5.604088018401990E+01  5.604088018401990E+01  1.681226405520597E+02  1.477928890381008E-12  3.000000000000027E+00  3.832874416470917E+03  1.155306635190411E+03  4.988181051661328E+03  2.667748633243716E+22  8.041139265513426E+21
  0.000000000000000E+00  1.603624126828511E+00 -1.113364793194346E+00  4.671030543449431E+00  1.677959344985665E+02  5.593197816618795E+01  5.593197816618795E+01  1.677959344985639E+02  2.586375558166765E-12  3.000000000000046E+00  3.830123656268527E+03  1.150497819564097E+03  4.980621475832624E+03  2.658101320759971E+22  7.984441360554308E+21
  0.000000000000000E+00  1.603665246399334E+00 -1.113217542249435E+00  4.671062383680277E+00  1.674706213022681E+02  5.582354043408814E+01  5.582354043408814E+01  1.674706213022645E+02  3.637978807091713E-12  3.000000000000065E+00  3.827283038805504E+03  1.145534981279789E+03  4.972818020085293E+03  2.648453972164140E+22  7.927024577650023E+21
  0.000000000000000E+00  1.603706365970157E+00 -1.113070291304523E+00  4.671094232534850E+00  1.671467445371792E+02  5.571558151239169E+01  5.571558151239169E+01  1.671467445371751E+02  4.121147867408581E-12  3.000000000000074E+00  3.823961352218508E+03  1.140418108509205E+03  4.964379460727713E+03  2.638620769214122E+22  7.869145709211984E+21
  0.000000000000000E+00  1.603747485540981E+00 -1.112923040359612E+00  4.671126090016591E+00  1.668242027686095E+02  5.560806758953504E+01  5.560806758953504E+01  1.668242027686051E+02  4.291678123991005E-12  3.000000000000078E+00  3.820572783559814E+03  1.136165861599999E+03  4.956738645159812E+03  2.628805003509360E+22  7.817567341323336E+21
  0.000000000000000E+00  1.603788605111804E+00 -1.112775789414700E+00  4.671157956128939E+00  1.665029000746371E+02  5.550096669154411E+01  5.550096669154411E+01  1.665029000746324E+02  4.718003765447065E-12  3.000000000000085E+00  3.817518590011696E+03  1.131730424350555E+03  4.949249014362252E+03  2.619192815000119E+22  7.764782609655684E+21
  0.000000000000000E+00  1.603829724682628E+00 -1.112628538469789E+00  4.671189830875340E+00  1.661828882984280E+02  5.539429609947430E+01  5.539429609947430E+01  1.661828882984229E+02  5.030642569181509E-12  3.000000000000091E+00  3.814390097058743E+03  1.127111782686514E+03  4.941501879745257E+03  2.609578280870328E+22  7.711026804730262E+21
  0.000000000000000E+00  1.603870844253451E+00 -1.112481287524878E+00  4.671221714259237E+00  1.658642192831481E+02  5.528807309438095E+01  5.528807309438095E+01  1.658642192831429E+02  5.229594535194337E-12  3.000000000000095E+00  3.810779946040934E+03  1.122309922534923E+03  4.933089868575858E+03  2.599759319006402E+22  7.656531526977280E+21
  0.000000000000000E+00  1.603911963824275E+00 -1.112334036579967E+00  4.671253606284075E+00  1.655467942179244E+02  5.518226473930639E+01  5.518226473930639E+01  1.655467942179192E+02  5.172751116333529E-12  3.000000000000094E+00  3.807127679699184E+03  1.118381680742199E+03  4.925509360441382E+03  2.589962718940443E+22  7.608273486895818E+21
  0.000000000000000E+00  1.603953083395098E+00 -1.112186785635055E+00  4.671285506953306E+00  1.652305218186165E+02  5.507684060620383E+01  5.507684060620383E+01  1.652305218186115E+02  4.973799150320701E-12  3.000000000000091E+00  3.803855158408568E+03  1.114230396116822E+03  4.918085554525390E+03  2.580395413273622E+22  7.558529133566661E+21
  0.000000000000000E+00  1.603994202965922E+00 -1.112039534690144E+00  4.671317416270378E+00  1.649154652184895E+02  5.497182173949489E+01  5.497182173949488E+01  1.649154652184847E+02  4.803268893738277E-12  3.000000000000087E+00  3.800530532449492E+03  1.109856051521156E+03  4.910386583970647E+03  2.570831353623370E+22  7.507511677376954E+21
  0.000000000000000E+00  1.604035322536745E+00 -1.111892283745233E+00  4.671349334238743E+00  1.646016875508084E+02  5.486722918360122E+01  5.486722918360122E+01  1.646016875508037E+02  4.718003765447065E-12  3.000000000000086E+00  3.796723346237764E+03  1.105258629815889E+03  4.901981976053653E+03  2.561048505602373E+22  7.455431181202647E+21
  0.000000000000000E+00  1.604076442107569E+00 -1.111745032800321E+00  4.671381260861855E+00  1.642890928011472E+02  5.476303093371416E+01  5.476303093371416E+01  1.642890928011425E+02  4.689582056016661E-12  3.000000000000086E+00  3.792902557460917E+03  1.101554014796838E+03  4.894456572257754E+03  2.551297794251814E+22  7.409608566590132E+21
  0.000000000000000E+00  1.604117561678392E+00 -1.111597781855410E+00  4.671413196143169E+00  1.639775936406377E+02  5.465919788021097E+01  5.465919788021097E+01  1.639775936406330E+02  4.746425474877469E-12  3.000000000000087E+00  3.789515542724012E+03  1.097580355086345E+03  4.887095897810357E+03  2.541807259264962E+22  7.361990425244888E+21
  0.000000000000000E+00  1.604158681249216E+00 -1.111450530910499E+00  4.671445140086143E+00  1.636672662308814E+02  5.455575541029221E+01  5.455575541029221E+01  1.636672662308766E+02  4.746425474877469E-12  3.000000000000087E+00  3.786101638776183E+03  1.093337630009357E+03  4.879439268785540E+03  2.532326678951106E+22  7.312767362655421E+21
  0.000000000000000E+00  1.604199800820039E+00 -1.111303279965588E+00  4.671477092694236E+00  1.633581867334800E+02  5.445272891115840E+01  5.445272891115840E+01  1.633581867334752E+02  4.746425474877469E-12  3.000000000000087E+00  3.782201673467132E+03  1.088825818890493E+03  4.871027492357625E+03  2.522610097720672E+22  7.262127307120201E+21
  0.000000000000000E+00  1.604240920390863E+00 -1.111156029020676E+00  4.671509053970908E+00  1.630502612673652E+02  5.435008708912018E+01  5.435008708912019E+01  1.630502612673606E+02  4.547473508864641E-12  3.000000000000083E+00  3.778315483906698E+03  1.085237710503692E+03  4.863553194410390E+03  2.512931294668789E+22  7.217840374884848E+21
  0.000000000000000E+00  1.604282039961686E+00 -1.111008778075765E+00  4.671541023919624E+00  1.627434047856692E+02  5.424780159522167E+01  5.424780159522167E+01  1.627434047856650E+02  4.206412995699793E-12  3.000000000000077E+00  3.774919321153052E+03  1.081333753488419E+03  4.856253074641470E+03  2.503540426778908E+22  7.171445364485118E+21
  0.000000000000000E+00  1.604323159532510E+00 -1.110861527130854E+00  4.671573002543846E+00  1.624377067012944E+02  5.414590223376353E+01  5.414590223376351E+01  1.624377067012906E+02  3.865352482534945E-12  3.000000000000071E+00  3.771520950562714E+03  1.077113923571893E+03  4.848634874134607E+03  2.494162661691668E+22  7.123113899607000E+21
  0.000000000000000E+00  1.604364279103333E+00 -1.110714276185942E+00  4.671604989847043E+00  1.621332564271430E+02  5.404441880904646E+01  5.404441880904646E+01  1.621332564271394E+02  3.666400516522117E-12  3.000000000000068E+00  3.767629735059335E+03  1.072578196481934E+03  4.840207931541269E+03  2.484527734046633E+22  7.073015300032178E+21
  0.000000000000000E+00  1.604405398674156E+00 -1.110567025241031E+00  4.671636985832682E+00  1.618299611319819E+02  5.394332037732511E+01  5.394332037732511E+01  1.618299611319754E+02  6.593836587853730E-12  3.000000000000123E+00  3.763774840075972E+03  1.069006295847013E+03  4.832781135922985E+03  2.474930693588145E+22  7.029422868391718E+21
  0.000000000000000E+00  1.604446518244980E+00 -1.110419774296119E+00  4.671668990504231E+00  1.615277360739473E+02  5.384257869131144E+01  5.384257869131144E+01  1.615277360739343E+02  1.293187779083382E-11  3.000000000000240E+00  3.760462372268535E+03  1.065075672643092E+03  4.825538044911626E+03  2.465644463358964E+22  6.983444255889590E+21
  0.000000000000000E+00  1.604487637815804E+00 -1.110272523351208E+00  4.671701003865165E+00  1.612266827999953E+02  5.374222759999198E+01  5.374222759999198E+01  1.612266827999759E+02  1.932676241267473E-11  3.000000000000360E+00  3.757169580545497E+03  1.060786299303611E+03  4.817955879849107E+03  2.456372607844040E+22  6.935237690302292E+21
  0.000000000000000E+00  1.604528757386627E+00 -1.110125272406297E+00  4.671733025918956E+00  1.609269028570820E+02  5.364230095235326E+01  5.364230095235326E+01  1.609269028570598E+02  2.222577677457593E-11  3.000000000000414E+00  3.753375415039432E+03  1.056138148261863E+03  4.809513563301294E+03  2.446823572661790E+22  6.884959353652478E+21
  0.000000000000000E+00  1.604569876957450E+00 -1.109978021461386E+00  4.671765056669079E+00  1.606283035333325E+02  5.354276784443760E+01  5.354276784443760E+01  1.606283035333128E+02  1.966782292583957E-11  3.000000000000367E+00  3.749633390862859E+03  1.052497265759949E+03  4.802130656622808E+03  2.437311071609446E+22  6.841370798879828E+21
  0.000000000000000E+00  1.604610996528274E+00 -1.109830770516474E+00  4.671797096119013E+00  1.603307986813159E+02  5.344359956043392E+01  5.344359956043392E+01  1.603307986813018E+02  1.415401129634120E-11  3.000000000000265E+00  3.746477036316884E+03  1.048462850643491E+03  4.794939886960376E+03  2.428129398488885E+22  6.795193047209146E+21
  0.000000000000000E+00  1.604652116099097E+00 -1.109683519571563E+00  4.671829144272236E+00  1.600344996946553E+02  5.334483323154888E+01  5.334483323154889E+01  1.600344996946467E+02  8.611777957412414E-12  3.000000000000162E+00  3.743357939507793E+03  1.044034872674411E+03  4.787392812182204E+03  2.418965347246454E+22  6.746574116415743E+21
  0.000000000000000E+00  1.604693235669921E+00 -1.109536268626652E+00  4.671861201132229E+00  1.597395179669735E+02  5.324650598898913E+01  5.324650598898913E+01  1.597395179669674E+02  6.053824108676054E-12  3.000000000000114E+00  3.739729478191256E+03  1.039213301611748E+03  4.778942779803004E+03  2.409510882267738E+22  6.695660137540124E+21
  0.000000000000000E+00  1.604734355240744E+00 -1.109389017681740E+00  4.671893266702474E+00  1.594457603218209E+02  5.314858677394037E+01  5.314858677394037E+01  1.594457603218211E+02 -1.989519660128281E-13  2.999999999999996E+00  3.736160897491177E+03  1.035439185995043E+03  4.771600083486220E+03  2.400092907467587E+22  6.651614624224260E+21
  0.000000000000000E+00  1.604775474811568E+00 -1.109241766736829E+00  4.671925340986457E+00  1.591531378378358E+02  5.305104594594993E+01  5.305104594594993E+01  1.591531378378498E+02 -1.401190274918918E-11  2.999999999999736E+00  3.733206852638433E+03  1.031248950490813E+03  4.764455803129246E+03  2.391021492810288E+22  6.604880207264522E+21
  0.000000000000000E+00  1.604816594382391E+00 -1.109094515791918E+00  4.671957423987664E+00  1.588617682912722E+02  5.295392276376666E+01  5.295392276376666E+01  1.588617682913000E+02 -2.776801011350472E-11  2.999999999999475E+00  3.730301567419944E+03  1.026642563125823E+03  4.756944130545767E+03  2.381971224469699E+22  6.555590745101357E+21
  0.000000000000000E+00  1.604857713953215E+00 -1.108947264847006E+00  4.671989515709582E+00  1.585717694583844E+02  5.285725648613949E+01  5.285725648613949E+01  1.585717694584185E+02 -3.404920789762400E-11  2.999999999999356E+00  3.726881117130315E+03  1.021619991929088E+03  4.748501109059403E+03  2.372622085707256E+22  6.503878390189782E+21
  0.000000000000000E+00  1.604898833524038E+00 -1.108800013902095E+00  4.672021616155702E+00  1.582830473183797E+02  5.276101577280225E+01  5.276101577280225E+01  1.582830473184068E+02 -2.702904566831421E-11  2.999999999999488E+00  3.723518253238144E+03  1.017676151934677E+03  4.741194405172821E+03  2.363304953531016E+22  6.459157515519190E+21
  0.000000000000000E+00  1.604939953094861E+00 -1.108652762957184E+00  4.672053725329515E+00  1.579955090785125E+02  5.266516969284132E+01  5.266516969284132E+01  1.579955090785240E+02 -1.148237060988322E-11  2.999999999999782E+00  3.720779114585175E+03  1.013309634857739E+03  4.734088749442913E+03  2.354336950768847E+22  6.411754749331949E+21
  0.000000000000000E+00  1.604981072665685E+00 -1.108505512012273E+00  4.672085843234516E+00  1.577092743571073E+02  5.256975811903440E+01  5.256975811903440E+01  1.577092743571032E+02  4.064304448547773E-12  3.000000000000077E+00  3.718092651681332E+03  1.008520408226169E+03  4.726613059907501E+03  2.345385570791347E+22  6.361781254247739E+21
  0.000000000000000E+00  1.605022192236508E+00 -1.108358261067361E+00  4.672117969874200E+00  1.574244627724888E+02  5.247482092415922E+01  5.247482092415922E+01  1.574244627724777E+02  1.111288838728797E-11  3.000000000000212E+00  3.714889689099643E+03  1.003308439567720E+03  4.718198128667363E+03  2.336123829047149E+22  6.309346843960607E+21
  0.000000000000000E+00  1.605063311807332E+00 -1.108211010122450E+00  4.672150105252063E+00  1.571409794563599E+02  5.238032648544982E+01  5.238032648544982E+01  1.571409794563495E+02  1.034550223266706E-11  3.000000000000198E+00  3.711730169504961E+03  9.991908345199438E+02  4.710921004024905E+03  2.326874122214376E+22  6.263901711121235E+21
  0.000000000000000E+00  1.605104431378156E+00 -1.108063759177539E+00  4.672182249371606E+00  1.568587273279320E+02  5.228624244264108E+01  5.228624244264108E+01  1.568587273279232E+02  8.697043085703626E-12  3.000000000000166E+00  3.709179230053578E+03  9.946622227083391E+02  4.703841452761916E+03  2.317950781823008E+22  6.215871312164395E+21
  0.000000000000000E+00  1.605145550948979E+00 -1.107916508232627E+00  4.672214402236330E+00  1.565778226867928E+02  5.219260756226190E+01  5.219260756226190E+01  1.565778226867857E+02  7.048583938740194E-12  3.000000000000135E+00  3.706678271422302E+03  9.897225725615194E+02  4.696400843983822E+03  2.309022946370310E+22  6.165337165095544E+21
  0.000000000000000E+00  1.605186670519802E+00 -1.107769257287716E+00  4.672246563849736E+00  1.562983818325300E+02  5.209946061084121E+01  5.209946061084121E+01  1.562983818325237E+02  6.281197784119286E-12  3.000000000000120E+00  3.703670532768998E+03  9.843718525083873E+02  4.688042385277386E+03  2.299765255787175E+22  6.112380043375861E+21
  0.000000000000000E+00  1.605227790090626E+00 -1.107622006342805E+00  4.672278734215331E+00  1.560203104292652E+02  5.200677014308658E+01  5.200677014308658E+01  1.560203104292598E+02  5.400124791776761E-12  3.000000000000104E+00  3.700679583761291E+03  9.801032921151573E+02  4.680782875876449E+03  2.290475698044380E+22  6.066190604595354E+21
  0.000000000000000E+00  1.605268909661449E+00 -1.107474755397893E+00  4.672310913336619E+00  1.557435083324868E+02  5.191450277749442E+01  5.191450277749442E+01  1.557435083324833E+02  3.552713678800501E-12  3.000000000000068E+00  3.698253035323720E+03  9.754544542907836E+02  4.673707489614503E+03  2.281456755914924E+22  6.017590288097234E+21
  0.000000000000000E+00  1.605310029232273E+00 -1.107327504452982E+00  4.672343101217111E+00  1.554680831288327E+02  5.182269437627702E+01  5.182269437627702E+01  1.554680831288311E+02  1.620037437533028E-12  3.000000000000032E+00  3.695872849730139E+03  9.704253098300369E+02  4.666298159560176E+03  2.272397827253419E+22  5.966634825466243E+21
  0.000000000000000E+00  1.605351148803096E+00 -1.107180253508071E+00  4.672375297860315E+00  1.551941424049407E+02  5.173138080164667E+01  5.173138080164667E+01  1.551941424049400E+02  7.389644451905042E-13  3.000000000000014E+00  3.693022699142936E+03  9.650158295261419E+02  4.658038528669077E+03  2.262993553412328E+22  5.913379849155338E+21
  0.000000000000000E+00  1.605392268373920E+00 -1.107033002563160E+00  4.672407503269744E+00  1.549215971286851E+02  5.164053237622826E+01  5.164053237622826E+01  1.549215971286848E+02  3.410605131648481E-13  3.000000000000007E+00  3.690150557499512E+03  9.606243009749977E+02  4.650774858474510E+03  2.253495182186917E+22  5.866324965357782E+21
  0.000000000000000E+00  1.605433387944743E+00 -1.106885751618248E+00  4.672439717448911E+00  1.546503479980089E+02  5.155011599933645E+01  5.155011599933645E+01  1.546503479980094E+02 -4.831690603168681E-13  2.999999999999991E+00  3.687760070534058E+03  9.559068742725036E+02  4.643666944806561E+03  2.244182237859634E+22  5.817160518199345E+21
  0.000000000000000E+00  1.605474507515567E+00 -1.106738500673337E+00  4.672471940401333E+00  1.543804871946524E+02  5.146016239821791E+01  5.146016239821791E+01  1.543804871946538E+02 -1.335820343228988E-12  2.999999999999975E+00  3.685420769138047E+03  9.508635243935804E+02  4.636284293531628E+03  2.234799076472743E+22  5.765933008141664E+21
  0.000000000000000E+00  1.605515627086390E+00 -1.106591249728425E+00  4.672504172130526E+00  1.541121069003564E+02  5.137070230011937E+01  5.137070230011937E+01  1.541121069003581E+02 -1.705302565824240E-12  2.999999999999967E+00  3.682703609083100E+03  9.454942263147293E+02  4.628197835397829E+03  2.225094575434170E+22  5.712689093111754E+21
  0.000000000000000E+00  1.605556746657214E+00 -1.106443998783514E+00  4.672536412640010E+00  1.538451346425639E+02  5.128171154751984E+01  5.128171154751984E+01  1.538451346425595E+02  4.405364961712621E-12  3.000000000000086E+00  3.679801317099256E+03  9.409765101530340E+02  4.620777827252290E+03  2.215168314092028E+22  5.664494275574153E+21
  0.000000000000000E+00  1.605597866228037E+00 -1.106296747838603E+00  4.672568661933307E+00  1.535794820532190E+02  5.119316068440038E+01  5.119316068440038E+01  1.535794820532012E+02  1.779199010343291E-11  3.000000000000347E+00  3.677175453519933E+03  9.362171012894008E+02  4.613392554809333E+03  2.205284365340444E+22  5.614703356244613E+21
  0.000000000000000E+00  1.605638985798861E+00 -1.106149496893692E+00  4.672600920013940E+00  1.533152174708140E+02  5.110507249026093E+01  5.110507249026093E+01  1.533152174707828E+02  3.123545866401400E-11  3.000000000000611E+00  3.674801355802977E+03  9.312159811731534E+02  4.606017336976131E+03  2.195441928870353E+22  5.563377205881542E+21
  0.000000000000000E+00  1.605680105369684E+00 -1.106002245948780E+00  4.672633186885433E+00  1.530524092338416E+02  5.101746974460143E+01  5.101746974460143E+01  1.530524092338043E+02  3.726086106325965E-11  3.000000000000730E+00  3.623266769504117E+03  9.137645722240999E+02  4.537031341728217E+03  2.156249192736866E+22  5.437921761083631E+21
  0.000000000000000E+00  1.605918649973619E+00 -1.105095110047088E+00  4.672818630290902E+00  1.514916790601157E+02  5.049722635336051E+01  5.049722635336051E+01  1.514916790600815E+02  3.416289473534562E-11  3.000000000000676E+00  3.607738889330611E+03  8.843324923523145E+02  4.492071381682926E+03  2.104330598466915E+22  5.158155786658844E+21
  0.000000000000000E+00  1.606157237917398E+00 -1.104187985530066E+00  4.673004425474900E+00  1.499812056732246E+02  4.999373522439912E+01  4.999373522439912E+01  1.499812056731974E+02  2.722799763432704E-11  3.000000000000545E+00  3.590324178927112E+03  8.561295543138026E+02  4.446453733240915E+03  2.050051923273013E+22  4.888444474438388E+21
  0.000000000000000E+00  1.606395739181488E+00 -1.103280838243704E+00  4.673190452784707E+00  1.485188403917773E+02  4.950628013058567E+01  4.950628013058567E+01  1.485188403917570E+02  2.029310053330846E-11  3.000000000000410E+00  3.571721113016743E+03  8.291562287179345E+02  4.400877341734677E+03  1.996079112262811E+22  4.633792439490268E+21
  0.000000000000000E+00  1.606634023746357E+00 -1.102373634033996E+00  4.673376592184574E+00  1.471024345343832E+02  4.903414484478869E+01  4.903414484478869E+01  1.471024345343661E+02  1.710986907710321E-11  3.000000000000349E+00  3.872788287988531E+03  8.789087479227708E+02  4.751697035911302E+03  2.120281627054668E+22  4.811866622965245E+21
  0.000000000000000E+00  1.606691888657198E+00 -1.102219564643197E+00  4.673424213124529E+00  1.468356507026243E+02  4.894521690087105E+01  4.894521690087105E+01  1.468356507026132E+02  1.111288838728797E-11  3.000000000000227E+00  3.870363477255732E+03  8.736726058592076E+02  4.744036083114939E+03  2.099836328750149E+22  4.740044411843639E+21
  0.000000000000000E+00  1.606749753568040E+00 -1.102065495252397E+00  4.673471847740482E+00  1.465703686849188E+02  4.885678956164028E+01  4.885678956164028E+01  1.465703686849209E+02 -2.074784788419493E-12  2.999999999999958E+00  3.867303958535429E+03  8.691062955313853E+02  4.736410254066814E+03  2.079415560239864E+22  4.673108640560020E+21
  0.000000000000000E+00  1.606807618478881E+00 -1.101911425861598E+00  4.673519496038105E+00  1.463063844356949E+02  4.876879481190338E+01  4.876879481190338E+01  1.463063844357102E+02 -1.523403625469655E-11  2.999999999999688E+00  3.863605079352081E+03  8.652098893494381E+02  4.728814968701519E+03  2.059045612942751E+22  4.610995664283573E+21
  0.000000000000000E+00  1.606865483389722E+00 -1.101757356470798E+00  4.673567158023080E+00  1.460434939093810E+02  4.868116463646741E+01  4.868116463646741E+01  1.460434939094023E+02 -2.125943865394220E-11  2.999999999999563E+00  3.589769024387658E+03  7.998100383636666E+02  4.389579062751325E+03  1.896385887367456E+22  4.225197941771219E+21
  0.000000000000000E+00  1.607120708323909E+00 -1.100843385046214E+00  4.673769216698661E+00  1.446540868032257E+02  4.821802893441408E+01  4.821802893441408E+01  1.446540868032423E+02 -1.651301317906473E-11  2.999999999999658E+00  3.563225548640426E+03  7.842504366868153E+02  4.347475985327241E+03  1.843334211501425E+22  4.057098380654943E+21
  0.000000000000000E+00  1.607375933258095E+00 -1.099929413621630E+00  4.673971618988679E+00  1.432877943468117E+02  4.776259811560588E+01  4.776259811560588E+01  1.432877943468177E+02 -5.968558980384842E-12  2.999999999999875E+00  3.532620481705330E+03  7.737187991281725E+02  4.306339280833503E+03  1.794613855298500E+22  3.930584913412609E+21
  0.000000000000000E+00  1.607631158192280E+00 -1.099015442197046E+00  4.674174365753764E+00  1.419357850038964E+02  4.731192833463061E+01  4.731192833463061E+01  1.419357850038919E+02  4.519051799434237E-12  3.000000000000095E+00  3.497304872637313E+03  7.682175231355823E+02  4.265522395772895E+03  1.748912319141042E+22  3.841658473939886E+21
  0.000000000000000E+00  1.607886383126466E+00 -1.098101470772461E+00  4.674377457857364E+00  1.405892272382374E+02  4.686307574607602E+01  4.686307574607602E+01  1.405892272382281E+02  9.265477274311706E-12  3.000000000000198E+00  3.456645035822648E+03  7.677490061572348E+02  4.224394041979883E+03  1.704944420467185E+22  3.786820372938531E+21
  0.000000000000000E+00  1.608141608060652E+00 -1.097187499347877E+00  4.674580896165757E+00  1.392433660708969E+02  4.641445535696285E+01  4.641445535696285E+01  1.392433660708886E+02  8.327560863108374E-12  3.000000000000179E+00  3.414942232235383E+03  7.665014233029367E+02  4.181443655538320E+03  1.662673260474275E+22  3.731956015569351E+21
  0.000000000000000E+00  1.608396832994838E+00 -1.096273527923293E+00  4.674784681548062E+00  1.379016245377033E+02  4.596720817923237E+01  4.596720817923237E+01  1.379016245376971E+02  6.224354365258478E-12  3.000000000000135E+00  3.376389563691546E+03  7.632943356693726E+02  4.139683899360919E+03  1.621845478038558E+22  3.666476996701531E+21
  0.000000000000000E+00  1.608652057929024E+00 -1.095359556498709E+00  4.674988814876253E+00  1.365674381245635E+02  4.552247937485310E+01  4.552247937485310E+01  1.365674381245593E+02  4.177991286269389E-12  3.000000000000091E+00  3.340214473646151E+03  7.581268106441555E+02  4.098341284290305E+03  1.580932043011136E+22  3.588233561256494E+21
  0.000000000000000E+00  1.608907282863210E+00 -1.094445585074125E+00  4.675193297025164E+00  1.352442423173841E+02  4.508141410579358E+01  4.508141410579358E+01  1.352442423173808E+02  3.325340003357269E-12  3.000000000000074E+00  3.305660302146177E+03  7.509979156150868E+02  4.056658217761264E+03  1.538475696485896E+22  3.495192898481573E+21
  0.000000000000000E+00  1.609162507797397E+00 -1.093531613649540E+00  4.675398128872507E+00  1.339379349186690E+02  4.464597830622197E+01  4.464597830622197E+01  1.339379349186659E+02  3.069544618483633E-12  3.000000000000069E+00  3.273559553922276E+03  7.393503678715325E+02  4.012909921793809E+03  1.495521034306864E+22  3.377711658092680E+21
  0.000000000000000E+00  1.609417732731583E+00 -1.092617642224956E+00  4.675603311298882E+00  1.326526382442886E+02  4.421754608142877E+01  4.421754608142877E+01  1.326526382442863E+02  2.245315045001917E-12  3.000000000000051E+00  3.244411485786178E+03  7.272584326246505E+02  3.971669918410829E+03  1.454278105925143E+22  3.259870150716044E+21
  0.000000000000000E+00  1.609672957665769E+00 -1.091703670800372E+00  4.675808845187788E+00  1.313891245501998E+02  4.379637485006609E+01  4.379637485006609E+01  1.313891245501983E+02  1.449507180950604E-12  3.000000000000033E+00  3.216991236977166E+03  7.147219002344103E+02  3.931713137211577E+03  1.415103398407660E+22  3.143948228122801E+21
  0.000000000000000E+00  1.609928182599955E+00 -1.090789699375788E+00  4.676014731425633E+00  1.301481660923594E+02  4.338272203078606E+01  4.338272203078606E+01  1.301481660923582E+02  1.250555214937776E-12  3.000000000000029E+00  3.190100273559277E+03  7.017405610607873E+02  3.891840834620064E+03  1.378374194710124E+22  3.032071088061426E+21
  0.000000000000000E+00  1.610183407534141E+00 -1.089875727951204E+00  4.676220970901747E+00  1.289283437824554E+02  4.297611459415139E+01  4.297611459415139E+01  1.289283437824542E+02  1.222133505507372E-12  3.000000000000028E+00  3.162001802867877E+03  6.909986210065930E+02  3.853000423874470E+03  1.343208061072841E+22  2.935339622780902E+21
  0.000000000000000E+00  1.610438632468327E+00 -1.088961756526619E+00  4.676427564508397E+00  1.277269602825095E+02  4.257565342750289E+01  4.257565342750289E+01  1.277269602825087E+02  8.526512829121202E-13  3.000000000000020E+00  3.132269706437792E+03  6.809070679033578E+02  3.813176774341150E+03  1.308515657015851E+22  2.844510986691414E+21
  0.000000000000000E+00  1.610693857402513E+00 -1.088047785102035E+00  4.676634513140792E+00  1.265428704739795E+02  4.218095682465970E+01  4.218095682465970E+01  1.265428704739791E+02  4.405364961712621E-13  3.000000000000010E+00  3.101678436202367E+03  6.714662126099084E+02  3.773144648812275E+03  1.274362659350300E+22  2.758801358573872E+21
  0.000000000000000E+00  1.610949082336699E+00 -1.087133813677451E+00  4.676841817697102E+00  1.253749292383232E+02  4.179164307944100E+01  4.179164307944100E+01  1.253749292383230E+02  1.421085471520200E-13  3.000000000000004E+00  3.070985456521434E+03  6.626763659852948E+02  3.733661822506729E+03  1.240795719028414E+22  2.677466271518051E+21
  0.000000000000000E+00  1.611204307270885E+00 -1.086219842252867E+00  4.677049479078464E+00  1.242226418425983E+02  4.140754728086607E+01  4.140754728086607E+01  1.242226418425982E+02  1.136868377216160E-13  3.000000000000003E+00  3.040892395565929E+03  6.536883817290197E+02  3.694580777294949E+03  1.207937297256230E+22  2.596654121089342E+21
  0.000000000000000E+00  1.611459532205071E+00 -1.085305870828283E+00  4.677257498189000E+00  1.230862586238798E+02  4.102875287462652E+01  4.102875287462652E+01  1.230862586238796E+02  1.705302565824240E-13  3.000000000000004E+00  3.011470587044546E+03  6.447132360367656E+02  3.656183823081311E+03  1.176005768723093E+22  2.517661929069187E+21
  0.000000000000000E+00  1.611714757139257E+00 -1.084391899403699E+00  4.677465875935823E+00  1.219657520686505E+02  4.065525068955009E+01  4.065525068955009E+01  1.219657520686503E+02  2.557953848736361E-13  3.000000000000006E+00  2.982524194225035E+03  6.357509363774733E+02  3.618275130602508E+03  1.145176734604995E+22  2.441043672847707E+21
  0.000000000000000E+00  1.611969982073443E+00 -1.083477927979114E+00  4.677674613229053E+00  1.208610946633937E+02  4.028703155446446E+01  4.028703155446446E+01  1.208610946633934E+02  3.126388037344441E-13  3.000000000000008E+00  2.953861732521908E+03  6.268014902200870E+02  3.580663222741995E+03  1.115622464819847E+22  2.367320771223338E+21
  0.000000000000000E+00  1.612225207007629E+00 -1.082563956554530E+00  4.677883710981829E+00  1.197723646606235E+02  3.992412155354109E+01  3.992412155354109E+01  1.197723646606233E+02  1.705302565824240E-13  3.000000000000004E+00  2.925493651432281E+03  6.177537926582698E+02  3.543247444090551E+03  1.086837962391812E+22  2.294991386988041E+21
  0.000000000000000E+00  1.612480431941815E+00 -1.081649985129946E+00  4.678093170110318E+00  1.186995717342397E+02  3.956652391141327E+01  3.956652391141327E+01  1.186995717342398E+02 -1.136868377216160E-13  2.999999999999997E+00  2.897514245198171E+03  6.087777372507924E+02  3.506291982448964E+03  1.058456952168039E+22  2.223854565637031E+21
  0.000000000000000E+00  1.612735656876002E+00 -1.080736013705362E+00  4.678302991533733E+00  1.176425855028041E+02  3.921419516760147E+01  3.921419516760147E+01  1.176425855028044E+02 -2.984279490192421E-13  2.999999999999992E+00  2.869860444980498E+03  5.998733593915821E+02  3.469733804372080E+03  1.030846534442022E+22  2.154729769924782E+21
  0.000000000000000E+00  1.612990881810188E+00 -1.079822042280778E+00  4.678513176174338E+00  1.166012755848783E+02  3.886709186162615E+01  3.886709186162615E+01  1.166012755848785E+02 -1.989519660128281E-13  2.999999999999995E+00  2.842470577518633E+03  5.910406944745342E+02  3.433511271993168E+03  1.004360754925763E+22  2.088387766576272E+21
  0.000000000000000E+00  1.613246106744374E+00 -1.078908070856193E+00  4.678723724957469E+00  1.155755707847480E+02  3.852519026158279E+01  3.852519026158279E+01  1.155755707847484E+02 -3.979039320256561E-13  2.999999999999990E+00  2.815364647298917E+03  5.822154068153765E+02  3.397580054114293E+03  9.784640468486892E+21  2.023456690190316E+21
  0.000000000000000E+00  1.613501331678560E+00 -1.077994099431609E+00  4.678934638811537E+00  1.145653765960931E+02  3.818845886536477E+01  3.818845886536477E+01  1.145653765960943E+02 -1.193711796076968E-12  2.999999999999968E+00  2.788575673378363E+03  5.734818849479385E+02  3.362057558326301E+03  9.527881572605831E+21  1.959447446946633E+21
  0.000000000000000E+00  1.613756556612746E+00 -1.077080128007025E+00  4.679145918668050E+00  1.135705276715663E+02  3.785684255718938E+01  3.785684255718938E+01  1.135705276715682E+02 -1.861621967691462E-12  2.999999999999951E+00  2.762063225270909E+03  5.648401737580348E+02  3.326903399028944E+03  9.279120843980924E+21  1.897574313970282E+21
  0.000000000000000E+00  1.614011781546932E+00 -1.076166156582441E+00  4.679357565461618E+00  1.125908586638199E+02  3.753028622127393E+01  3.753028622127393E+01  1.125908586638218E+02 -1.875832822406664E-12  2.999999999999950E+00  2.735787773589865E+03  5.562903181316576E+02  3.292078091721522E+03  9.043934189217131E+21  1.838977816864680E+21
  0.000000000000000E+00  1.614267006481118E+00 -1.075252185157856E+00  4.679569580129970E+00  1.116263632440648E+02  3.720878774802225E+01  3.720878774802225E+01  1.116263632440668E+02 -1.918465386552271E-12  2.999999999999948E+00  2.709837166611797E+03  5.476450978870196E+02  3.257482264498817E+03  8.811629952901370E+21  1.780788162314024E+21
  0.000000000000000E+00  1.614522231415304E+00 -1.074338213733272E+00  4.679781963613965E+00  1.106770717335764E+02  3.689235724452634E+01  3.689235724452634E+01  1.106770717335791E+02 -2.629008122312371E-12  2.999999999999929E+00  2.684272564729717E+03  5.390602950748769E+02  3.223332859804593E+03  8.575738260600332E+21  1.722194704809944E+21
  0.000000000000000E+00  1.614777456349490E+00 -1.073424242308688E+00  4.679994716857604E+00  1.097428737601043E+02  3.658095792003594E+01  3.658095792003594E+01  1.097428737601078E+02 -3.538502824085299E-12  2.999999999999903E+00  2.659016435367620E+03  5.305359396573646E+02  3.189552375024984E+03  8.347689973941843E+21  1.665559296808673E+21
  0.000000000000000E+00  1.615032681283676E+00 -1.072510270884104E+00  4.680207840808047E+00  1.088236589513983E+02  3.627455298380075E+01  3.627455298380075E+01  1.088236589514023E+02 -4.021671884402167E-12  2.999999999999889E+00  2.633993055995714E+03  5.220720615966230E+02  3.156065117592337E+03  8.138500627321961E+21  1.613096052451514E+21
  0.000000000000000E+00  1.615287906217862E+00 -1.071596299459520E+00  4.680421336415620E+00  1.079195000600374E+02  3.597316668668054E+01  3.597316668668054E+01  1.079195000600417E+02 -4.277467269275803E-12  2.999999999999881E+00  2.609262387590914E+03  5.134703726574778E+02  3.122732760248392E+03  7.930223768592464E+21  1.560569367450970E+21
  0.000000000000000E+00  1.615543131152048E+00 -1.070682328034936E+00  4.680635204633830E+00  1.070303900129777E+02  3.567679667099414E+01  3.567679667099414E+01  1.070303900129824E+02 -4.732214620162267E-12  2.999999999999867E+00  2.584869051109122E+03  5.049977419997390E+02  3.089866793108861E+03  7.710259971580623E+21  1.506329256489215E+21
  0.000000000000000E+00  1.615798356086234E+00 -1.069768356610351E+00  4.680849446419384E+00  1.061560986995340E+02  3.538536623317972E+01  3.538536623317972E+01  1.061560986995392E+02 -5.158540261618327E-12  2.999999999999854E+00  2.560717992073070E+03  4.966542320903011E+02  3.057372224163370E+03  7.496835083704527E+21  1.454019881584311E+21
  0.000000000000000E+00  1.616053581020420E+00 -1.068854385185767E+00  4.681064062732192E+00  1.052963960090211E+02  3.509879866967547E+01  3.509879866967547E+01  1.052963960090264E+02 -5.300648808770347E-12  2.999999999999849E+00  2.536716472536758E+03  4.884399053959902E+02  3.025156377932748E+03  7.307515841085959E+21  1.407048199805470E+21
  0.000000000000000E+00  1.616308805954606E+00 -1.067940413761183E+00  4.681279054535386E+00  1.044511481116608E+02  3.481704937055530E+01  3.481704937055530E+01  1.044511481116659E+02 -5.101696842757519E-12  2.999999999999853E+00  2.512833610850115E+03  4.802800018165380E+02  2.993113612666653E+03  7.117944777295936E+21  1.360458772840579E+21
  0.000000000000000E+00  1.616564030888792E+00 -1.067026442336599E+00  4.681494422795335E+00  1.036199732059308E+02  3.453999106864521E+01  3.453999106864521E+01  1.036199732059357E+02 -4.831690603168681E-12  2.999999999999861E+00  2.489049638973725E+03  4.724625669299702E+02  2.961512205903695E+03  6.909461695435763E+21  1.311529492065845E+21
  0.000000000000000E+00  1.616819255822978E+00 -1.066112470912015E+00  4.681710168481652E+00  1.028022692235303E+02  3.426742307451162E+01  3.426742307451161E+01  1.028022692235349E+02 -4.575895218295045E-12  2.999999999999867E+00  2.465290795895653E+03  4.649877641764619E+02  2.930278560072114E+03  6.706991310824871E+21  1.265030843080881E+21
  0.000000000000000E+00  1.617074480757164E+00 -1.065198499487431E+00  4.681926292567212E+00  1.019974340961583E+02  3.399914469872093E+01  3.399914469872093E+01  1.019974340961628E+02 -4.504840944719035E-12  2.999999999999868E+00  2.441485251230276E+03  4.578557569961048E+02  2.899341008226380E+03  6.534532822383357E+21  1.225431720507263E+21
  0.000000000000000E+00  1.617329705691350E+00 -1.064284528062846E+00  4.682142796028166E+00  1.012049559943356E+02  3.373498533144665E+01  3.373498533144665E+01  1.012049559943400E+02 -4.320099833421409E-12  2.999999999999872E+00  2.417644684593889E+03  4.509761907690498E+02  2.868620875362938E+03  6.363065372743722E+21  1.186936608882391E+21
  0.000000000000000E+00  1.617584930625536E+00 -1.063370556638262E+00  4.682359679843950E+00  1.004242326121669E+02  3.347474420405690E+01  3.347474420405690E+01  1.004242326121707E+02 -3.822719918389339E-12  2.999999999999886E+00  2.393785165599921E+03  4.445175511696805E+02  2.838302716769601E+03  6.168315333871149E+21  1.145434630666877E+21
  0.000000000000000E+00  1.617840155559722E+00 -1.062456585213678E+00  4.682576944997304E+00  9.965452616672687E+01  3.321817538891005E+01  3.321817538891005E+01  9.965452616673016E+01 -3.296918293926865E-12  2.999999999999901E+00  2.369843160823977E+03  4.384800384798243E+02  2.808323199303801E+03  5.979843067839340E+21  1.106419978264655E+21
  0.000000000000000E+00  1.618095380493908E+00 -1.061542613789094E+00  4.682794592474280E+00  9.889509887509033E+01  3.296503295836445E+01  3.296503295836445E+01  9.889509887509338E+01 -3.069544618483633E-12  2.999999999999907E+00  2.345756907189045E+03  4.328638529812810E+02  2.778620760170326E+03  5.826056546189782E+21  1.075085519962314E+21
  0.000000000000000E+00  1.618350605428094E+00 -1.060628642364509E+00  4.683012623264261E+00  9.814552692692094E+01  3.271517564230793E+01  3.271517564230793E+01  9.814552692692379E+01 -2.856381797755603E-12  2.999999999999913E+00  2.321728575761740E+03  4.272807267324650E+02  2.749009302494205E+03  5.675684015986322E+21  1.044527950584754E+21
  0.000000000000000E+00  1.618605830362281E+00 -1.059714670939925E+00  4.683231038359972E+00  9.740558289093836E+01  3.246852763031362E+01  3.246852763031362E+01  9.740558289094088E+01 -2.515321284590755E-12  2.999999999999923E+00  2.297905767782754E+03  4.219501631267150E+02  2.719855930909469E+03  5.500234498361801E+21  1.009973897257897E+21
  0.000000000000000E+00  1.618861055296467E+00 -1.058800699515341E+00  4.683449838757492E+00  9.667482355280150E+01  3.222494118426787E+01  3.222494118426787E+01  9.667482355280362E+01 -2.131628207280301E-12  2.999999999999934E+00  2.274149057882920E+03  4.168722824810494E+02  2.691021340363969E+03  5.330477118698344E+21  9.771251165275149E+20
  0.000000000000000E+00  1.619116280230653E+00 -1.057886728090757E+00  4.683669025456272E+00  9.595280569816917E+01  3.198426856605705E+01  3.198426856605705E+01  9.595280569817115E+01 -1.975308805413079E-12  2.999999999999938E+00  2.250322810476275E+03  4.120472051123284E+02  2.662370015588603E+03  5.195947960980084E+21  9.514083158486104E+20
  0.000000000000000E+00  1.619371505164839E+00 -1.056972756666173E+00  4.683888599459144E+00  9.523947523288744E+01  3.174649174429653E+01  3.174649174429653E+01  9.523947523288960E+01 -2.160049916710705E-12  2.999999999999932E+00  2.226641054130709E+03  4.070021872391038E+02  2.633643241369813E+03  5.065422134849658E+21  9.258959293634576E+20
  0.000000000000000E+00  1.619626730099025E+00 -1.056058785241589E+00  4.684108561772343E+00  9.453495953860106E+01  3.151165317953453E+01  3.151165317953453E+01  9.453495953860362E+01 -2.557953848736361E-12  2.999999999999919E+00  2.203293052343661E+03  4.020537517961469E+02  2.605346804139808E+03  4.909111006019331E+21  8.958075258551556E+20
  0.000000000000000E+00  1.619881955033211E+00 -1.055144813817004E+00  4.684328913405508E+00  9.383908761466699E+01  3.127969587155663E+01  3.127969587155663E+01  9.383908761466991E+01 -2.913225216616411E-12  2.999999999999907E+00  2.180112321981074E+03  3.972019452040302E+02  2.577314267185104E+03  4.756843926925869E+21  8.666652822227090E+20
  0.000000000000000E+00  1.620137179967397E+00 -1.054230842392420E+00  4.684549655371713E+00  9.315168846044226E+01  3.105056282014842E+01  3.105056282014842E+01  9.315168846044526E+01 -2.998490344907623E-12  2.999999999999903E+00  2.156936962926513E+03  3.924468138833838E+02  2.549383776809897E+03  4.637234796439248E+21  8.437279588470511E+20
  0.000000000000000E+00  1.620392404901583E+00 -1.053316870967836E+00  4.684770788687465E+00  9.247297352097168E+01  3.082432450699049E+01  3.082432450699049E+01  9.247297352097148E+01  1.989519660128281E-13  3.000000000000007E+00  2.133970568558953E+03  3.873336478569338E+02  2.521304216415887E+03  4.522257464391619E+21  8.208278530354357E+20
  0.000000000000000E+00  1.620647629835769E+00 -1.052402899543252E+00  4.684992314372728E+00  9.180326096088663E+01  3.060108698695983E+01  3.060108698695983E+01  9.180326096087950E+01  7.133849067031406E-12  3.000000000000233E+00  2.111421972537304E+03  3.822251268610798E+02  2.493647099398384E+03  4.383826625662642E+21  7.935925219710093E+20
  0.000000000000000E+00  1.620902854769955E+00 -1.051488928118667E+00  4.685214233450936E+00  9.114253985892393E+01  3.038084661963661E+01  3.038084661963661E+01  9.114253985890986E+01  1.406874616804998E-11  3.000000000000463E+00  2.089143666834597E+03  3.771212538604654E+02  2.466264920695062E+03  4.248708922297682E+21  7.669546434270694E+20
  0.000000000000000E+00  1.621158079704141E+00 -1.050574956694083E+00  4.685436546949004E+00  9.049079929382033E+01  3.016359976460104E+01  3.016359976460104E+01  9.049079929380312E+01  1.720934506010963E-11  3.000000000000570E+00  2.066992244829082E+03  3.720220318198887E+02  2.439014276648971E+03  4.142572975740601E+21  7.455898391745613E+20
  0.000000000000000E+00  1.621413304638327E+00 -1.049660985269499E+00  4.685659255897345E+00  8.984834493779960E+01  2.994944831259432E+01  2.994944831259432E+01  8.984834493778298E+01  1.661248916207114E-11  3.000000000000555E+00  2.045105558115170E+03  3.665722771988296E+02  2.411677835314000E+03  4.043557753754709E+21  7.247822333165721E+20
  0.000000000000000E+00  1.621668529572513E+00 -1.048747013844915E+00  4.685882361329886E+00  8.921542117823896E+01  2.973847372607457E+01  2.973847372607457E+01  8.921542117822372E+01  1.523403625469655E-11  3.000000000000512E+00  2.023621380473268E+03  3.611799213054597E+02  2.384801301778728E+03  3.926942071857992E+21  7.008883391778855E+20
  0.000000000000000E+00  1.621923754506699E+00 -1.047833042420331E+00  4.686105864284080E+00  8.859192516660556E+01  2.953064172219722E+01  2.953064172219722E+01  8.859192516659168E+01  1.388400505675236E-11  3.000000000000470E+00  2.002402924161449E+03  3.558449920595710E+02  2.358247916221020E+03  3.812665221925051E+21  6.775448683435570E+20
  0.000000000000000E+00  1.622178979440885E+00 -1.046919070995747E+00  4.686329765800918E+00  8.797775405436656E+01  2.932591801811778E+01  2.932591801811778E+01  8.797775405435334E+01  1.321609488513786E-11  3.000000000000450E+00  1.981317298413064E+03  3.505675173808194E+02  2.331884815793883E+03  3.719854550411994E+21  6.581783623451750E+20
  0.000000000000000E+00  1.622434204375071E+00 -1.046005099571162E+00  4.686554066924952E+00  8.737286152771819E+01  2.912428717590371E+01  2.912428717590371E+01  8.737286152771114E+01  7.048583938740194E-12  3.000000000000242E+00  1.960292506768907E+03  3.453256866173595E+02  2.305618193386266E+03  3.633887060909811E+21  6.401465801993970E+20
  0.000000000000000E+00  1.622689429309257E+00 -1.045091128146578E+00  4.686778768704301E+00  8.677690085681995E+01  2.892563361894210E+01  2.892563361894210E+01  8.677690085682633E+01 -6.380673767125700E-12  2.999999999999780E+00  1.939296174806547E+03  3.404006091555784E+02  2.279696783962126E+03  3.535751477399774E+21  6.206230757144047E+20
  0.000000000000000E+00  1.622944654243443E+00 -1.044177156721994E+00  4.687003872190675E+00  8.618931856908389E+01  2.872977285636784E+01  2.872977285636784E+01  8.618931856910355E+01 -1.965361207112437E-11  2.999999999999316E+00  1.918259152317601E+03  3.357924352435282E+02  2.254051587561130E+03  3.437030967255997E+21  6.016543682890372E+20
  0.000000000000000E+00  1.623199879177629E+00 -1.043263185297410E+00  4.687229378439380E+00  8.560956119192201E+01  2.853652039731580E+01  2.853652039731580E+01  8.560956119194742E+01 -2.540900823078118E-11  2.999999999999110E+00  1.897114466898830E+03  3.315013151293871E+02  2.228615782028217E+03  3.348826193939828E+21  5.851730650947562E+20
  0.000000000000000E+00  1.623455104111815E+00 -1.042349213872826E+00  4.687455288509338E+00  8.503690531092670E+01  2.834563510365157E+01  2.834563510365157E+01  8.503690531095471E+01 -2.800959464366315E-11  2.999999999999012E+00  1.875896483685020E+03  3.276451223696842E+02  2.203541606054704E+03  3.262225808082205E+21  5.697821726212619E+20
  0.000000000000000E+00  1.623710329046002E+00 -1.041435242448241E+00  4.687681603463107E+00  8.447116893272211E+01  2.815705631091883E+01  2.815705631091883E+01  8.447116893275651E+01 -3.440447926550405E-11  2.999999999998778E+00  1.854751905258204E+03  3.236387973289906E+02  2.178390702587194E+03  3.165963155750658E+21  5.524342663890661E+20
  0.000000000000000E+00  1.623965553980187E+00 -1.040521271023657E+00  4.687908324366886E+00  8.391261071626792E+01  2.797087023876960E+01  2.797087023876960E+01  8.391261071630879E+01 -4.087041816092096E-11  2.999999999998539E+00  1.833781525341652E+03  3.194822697906459E+02  2.153263795132298E+03  3.067003306845795E+21  5.343347418357021E+20
  0.000000000000000E+00  1.624220778914373E+00 -1.039607299599073E+00  4.688135452290537E+00  8.336148932052380E+01  2.778716310685588E+01  2.778716310685588E+01  8.336148932056766E+01 -4.385469765111338E-11  2.999999999998422E+00  1.813082956938500E+03  3.151754695378866E+02  2.128258426476386E+03  2.971995541051647E+21  5.166338840320537E+20
  0.000000000000000E+00  1.624476003848560E+00 -1.038693328174489E+00  4.688362988307599E+00  8.281928013575563E+01  2.760642671193191E+01  2.760642671193191E+01  8.281928013579575E+01 -4.013145371573046E-11  2.999999999998546E+00  1.793542710045985E+03  3.091975542607108E+02  2.102740264306696E+03  2.881728981265457E+21  4.967952801227933E+20
  0.000000000000000E+00  1.624731228782746E+00 -1.037779356749905E+00  4.688590933495306E+00  8.228828660614859E+01  2.742942886872684E+01  2.742942886872684E+01  8.228828660618052E+01 -3.193179054505890E-11  2.999999999998836E+00  1.775734039011952E+03  3.023532638530937E+02  2.078087302865045E+03  2.791532871697709E+21  4.753127756567833E+20
  0.000000000000000E+00  1.624986453716932E+00 -1.036865385325320E+00  4.688819288934594E+00  8.177000947154113E+01  2.725666982385497E+01  2.725666982385497E+01  8.177000947156492E+01 -2.378897079324815E-11  2.999999999999128E+00  1.759290347658844E+03  2.946421909175192E+02  2.053932538576363E+03  2.699700974988861E+21  4.521401547796880E+20
  0.000000000000000E+00  1.625241678651118E+00 -1.035951413900736E+00  4.689048055710127E+00  8.126594947177182E+01  2.708864982393063E+01  2.708864982393063E+01  8.126594947179190E+01 -2.007993771258043E-11  2.999999999999258E+00  1.743855761050329E+03  2.860639280564887E+02  2.029919689106818E+03  2.604615416502175E+21  4.272638447301008E+20
  0.000000000000000E+00  1.625496903585304E+00 -1.035037442476152E+00  4.689277234910305E+00  8.077661975280303E+01  2.692553991760073E+01  2.692553991760073E+01  8.077661975280222E+01  8.100187187665142E-13  3.000000000000030E+00  1.728042232628614E+03  2.781860876498251E+02  2.006228320278439E+03  2.493171146624800E+21  4.013591300173049E+20
  0.000000000000000E+00  1.625752128519490E+00 -1.034123471051568E+00  4.689506827627286E+00  8.029955100718965E+01  2.676651700238095E+01  2.676651700238095E+01  8.029955100714287E+01  4.678213372244500E-11  3.000000000001747E+00  1.710734054313190E+03  2.720193579259089E+02  1.982753412239099E+03  2.365382664318023E+21  3.761133251393552E+20
  0.000000000000000E+00  1.626007353453676E+00 -1.033209499626984E+00  4.689736834956993E+00  7.983177029465912E+01  2.661059009818879E+01  2.661059009818879E+01  7.983177029456640E+01  9.272582701669307E-11  3.000000000003484E+00  1.691991341286476E+03  2.675645459322682E+02  1.959555887218744E+03  2.238913137096098E+21  3.540525074161595E+20
  0.000000000000000E+00  1.626262578387862E+00 -1.032295528202400E+00  4.689967257999142E+00  7.937030467493884E+01  2.645676822494173E+01  2.645676822494173E+01  7.937030467482519E+01  1.136442051574704E-10  3.000000000004296E+00  1.671873451686351E+03  2.648224587164947E+02  1.936695910402846E+03  2.130688500623558E+21  3.374981323645949E+20
  0.000000000000000E+00  1.626517803322048E+00 -1.031381556777815E+00  4.690198097857246E+00  7.891192980894175E+01  2.630397660295546E+01  2.630397660295545E+01  7.891192980886636E+01  7.538858426414663E-11  3.000000000002866E+00  1.651105734455741E+03  2.636376726266047E+02  1.914743407082346E+03  2.063957763021368E+21  3.295591612865013E+20
  0.000000000000000E+00  1.626773028256234E+00 -1.030467585353231E+00  4.690429355638638E+00  7.845651622284315E+01  2.615217207428400E+01  2.615217207428400E+01  7.845651622285202E+01 -8.867573342286050E-12  2.999999999999661E+00  1.630689919826449E+03  2.614896820298570E+02  1.892179601856305E+03  2.029019522510426E+21  3.253639231608734E+20
  0.000000000000000E+00  1.627028253190420E+00 -1.029553613928647E+00  4.690661032454487E+00  7.800573327426400E+01  2.600191109145237E+01  2.600191109145237E+01  7.800573327435713E+01 -9.312373094871873E-11  2.999999999996419E+00  1.611087261618040E+03  2.583780337549792E+02  1.869465295373019E+03  1.993928262406456E+21  3.197761388614367E+20
  0.000000000000000E+00  1.627283478124606E+00 -1.028639642504063E+00  4.690893129419809E+00  7.756125032082521E+01  2.585375010698556E+01  2.585375010698556E+01  7.756125032095670E+01 -1.314930386797641E-10  2.999999999994914E+00  1.592742647068215E+03  2.543022746307769E+02  1.847044921698992E+03  1.928243894629637E+21  3.078694535804840E+20
  0.000000000000000E+00  1.627538703058792E+00 -1.027725671079479E+00  4.691125647653489E+00  7.712601906470989E+01  2.570867302160940E+01  2.570867302160940E+01  7.712601906482823E+01 -1.183337872134871E-10  2.999999999995397E+00  1.576360326623567E+03  2.478269461811651E+02  1.824187272804732E+03  1.845803226731069E+21  2.901873189817583E+20
  0.000000000000000E+00  1.627793927992979E+00 -1.026811699654894E+00  4.691358588278296E+00  7.670267994314499E+01  2.556755998107810E+01  2.556755998107810E+01  7.670267994323432E+01 -8.932943273975980E-11  2.999999999996506E+00  1.562015067920983E+03  2.406556074968705E+02  1.802670675417854E+03  1.776806531679466E+21  2.737479708533516E+20
  0.000000000000000E+00  1.628049152927165E+00 -1.025897728230310E+00  4.691591952420898E+00  7.629243541631713E+01  2.543081180545912E+01  2.543081180545912E+01  7.629243541637737E+01 -6.023981313774129E-11  2.999999999997631E+00  1.549207615943930E+03  2.327879321527043E+02  1.781995548096634E+03  1.716581875209366E+21  2.579380200486069E+20
  0.000000000000000E+00  1.628304377861351E+00 -1.024983756805726E+00  4.691825741211876E+00  7.589648794441290E+01  2.529882931481997E+01  2.529882931481997E+01  7.589648794445992E+01 -4.703792910731863E-11  2.999999999998141E+00  1.537454894455968E+03  2.242235937234803E+02  1.761678488179448E+03  1.660704038908494E+21  2.421983428963779E+20
  0.000000000000000E+00  1.628559602795537E+00 -1.024069785381142E+00  4.692059955785750E+00  7.551473742763368E+01  2.517157914254938E+01  2.517157914254938E+01  7.551473742764814E+01 -1.446665010007564E-11  2.999999999999425E+00  1.524866211087207E+03  2.170431995082985E+02  1.741909410595505E+03  1.586797667422079E+21  2.258582688798897E+20
  0.000000000000000E+00  1.628814827729723E+00 -1.023155813956558E+00  4.692294597280982E+00  7.514308820575968E+01  2.504769606856746E+01  2.504769606856746E+01  7.514308820570240E+01  5.728395535697928E-11  3.000000000002287E+00  1.509868893382976E+03  2.126272027297278E+02  1.722496096112704E+03  1.494823223758935E+21  2.105083971437755E+20
  0.000000000000000E+00  1.629070052663909E+00 -1.022241842531973E+00  4.692529666840004E+00  7.477674939834563E+01  2.492558313273889E+01  2.492558313273889E+01  7.477674939821668E+01  1.289492956857430E-10  3.000000000005174E+00  1.492470670413740E+03  2.109769039414678E+02  1.703447574355207E+03  1.413300794564527E+21  1.997853839851883E+20
  0.000000000000000E+00  1.629325277598095E+00 -1.021327871107389E+00  4.692765165609234E+00  7.441093012494636E+01  2.480364337492828E+01  2.480364337492828E+01  7.441093012478487E+01  1.614921529835556E-10  3.000000000006511E+00  1.472681449936587E+03  2.120936036971798E+02  1.684775053633767E+03  1.369442926891993E+21  1.972253303215322E+20
  0.000000000000000E+00  1.629580502532281E+00 -1.020413899682805E+00  4.693001094739082E+00  7.403929632364924E+01  2.467976544116326E+01  2.467976544116326E+01  7.403929632348979E+01  1.594457899045665E-10  3.000000000006461E+00  1.449870822652823E+03  2.176009033336495E+02  1.667471725986473E+03  1.322933820687168E+21  1.985498224631120E+20
  0.000000000000000E+00  1.629835727466467E+00 -1.019499928258221E+00  4.693237455383983E+00  7.365662764652109E+01  2.455220921545536E+01  2.455220921545536E+01  7.365662764636608E+01  1.549977923787083E-10  3.000000000006313E+00  1.423850817100084E+03  2.249129773346727E+02  1.648763794434756E+03  1.253854912032867E+21  1.980602448122862E+20
  0.000000000000000E+00  1.630090952400653E+00 -1.018585956833637E+00  4.693474248702400E+00  7.325980378408589E+01  2.441993459464511E+01  2.441993459464511E+01  7.325980378393534E+01  1.505497948528500E-10  3.000000000006165E+00  1.395280192158792E+03  2.340306727532883E+02  1.629310864912080E+03  1.216022102135184E+21  2.039636714151657E+20
  0.000000000000000E+00  1.630346177334839E+00 -1.017671985409053E+00  4.693711475856850E+00  7.284570442686771E+01  2.428190147557305E+01  2.428190147557305E+01  7.284570442671915E+01  1.485602751927217E-10  3.000000000006118E+00  1.364795782100695E+03  2.449548366425767E+02  1.609750618743271E+03  1.258821613320753E+21  2.259344926890898E+20
  0.000000000000000E+00  1.630601402269025E+00 -1.016758013984468E+00  4.693949138013918E+00  7.241553913747249E+01  2.413851304579201E+01  2.413851304579201E+01  7.241553913737604E+01  9.644907095207600E-11  3.000000000003995E+00  1.336056226618696E+03  2.520320077677529E+02  1.588088234386449E+03  1.317487537641934E+21  2.485292330557392E+20
  0.000000000000000E+00  1.630856627203211E+00 -1.015844042559884E+00  4.694187236344274E+00  7.197500068385168E+01  2.399166689462330E+01  2.399166689462330E+01  7.197500068386992E+01 -1.824673745431937E-11  2.999999999999239E+00  1.311414439727087E+03  2.570272311127783E+02  1.568441670839866E+03  1.318707671265734E+21  2.584566488860283E+20
  0.000000000000000E+00  1.631111852137397E+00 -1.014930071135300E+00  4.694425772022692E+00  7.152769356454736E+01  2.384256452156009E+01  2.384256452156009E+01  7.152769356468028E+01 -1.329141241512843E-10  2.999999999994425E+00  1.289568426180613E+03  2.599395281844647E+02  1.549507954365078E+03  1.292839898748987E+21  2.605989620063754E+20
  0.000000000000000E+00  1.631367077071583E+00 -1.014016099710716E+00  4.694664746228064E+00  7.107722227810173E+01  2.369240742609555E+01  2.369240742609555E+01  7.107722227828665E+01 -1.849400632636389E-10  2.999999999992194E+00  1.269264405232083E+03  2.607679204896220E+02  1.530032325721706E+03  1.267786021210000E+21  2.604641893477617E+20
  0.000000000000000E+00  1.631622302005769E+00 -1.013102128286132E+00  4.694904160143425E+00  7.062755007112486E+01  2.354251669043347E+01  2.354251669043346E+01  7.062755007130039E+01 -1.755324774421751E-10  2.999999999992544E+00  1.250354237611246E+03  2.592152003221586E+02  1.509569437933405E+03  1.248957054333135E+21  2.589255454928085E+20
  0.000000000000000E+00  1.631877526939955E+00 -1.012188156861547E+00  4.695144014955961E+00  7.018181853437613E+01  2.339393951151039E+01  2.339393951151039E+01  7.018181853453117E+01 -1.550404249428539E-10  2.999999999993372E+00  1.233390963456771E+03  2.562896042680179E+02  1.489680567724789E+03  1.226585985696799E+21  2.548755797544377E+20
  0.000000000000000E+00  1.632132751874141E+00 -1.011274185436963E+00  4.695384311857035E+00  6.974239968262152E+01  2.324746656091870E+01  2.324746656091870E+01  6.974239968275612E+01 -1.345910050076782E-10  2.999999999994211E+00  1.218211606158735E+03  2.519904884095489E+02  1.470202094568283E+03  1.204213219039017E+21  2.490948827615562E+20
  0.000000000000000E+00  1.632387976808327E+00 -1.010360214012379E+00  4.695625052042200E+00  6.931166553062704E+01  2.310388851025077E+01  2.310388851025077E+01  6.931166553075232E+01 -1.252828951692209E-10  2.999999999994577E+00  1.204657688834224E+03  2.463172088290754E+02  1.450974897663300E+03  1.185184466935017E+21  2.423355053878566E+20
  0.000000000000000E+00  1.632643201742513E+00 -1.009446242587795E+00  4.695866236711220E+00  6.889117259008063E+01  2.296372419672739E+01  2.296372419672739E+01  6.889117259018218E+01 -1.015507677948335E-10  2.999999999995577E+00  1.191704225045536E+03  2.405094018472010E+02  1.432213626892737E+03  1.168718844364920E+21  2.358704989696737E+20
  0.000000000000000E+00  1.632898426676699E+00 -1.008532271163211E+00  4.696107867068084E+00  6.848043062540260E+01  2.282681020848399E+01  2.282681020848399E+01  6.848043062545197E+01 -4.936850928061176E-11  2.999999999997837E+00  1.178492560555145E+03  2.351039231756850E+02  1.413596483730830E+03  1.152146178479905E+21  2.298479393920822E+20
  0.000000000000000E+00  1.633153651610885E+00 -1.007618299738626E+00  4.696349944321030E+00  6.807874153045755E+01  2.269291384348491E+01  2.269291384348491E+01  6.807874153045472E+01  2.827960088325199E-12  3.000000000000124E+00  1.165114485495018E+03  2.301009623255011E+02  1.395215447820519E+03  1.135849193176224E+21  2.243212968856448E+20
  0.000000000000000E+00  1.633408876545071E+00 -1.006704328314042E+00  4.696592469682555E+00  6.768540719910999E+01  2.256180239969449E+01  2.256180239969449E+01  6.768540719908347E+01  2.651745489856694E-11  3.000000000001175E+00  1.151658124529363E+03  2.255007088076428E+02  1.377158833337006E+03  1.120192341251333E+21  2.193395431967258E+20
  0.000000000000000E+00  1.633664101479257E+00 -1.005790356889458E+00  4.696835444369444E+00  6.729849939425063E+01  2.243283313140631E+01  2.243283313140631E+01  6.729849939421894E+01  3.169020601490047E-11  3.000000000001413E+00  1.137286766477430E+03  2.227890796483059E+02  1.360075846125736E+03  1.104889295447350E+21  2.164425688416425E+20
  0.000000000000000E+00  1.633919326413443E+00 -1.004876385464874E+00  4.697078869602780E+00  6.691567044374231E+01  2.230522348123308E+01  2.230522348123308E+01  6.691567044369924E+01  4.307310064177727E-11  3.000000000001931E+00  1.121418134756642E+03  2.208454655075786E+02  1.342263600264221E+03  1.089166325645391E+21  2.144939846674889E+20
  0.000000000000000E+00  1.634174551347629E+00 -1.003962414040290E+00  4.697322746607963E+00  6.653559308890810E+01  2.217853102961788E+01  2.217853102961788E+01  6.653559308885363E+01  5.447020612336928E-11  3.000000000002455E+00  1.104504757114843E+03  2.196702266890025E+02  1.324174983803845E+03  1.072655357896895E+21  2.133358359124604E+20
  0.000000000000000E+00  1.634429776281815E+00 -1.003048442615706E+00  4.697567076614734E+00  6.615694007107096E+01  2.205231335700377E+01  2.205231335700377E+01  6.615694007101132E+01  5.964295723970281E-11  3.000000000002705E+00  1.086980727965987E+03  2.192637234961019E+02  1.306244451462089E+03  1.055013756530379E+21  2.128154056873944E+20
  0.000000000000000E+00  1.634685001216001E+00 -1.002134471191121E+00  4.697811860857190E+00  6.577841908985164E+01  2.192613969659985E+01  2.192613969659985E+01  6.577841908979957E+01  5.206857167650014E-11  3.000000000002375E+00  1.069094929677429E+03  2.194932921949184E+02  1.288588221872348E+03  1.036563200467847E+21  2.128142816161671E+20
  0.000000000000000E+00  1.634940226150187E+00 -1.001220499766537E+00  4.698057100573799E+00  6.539937627311274E+01  2.179979209102577E+01  2.179979209102577E+01  6.539937627307731E+01  3.542766080499860E-11  3.000000000001625E+00  1.050851095502340E+03  2.199371722701877E+02  1.270788267772528E+03  1.017771481850886E+21  2.130137968105911E+20
  0.000000000000000E+00  1.635195451084374E+00 -1.000306528341953E+00  4.698302797007431E+00  6.501944200453990E+01  2.167314733484038E+01  2.167314733484038E+01  6.501944200452114E+01  1.875832822406664E-11  3.000000000000866E+00  1.032300707350440E+03  2.205954640595543E+02  1.252896171409995E+03  9.985445208077634E+20  2.133820023402698E+20
  0.000000000000000E+00  1.635450676018560E+00 -9.993925569173687E-01  4.698548951405360E+00  6.463824666781879E+01  2.154608222260253E+01  2.154608222260253E+01  6.463824666780761E+01  1.118394266086398E-11  3.000000000000519E+00  1.013493589112850E+03  2.214682679007373E+02  1.234961857013588E+03  9.787971551286445E+20  2.138864151693938E+20
  0.000000000000000E+00  1.635798896790259E+00 -9.981455634141890E-01  4.698885537557469E+00  6.411620883776149E+01  2.137206961258316E+01  2.137206961258316E+01  6.411620883774950E+01  1.197975052491529E-11  3.000000000000560E+00  9.879912080940467E+02  2.221821456880902E+02  1.210173353782137E+03  9.519513413737936E+20  2.140774025966350E+20
  0.000000000000000E+00  1.636147117561958E+00 -9.968985699110093E-01  4.699222981733415E+00  6.359340914710465E+01  2.119780304903031E+01  2.119780304903031E+01  6.359340914709094E+01  1.371347480016993E-11  3.000000000000647E+00  9.632380976235532E+02  2.222104138228453E+02  1.185448511446398E+03  9.262591861207866E+20  2.136797096822793E+20
  0.000000000000000E+00  1.636495338333657E+00 -9.956515764078296E-01  4.699561287141149E+00  6.307146082967785E+01  2.102382027655413E+01  2.102382027655413E+01  6.307146082966240E+01  1.544719907542458E-11  3.000000000000735E+00  9.394157292289517E+02  2.215526343693786E+02  1.160968363598330E+03  9.019700409873295E+20  2.127214102184745E+20
  0.000000000000000E+00  1.636843559105356E+00 -9.944045829046499E-01  4.699900457004226E+00  6.255197711931061E+01  2.085065903976479E+01  2.085065903976479E+01  6.255197711929439E+01  1.621458523004549E-11  3.000000000000778E+00  9.166912843514315E+02  2.202083693920820E+02  1.136899653743513E+03  8.793100726670108E+20  2.112286225444281E+20
  0.000000000000000E+00  1.637200787375126E+00 -9.931253331649442E-01  4.700249301924940E+00  6.202403568176518E+01  2.067467856058312E+01  2.067467856058312E+01  6.202403568174937E+01  1.581668129801983E-11  3.000000000000765E+00  8.944737043701218E+02  2.175130866079512E+02  1.111986790978073E+03  8.576558651946195E+20  2.085599314708328E+20
  0.000000000000000E+00  1.637558015644897E+00 -9.918460834252384E-01  4.700599063525037E+00  6.150357019834878E+01  2.050119006611127E+01  2.050119006611127E+01  6.150357019833382E+01  1.495692458775011E-11  3.000000000000730E+00  8.731957439724562E+02  2.141023807607433E+02  1.087298124733200E+03  8.373928519667779E+20  2.053237254942131E+20
  0.000000000000000E+00  1.637915243914667E+00 -9.905668336855324E-01  4.700949745336573E+00  6.099230250997955E+01  2.033076750332181E+01  2.033076750332181E+01  6.099230250996545E+01  1.409716787748039E-11  3.000000000000693E+00  8.528324760736093E+02  2.099757844318445E+02  1.062808260505454E+03  8.185499587002687E+20  2.015350898291870E+20
  0.000000000000000E+00  1.638272472184438E+00 -9.892875839458267E-01  4.701301350909306E+00  6.049195445757567E+01  2.016398481918732E+01  2.016398481918732E+01  6.049195445756197E+01  1.369926394545473E-11  3.000000000000679E+00  8.333577451188040E+02  2.051328302026964E+02  1.038490575321501E+03  8.011499157145058E+20  1.972048026069999E+20
  0.000000000000000E+00  1.638629319216968E+00 -9.880096994330126E-01  4.701653507088938E+00  6.000446393354017E+01  2.000148797784295E+01  2.000148797784295E+01  6.000446393352885E+01  1.131184035330079E-11  3.000000000000565E+00  8.146853541621332E+02  1.998748466563979E+02  1.014560200818531E+03  7.849113812293360E+20  1.925701022616555E+20
  0.000000000000000E+00  1.638986166249498E+00 -9.867318149201989E-01  4.702006592193103E+00  5.953024230439652E+01  1.984341410146351E+01  1.984341410146351E+01  5.953024230439053E+01  5.989875262457645E-12  3.000000000000302E+00  7.966892627632827E+02  1.941928509038444E+02  9.908821136671270E+02  7.693877794580630E+20  1.875381197247704E+20
  0.000000000000000E+00  1.639343013282029E+00 -9.854539304073848E-01  4.702360609813772E+00  5.907030423227827E+01  1.969010141075919E+01  1.969010141075919E+01  5.907030423227758E+01  6.963318810448982E-13  3.000000000000036E+00  7.793430984522549E+02  1.880865675003203E+02  9.674296659525752E+02  7.544124946290094E+20  1.820698186407525E+20
  0.000000000000000E+00  1.639699860314559E+00 -9.841760458945709E-01  4.702715563560976E+00  5.862566437931894E+01  1.954188812644022E+01  1.954188812644022E+01  5.862566437932066E+01 -1.719513420539442E-12  2.999999999999912E+00  7.626197869452200E+02  1.815557210011662E+02  9.441755079463863E+02  7.398303567980568E+20  1.761302763793482E+20
  0.000000000000000E+00  1.640060738829594E+00 -9.828837244701737E-01  4.703075483155274E+00  5.819246523848051E+01  1.939748841282754E+01  1.939748841282754E+01  5.819246523848264E+01 -2.131628207280301E-12  2.999999999999890E+00  7.462790659048906E+02  1.746534610229800E+02  9.209325269278705E+02  7.254038590970853E+20  1.697679868282390E+20
  0.000000000000000E+00  1.640421617344630E+00 -9.815914030457766E-01  4.703436367629662E+00  5.777647276814440E+01  1.925882425604914E+01  1.925882425604914E+01  5.777647276814744E+01 -3.034017481695628E-12  2.999999999999843E+00  7.304276681796483E+02  1.674805359715677E+02  8.979082041512161E+02  7.112495145792375E+20  1.630831567595417E+20
  0.000000000000000E+00  1.640782495859666E+00 -9.802990816213795E-01  4.703798220774971E+00  5.737833757136553E+01  1.912611252378982E+01  1.912611252378982E+01  5.737833757136947E+01 -3.943512183468556E-12  2.999999999999793E+00  7.150040459549929E+02  1.600367692313410E+02  8.750408151863339E+02  6.972666667282241E+20  1.560666758002027E+20
  0.000000000000000E+00  1.641143374374701E+00 -9.790067601969823E-01  4.704161046401398E+00  5.699871025119877E+01  1.899957008373438E+01  1.899957008373438E+01  5.699871025120314E+01 -4.362732397567015E-12  2.999999999999770E+00  6.999493534633033E+02  1.523219841867086E+02  8.522713376500120E+02  6.833608130069065E+20  1.487120095727206E+20
  0.000000000000000E+00  1.641509199117952E+00 -9.776967261174234E-01  4.704529841435812E+00  5.663311949829753E+01  1.887770649943377E+01  1.887770649943377E+01  5.663311949830133E+01 -3.794298208958935E-12  2.999999999999799E+00  6.855141605739542E+02  1.445372129749929E+02  8.300513735489471E+02  6.697837572274035E+20  1.412205365451737E+20
  0.000000000000000E+00  1.641875023861203E+00 -9.763866920378647E-01  4.704899643737135E+00  5.628671922439180E+01  1.876223974146477E+01  1.876223974146477E+01  5.628671922439433E+01 -2.529532139305957E-12  2.999999999999865E+00  6.715636097534459E+02  1.368024615722757E+02  8.083660713257217E+02  6.564683785669766E+20  1.337274516189077E+20
  0.000000000000000E+00  1.642240848604453E+00 -9.750766579583059E-01  4.705270457336082E+00  5.595937768463336E+01  1.865312589487820E+01  1.865312589487820E+01  5.595937768463462E+01 -1.257660642295377E-12  2.999999999999932E+00  6.569359657999316E+02  1.291177657425869E+02  7.860537315425184E+02  6.423520935389542E+20  1.262513722122528E+20
  0.000000000000000E+00  1.642606673347704E+00 -9.737666238787470E-01  4.705642286284326E+00  5.565096313417403E+01  1.855032104472490E+01  1.855032104472490E+01  5.565096313417470E+01 -6.679101716144942E-13  2.999999999999964E+00  6.405837544210001E+02  1.214831612499730E+02  7.620669156709729E+02  6.264776086361501E+20  1.188080088266252E+20
  0.000000000000000E+00  1.643015935257057E+00 -9.724176547990018E-01  4.706060244648350E+00  5.531639003747541E+01  1.843879667915870E+01  1.843879667915870E+01  5.531639003747610E+01 -6.821210263296962E-13  2.999999999999963E+00  7.434395154866010E+02  1.397270063544600E+02  8.831665218410609E+02  7.271135290603376E+20  1.366585910205882E+20
  0.000000000000000E+00  1.643473940803965E+00 -9.710837260127535E-01  4.706530460714837E+00  5.494377486469494E+01  1.831459162156522E+01  1.831459162156522E+01  5.494377486469566E+01 -7.176481631177012E-13  2.999999999999961E+00  8.096267231408101E+02  1.512838028206236E+02  9.609105259614338E+02  7.917537018450267E+20  1.479441173183581E+20
  0.000000000000000E+00  1.643963677602869E+00 -9.697603035654782E-01  4.707035287896923E+00  5.454994607324556E+01  1.818331535774878E+01  1.818331535774878E+01  5.454994607324635E+01 -7.815970093361102E-13  2.999999999999957E+00  8.400555009341381E+02  1.563123834170049E+02  9.963678843511431E+02  8.213097424967369E+20  1.528242874792351E+20
  0.000000000000000E+00  1.644468133268211E+00 -9.684428535026516E-01  4.707556987599210E+00  5.415173212054028E+01  1.805057737351369E+01  1.805057737351369E+01  5.415173212054109E+01 -8.100187187665142E-13  2.999999999999955E+00  8.355269235669168E+02  1.549175521868302E+02  9.904444757537470E+02  8.166228296144045E+20  1.514124874440559E+20
  0.000000000000000E+00  1.644989138652189E+00 -9.670882395043079E-01  4.708097348526904E+00  5.374920117581278E+01  1.791640039193788E+01  1.791640039193788E+01  5.374920117581364E+01 -8.597567102697212E-13  2.999999999999952E+00  8.159702089880373E+02  1.519853594857553E+02  9.679555684737926E+02  7.972203797647765E+20  1.484929531412541E+20
  0.000000000000000E+00  1.645510144036168E+00 -9.657336255059641E-01  4.708639251860103E+00  5.335479567183346E+01  1.778493189061148E+01  1.778493189061148E+01  5.335479567183445E+01 -9.876544027065393E-13  2.999999999999944E+00  7.969115319752588E+02  1.488168683696360E+02  9.457284003448948E+02  7.782931134724528E+20  1.453400273096061E+20
  0.000000000000000E+00  1.646031149420146E+00 -9.643790115076203E-01  4.709182703892569E+00  5.296913013713372E+01  1.765637671237828E+01  1.765637671237828E+01  5.296913013713484E+01 -1.122657522500958E-12  2.999999999999936E+00  7.783966625429359E+02  1.454118561801351E+02  9.238085187230711E+02  7.598853575696064E+20  1.419537693896616E+20
  0.000000000000000E+00  1.646552154804124E+00 -9.630243975092766E-01  4.709727710950429E+00  5.259281910024497E+01  1.753093970008205E+01  1.753093970008205E+01  5.259281910024615E+01 -1.172395514004165E-12  2.999999999999933E+00  7.604661566932247E+02  1.417701002589445E+02  9.022362569521692E+02  7.420363206698790E+20  1.383343133040759E+20
  0.000000000000000E+00  1.647083279450591E+00 -9.616434734284628E-01  4.710284910655180E+00  5.221968508997800E+01  1.740656169665967E+01  1.740656169665967E+01  5.221968508997902E+01 -1.023181539494544E-12  2.999999999999941E+00  7.434498326968449E+02  1.376456171336761E+02  8.810954498305209E+02  7.250723296642727E+20  1.342431242753236E+20
  0.000000000000000E+00  1.647614404097058E+00 -9.602625493476491E-01  4.710843739756788E+00  5.185803411411960E+01  1.728601137137343E+01  1.728601137137343E+01  5.185803411412029E+01 -6.892264536872972E-13  2.999999999999960E+00  7.273414087946221E+02  1.332571450104818E+02  8.605985538051038E+02  7.090082910595571E+20  1.298983111822738E+20
  0.000000000000000E+00  1.648145528743525E+00 -9.588816252668352E-01  4.711404205062319E+00  5.150856360785455E+01  1.716952120261831E+01  1.716952120261831E+01  5.150856360785495E+01 -3.979039320256561E-13  2.999999999999977E+00  7.107346274647585E+02  1.286044311919867E+02  8.393390586567452E+02  6.924772538192391E+20  1.253008364858767E+20
  0.000000000000000E+00  1.648676653389992E+00 -9.575007011860215E-01  4.711966313414647E+00  5.117197100636771E+01  1.705732366878931E+01  1.705732366878931E+01  5.117197100636795E+01 -2.344791028008331E-13  2.999999999999986E+00  6.923425722864587E+02  1.236872229808141E+02  8.160297952672726E+02  6.742307765985916E+20  1.204515448620615E+20
  0.000000000000000E+00  1.649259182704275E+00 -9.560726269782023E-01  4.712584704626726E+00  5.080183319120098E+01  1.693394439706705E+01  1.693394439706705E+01  5.080183319120114E+01 -1.563194018672220E-13  2.999999999999990E+00  7.784305111131506E+02  1.413295944920819E+02  9.197601056052325E+02  7.576329313086443E+20  1.375536459928583E+20
  0.000000000000000E+00  1.649885192359860E+00 -9.546624869711848E-01  4.713251234143577E+00  5.039300701912984E+01  1.679766900637661E+01  1.679766900637661E+01  5.039300701912985E+01 -7.105427357601002E-15  3.000000000000000E+00  8.221718219100808E+02  1.515597285588865E+02  9.737315504689673E+02  7.996717839473920E+20  1.474120558275742E+20
  0.000000000000000E+00  1.650533692133903E+00 -9.532618243486968E-01  4.713943721998518E+00  4.996586798103255E+01  1.665528932701080E+01  1.665528932701080E+01  4.996586798103240E+01  1.421085471520200E-13  3.000000000000008E+00  8.253790006597519E+02  1.545167797864374E+02  9.798957804461893E+02  8.022444333245280E+20  1.501858253478899E+20
  0.000000000000000E+00  1.651183691803561E+00 -9.518621822944660E-01  4.714639877655330E+00  4.954079156778733E+01  1.651359718926239E+01  1.651359718926239E+01  4.954079156778717E+01  1.563194018672220E-13  3.000000000000009E+00  7.893966595781887E+02  1.502532130264644E+02  9.396498726046530E+02  7.667996340725572E+20  1.459521108544887E+20
  0.000000000000000E+00  1.651845100216438E+00 -9.504217817508686E-01  4.715350439688032E+00  4.911457026166300E+01  1.637152342055424E+01  1.637152342055424E+01  4.911457026166272E+01  2.842170943040401E-13  3.000000000000017E+00  7.699857641934992E+02  1.484752431051222E+02  9.184610072986214E+02  7.475346276795308E+20  1.441460228689673E+20
  0.000000000000000E+00  1.652506508629314E+00 -9.489813812072712E-01  4.716063190491422E+00  4.869446559154345E+01  1.623148853051427E+01  1.623148853051427E+01  4.869446559154281E+01  6.394884621840902E-13  3.000000000000040E+00  7.513878344527614E+02  1.460825324717846E+02  8.974703669245459E+02  7.291058027913226E+20  1.417505277939472E+20
  0.000000000000000E+00  1.653167917042191E+00 -9.475409806636739E-01  4.716778139466795E+00  4.828222591203394E+01  1.609407530401097E+01  1.609407530401097E+01  4.828222591203293E+01  1.016076112136943E-12  3.000000000000064E+00  7.337912438688257E+02  1.430743447522247E+02  8.768655886210505E+02  7.116876390129363E+20  1.387645920700521E+20
  0.000000000000000E+00  1.653829325455067E+00 -9.461005801200765E-01  4.717495296064537E+00  4.787959957773980E+01  1.595986652591287E+01  1.595986652591287E+01  4.787959957773860E+01  1.200817223434569E-12  3.000000000000075E+00  7.173671349472078E+02  1.394499435721908E+02  8.568170785193986E+02  6.954382139211991E+20  1.351871516896201E+20
  0.000000000000000E+00  1.654505731278812E+00 -9.446275185483660E-01  4.718231007337530E+00  4.748024167122364E+01  1.582674722374088E+01  1.582674722374088E+01  4.748024167122264E+01  1.001865257421741E-12  3.000000000000063E+00  7.017342317254050E+02  1.346974473800820E+02  8.364316791054870E+02  6.799699686489465E+20  1.305198106795046E+20
  0.000000000000000E+00  1.655182137102556E+00 -9.431544569766555E-01  4.718969047633554E+00  4.709558734964620E+01  1.569852911654854E+01  1.569852911654854E+01  4.709558734964564E+01  5.613287612504791E-13  3.000000000000036E+00  6.869097905608609E+02  1.294612645032198E+02  8.163710550640807E+02  6.653006790634735E+20  1.253886148806855E+20
  0.000000000000000E+00  1.655858542926301E+00 -9.416813954049449E-01  4.719709427221682E+00  4.672703308581738E+01  1.557567769527242E+01  1.557567769527242E+01  4.672703308581727E+01  1.065814103640150E-13  3.000000000000007E+00  6.725912759431616E+02  1.237408067733909E+02  7.963320827165526E+02  6.511369534410798E+20  1.197937214183788E+20
  0.000000000000000E+00  1.656534948750045E+00 -9.402083338332344E-01  4.720452156425926E+00  4.637597535254704E+01  1.545865845084905E+01  1.545865845084905E+01  4.637597535254716E+01 -1.136868377216160E-13  2.999999999999992E+00  6.584982225599491E+02  1.175354860223858E+02  7.760337085823350E+02  6.372072418472767E+20  1.137352544041002E+20
  0.000000000000000E+00  1.657248933572079E+00 -9.386811077839681E-01  4.721238444723605E+00  4.601862211687173E+01  1.533954070562388E+01  1.533954070562388E+01  4.601862211687165E+01  7.815970093361102E-14  3.000000000000005E+00  6.832581605611728E+02  1.192245278947753E+02  8.024826884559482E+02  6.608412929491864E+20  1.153129164246340E+20
  0.000000000000000E+00  1.657987091108680E+00 -9.371651043380780E-01  4.722053420992768E+00  4.565225786096757E+01  1.521741928698902E+01  1.521741928698902E+01  4.565225786096708E+01  4.973799150320701E-13  3.000000000000032E+00  7.163870769518023E+02  1.235573636931909E+02  8.399444406449932E+02  6.925043411720436E+20  1.194382387596648E+20
  0.000000000000000E+00  1.658753805527696E+00 -9.356635511687347E-01  4.722901919633770E+00  4.526902750755546E+01  1.508967583585151E+01  1.508967583585151E+01  4.526902750755454E+01  9.166001291305292E-13  3.000000000000061E+00  7.575576980376229E+02  1.305209626434929E+02  8.880786606811157E+02  7.318633311721795E+20  1.260940344946799E+20
  0.000000000000000E+00  1.659553460996979E+00 -9.341796759491083E-01  4.723788791267804E+00  4.486107597935622E+01  1.495369199311836E+01  1.495369199311836E+01  4.486107597935509E+01  1.115552095143357E-12  3.000000000000075E+00  8.063069201239230E+02  1.400975244358096E+02  9.464044445597326E+02  7.784526736680911E+20  1.352577904882364E+20
  0.000000000000000E+00  1.660409085141702E+00 -9.326371422797487E-01  4.724740284250974E+00  4.442035344259159E+01  1.480678448086354E+01  1.480678448086354E+01  4.442035344259064E+01  9.450218385609332E-13  3.000000000000064E+00  7.877130907933034E+02  1.389860606401089E+02  9.266991514334122E+02  7.599974945317585E+20  1.340958517712879E+20
  0.000000000000000E+00  1.661264709286425E+00 -9.310946086103890E-01  4.725694959173623E+00  4.398327762331044E+01  1.466109254110328E+01  1.466109254110328E+01  4.398327762330985E+01  5.897504706808832E-13  3.000000000000040E+00  7.692475530791705E+02  1.379310264567467E+02  9.071785795359173E+02  7.417478925376164E+20  1.330001607158995E+20
  0.000000000000000E+00  1.662120333431148E+00 -9.295520749410292E-01  4.726652830274885E+00  4.354966657836792E+01  1.451655552612256E+01  1.451655552612256E+01  4.354966657836769E+01  2.273736754432321E-13  3.000000000000016E+00  7.512472874118836E+02  1.369325109618529E+02  8.881797983737365E+02  7.240135831588034E+20  1.319685269732862E+20
  0.000000000000000E+00  1.662975957575871E+00 -9.280095412716695E-01  4.727613911865929E+00  4.311933836461917E+01  1.437311278820637E+01  1.437311278820637E+01  4.311933836461911E+01  5.684341886080801E-14  3.000000000000004E+00  7.340271214514748E+02  1.359906032315650E+02  8.700177246830398E+02  7.070834193892516E+20  1.309988390451302E+20
  0.000000000000000E+00  1.663856206018215E+00 -9.264254244969428E-01  4.728605968326331E+00  4.268070791954339E+01  1.422690263984778E+01  1.422690263984778E+01  4.268070791954335E+01  4.263256414560601E-14  3.000000000000003E+00  7.217484719708210E+02  1.350890406856794E+02  8.568375126565003E+02  6.949408132834934E+20  1.300714742678226E+20
  0.000000000000000E+00  1.664740712662740E+00 -9.248436618903413E-01  4.729606081814071E+00  4.224352733934636E+01  1.408117577978212E+01  1.408117577978212E+01  4.224352733934636E+01 -7.105427357601002E-15  3.000000000000000E+00  7.146137115027828E+02  1.352357612473049E+02  8.498494727500877E+02  6.877721104370947E+20  1.301561716805426E+20
  0.000000000000000E+00  1.665632245820517E+00 -9.232658791006483E-01  4.730617298422199E+00  4.180441666665112E+01  1.393480555555039E+01  1.393480555555039E+01  4.180441666665119E+01 -6.394884621840902E-14  2.999999999999995E+00  7.126369511115398E+02  1.364300995685319E+02  8.490670506800717E+02  6.855762364864146E+20  1.312494869368924E+20
  0.000000000000000E+00  1.666533573802619E+00 -9.216937017766468E-01  4.731642677405728E+00  4.135999594408074E+01  1.378666531469361E+01  1.378666531469361E+01  4.135999594408083E+01 -8.526512829121202E-14  2.999999999999994E+00  7.158276468107404E+02  1.386701480730182E+02  8.544977948837585E+02  6.883480234380045E+20  1.333467948062568E+20
  0.000000000000000E+00  1.667467982615012E+00 -9.200777241834498E-01  4.732709096157723E+00  4.090180884290069E+01  1.363393628096695E+01  1.363393628096695E+01  4.090180884290084E+01 -1.492139745096210E-13  2.999999999999989E+00  6.993439809108569E+02  1.365859358013343E+02  8.359299167121912E+02  6.722080489186195E+20  1.312861308896315E+20
  0.000000000000000E+00  1.668402391427405E+00 -9.184617465902528E-01  4.733779283510760E+00  4.045149151207880E+01  1.348383050402636E+01  1.348383050402636E+01  4.045149151207907E+01 -2.771116669464391E-13  2.999999999999980E+00  6.833254386676813E+02  1.340927329606472E+02  8.174181716283284E+02  6.565526806773979E+20  1.288389664759532E+20
  0.000000000000000E+00  1.669336800239798E+00 -9.168457689970558E-01  4.734853257012483E+00  4.001039601131656E+01  1.333679867043899E+01  1.333679867043899E+01  4.001039601131698E+01 -4.192202140984591E-13  2.999999999999968E+00  6.683955672503951E+02  1.311898564418308E+02  7.995854236922258E+02  6.419717417228741E+20  1.260034996683114E+20
  0.000000000000000E+00  1.670271209052191E+00 -9.152297914038588E-01  4.735931034299988E+00  3.957987440031555E+01  1.319329146677201E+01  1.319329146677201E+01  3.957987440031604E+01 -4.831690603168681E-13  2.999999999999964E+00  6.551334476236955E+02  1.278766231357700E+02  7.830100707594654E+02  6.290122354443709E+20  1.227779788552484E+20
  0.000000000000000E+00  1.671223498453042E+00 -9.135702518096792E-01  4.737033714173926E+00  3.915937516453345E+01  1.305312505484463E+01  1.305312505484463E+01  3.915937516453390E+01 -4.476419235288631E-13  2.999999999999965E+00  6.273302517867761E+02  1.200551473318828E+02  7.473853991186588E+02  6.021100206683141E+20  1.152286328221055E+20
  0.000000000000000E+00  1.672173750036189E+00 -9.119094389199355E-01  4.738138180401770E+00  3.875687609486668E+01  1.291895869828903E+01  1.291895869828903E+01  3.875687609486708E+01 -3.979039320256561E-13  2.999999999999969E+00  6.218266662662761E+02  1.174258640016318E+02  7.392525302679079E+02  5.966251910497388E+20  1.126668127065393E+20
  0.000000000000000E+00  1.673135147243636E+00 -9.102552741555325E-01  4.739258923406521E+00  3.835475475236656E+01  1.278491825078896E+01  1.278491825078896E+01  3.835475475236689E+01 -3.339550858072471E-13  2.999999999999974E+00  6.382056020686053E+02  1.199898569033522E+02  7.581954589719576E+02  6.121181001199273E+20  1.150851120756011E+20
  0.000000000000000E+00  1.674120873517389E+00 -9.086156789373753E-01  4.740410497085404E+00  3.793538869808431E+01  1.264512956602820E+01  1.264512956602820E+01  3.793538869808462E+01 -3.055333763768431E-13  2.999999999999976E+00  6.757424465991074E+02  1.277265524548289E+02  8.034689990539363E+02  6.478512930714203E+20  1.224546609198085E+20
  0.000000000000000E+00  1.675161121829393E+00 -9.069242828270176E-01  4.741629002645992E+00  3.748821112319964E+01  1.249607037439996E+01  1.249607037439996E+01  3.748821112319990E+01 -2.557953848736361E-13  2.999999999999980E+00  6.603080123739371E+02  1.260528013084446E+02  7.863608136823816E+02  6.327783599451153E+20  1.207973905869772E+20
  0.000000000000000E+00  1.676201370141397E+00 -9.052328867166599E-01  4.742852051266648E+00  3.704703144297504E+01  1.234901048099173E+01  1.234901048099173E+01  3.704703144297519E+01 -1.492139745096210E-13  2.999999999999988E+00  6.449995292961780E+02  1.244784446829694E+02  7.694779739791475E+02  6.178812440545232E+20  1.192448874228055E+20
  0.000000000000000E+00  1.677241618453401E+00 -9.035414906063023E-01  4.744079664722722E+00  3.661149201372071E+01  1.220383067124025E+01  1.220383067124025E+01  3.661149201372076E+01 -4.973799150320701E-14  2.999999999999996E+00  6.299790721223803E+02  1.230036716844241E+02  7.529827438068045E+02  6.033134974617386E+20  1.177972073176254E+20
  0.000000000000000E+00  1.678281866765405E+00 -9.018500944959446E-01  4.745311864897378E+00  3.618123519174684E+01  1.206041173058228E+01  1.206041173058228E+01  3.618123519174685E+01 -1.421085471520200E-14  2.999999999999998E+00  6.153978731158337E+02  1.216286714188491E+02  7.370265445346828E+02  5.892180604164112E+20  1.164544321571776E+20
  0.000000000000000E+00  1.679345321809444E+00 -9.001209653022020E-01  4.746576318276079E+00  3.574739055297603E+01  1.191579685099201E+01  1.191579685099201E+01  3.574739055297605E+01 -2.131628207280301E-14  2.999999999999998E+00  6.008795956064005E+02  1.197719884141173E+02  7.206515840205177E+02  5.752327378759134E+20  1.146598575156560E+20
  0.000000000000000E+00  1.680408776853483E+00 -8.983918361084597E-01  4.747845611901965E+00  3.532074292267073E+01  1.177358097422357E+01  1.177358097422357E+01  3.532074292267071E+01  1.421085471520200E-14  3.000000000000001E+00  5.867005303937256E+02  1.177740409350323E+02  7.044745713287579E+02  5.616195781215259E+20  1.127393001318949E+20
  0.000000000000000E+00  1.681472231897521E+00 -8.966627069147173E-01  4.749119769507057E+00  3.490179073537406E+01  1.163393024512467E+01  1.163393024512467E+01  3.490179073537401E+01  5.684341886080801E-14  3.000000000000005E+00  5.730189056458613E+02  1.156345654316448E+02  6.886534710775062E+02  5.485204312656313E+20  1.106908010797459E+20
  0.000000000000000E+00  1.682535686941560E+00 -8.949335777209748E-01  4.750398814942441E+00  3.449103242562918E+01  1.149701080854303E+01  1.149701080854303E+01  3.449103242562909E+01  8.526512829121202E-14  3.000000000000007E+00  5.599807566646028E+02  1.133532983539933E+02  6.733340550185961E+02  5.360662590556585E+20  1.085124406098832E+20
  0.000000000000000E+00  1.683621507366152E+00 -8.931658632297463E-01  4.751709927135857E+00  3.408206095225553E+01  1.136068698408516E+01  1.136068698408516E+01  3.408206095225547E+01  5.684341886080801E-14  3.000000000000005E+00  5.444801127500695E+02  1.100177960054265E+02  6.544979087554959E+02  5.212747202845137E+20  1.053289082486146E+20
  0.000000000000000E+00  1.684706703872518E+00 -8.913977634654330E-01  4.753025499668819E+00  3.368431677342331E+01  1.122810559114110E+01  1.122810559114110E+01  3.368431677342330E+01  1.421085471520200E-14  3.000000000000001E+00  5.324586480344759E+02  1.073644718483682E+02  6.398231198828441E+02  5.098224694918443E+20  1.028001336356894E+20
  0.000000000000000E+00  1.685793309672768E+00 -8.896305335541769E-01  4.754347816695262E+00  3.329528782755622E+01  1.109842927585209E+01  1.109842927585209E+01  3.329528782755627E+01 -4.263256414560601E-14  2.999999999999996E+00  5.238460432090156E+02  1.053946822557525E+02  6.292407254647682E+02  5.016340135993824E+20  1.009257551094830E+20
  0.000000000000000E+00  1.686883357979011E+00 -8.878654286221196E-01  4.755679172151494E+00  3.291246205307799E+01  1.097082068435935E+01  1.097082068435935E+01  3.291246205307807E+01 -7.105427357601002E-14  2.999999999999993E+00  5.185725637153998E+02  1.041093755365073E+02  6.226819392519071E+02  4.966351443275568E+20  9.970518759222521E+19
  0.000000000000000E+00  1.688001181030037E+00 -8.860608384678483E-01  4.757049613256012E+00  3.252857557021669E+01  1.084285852340558E+01  1.084285852340559E+01  3.252857557021676E+01 -7.105427357601002E-14  2.999999999999993E+00  5.062968116845903E+02  1.011600137245537E+02  6.074568254091440E+02  4.849195052137913E+20  9.688874721433282E+19
  0.000000000000000E+00  1.689119004081064E+00 -8.842562483135771E-01  4.758425575845124E+00  3.215672817959761E+01  1.071890939319924E+01  1.071890939319924E+01  3.215672817959771E+01 -9.947598300641403E-14  2.999999999999991E+00  4.945725647348180E+02  9.780133795801115E+01  5.923739026928291E+02  4.737205853279246E+20  9.367787533496707E+19
  0.000000000000000E+00  1.690236827132090E+00 -8.824516581593059E-01  4.759807088113384E+00  3.179843388357796E+01  1.059947796119269E+01  1.059947796119269E+01  3.179843388357808E+01 -1.207922650792170E-13  2.999999999999988E+00  4.835180195145925E+02  9.403254354765319E+01  5.775505630622456E+02  4.631501853660381E+20  9.007149313330040E+19
  0.000000000000000E+00  1.691354650183116E+00 -8.806470680050347E-01  4.761194178398496E+00  3.145520668451489E+01  1.048506889483834E+01  1.048506889483834E+01  3.145520668451503E+01 -1.314504061156185E-13  2.999999999999988E+00  4.732394011910875E+02  8.985282580424658E+01  5.630922269953340E+02  4.533087721807331E+20  8.606864525603114E+19
  0.000000000000000E+00  1.692495558977777E+00 -8.788052087090795E-01  4.762615697023614E+00  3.112265981527149E+01  1.037421993842387E+01  1.037421993842387E+01  3.112265981527162E+01 -1.314504061156185E-13  2.999999999999987E+00  4.636026973360310E+02  8.478143559706302E+01  5.483841329330940E+02  4.440627196521597E+20  8.120805828693832E+19
  0.000000000000000E+00  1.693636467772437E+00 -8.769633494131244E-01  4.764043086550798E+00  3.081083244923018E+01  1.027027748307676E+01  1.027027748307676E+01  3.081083244923029E+01 -1.172395514004165E-13  2.999999999999989E+00  4.547861481250139E+02  7.907574114625709E+01  5.338618892712709E+02  4.355815923505698E+20  7.573655747166691E+19
  0.000000000000000E+00  1.694777376567098E+00 -8.751214901171691E-01  4.765476377573105E+00  3.052211011529797E+01  1.017403670509936E+01  1.017403670509936E+01  3.052211011529809E+01 -1.172395514004165E-13  2.999999999999988E+00  4.467482026852052E+02  7.273447454798338E+01  5.194826772331886E+02  4.278299427403808E+20  6.965441806834144E+19
  0.000000000000000E+00  1.695918285361758E+00 -8.732796308212140E-01  4.766915600840100E+00  3.025887834238195E+01  1.008629278079402E+01  1.008629278079402E+01  3.025887834238206E+01 -1.101341240428155E-13  2.999999999999989E+00  4.394466612319519E+02  6.575636789838295E+01  5.052030291303348E+02  4.207712847313254E+20  6.296188784846438E+19
  0.000000000000000E+00  1.697082257342647E+00 -8.714005387997784E-01  4.768390063046087E+00  3.001870573213083E+01  1.000623524404364E+01  1.000623524404364E+01  3.001870573213093E+01 -1.065814103640150E-13  2.999999999999989E+00  4.354265981764217E+02  5.819275535886258E+01  4.936193535352843E+02  4.167981037017897E+20  5.570314304255903E+19
  0.000000000000000E+00  1.698246229323537E+00 -8.695214467783426E-01  4.769870764914780E+00  2.980895977469771E+01  9.936319924899275E+00  9.936319924899275E+00  2.980895977469783E+01 -1.172395514004165E-13  2.999999999999988E+00  4.337203796532215E+02  5.011684846338582E+01  4.838372281166073E+02  4.149651083924717E+20  4.794965703831092E+19
  0.000000000000000E+00  1.699410201304426E+00 -8.676423547569070E-01  4.771357739603680E+00  2.963158198903663E+01  9.877193996345582E+00  9.877193996345580E+00  2.963158198903675E+01 -1.172395514004165E-13  2.999999999999988E+00  4.289915545370392E+02  4.152761529850166E+01  4.705191698355409E+02  4.102050111538438E+20  3.970902391096750E+19
  0.000000000000000E+00  1.700574173285315E+00 -8.657632627354713E-01  4.772851020440859E+00  2.948851389410159E+01  9.829504631367238E+00  9.829504631367238E+00  2.948851389410171E+01 -1.243449787580175E-13  2.999999999999988E+00  4.164273632265432E+02  3.242402395076351E+01  4.488513871773067E+02  3.979613411447105E+20  3.098621559538186E+19
  0.000000000000000E+00  1.701905492677273E+00 -8.637652075500609E-01  4.774555720301228E+00  2.930850958272557E+01  9.769503194246845E+00  9.769503194246845E+00  2.930850958274053E+01 -1.496047730142891E-11  2.999999999998469E+00  5.995737699566942E+02  5.241964601767692E+01  6.519934159743710E+02  5.725931232808205E+20  5.006077706952486E+19
  0.000000000000000E+00  1.703342391973384E+00 -8.618385792101179E-01  4.776386900080944E+00  2.905670825831532E+01  9.685569419454303E+00  9.685569419454303E+00  2.905670825836292E+01 -4.759925786856911E-11  2.999999999995086E+00  7.188801336287469E+02  6.664246842437244E+01  7.855226020531194E+02  6.859849211249337E+20  6.359297789313108E+19
  0.000000000000000E+00  1.704844139320008E+00 -8.599583466309089E-01  4.778298812230315E+00  2.875702679959877E+01  9.585675599893001E+00  9.585675599893001E+00  2.875702679967900E+01 -8.023803843570931E-11  2.999999999991629E+00  7.761011226717781E+02  7.522938531209564E+01  8.513305079838736E+02  7.399995282898193E+20  7.172996922467690E+19
  0.000000000000000E+00  1.706370002863504E+00 -8.580994787276999E-01  4.780245527481805E+00  2.843338208530388E+01  9.477794028466308E+00  9.477794028466308E+00  2.843338208539893E+01 -9.505285447630740E-11  2.999999999989971E+00  7.707852832792374E+02  7.830599838179920E+01  8.490912816610366E+02  7.344292165323249E+20  7.461249493069485E+19
  0.000000000000000E+00  1.707973438904555E+00 -8.561466221356048E-01  4.782299881031538E+00  2.807082892138328E+01  9.356942973821219E+00  9.356942973821219E+00  2.807082892146367E+01 -8.038014698286133E-11  2.999999999991410E+00  7.509397026651247E+02  8.613291824193817E+01  8.370726209070629E+02  7.151549392137321E+20  8.202839947201985E+19
  0.000000000000000E+00  1.709576874945606E+00 -8.541937655435098E-01  4.784363201217512E+00  2.767929362138980E+01  9.226431207145971E+00  9.226431207145971E+00  2.767929362143791E+01 -4.811084863831638E-11  2.999999999994786E+00  7.338436546657214E+02  9.164747508374380E+01  8.254911297494651E+02  6.986449523152161E+20  8.725161749726991E+19
  0.000000000000000E+00  1.711180310986657E+00 -8.522409089514147E-01  4.786435529189371E+00  2.726899864013625E+01  9.089666213384030E+00  9.089666213384030E+00  2.726899864015209E+01 -1.584865572112903E-11  2.999999999998256E+00  7.193133208450406E+02  9.484312155317892E+01  8.141564423982196E+02  6.846719239571168E+20  9.027557341997667E+19
  0.000000000000000E+00  1.712783747027708E+00 -8.502880523593196E-01  4.788516906147353E+00  2.685016643243544E+01  8.950055477478866E+00  8.950055477478866E+00  2.685016643243660E+01 -1.161737372967764E-12  2.999999999999870E+00  7.071694356729952E+02  9.571331029620032E+01  8.028827459691955E+02  6.730184617854159E+20  9.109107608226180E+19
  0.000000000000000E+00  1.714417675110815E+00 -8.482980589037572E-01  4.790647215445816E+00  2.642299809431814E+01  8.807666031439723E+00  8.807666031439723E+00  2.642299809431918E+01 -1.033839680530946E-12  2.999999999999883E+00  6.964425286848921E+02  9.548146500129646E+01  7.919239936861885E+02  6.627309931963739E+20  9.085965248510062E+19
  0.000000000000000E+00  1.716051603193922E+00 -8.463080654481947E-01  4.792787007688942E+00  2.599856294582326E+01  8.666187648608016E+00  8.666187648608016E+00  2.599856294582406E+01 -7.993605777301127E-13  2.999999999999908E+00  6.866006017169966E+02  9.467021710311803E+01  7.812708188201146E+02  6.532994490068384E+20  9.007857044715690E+19
  0.000000000000000E+00  1.717685531277029E+00 -8.443180719926322E-01  4.794936326610800E+00  2.557944224677649E+01  8.526480748925687E+00  8.526480748925687E+00  2.557944224677707E+01 -5.755396159656812E-13  2.999999999999932E+00  6.774892998455706E+02  9.327791333713716E+01  7.707672131827078E+02  6.445695964199121E+20  8.874547091491326E+19
  0.000000000000000E+00  1.719319459360136E+00 -8.423280785370698E-01  4.797095215983668E+00  2.516821725700354E+01  8.389405752334675E+00  8.389405752334675E+00  2.516821725700403E+01 -4.867217739956686E-13  2.999999999999942E+00  6.689582991164077E+02  9.130290043882195E+01  7.602611995552296E+02  6.363914987798381E+20  8.685801451294545E+19
  0.000000000000000E+00  1.720984034299242E+00 -8.403007596670649E-01  4.799304485401471E+00  2.475861254785369E+01  8.252870849284719E+00  8.252870849284719E+00  2.475861254785416E+01 -4.725109192804666E-13  2.999999999999943E+00  6.606893817703151E+02  8.941878236068017E+01  7.501081641309952E+02  6.284588808736889E+20  8.505665361369049E+19
  0.000000000000000E+00  1.722648609238348E+00 -8.382734407970599E-01  4.801523779468334E+00  2.435814310155291E+01  8.119381033851120E+00  8.119381033851120E+00  2.435814310155336E+01 -4.511946372076636E-13  2.999999999999944E+00  6.527424884150774E+02  8.744292419873108E+01  7.401854126138086E+02  6.208319927405688E+20  8.316811889046130E+19
  0.000000000000000E+00  1.724313184177453E+00 -8.362461219270551E-01  4.803753144559686E+00  2.396720686627358E+01  7.989068955424663E+00  7.989068955424663E+00  2.396720686627399E+01 -4.121147867408581E-13  2.999999999999948E+00  6.450757583739304E+02  8.537507107216962E+01  7.304508294461001E+02  6.134709144173250E+20  8.119220454216443E+19
  0.000000000000000E+00  1.725977759116559E+00 -8.342188030570501E-01  4.805992627072374E+00  2.358620179018805E+01  7.862067263396150E+00  7.862067263396150E+00  2.358620179018845E+01 -4.050093593832571E-13  2.999999999999949E+00  6.376484101790195E+02  8.321496810017918E+01  7.208633782791987E+02  6.063367682862931E+20  7.912870796109101E+19
  0.000000000000000E+00  1.727673828082576E+00 -8.321531269863269E-01  4.808284935362911E+00  2.320817605236611E+01  7.736058684122165E+00  7.736058684122165E+00  2.320817605236650E+01 -3.907985046680551E-13  2.999999999999949E+00  6.302774773429932E+02  8.112715480579284E+01  7.114046321487860E+02  5.992559283103066E+20  7.713416742934453E+19
  0.000000000000000E+00  1.729369897048593E+00 -8.300874509156037E-01  4.810587844837915E+00  2.284009553101711E+01  7.613365177005821E+00  7.613365177005821E+00  2.284009553101747E+01 -3.623767952376511E-13  2.999999999999952E+00  6.230900936354560E+02  7.904861275450702E+01  7.021387063899630E+02  5.923535565628977E+20  7.514920777073154E+19
  0.000000000000000E+00  1.731065966014610E+00 -8.280217748448805E-01  4.812901404611838E+00  2.248189806809562E+01  7.493966022698653E+00  7.493966022698653E+00  2.248189806809596E+01 -3.375077994860476E-13  2.999999999999955E+00  6.160901646136081E+02  7.697938175776775E+01  6.930695463713757E+02  5.856350119819063E+20  7.317406403711042E+19
  0.000000000000000E+00  1.732762034980627E+00 -8.259560987741572E-01  4.815225663798405E+00  2.213352150555626E+01  7.377840501852197E+00  7.377840501852197E+00  2.213352150555659E+01 -3.339550858072471E-13  2.999999999999955E+00  6.092814702998627E+02  7.491950162702523E+01  6.842009719268880E+02  5.791054576574433E+20  7.120894757530228E+19
  0.000000000000000E+00  1.734490432241502E+00 -8.238510272831140E-01  4.817605286001902E+00  2.178838286058502E+01  7.262794286861777E+00  7.262794286861777E+00  2.178838286058534E+01 -3.197442310920451E-13  2.999999999999956E+00  6.024772993480285E+02  7.290331135836098E+01  6.753806107063895E+02  5.725894958730619E+20  6.928671062517001E+19
  0.000000000000000E+00  1.736218813741427E+00 -8.217459428513526E-01  4.819996104876664E+00  2.145289681754982E+01  7.150965605850038E+00  7.150965605850038E+00  2.145289681755012E+01 -2.948752353404416E-13  2.999999999999958E+00  5.958331078749935E+02  7.092875676958857E+01  6.667618646445820E+02  5.662391389497553E+20  6.740585178830751E+19
  0.000000000000000E+00  1.737947188425979E+00 -8.196408528237521E-01  4.822398182349845E+00  2.112684980119941E+01  7.042283267066558E+00  7.042283267066558E+00  2.112684980119968E+01 -2.735589532676386E-13  2.999999999999961E+00  5.893699628350614E+02  6.899597506672750E+01  6.583659379017889E+02  5.600760643940671E+20  6.556661623629160E+19
  0.000000000000000E+00  1.739675565240733E+00 -8.175357645451917E-01  4.824811580316519E+00  2.081002823628251E+01  6.936676078760912E+00  6.936676078760912E+00  2.081002823628274E+01 -2.309263891220326E-13  2.999999999999967E+00  5.831083623233699E+02  6.710510340883748E+01  6.502134657322074E+02  5.541213382973332E+20  6.376922731707441E+19
  0.000000000000000E+00  1.741437640866822E+00 -8.153896409832312E-01  4.827283737030744E+00  2.049624721654821E+01  6.832082405516126E+00  6.832082405516126E+00  2.049624721654838E+01 -1.705302565824240E-13  2.999999999999976E+00  5.768927715609434E+02  6.524628004356478E+01  6.421390516045082E+02  5.482287877775608E+20  6.200439800709136E+19
  0.000000000000000E+00  1.743199716492910E+00 -8.132435174212707E-01  4.829767766277144E+00  2.019147302086443E+01  6.730491006954837E+00  6.730491006954837E+00  2.019147302086451E+01 -8.171241461241152E-14  2.999999999999988E+00  5.708318076276735E+02  6.343646102251896E+01  6.342682686501925E+02  5.424996730230424E+20  6.028791476333131E+19
  0.000000000000000E+00  1.744961792118999E+00 -8.110973938593101E-01  4.832263722911733E+00  1.989545516517344E+01  6.631818388391155E+00  6.631818388391154E+00  1.989545516517347E+01 -2.486899575160351E-14  2.999999999999996E+00  5.649463673347440E+02  6.167580677506342E+01  6.266221741098075E+02  5.369503954272276E+20  5.861945620147882E+19
  0.000000000000000E+00  1.746723867745088E+00 -8.089512702973497E-01  4.834771661724127E+00  1.960794316541752E+01  6.535981055139180E+00  6.535981055139180E+00  1.960794316541754E+01 -2.486899575160351E-14  2.999999999999996E+00  5.592567934953321E+02  5.996447773056587E+01  6.192212712258980E+02  5.315969853175040E+20  5.699874540365953E+19
  0.000000000000000E+00  1.748521631438972E+00 -8.067616803812528E-01  4.837342800312216E+00  1.932311032768637E+01  6.441036775895482E+00  6.441036775895482E+00  1.932311032768645E+01 -7.815970093361102E-14  2.999999999999988E+00  5.535983081665237E+02  5.827009909207851E+01  6.118684072586021E+02  5.262793825963805E+20  5.539459084615642E+19
  0.000000000000000E+00  1.750319395132857E+00 -8.045720904651559E-01  4.839926526320821E+00  1.904661601487870E+01  6.348872004959611E+00  6.348872004959611E+00  1.904661601487884E+01 -1.350031197944190E-13  2.999999999999979E+00  5.480392899096903E+02  5.662144901530256E+01  6.046607389249929E+02  5.210568696815652E+20  5.383372236981331E+19
  0.000000000000000E+00  1.752117158826742E+00 -8.023825005490591E-01  4.842522897662003E+00  1.877822285528477E+01  6.259407618428319E+00  6.259407618428319E+00  1.877822285528496E+01 -1.847411112976260E-13  2.999999999999971E+00  5.425946600032821E+02  5.501867953144309E+01  5.976133395347252E+02  5.159406677356581E+20  5.231598529778237E+19
  0.000000000000000E+00  1.753914922520627E+00 -8.001929106329622E-01  4.845131972134116E+00  1.851769347719485E+01  6.172564492398348E+00  6.172564492398348E+00  1.851769347719505E+01 -1.953992523340276E-13  2.999999999999968E+00  5.372789452309693E+02  5.346194267170347E+01  5.907408879026727E+02  5.109417473338031E+20  5.084125973482361E+19
  0.000000000000000E+00  1.755750389479185E+00 -7.979573999496291E-01  4.847808930396686E+00  1.825955620407258E+01  6.086518734690929E+00  6.086518734690929E+00  1.825955620407279E+01 -2.060573933704291E-13  2.999999999999966E+00  5.319618540177730E+02  5.192472136459635E+01  5.838865753823693E+02  5.059349963334839E+20  4.938424346557850E+19
  0.000000000000000E+00  1.757585856437744E+00 -7.957218892662958E-01  4.850499251555223E+00  1.800908921180066E+01  6.003029737266968E+00  6.003029737266968E+00  1.800908921180091E+01 -2.415845301584341E-13  2.999999999999960E+00  5.267430701597743E+02  5.043771034692936E+01  5.771807805067037E+02  5.010140340447994E+20  4.797405444979689E+19
  0.000000000000000E+00  1.759421323396302E+00 -7.934863785829626E-01  4.853202996680957E+00  1.776603059984109E+01  5.922010199947122E+00  5.922010199947122E+00  1.776603059984137E+01 -2.771116669464391E-13  2.999999999999953E+00  5.216549831541066E+02  4.900107736006567E+01  5.706560605141723E+02  4.962102548848284E+20  4.661095527057646E+19
  0.000000000000000E+00  1.761256790354861E+00 -7.912508678996294E-01  4.855920226671023E+00  1.753011846765584E+01  5.843372822552046E+00  5.843372822552046E+00  1.753011846765614E+01 -2.948752353404416E-13  2.999999999999949E+00  5.167291691409084E+02  4.761499014536714E+01  5.643441592862755E+02  4.915542655138316E+20  4.529520086366908E+19
  0.000000000000000E+00  1.763133172592358E+00 -7.889655355389665E-01  4.858712027994097E+00  1.729603592843983E+01  5.765345309480184E+00  5.765345309480184E+00  1.729603592844055E+01 -7.247535904753022E-13  2.999999999999874E+00  5.118552006462968E+02  4.625909801009198E+01  5.581142986563888E+02  4.869436695203303E+20  4.400770941721947E+19
  0.000000000000000E+00  1.765009564362737E+00 -7.866802110053257E-01  4.861518060667037E+00  1.706885605477121E+01  5.689618684924288E+00  5.689618684924288E+00  1.706885605477287E+01 -1.652011860642233E-12  2.999999999999709E+00  5.070891246857407E+02  4.494404210122553E+01  5.520331667869661E+02  4.824331759932270E+20  4.275874972926086E+19
  0.000000000000000E+00  1.766885963532069E+00 -7.843948925466784E-01  4.864338386707803E+00  1.684836059317810E+01  5.616120197726887E+00  5.616120197726887E+00  1.684836059318067E+01 -2.568611989772762E-12  2.999999999999543E+00  5.024516350612226E+02  4.366996213191290E+01  5.461215971931355E+02  4.780429176556792E+20  4.154850866175200E+19
  0.000000000000000E+00  1.768762367966425E+00 -7.821095784109959E-01  4.867173067886516E+00  1.663433129018859E+01  5.544777096730501E+00  5.544777096730501E+00  1.663433129019150E+01 -2.916777930295211E-12  2.999999999999475E+00  4.979629277179463E+02  4.243699782272948E+01  5.403999255406758E+02  4.737925408400105E+20  4.037716846954021E+19
  0.000000000000000E+00  1.770682983952603E+00 -7.797704220658306E-01  4.870089465665417E+00  1.642177394950642E+01  5.473924649836280E+00  5.473924649836281E+00  1.642177394950884E+01 -2.419398015263141E-12  2.999999999999558E+00  4.934705694274385E+02  4.119718563628563E+01  5.346677550637240E+02  4.695370612819722E+20  3.919910664417806E+19
  0.000000000000000E+00  1.772603599938781E+00 -7.774312657206651E-01  4.873021031982917E+00  1.621566949881177E+01  5.405223166271081E+00  5.405223166271081E+00  1.621566949881325E+01 -1.470823463023407E-12  2.999999999999728E+00  4.890508095836191E+02  3.998616813771076E+01  5.290369777213298E+02  4.653477476695369E+20  3.804813920390321E+19
  0.000000000000000E+00  1.774524215924959E+00 -7.750921093754997E-01  4.875967834704819E+00  1.601585764679974E+01  5.338619215600096E+00  5.338619215600096E+00  1.601585764680029E+01 -5.435651928564766E-13  2.999999999999898E+00  4.847244862114538E+02  3.880404799157441E+01  5.235285342030281E+02  4.612442568026666E+20  3.692436587369129E+19
  0.000000000000000E+00  1.776444831911138E+00 -7.727529530303343E-01  4.878929941345715E+00  1.582217810216544E+01  5.274059367388523E+00  5.274059367388523E+00  1.582217810216557E+01 -1.314504061156185E-13  2.999999999999975E+00  4.805119424326003E+02  3.765092786244617E+01  5.181628702950464E+02  4.572457827607286E+20  3.582788784598567E+19
  0.000000000000000E+00  1.778413745139748E+00 -7.703549745146244E-01  4.881982491632449E+00  1.562980346035864E+01  5.209934486786256E+00  5.209934486786256E+00  1.562980346035877E+01 -1.350031197944190E-13  2.999999999999974E+00  4.762765906440180E+02  3.650951961750719E+01  5.127861102615252E+02  4.532226774498180E+20  3.474229588122020E+19
  0.000000000000000E+00  1.780382658368359E+00 -7.679569959989145E-01  4.885051267674086E+00  1.544344927565034E+01  5.147816425216823E+00  5.147816425216823E+00  1.544344927565047E+01 -1.278976924368180E-13  2.999999999999975E+00  4.721141533283292E+02  3.540985583472808E+01  5.075240091630573E+02  4.492658669562830E+20  3.369617171659470E+19
  0.000000000000000E+00  1.782351571596970E+00 -7.655590174832045E-01  4.888136340924453E+00  1.526288574456468E+01  5.087628581521602E+00  5.087628581521602E+00  1.526288574456481E+01 -1.278976924368180E-13  2.999999999999975E+00  4.680661645803000E+02  3.435208370035100E+01  5.024182482806511E+02  4.454146270446820E+20  3.268965310346538E+19
  0.000000000000000E+00  1.784320484825580E+00 -7.631610389674947E-01  4.891237782357410E+00  1.508788306362580E+01  5.029294354541973E+00  5.029294354541973E+00  1.508788306362592E+01 -1.225686219186173E-13  2.999999999999976E+00  4.641732597154545E+02  3.333635040061860E+01  4.975096101160732E+02  4.417073857596408E+20  3.172287907160184E+19
  0.000000000000000E+00  1.786342515702084E+00 -7.606983674137163E-01  4.894440005477460E+00  1.491367253819923E+01  4.971224179399790E+00  4.971224179399790E+00  1.491367253819937E+01 -1.332267629550188E-13  2.999999999999973E+00  4.603326726317777E+02  3.234828604811654E+01  4.926809586798943E+02  4.380459904618519E+20  3.078216655941168E+19
  0.000000000000000E+00  1.788364546578587E+00 -7.582356958599379E-01  4.897659641926843E+00  1.474479794137088E+01  4.914932647123689E+00  4.914932647123689E+00  1.474479794137107E+01 -1.918465386552271E-13  2.999999999999961E+00  4.566287712004790E+02  3.139680052335692E+01  4.880255717238359E+02  4.345117958750397E+20  2.987608543427648E+19
  0.000000000000000E+00  1.790386577455091E+00 -7.557730243061594E-01  4.900896766833977E+00  1.458105325500412E+01  4.860351085001484E+00  4.860351085001484E+00  1.458105325500445E+01 -3.357314426466473E-13  2.999999999999931E+00  4.530853701588144E+02  3.048202577837283E+01  4.835673959371873E+02  4.311289583437662E+20  2.900487388818429E+19
  0.000000000000000E+00  1.792408608331594E+00 -7.533103527523810E-01  4.904151454679550E+00  1.442223246096235E+01  4.807410820320985E+00  4.807410820320985E+00  1.442223246096296E+01 -6.128431095930864E-13  2.999999999999873E+00  4.497258497169713E+02  2.960409376519464E+01  4.793299434821660E+02  4.279211696943457E+20  2.816875756578311E+19
  0.000000000000000E+00  1.794488949165123E+00 -7.507766643441435E-01  4.907518406713082E+00  1.426375831736241E+01  4.754586105787713E+00  4.754586105787713E+00  1.426375831736314E+01 -7.300826609935029E-13  2.999999999999847E+00  4.464276881737927E+02  2.873482616602560E+01  4.751625143398182E+02  4.247742398079742E+20  2.734107732120802E+19
  0.000000000000000E+00  1.796569289998652E+00 -7.482429759359059E-01  4.910904106933217E+00  1.411012519471031E+01  4.703375064903605E+00  4.703375064903605E+00  1.411012519471082E+01 -5.080380560684716E-13  2.999999999999892E+00  4.432416762069897E+02  2.788769975864595E+01  4.711293759656356E+02  4.217385761550295E+20  2.653477644317426E+19
  0.000000000000000E+00  1.798649630832180E+00 -7.457092875276685E-01  4.914308634099260E+00  1.396120164075152E+01  4.653733880250571E+00  4.653733880250571E+00  1.396120164075172E+01 -1.971756091734278E-13  2.999999999999958E+00  4.401905023657795E+02  2.706279873657607E+01  4.672533011023555E+02  4.188357904627059E+20  2.574991654760459E+19
  0.000000000000000E+00  1.800729971665709E+00 -7.431755991194310E-01  4.917732066103080E+00  1.381685620323154E+01  4.605618734410527E+00  4.605618734410527E+00  1.381685620323158E+01 -4.085620730620576E-14  2.999999999999991E+00  4.372964787210949E+02  2.626020729333369E+01  4.635566860144286E+02  4.160871406995221E+20  2.498655968786986E+19
  0.000000000000000E+00  1.802874807128356E+00 -7.405633614217908E-01  4.921281505667810E+00  1.367271960061503E+01  4.557573200205019E+00  4.557573200205019E+00  1.367271960061506E+01 -3.197442310920451E-14  2.999999999999992E+00  4.344443635600566E+02  2.544386633406838E+01  4.598882298941249E+02  4.133820877076873E+20  2.421032349998146E+19
  0.000000000000000E+00  1.805019642591003E+00 -7.379511237241505E-01  4.924851205563585E+00  1.353326208529834E+01  4.511087361766116E+00  4.511087361766116E+00  1.353326208529835E+01 -1.421085471520200E-14  2.999999999999997E+00  4.316896948645065E+02  2.464137392860382E+01  4.563310687931103E+02  4.107707209432219E+20  2.344729340101820E+19
  0.000000000000000E+00  1.807164478053649E+00 -7.353388860265104E-01  4.928441247999539E+00  1.339839535498825E+01  4.466131784996081E+00  4.466131784996081E+00  1.339839535498825E+01  7.105427357601002E-15  3.000000000000001E+00  4.290625968815857E+02  2.385278663345066E+01  4.529153835150364E+02  4.082796579786596E+20  2.269740508569867E+19
  0.000000000000000E+00  1.809309313516296E+00 -7.327266483288701E-01  4.932051714026944E+00  1.326803110739156E+01  4.422677035797182E+00  4.422677035797182E+00  1.326803110739155E+01  1.421085471520200E-14  3.000000000000004E+00  4.265927625344012E+02  2.307816100512003E+01  4.496709235395213E+02  4.059351575484371E+20  2.196060914837046E+19
  0.000000000000000E+00  1.811524838691523E+00 -7.300283162266681E-01  4.935802703288390E+00  1.313797773858801E+01  4.379325912862668E+00  4.379325912862668E+00  1.313797773858800E+01  1.776356839400250E-15  3.000000000000000E+00  4.241770657272197E+02  2.230341493188918E+01  4.464804806591089E+02  4.036370099861672E+20  2.122340985162529E+19
  0.000000000000000E+00  1.813740363866751E+00 -7.273299841244658E-01  4.939575656359708E+00  1.301245010836279E+01  4.337483369454273E+00  4.337483369454273E+00  1.301245010836282E+01 -3.197442310920451E-14  2.999999999999992E+00  4.218740986612451E+02  2.155267723878865E+01  4.434267759000338E+02  4.014402601622306E+20  2.050875459144825E+19
  0.000000000000000E+00  1.815955889041978E+00 -7.246316520222637E-01  4.943370658355906E+00  1.289129961393506E+01  4.297099871311709E+00  4.297099871311709E+00  1.289129961393513E+01 -7.283063041541027E-14  2.999999999999983E+00  4.197188997841879E+02  2.082604310403440E+01  4.405449428882224E+02  3.993786744382032E+20  1.981678092875694E+19
  0.000000000000000E+00  1.818171414217206E+00 -7.219333199200616E-01  4.947187792849279E+00  1.277437765252395E+01  4.258125884174684E+00  4.258125884174684E+00  1.277437765252405E+01 -1.048050535246148E-13  2.999999999999975E+00  4.177461488773181E+02  2.012360770584308E+01  4.378697565831612E+02  3.974856565585023E+20  1.914762216906000E+19
  0.000000000000000E+00  1.820464505676177E+00 -7.191405183007392E-01  4.951161962186508E+00  1.265762102928718E+01  4.219207009762421E+00  4.219207009762421E+00  1.265762102928727E+01 -8.526512829121202E-14  2.999999999999980E+00  4.158683535820596E+02  1.943375449555008E+01  4.353021080776096E+02  3.956790774667192E+20  1.849029863484588E+19
  0.000000000000000E+00  1.822757597135147E+00 -7.163477166814171E-01  4.955160017688374E+00  1.254501304693851E+01  4.181671015646169E+00  4.181671015646170E+00  1.254501304693851E+01 -3.552713678800501E-15  2.999999999999999E+00  4.141321938768451E+02  1.876627022116419E+01  4.328984640980092E+02  3.940058330124508E+20  1.785425050346457E+19
  0.000000000000000E+00  1.825050688594117E+00 -7.135549150620947E-01  4.959182046380741E+00  1.243641127801857E+01  4.145470426006161E+00  4.145470426006161E+00  1.243641127801848E+01  8.881784197001252E-14  3.000000000000021E+00  4.125694039588751E+02  1.812124610568512E+01  4.306906500645601E+02  3.924966072104815E+20  1.723959059168754E+19
  0.000000000000000E+00  1.827343780053088E+00 -7.107621134427724E-01  4.963228133233760E+00  1.233167329506799E+01  4.110557765022619E+00  4.110557765022619E+00  1.233167329506786E+01  1.314504061156185E-13  3.000000000000032E+00  4.112115697873813E+02  1.749877337211397E+01  4.287103431594953E+02  3.911819257259155E+20  1.664642818557916E+19
  0.000000000000000E+00  1.829721161894745E+00 -7.078666528927131E-01  4.967448437218664E+00  1.222701577623580E+01  4.075671925411894E+00  4.075671925411894E+00  1.222701577623569E+01  1.136868377216160E-13  3.000000000000028E+00  4.099821737187013E+02  1.687495488960444E+01  4.268571286083058E+02  3.899880340094523E+20  1.605199177735575E+19
  0.000000000000000E+00  1.832098543736401E+00 -7.049711923426539E-01  4.971694779382689E+00  1.212623776591718E+01  4.042079255305700E+00  4.042079255305700E+00  1.212623776591710E+01  7.638334409421077E-14  3.000000000000019E+00  4.088984951604330E+02  1.626773141489837E+01  4.251662265753313E+02  3.889310237711744E+20  1.547333998171963E+19
  0.000000000000000E+00  1.834475925578058E+00 -7.020757317925947E-01  4.975967246887686E+00  1.202922818719233E+01  4.009742729064096E+00  4.009742729064095E+00  1.202922818719229E+01  3.552713678800501E-14  3.000000000000009E+00  4.079918449577589E+02  1.567717409136968E+01  4.236690190491286E+02  3.880395324697640E+20  1.491050220744492E+19
  0.000000000000000E+00  1.836853307419715E+00 -6.991802712425355E-01  4.980265924156151E+00  1.193587596314144E+01  3.978625321047144E+00  3.978625321047144E+00  1.193587596314143E+01  5.329070518200751E-15  3.000000000000001E+00  4.072935479242670E+02  1.510335406239118E+01  4.223969019866582E+02  3.873422054230846E+20  1.436351373997237E+19
  0.000000000000000E+00  1.839321139245023E+00 -6.961746498614186E-01  4.984755960972772E+00  1.184270683302612E+01  3.947568944342034E+00  3.947568944342034E+00  1.184270683302611E+01  8.881784197001252E-15  3.000000000000003E+00  4.067526027043692E+02  1.452991237378582E+01  4.212825150781551E+02  3.867873742466062E+20  1.381671959250999E+19
  0.000000000000000E+00  1.841788971070332E+00 -6.931690284803019E-01  4.989274415652318E+00  1.175321313489805E+01  3.917737711632666E+00  3.917737711632666E+00  1.175321313489800E+01  5.151434834260726E-14  3.000000000000013E+00  4.063605726816586E+02  1.397268045623635E+01  4.203332531378949E+02  3.863674923936102E+20  1.328521976004419E+19
  0.000000000000000E+00  1.844256802895641E+00 -6.901634070991852E-01  4.993821372581841E+00  1.166728313623170E+01  3.889094378743868E+00  3.889094378743868E+00  1.166728313623160E+01  9.414691248821327E-14  3.000000000000024E+00  4.061532363012507E+02  1.343172987302378E+01  4.195849661742744E+02  3.861168061059869E+20  1.276911317088118E+19
  0.000000000000000E+00  1.846724634720950E+00 -6.871577857180685E-01  4.998396912502119E+00  1.158480510450151E+01  3.861601701500466E+00  3.861601701500466E+00  1.158480510450140E+01  1.101341240428155E-13  3.000000000000028E+00  4.061665922634974E+02  1.290713218742843E+01  4.190737244509259E+02  3.860697348376798E+20  1.226849572572098E+19
  0.000000000000000E+00  1.849288244979597E+00 -6.840355138812201E-01  5.003180383646932E+00  1.150265487678470E+01  3.834218292261520E+00  3.834218292261520E+00  1.150265487678456E+01  1.350031197944190E-13  3.000000000000035E+00  4.063763110469271E+02  1.238105787787890E+01  4.187573689248060E+02  3.862028280856566E+20  1.176643282875035E+19
  0.000000000000000E+00  1.851851855238244E+00 -6.809132420443716E-01  5.007994864360858E+00  1.142398626491524E+01  3.807995421638349E+00  3.807995421638349E+00  1.142398626491505E+01  1.882938249764265E-13  3.000000000000049E+00  4.067406340419603E+02  1.186909057494486E+01  4.186097246169052E+02  3.864815221386272E+20  1.127790982233828E+19
  0.000000000000000E+00  1.854415465496891E+00 -6.777909702075232E-01  5.012840431792569E+00  1.134869801652841E+01  3.782899338842721E+00  3.782899338842721E+00  1.134869801652817E+01  2.469136006766348E-13  3.000000000000065E+00  4.072977543291514E+02  1.137129512949560E+01  4.186690494586470E+02  3.869431441358452E+20  1.080301730990597E+19
  0.000000000000000E+00  1.856979075755538E+00 -6.746686983706748E-01  5.017717158251045E+00  1.127668887925951E+01  3.758896293086406E+00  3.758896293086406E+00  1.127668887925922E+01  2.930988785010413E-13  3.000000000000078E+00  4.080863518746338E+02  1.088773639240026E+01  4.189740882670341E+02  3.876254632704699E+20  1.034184025925823E+19
  0.000000000000000E+00  1.859641461072044E+00 -6.714260919389442E-01  5.022814853747442E+00  1.120528159905163E+01  3.735093866350444E+00  3.735093866350444E+00  1.120528159905133E+01  2.930988785010413E-13  3.000000000000079E+00  4.090714674501103E+02  1.039669064107626E+01  4.194681580911865E+02  3.884930773029557E+20  9.873683848192500E+18
  0.000000000000000E+00  1.862303821890504E+00 -6.681834653927995E-01  5.027946273478729E+00  1.113720978212303E+01  3.712403260707591E+00  3.712403260707591E+00  1.113720978212277E+01  2.557953848736361E-13  3.000000000000069E+00  4.102392565781583E+02  9.922742707189633E+00  4.201619992853479E+02  3.895345007707889E+20  9.421942353743755E+18
  0.000000000000000E+00  1.864966172210711E+00 -6.649408302269462E-01  5.033111495249829E+00  1.107234922133005E+01  3.690783073776614E+00  3.690783073776614E+00  1.107234922132984E+01  2.113864638886298E-13  3.000000000000057E+00  4.116352387764762E+02  9.465972233692892E+00  4.211012110101691E+02  3.907921222637090E+20  8.986663506966957E+18
  0.000000000000000E+00  1.867628526032458E+00 -6.616981979360896E-01  5.038310590223659E+00  1.101057570952904E+01  3.670191903176285E+00  3.670191903176285E+00  1.101057570952886E+01  1.882938249764265E-13  3.000000000000051E+00  4.133058690899524E+02  9.026458847858301E+00  4.223323279378107E+02  3.923091787607652E+20  8.567898311045834E+18
  0.000000000000000E+00  1.870390157449916E+00 -6.583346633824608E-01  5.043739391392192E+00  1.094960351558131E+01  3.649867838527050E+00  3.649867838527050E+00  1.094960351558115E+01  1.580957587066223E-13  3.000000000000043E+00  4.152584602828005E+02  8.594892677163694E+00  4.238533529599642E+02  3.940891549261259E+20  8.156736865800301E+18
  0.000000000000000E+00  1.873151788867373E+00 -6.549711288288320E-01  5.049204737739469E+00  1.089166011725368E+01  3.630553372417863E+00  3.630553372417863E+00  1.089166011725359E+01  9.059419880941277E-14  3.000000000000025E+00  4.174069726399209E+02  8.175971336165167E+00  4.255829439760860E+02  3.960504523073647E+20  7.757649866892933E+18
  0.000000000000000E+00  1.875913420284831E+00 -6.516075942752031E-01  5.054706669726748E+00  1.083664911967475E+01  3.612216373224912E+00  3.612216373224912E+00  1.083664911967474E+01  1.776356839400250E-14  3.000000000000005E+00  4.197957027924443E+02  7.769756563594354E+00  4.275654593560387E+02  3.982316439368597E+20  7.370639834393930E+18
  0.000000000000000E+00  1.878675051702288E+00 -6.482440597215743E-01  5.060245219499038E+00  1.078447412797314E+01  3.594824709324386E+00  3.594824709324386E+00  1.078447412797316E+01 -1.776356839400250E-14  2.999999999999995E+00  4.224702635588765E+02  7.376310098183242E+00  4.298465736570597E+02  4.006724203748106E+20  6.995720824413366E+18
  0.000000000000000E+00  1.881532189925450E+00 -6.447641924665639E-01  5.066013880984196E+00  1.073342515780516E+01  3.577808385935050E+00  3.577808385935050E+00  1.073342515780515E+01  7.105427357601002E-15  3.000000000000002E+00  4.254721130968751E+02  6.968568868867399E+00  4.324406819657424E+02  4.034029106597797E+20  6.607109792397070E+18
  0.000000000000000E+00  1.884389326773027E+00 -6.412843240820749E-01  5.071821777055115E+00  1.068531577946817E+01  3.561771926489363E+00  3.561771926489363E+00  1.068531577946809E+01  7.815970093361102E-14  3.000000000000022E+00  4.286760823982216E+02  6.570921930181404E+00  4.352470043284030E+02  4.063049419928955E+20  6.228007960570268E+18
  0.000000000000000E+00  1.887246474886929E+00 -6.378044649479274E-01  5.077668925729161E+00  1.064006526707911E+01  3.546688422359654E+00  3.546688422359654E+00  1.064006526707896E+01  1.527666881884215E-13  3.000000000000043E+00  4.321306941155196E+02  6.183421027288747E+00  4.383141151428084E+02  4.094247113999508E+20  5.858517814254846E+18
  0.000000000000000E+00  1.890103646909060E+00 -6.343246254439414E-01  5.083555334029468E+00  1.059759289475494E+01  3.532530964918252E+00  3.532530964918252E+00  1.059759289475476E+01  1.829647544582258E-13  3.000000000000052E+00  4.358862918562789E+02  5.806117894753152E+00  4.416924097510321E+02  4.128100390853879E+20  5.498736252659449E+18
  0.000000000000000E+00  1.893048043378753E+00 -6.307385865197992E-01  5.089662459898418E+00  1.055663289143802E+01  3.518877630479279E+00  3.518877630479279E+00  1.055663289143784E+01  1.829647544582258E-13  3.000000000000052E+00  4.399684729552621E+02  5.432793158947755E+00  4.454012661142099E+02  4.164830032491176E+20  5.142791245180650E+18
  0.000000000000000E+00  1.895992439848446E+00 -6.271525475956566E-01  5.095811207205630E+00  1.051838559558873E+01  3.506128531862849E+00  3.506128531862849E+00  1.051838559558855E+01  1.794120407794253E-13  3.000000000000051E+00  4.442548591911281E+02  5.078338245641912E+00  4.493331974367701E+02  4.203375428307827E+20  4.804936120953828E+18
  0.000000000000000E+00  1.898936836318139E+00 -6.235665086715144E-01  5.102001533207481E+00  1.048270509702691E+01  3.494235032342245E+00  3.494235032342245E+00  1.048270509702673E+01  1.740829702612245E-13  3.000000000000050E+00  4.488082528741677E+02  4.742846608475038E+00  4.535510994826428E+02  4.244345596143838E+20  4.485274053440968E+18
  0.000000000000000E+00  1.901881232787832E+00 -6.199804697473721E-01  5.108233381834543E+00  1.044944548557241E+01  3.483148495190748E+00  3.483148495190748E+00  1.044944548557224E+01  1.616484723854228E-13  3.000000000000046E+00  4.536943511566164E+02  4.426411701086935E+00  4.581207628577033E+02  4.288376335530843E+20  4.183900271596143E+18
  0.000000000000000E+00  1.904899910079525E+00 -6.163039627352034E-01  5.114665480710291E+00  1.041769647919950E+01  3.472565493066426E+00  3.472565493066426E+00  1.041769647919928E+01  2.149391775674303E-13  3.000000000000062E+00  4.590006348737897E+02  4.124795355589678E+00  4.631254302293795E+02  4.336245225402576E+20  3.896753687793170E+18
  0.000000000000000E+00  1.907918587371216E+00 -6.126274557230349E-01  5.121141059947647E+00  1.038815981435373E+01  3.462719938117798E+00  3.462719938117798E+00  1.038815981435340E+01  3.357314426466473E-13  3.000000000000097E+00  4.645377707521649E+02  3.843407474195002E+00  4.683811782263600E+02  4.386189951385091E+20  3.628965458523785E+18
  0.000000000000000E+00  1.910937264662908E+00 -6.089509487108662E-01  5.127660013339661E+00  1.036067833179502E+01  3.453559443931537E+00  3.453559443931536E+00  1.036067833179461E+01  4.138911435802584E-13  3.000000000000120E+00  4.703518360539378E+02  3.582348715424250E+00  4.739341847693621E+02  4.438607542794786E+20  3.380584237238924E+18
  0.000000000000000E+00  1.913955941954600E+00 -6.052744416986976E-01  5.134222218506752E+00  1.033509487228328E+01  3.445031624094312E+00  3.445031624094312E+00  1.033509487228294E+01  3.428368700042483E-13  3.000000000000099E+00  4.764914321851884E+02  3.341719737798723E+00  4.798331519229871E+02  4.493916010385550E+20  3.151663769282334E+18
  0.000000000000000E+00  1.917031671397666E+00 -6.015284669357089E-01  5.140952778237856E+00  1.031083353374250E+01  3.436944511247396E+00  3.436944511247396E+00  1.031083353374219E+01  3.108624468950438E-13  3.000000000000090E+00  4.830167676465475E+02  3.113890774329616E+00  4.861306584208771E+02  4.552553139143376E+20  2.934919482960360E+18
  0.000000000000000E+00  1.920107416870052E+00 -5.977825053340129E-01  5.147727944439177E+00  1.028823014243934E+01  3.429410047479620E+00  3.429410047479620E+00  1.028823014243886E+01  4.796163466380676E-13  3.000000000000140E+00  4.897276042442630E+02  2.910514619420963E+00  4.926381188636840E+02  4.612609465919924E+20  2.741333583790265E+18
  0.000000000000000E+00  1.923183177113276E+00 -5.940365558604344E-01  5.154547532032904E+00  1.026709561590162E+01  3.422365205300307E+00  3.422365205300307E+00  1.026709561590092E+01  6.981082378842984E-13  3.000000000000204E+00  4.966976707701232E+02  2.731712371989500E+00  4.994293831421127E+02  4.674745587535370E+20  2.570992599496971E+18
  0.000000000000000E+00  1.926258950868854E+00 -5.902906174817976E-01  5.161411337034269E+00  1.024724087165715E+01  3.415746957218779E+00  3.415746957218779E+00  1.024724087165634E+01  8.117950756059145E-13  3.000000000000238E+00  5.040051831750839E+02  2.577605132625218E+00  5.065827883077091E+02  4.739660363728103E+20  2.423977627270129E+18
  0.000000000000000E+00  1.929372281174279E+00 -5.864989526267905E-01  5.168403734791210E+00  1.022826964313118E+01  3.409423214376748E+00  3.409423214376748E+00  1.022826964313025E+01  9.361400543639320E-13  3.000000000000275E+00  5.116544406509856E+02  2.444059808868456E+00  5.140985004598540E+02  4.807348241911773E+20  2.296363657147586E+18
  0.000000000000000E+00  1.932485611479704E+00 -5.827072877717836E-01  5.175440946199213E+00  1.021020972974924E+01  3.403403243249349E+00  3.403403243249349E+00  1.021020972974805E+01  1.190159082398168E-12  3.000000000000350E+00  5.194805702183730E+02  2.344398222215909E+00  5.218249684405889E+02  4.876355893000584E+20  2.200682901698700E+18
  0.000000000000000E+00  1.935598941785129E+00 -5.789156229167765E-01  5.182522699774120E+00  1.019280209444953E+01  3.397600698149365E+00  3.397600698149365E+00  1.019280209444810E+01  1.431743612556602E-12  3.000000000000422E+00  5.275440726864167E+02  2.278786285842511E+00  5.298228589722592E+02  4.947279840893874E+20  2.137033479732690E+18
  0.000000000000000E+00  1.938712272090554E+00 -5.751239580617694E-01  5.189648702715334E+00  1.017578770017026E+01  3.391929233389574E+00  3.391929233389574E+00  1.017578770016872E+01  1.538325022920617E-12  3.000000000000453E+00  5.359095117837940E+02  2.247389912923012E+00  5.381569016967169E+02  5.020754684013084E+20  2.105503482211788E+18
  0.000000000000000E+00  1.941843100531365E+00 -5.713110201727699E-01  5.196859034107410E+00  1.015876780910862E+01  3.386255936369094E+00  3.386255936369094E+00  1.015876780910728E+01  1.337596700068389E-12  3.000000000000395E+00  5.445896702994797E+02  2.264114834557461E+00  5.468537851340371E+02  5.096906373978638E+20  2.119023176721194E+18
  0.000000000000000E+00  1.944973940153357E+00 -5.674980914642939E-01  5.204113461355243E+00  1.014147752534434E+01  3.380492508447811E+00  3.380492508447811E+00  1.014147752534343E+01  9.041656312547275E-13  3.000000000000267E+00  5.533797180177664E+02  2.326375068647497E+00  5.557060930864139E+02  5.173852359888814E+20  2.175056429972361E+18
  0.000000000000000E+00  1.948104752395222E+00 -5.636851402746962E-01  5.211411589198875E+00  1.012357385176444E+01  3.374524617254648E+00  3.374524617254648E+00  1.012357385176395E+01  4.884981308350689E-13  3.000000000000145E+00  5.623475408559566E+02  2.434390259549272E+00  5.647819311155058E+02  5.252216778191715E+20  2.273673206858790E+18
  0.000000000000000E+00  1.951235498695655E+00 -5.598721349423308E-01  5.218753001153825E+00  1.010471379125591E+01  3.368237930418532E+00  3.368237930418532E+00  1.010471379125560E+01  3.161915174132446E-13  3.000000000000094E+00  5.715658795544872E+02  2.588380040545780E+00  5.741542595950330E+02  5.332666072714835E+20  2.414938840693149E+18
  0.000000000000000E+00  1.954364966251290E+00 -5.560605936224803E-01  5.226134387037591E+00  1.008455961761559E+01  3.361519872538427E+00  3.361519872538427E+00  1.008455961761528E+01  3.126388037344441E-13  3.000000000000093E+00  5.810707534611090E+02  2.792444176461922E+00  5.838631976375709E+02  5.415491380992875E+20  2.602515662586249E+18
  0.000000000000000E+00  1.957494433806924E+00 -5.522490523026296E-01  5.233558230864171E+00  1.006266325847064E+01  3.354221086156792E+00  3.354221086156792E+00  1.006266325847038E+01  2.611244553918368E-13  3.000000000000078E+00  5.906480938401038E+02  3.061986954544645E+00  5.937100807946484E+02  5.498658711798099E+20  2.850567269853408E+18
  0.000000000000000E+00  1.960623901362559E+00 -5.484375109827792E-01  5.241024074695234E+00  1.003853917967976E+01  3.346179726559854E+00  3.346179726559854E+00  1.003853917967956E+01  1.953992523340276E-13  3.000000000000059E+00  6.003564307610321E+02  3.397319348414161E+00  6.037537501094463E+02  5.582717241952414E+20  3.159168842210615E+18
  0.000000000000000E+00  1.963753368918193E+00 -5.446259696629285E-01  5.248531436670794E+00  1.001170184710169E+01  3.337233949033843E+00  3.337233949033843E+00  1.001170184710153E+01  1.545430450278218E-13  3.000000000000046E+00  6.102588093409385E+02  3.798752331690806E+00  6.140575616726293E+02  5.668256378932214E+20  3.528388579813257E+18
  0.000000000000000E+00  1.966866037449886E+00 -5.408348887481627E-01  5.256039182509646E+00  9.981627674009642E+00  3.327209224669824E+00  3.327209224669824E+00  9.981627674009474E+00  1.687538997430238E-13  3.000000000000051E+00  6.201439047746342E+02  4.328306601412910E+00  6.244722113760471E+02  5.753432284503155E+20  4.015619398347066E+18
  0.000000000000000E+00  1.969978705981579E+00 -5.370438078333967E-01  5.263586979808007E+00  9.947253858071182E+00  3.315751286023648E+00  3.315751286023648E+00  9.947253858070946E+00  2.362554596402333E-13  3.000000000000071E+00  6.299663018306503E+02  4.972707691355170E+00  6.349390095220054E+02  5.837915748787297E+20  4.608222449537004E+18
  0.000000000000000E+00  1.973091374513271E+00 -5.332527269186307E-01  5.271174283105960E+00  9.907742684751565E+00  3.302580894917087E+00  3.302580894917087E+00  9.907742684751261E+00  3.037570195374428E-13  3.000000000000092E+00  6.398985548494882E+02  5.732492138703258E+00  6.456310469881914E+02  5.923376032934366E+20  5.306420257718247E+18
  0.000000000000000E+00  1.976204043044964E+00 -5.294616460038648E-01  5.278800523027670E+00  9.862256439516072E+00  3.287418813171912E+00  3.287418813171912E+00  9.862256439515738E+00  3.339550858072471E-13  3.000000000000102E+00  6.501262836557353E+02  6.608196480642551E+00  6.567344801363778E+02  6.011600262452115E+20  6.110479870769558E+18
  0.000000000000000E+00  1.979287863735024E+00 -5.257057060529107E-01  5.286393892539635E+00  9.810797240322369E+00  3.270265746774027E+00  3.270265746774027E+00  9.810797240322081E+00  2.877698079828406E-13  3.000000000000088E+00  6.599075134695725E+02  7.621699477013606E+00  6.675292129465861E+02  6.095978912672874E+20  7.040641050792810E+18
  0.000000000000000E+00  1.982371689666312E+00 -5.219497704052750E-01  5.294024300880736E+00  9.749001697569058E+00  3.249667232522953E+00  3.249667232522953E+00  9.749001697568861E+00  1.971756091734278E-13  3.000000000000060E+00  6.686987541753921E+02  9.465928019113564E+00  6.781646821945055E+02  6.171708897710543E+20  8.736512789334068E+18
  0.000000000000000E+00  1.985455520348162E+00 -5.181938386581111E-01  5.301691124174749E+00  9.670839477756097E+00  3.223613159251997E+00  3.223613159251997E+00  9.670839477755992E+00  1.048050535246148E-13  3.000000000000033E+00  6.767438631340061E+02  1.214474442055448E+01  6.888886075545605E+02  6.241241306013379E+20  1.120043854960394E+19
  0.000000000000000E+00  1.988539355289910E+00 -5.144379104085708E-01  5.309393715484198E+00  9.570280247383437E+00  3.190093415794459E+00  3.190093415794459E+00  9.570280247383378E+00  5.861977570020827E-14  3.000000000000019E+00  6.843066283423806E+02  1.566201100463176E+01  6.999686393470123E+02  6.307205706437090E+20  1.443556456876366E+19
  0.000000000000000E+00  1.991510611624051E+00 -5.107761292024088E-01  5.316888849791879E+00  9.453185215758277E+00  3.151061738586067E+00  3.151061738586067E+00  9.453185215758204E+00  7.283063041541027E-14  3.000000000000024E+00  6.401841450311041E+02  1.746647560178307E+01  6.576506206328871E+02  5.898260638131411E+20  1.609252998976948E+19
  0.000000000000000E+00  1.994440363255261E+00 -5.070806852878148E-01  5.324392661959117E+00  9.326143757215631E+00  3.108714585738504E+00  3.108714585738504E+00  9.326143757215513E+00  1.172395514004165E-13  3.000000000000038E+00  5.976919453027635E+02  1.853701553145070E+01  6.162289608342143E+02  5.505641882226902E+20  1.707537969743719E+19
  0.000000000000000E+00  1.997329363265391E+00 -5.033532547526921E-01  5.331905689683908E+00  9.194353088634442E+00  3.064784362878094E+00  3.064784362878094E+00  9.194353088634283E+00  1.580957587066223E-13  3.000000000000052E+00  5.575838858895221E+02  1.887076879823357E+01  5.764546546877557E+02  5.135725138036046E+20  1.738125583319975E+19
  0.000000000000000E+00  2.000178364736292E+00 -4.995955136849433E-01  5.339428391056351E+00  9.063010426893657E+00  3.021003475631157E+00  3.021003475631157E+00  9.063010426893474E+00  1.829647544582258E-13  3.000000000000061E+00  5.204173121050502E+02  1.846472195497131E+01  5.388820340600214E+02  4.793188739737635E+20  1.700652443689064E+19
  0.000000000000000E+00  2.002874245748877E+00 -4.959625251088500E-01  5.346655236775881E+00  8.945828349032436E+00  2.981942783010758E+00  2.981942783010758E+00  8.945828349032276E+00  1.598721155460225E-13  3.000000000000054E+00  4.869514720819261E+02  1.654798307212162E+01  5.034994551540477E+02  4.484526773581517E+20  1.523968555191427E+19
  0.000000000000000E+00  2.005539956550776E+00 -4.923071992895895E-01  5.353896184791196E+00  8.839074183990903E+00  2.946358061330263E+00  2.946358061330263E+00  8.839074183990789E+00  1.136868377216160E-13  3.000000000000039E+00  4.660697744243246E+02  1.540310647414957E+01  4.814728808984742E+02  4.291501945255418E+20  1.418295393183070E+19
  0.000000000000000E+00  2.008185842035437E+00 -4.886373384277236E-01  5.361157819391254E+00  8.737532561504423E+00  2.912510853834769E+00  2.912510853834770E+00  8.737532561504310E+00  1.136868377216160E-13  3.000000000000039E+00  4.570772096975975E+02  1.503425031525405E+01  4.721114600128516E+02  4.207956351535341E+20  1.384087146819257E+19
  0.000000000000000E+00  2.010822247096304E+00 -4.849607447238141E-01  5.368446174556806E+00  8.635988111308357E+00  2.878662703769379E+00  2.878662703769379E+00  8.635988111308139E+00  2.184918912462308E-13  3.000000000000076E+00  4.592095358117642E+02  1.544506209072173E+01  4.746545979024859E+02  4.227058502468702E+20  1.421729644972015E+19
  0.000000000000000E+00  2.013381601436123E+00 -4.813785848392633E-01  5.375565823994060E+00  8.529988670066111E+00  2.843329556688587E+00  2.843329556688587E+00  8.529988670065762E+00  3.481659405224491E-13  3.000000000000123E+00  4.533683735789901E+02  1.691031941710491E+01  4.702786929960951E+02  4.172833041900596E+20  1.556437187176098E+19
  0.000000000000000E+00  2.015925930888888E+00 -4.777856374911901E-01  5.382706959068683E+00  8.419339765355712E+00  2.806446588451769E+00  2.806446588451769E+00  8.419339765355309E+00  4.032330025438569E-13  3.000000000000143E+00  4.398799469113069E+02  1.691613917852661E+01  4.567960860898335E+02  4.048091662990433E+20  1.556744799562019E+19
  0.000000000000000E+00  2.018447415597831E+00 -4.741767537331750E-01  5.389864769334074E+00  8.313543896801555E+00  2.771181298933714E+00  2.771181298933715E+00  8.313543896801143E+00  4.121147867408581E-13  3.000000000000148E+00  4.166108475353582E+02  1.545636700786283E+01  4.320672145432210E+02  3.833414943529874E+20  1.422206565459024E+19
  0.000000000000000E+00  2.020938235706184E+00 -4.705467846187982E-01  5.397034836311009E+00  8.222103564028036E+00  2.740701188009211E+00  2.740701188009211E+00  8.222103564027636E+00  3.996802888650564E-13  3.000000000000146E+00  3.818185638932190E+02  1.252466816243571E+01  3.943432320556547E+02  3.512956945313656E+20  1.152343656640073E+19
  0.000000000000000E+00  2.023353507477709E+00 -4.670074646591279E-01  5.404037437204833E+00  8.131747995329079E+00  2.710582665109565E+00  2.710582665109565E+00  8.131747995328695E+00  3.836930773104541E-13  3.000000000000141E+00  4.048614305026910E+02  1.583482452858612E+01  4.206962550312771E+02  3.725019682265862E+20  1.456919049092218E+19
  0.000000000000000E+00  2.025773320043665E+00 -4.634711495257561E-01  5.411071024224027E+00  8.026970396306325E+00  2.675656798768650E+00  2.675656798768650E+00  8.026970396305952E+00  3.730349362740526E-13  3.000000000000139E+00  4.062878281364219E+02  1.714207443189250E+01  4.234299025683143E+02  3.738515549067913E+20  1.577352491726410E+19
  0.000000000000000E+00  2.028179145011372E+00 -4.599254971220542E-01  5.418124464768277E+00  7.920417900459183E+00  2.640139300152920E+00  2.640139300152920E+00  7.920417900458760E+00  4.227729277772596E-13  3.000000000000160E+00  3.862761629536419E+02  1.643888032059330E+01  4.027150432742351E+02  3.554788467060601E+20  1.512822891482634E+19
  0.000000000000000E+00  2.030552453988148E+00 -4.563581653513932E-01  5.425187565909193E+00  7.824737641287061E+00  2.608245880428828E+00  2.608245880428828E+00  7.824737641286486E+00  5.746514375459810E-13  3.000000000000220E+00  3.446600404318482E+02  1.371619537529523E+01  3.583762358071435E+02  3.172013017680338E+20  1.262343909348157E+19
  0.000000000000000E+00  2.032843516343924E+00 -4.528670227140202E-01  5.432085999070731E+00  7.740907678026240E+00  2.580302559341863E+00  2.580302559341863E+00  7.740907678025591E+00  6.492584248007915E-13  3.000000000000252E+00  3.521674406584709E+02  1.393311259675539E+01  3.661005532552263E+02  3.241343284795695E+20  1.282401373260202E+19
  0.000000000000000E+00  2.035134578699700E+00 -4.493758800766471E-01  5.439010909132333E+00  7.652100012076966E+00  2.550700004025475E+00  2.550700004025475E+00  7.652100012076428E+00  5.373479439185758E-13  3.000000000000211E+00  3.579150775107584E+02  1.537953048391024E+01  3.732946079946686E+02  3.294846990084369E+20  1.415788350584344E+19
  0.000000000000000E+00  2.037425641055477E+00 -4.458847374392740E-01  5.445961780882643E+00  7.550819064810103E+00  2.516939688269910E+00  2.516939688269910E+00  7.550819064809732E+00  3.712585794346523E-13  3.000000000000147E+00  3.636323788547310E+02  1.805959985181482E+01  3.816919787065459E+02  3.348434847476273E+20  1.662981543770942E+19
  0.000000000000000E+00  2.039716703411252E+00 -4.423935948019010E-01  5.452938085206945E+00  7.429569257596519E+00  2.476523085865411E+00  2.476523085865411E+00  7.429569257596233E+00  2.859934511434403E-13  3.000000000000115E+00  3.712519249301314E+02  2.197747151552447E+01  3.932293964456558E+02  3.419902049643539E+20  2.024522833008062E+19
  0.000000000000000E+00  2.041922685368612E+00 -4.389838828876019E-01  5.459735543473006E+00  7.310536656450665E+00  2.436845552150114E+00  2.436845552150114E+00  7.310536656450344E+00  3.215205879314453E-13  3.000000000000132E+00  3.286557513951204E+02  1.843095201088090E+01  3.470867034060013E+02  3.028368063790508E+20  1.698303048648120E+19
  0.000000000000000E+00  2.044092544222420E+00 -4.355508713458717E-01  5.466538618476461E+00  7.209749920444068E+00  2.403249973481222E+00  2.403249973481222E+00  7.209749920443667E+00  4.005684672847565E-13  3.000000000000167E+00  3.020922844949699E+02  1.584425048310963E+01  3.179365349780795E+02  2.783864854498589E+20  1.460091976183378E+19
  0.000000000000000E+00  2.046238697637869E+00 -4.321027682802130E-01  5.473353971725063E+00  7.121488496017014E+00  2.373829498672179E+00  2.373829498672179E+00  7.121488496016539E+00  4.742872761198669E-13  3.000000000000199E+00  2.898310838182189E+02  1.422232705999649E+01  3.040534108782153E+02  2.670943653150796E+20  1.310661151091640E+19
  0.000000000000000E+00  2.048373563280156E+00 -4.286477817941279E-01  5.480187627085590E+00  7.040031829609785E+00  2.346677276536429E+00  2.346677276536429E+00  7.040031829609290E+00  4.956035581926699E-13  3.000000000000211E+00  2.902144325746272E+02  1.356888906568786E+01  3.037833216403151E+02  2.674679101928777E+20  1.250538220942985E+19
  0.000000000000000E+00  2.050459021301635E+00 -4.252750999016344E-01  5.486883336155747E+00  6.951075629891574E+00  2.317025209963762E+00  2.317025209963762E+00  6.951075629891286E+00  2.877698079828406E-13  3.000000000000124E+00  2.995006404137207E+02  1.694181930090590E+01  3.164424597146266E+02  2.760839084585265E+20  1.561720763779016E+19
  0.000000000000000E+00  2.052540881141342E+00 -4.219001254104793E-01  5.493599658010227E+00  6.850169909966442E+00  2.283389969988860E+00  2.283389969988860E+00  6.850169909966580E+00 -1.376676550535194E-13  2.999999999999940E+00  2.950453187083799E+02  1.775796722260452E+01  3.128032859309844E+02  2.720556301335018E+20  1.637428102159049E+19
  0.000000000000000E+00  2.054606306302548E+00 -4.185152235405475E-01  5.500329868464226E+00  6.752040799606502E+00  2.250680266535687E+00  2.250680266535687E+00  6.752040799607062E+00 -5.604405828307790E-13  2.999999999999751E+00  2.759770167685874E+02  1.600893168960365E+01  2.919859484581910E+02  2.545431915936981E+20  1.476559393963647E+19
  0.000000000000000E+00  2.056642460288526E+00 -4.151127595117243E-01  5.507067878775108E+00  6.671414428583870E+00  2.223804809528206E+00  2.223804809528206E+00  6.671414428584617E+00 -7.469580509678053E-13  2.999999999999664E+00  2.412623836384850E+02  1.168559450317394E+01  2.529479781416589E+02  2.225618258068620E+20  1.077982903527179E+19
  0.000000000000000E+00  2.058612156576153E+00 -4.117794273326646E-01  5.513659699831139E+00  6.604781010167722E+00  2.201593670056111E+00  2.201593670056111E+00  6.604781010168335E+00 -6.128431095930864E-13  2.999999999999722E+00  2.480603298573192E+02  1.231450222828072E+01  2.603748320855999E+02  2.288811786100180E+20  1.136238827718151E+19
  0.000000000000000E+00  2.060581852863778E+00 -4.084460951536050E-01  5.520272468995163E+00  6.531807358442596E+00  2.177269119480972E+00  2.177269119480972E+00  6.531807358442918E+00 -3.215205879314453E-13  2.999999999999853E+00  2.531147148087030E+02  1.397846498797743E+01  2.670931797966804E+02  2.336454309570583E+20  1.290325802947684E+19
  0.000000000000000E+00  2.062551549151405E+00 -4.051127629745454E-01  5.526905705230484E+00  6.446719386313602E+00  2.148906462104545E+00  2.148906462104545E+00  6.446719386313633E+00 -3.197442310920451E-14  2.999999999999985E+00  2.585806963049045E+02  1.668044759882961E+01  2.752611439037341E+02  2.388305856857283E+20  1.540641326462782E+19
  0.000000000000000E+00  2.064521245439031E+00 -4.017794307954858E-01  5.533558917314822E+00  6.343743006685854E+00  2.114581002228584E+00  2.114581002228584E+00  6.343743006685754E+00  9.947598300641403E-14  3.000000000000047E+00  2.669512569104182E+02  2.042341487740371E+01  2.873746717878219E+02  2.467277336371017E+20  1.887619082281769E+19
  0.000000000000000E+00  2.066424247986688E+00 -3.985133412856547E-01  5.540064626122363E+00  6.247792724417168E+00  2.082597574805683E+00  2.082597574805683E+00  6.247792724417049E+00  1.181277298201167E-13  3.000000000000057E+00  2.313625099856973E+02  1.521135886631445E+01  2.465738688520118E+02  2.139285098887521E+20  1.406512807911219E+19
  0.000000000000000E+00  2.068296122044825E+00 -3.952291671348909E-01  5.546575643296088E+00  6.174415143641307E+00  2.058138381213718E+00  2.058138381213718E+00  6.174415143641157E+00  1.501021529293212E-13  3.000000000000073E+00  2.120888765203100E+02  1.214977821559382E+01  2.242386547359039E+02  1.961299765819983E+20  1.123555254757877E+19
  0.000000000000000E+00  2.070150348601694E+00 -3.919348199081297E-01  5.553098133618401E+00  6.111870754619842E+00  2.037290251539892E+00  2.037290251539892E+00  6.111870754619677E+00  1.652011860642233E-13  3.000000000000081E+00  2.077391143485938E+02  1.124601532675909E+01  2.189851296753529E+02  1.921149638878000E+20  1.040019755141790E+19
  0.000000000000000E+00  2.072000408645549E+00 -3.886382111703067E-01  5.559637590830119E+00  6.048420047614353E+00  2.016140015871406E+00  2.016140015871406E+00  6.048420047614220E+00  1.332267629550188E-13  3.000000000000066E+00  2.164724842759576E+02  1.250630301422538E+01  2.289787872901830E+02  2.002324736957735E+20  1.156806601865834E+19
  0.000000000000000E+00  2.073820715829485E+00 -3.854095900131408E-01  5.566069889314244E+00  5.967579874553219E+00  1.989193291517710E+00  1.989193291517710E+00  5.967579874553132E+00  8.704148513061227E-14  3.000000000000044E+00  2.285440792944949E+02  1.723727415744690E+01  2.457813534519418E+02  2.114865839194733E+20  1.595076205384627E+19
  0.000000000000000E+00  2.075638318502949E+00 -3.821793450723362E-01  5.572518381282949E+00  5.872513936002006E+00  1.957504645333976E+00  1.957504645333976E+00  5.872513936001930E+00  7.638334409421077E-14  3.000000000000039E+00  2.247964556468470E+02  1.788815340360009E+01  2.426846090504471E+02  2.081107557860574E+20  1.656039065975533E+19
  0.000000000000000E+00  2.077437046864735E+00 -3.789387757211141E-01  5.578975872433792E+00  5.784928833114855E+00  1.928309611038257E+00  1.928309611038257E+00  5.784928833114773E+00  8.260059303211165E-14  3.000000000000043E+00  2.025704145830969E+02  1.444728545548643E+01  2.170177000385833E+02  1.875984269016133E+20  1.337948599268931E+19
  0.000000000000000E+00  2.079200731113640E+00 -3.756791813326959E-01  5.585435954965639E+00  5.726531167045908E+00  1.908843722348606E+00  1.908843722348606E+00  5.726531167045819E+00  8.970602038971265E-14  3.000000000000047E+00  1.591740504978718E+02  6.901982398143134E+00  1.660760328960149E+02  1.474260439266456E+20  6.392574399073857E+18
  0.000000000000000E+00  2.080901394127341E+00 -3.724825647421260E-01  5.591754929481186E+00  5.688711814219305E+00  1.896237271406415E+00  1.896237271406415E+00  5.688711814219246E+00  5.861977570020827E-14  3.000000000000031E+00  1.661697599387517E+02  7.841269178406938E+00  1.740110291171586E+02  1.539297577545354E+20  7.263684232108018E+18
  0.000000000000000E+00  2.082602057141044E+00 -3.692859481515560E-01  5.598090342277168E+00  5.644138595972344E+00  1.881379531990786E+00  1.881379531990786E+00  5.644138595972358E+00 -1.421085471520200E-14  2.999999999999992E+00  1.719143575751363E+02  9.527141424563952E+00  1.814414989997002E+02  1.593266926199603E+20  8.829558826318340E+18
  0.000000000000000E+00  2.084302720154746E+00 -3.660893315609861E-01  5.604441747057164E+00  5.588961256327126E+00  1.862987085442412E+00  1.862987085442412E+00  5.588961256327236E+00 -1.101341240428155E-13  2.999999999999941E+00  1.780739447112385E+02  1.196142439402088E+01  1.900353691052593E+02  1.651440295394941E+20  1.109290764948131E+19
  0.000000000000000E+00  2.086003383168448E+00 -3.628927149704162E-01  5.610808690108589E+00  5.519329539305754E+00  1.839776513101986E+00  1.839776513101986E+00  5.519329539305960E+00 -2.060573933704291E-13  2.999999999999889E+00  1.866871300925618E+02  1.514594334418428E+01  2.018330734367461E+02  1.732552980754493E+20  1.405621762694325E+19
  0.000000000000000E+00  2.087656912897829E+00 -3.597517575130155E-01  5.617060052005824E+00  5.453202774820663E+00  1.817734258273613E+00  1.817734258273613E+00  5.453202774820840E+00 -1.767475055203249E-13  2.999999999999903E+00  1.648859967869082E+02  1.121931105577446E+01  1.761053078426827E+02  1.531026288047959E+20  1.041753726508183E+19
  0.000000000000000E+00  2.089287281794094E+00 -3.565986333958822E-01  5.623317565248700E+00  5.403824801535626E+00  1.801274933845209E+00  1.801274933845209E+00  5.403824801535629E+00 -3.552713678800501E-15  2.999999999999998E+00  1.504027233178165E+02  8.536134883712986E+00  1.589388582015295E+02  1.396890489155961E+20  7.928078275560448E+18
  0.000000000000000E+00  2.090900782753367E+00 -3.534367655869110E-01  5.629583621578066E+00  5.364883745469712E+00  1.788294581823174E+00  1.788294581823174E+00  5.364883745469522E+00  1.909583602355269E-13  3.000000000000107E+00  1.429829126809666E+02  7.099788729924033E+00  1.500827014108906E+02  1.328038556546647E+20  6.594349632331694E+18
  0.000000000000000E+00  2.092503708671768E+00 -3.502695770539968E-01  5.635860305375376E+00  5.330067732641997E+00  1.776689244213904E+00  1.776689244213904E+00  5.330067732641712E+00  2.842170943040401E-13  3.000000000000160E+00  1.423080946279341E+02  6.913299512368940E+00  1.492213941403030E+02  1.321658016250345E+20  6.420588894223365E+18
  0.000000000000000E+00  2.094077419517789E+00 -3.471524190320716E-01  5.642047583601365E+00  5.291991914141204E+00  1.763997304713661E+00  1.763997304713661E+00  5.291991914140985E+00  2.184918912462308E-13  3.000000000000123E+00  1.478926157352889E+02  8.569940806256577E+00  1.564625565415455E+02  1.373845756944597E+20  7.961030884067730E+18
  0.000000000000000E+00  2.095651130363810E+00 -3.440352610101464E-01  5.648248318784287E+00  5.243888390020047E+00  1.747962796673321E+00  1.747962796673321E+00  5.243888390019964E+00  8.348877145181177E-14  3.000000000000048E+00  1.514325064347336E+02  1.097316150328130E+01  1.624056679380149E+02  1.407797924522958E+20  1.020124037663777E+19
  0.000000000000000E+00  2.097224841209830E+00 -3.409181029882212E-01  5.654462076525765E+00  5.182071937030524E+00  1.727357312343516E+00  1.727357312343516E+00  5.182071937030549E+00 -2.486899575160351E-14  2.999999999999986E+00  1.565945724343856E+02  1.412463792340323E+01  1.707192103577889E+02  1.457229795275545E+20  1.314403360824428E+19
  0.000000000000000E+00  2.098798552055851E+00 -3.378009449662960E-01  5.660688416578982E+00  5.102857331924632E+00  1.700952443974881E+00  1.700952443974881E+00  5.102857331924644E+00 -1.154631945610163E-14  2.999999999999993E+00  1.679213891278753E+02  1.802604638658408E+01  1.859474355144594E+02  1.564086977732993E+20  1.679018054799233E+19
  0.000000000000000E+00  2.100305972702636E+00 -3.347397616316794E-01  5.666775009273413E+00  5.048836797737354E+00  1.682945599245777E+00  1.682945599245777E+00  5.048836797737331E+00  2.309263891220326E-14  3.000000000000014E+00  1.124066294816122E+02  5.440111526980187E+00  1.178467410085924E+02  1.047345128988976E+20  5.068806293023422E+18
  0.000000000000000E+00  2.101769680594434E+00 -3.316571322820603E-01  5.672859956336840E+00  5.039631004966186E+00  1.679877001655401E+00  1.679877001655401E+00  5.039631004966203E+00 -1.776356839400250E-14  2.999999999999990E+00  8.465598814144094E+01 -5.212801873261331E-01  8.413470795411482E+01  7.885488964830144E+19 -4.855591736614092E+17
  0.000000000000000E+00  2.103215548401454E+00 -3.285657554846705E-01  5.678952091889703E+00  5.043182653635566E+00  1.681060884545198E+00  1.681060884545198E+00  5.043182653635593E+00 -2.753353101070388E-14  2.999999999999983E+00  8.757106387045789E+01  1.566230431311625E-01  8.772768691358905E+01  8.153063422585450E+19  1.458195832787508E+17
  0.000000000000000E+00  2.104669448793907E+00 -3.254783298067417E-01  5.685059028279841E+00  5.027434443769931E+00  1.675811481256613E+00  1.675811481256613E+00  5.027434443769841E+00  8.970602038971265E-14  3.000000000000053E+00  1.207320265143251E+02  7.487569169714419E+00  1.282195956840395E+02  1.123762267733143E+20  6.969358465103435E+18
  0.000000000000000E+00  2.106116081915724E+00 -3.224402734039289E-01  5.691096132230577E+00  4.984299448262325E+00  1.661433149420712E+00  1.661433149420712E+00  4.984299448262138E+00  1.865174681370263E-13  3.000000000000112E+00  1.282718712124637E+02  1.019429136198593E+01  1.384661625744496E+02  1.193790217844496E+20  9.487540168208716E+18
  0.000000000000000E+00  2.107557459835992E+00 -3.193996710690832E-01  5.697142672702424E+00  4.935168284193971E+00  1.645056094731283E+00  1.645056094731283E+00  4.935168284193850E+00  1.207922650792170E-13  3.000000000000074E+00  1.274388837171748E+02  1.002468155282593E+01  1.374635652700008E+02  1.185545064877430E+20  9.325812809453308E+18
  0.000000000000000E+00  2.108984034946903E+00 -3.163521984815468E-01  5.703195485677135E+00  4.893710409739630E+00  1.631236803246543E+00  1.631236803246543E+00  4.893710409739630E+00  0.000000000000000E+00  3.000000000000000E+00  1.144519903879495E+02  6.972458228775666E+00  1.214244486167251E+02  1.063965519019958E+20  6.481717891561769E+18
  0.000000000000000E+00  2.110386259640653E+00 -3.132935313206613E-01  5.709251851425925E+00  4.873595283074057E+00  1.624531761024712E+00  1.624531761024712E+00  4.873595283074136E+00 -7.904787935331115E-14  2.999999999999951E+00  8.634786093506125E+01  1.031273381338624E+00  8.737913431639987E+01  8.018737605027584E+19  9.576972208058683E+17
  0.000000000000000E+00  2.111749600378940E+00 -3.102798307412893E-01  5.715211705097672E+00  4.864843741282311E+00  1.621614580427459E+00  1.621614580427459E+00  4.864843741282378E+00 -6.750155989720952E-14  2.999999999999958E+00  9.328282025369523E+01  2.783780693164898E+00  9.606660094686013E+01  8.655443527344726E+19  2.582989720580072E+18
  0.000000000000000E+00  2.113112941117228E+00 -3.072661301619175E-01  5.721181815018661E+00  4.847151367836819E+00  1.615717122612278E+00  1.615717122612278E+00  4.847151367836835E+00 -1.598721155460225E-14  2.999999999999990E+00  9.953756664119101E+01  4.875928300062615E+00  1.044134949412536E+02  9.232853400760508E+19  4.522787999166106E+18
  0.000000000000000E+00  2.114476281855515E+00 -3.042524295825455E-01  5.727161781040349E+00  4.818948456928032E+00  1.606316152309329E+00  1.606316152309329E+00  4.818948456927987E+00  4.440892098500626E-14  3.000000000000028E+00  1.062945065429481E+02  7.308369212488677E+00  1.136028757554368E+02  9.859496365136660E+19  6.778980591672847E+18
  0.000000000000000E+00  2.115839622593802E+00 -3.012387290031736E-01  5.733151198872638E+00  4.778665302746388E+00  1.592888434248774E+00  1.592888434248774E+00  4.778665302746322E+00  6.661338147750939E-14  3.000000000000041E+00  1.151609458339302E+02  1.008175644090016E+01  1.252427022748304E+02  1.068275718453135E+20  9.352211834646915E+18
  0.000000000000000E+00  2.117169856181660E+00 -2.982685034110281E-01  5.739050348784446E+00  4.740248126722184E+00  1.580082708907320E+00  1.580082708907320E+00  4.740248126721962E+00  2.220446049250313E-13  3.000000000000141E+00  9.935261964203218E+01  6.799468856540344E+00  1.061520884985725E+02  9.213090497424821E+19  6.305231018108515E+18
  0.000000000000000E+00  2.118479271400024E+00 -2.952889653168698E-01  5.744953225348241E+00  4.715880616681232E+00  1.571960205560218E+00  1.571960205560218E+00  4.715880616680654E+00  5.773159728050814E-13  3.000000000000367E+00  8.643651543153342E+01  3.940338836195725E+00  9.037685426772916E+01  8.006983785130833E+19  3.650104242613932E+18
  0.000000000000000E+00  2.119770105476223E+00 -2.923012989074714E-01  5.750860369895616E+00  4.703612204146371E+00  1.567870734715147E+00  1.567870734715147E+00  4.703612204145441E+00  9.308109838457312E-13  3.000000000000594E+00  7.487481355847422E+01  1.505205682381578E+00  7.638001924085579E+01  6.924998142725364E+19  1.392129884473331E+18
  0.000000000000000E+00  2.121044595637589E+00 -2.893066883696059E-01  5.756772216411204E+00  4.701492320640445E+00  1.567164106879785E+00  1.567164106879785E+00  4.701492320639355E+00  1.089794920972054E-12  3.000000000000695E+00  6.407154979169873E+01 -5.052361360083788E-01  6.356631365569036E+01  5.914207632350142E+19 -4.663647783508104E+17
  0.000000000000000E+00  2.122293245293911E+00 -2.863525660119646E-01  5.762604836231414E+00  4.700637243826414E+00  1.566879081275179E+00  1.566879081275179E+00  4.700637243825537E+00  8.766321002440236E-13  3.000000000000560E+00  7.070305696281719E+01  9.653523052704930E-01  7.166840926808767E+01  6.516894479222707E+19  8.897916694083941E+17
  0.000000000000000E+00  2.123541894950234E+00 -2.833984436543233E-01  5.768445718410958E+00  4.692109749209839E+00  1.564036583069808E+00  1.564036583069808E+00  4.692109749209425E+00  4.147793219999585E-13  3.000000000000265E+00  7.581965263827571E+01  2.912444304956967E+00  7.873209694323268E+01  6.984561972322619E+19  2.682965040206576E+18
  0.000000000000000E+00  2.124790544606558E+00 -2.804443212966820E-01  5.774294481163787E+00  4.673778554360197E+00  1.557926184786747E+00  1.557926184786747E+00  4.673778554360242E+00 -4.440892098500626E-14  2.999999999999971E+00  8.217353203645726E+01  5.336877366925980E+00  8.751040940338325E+01  7.568200248131217E+19  4.915275711246697E+18
  0.000000000000000E+00  2.126039194262880E+00 -2.774901989390406E-01  5.780150739516593E+00  4.643512376846963E+00  1.547837458949072E+00  1.547837458949072E+00  4.643512376847217E+00 -2.540190280342358E-13  2.999999999999836E+00  9.380059226989982E+01  8.239488995052017E+00  1.020400812649518E+02  8.635389136481832E+19  7.585367217437696E+18
  0.000000000000000E+00  2.127244819844362E+00 -2.745760639260346E-01  5.785911789707721E+00  4.629309223976716E+00  1.543103074649731E+00  1.543103074649731E+00  4.629309223949193E+00  2.752287286966748E-11  3.000000000017836E+00  5.356113653435772E+01 -9.559047271840116E-01  5.260523180717371E+01  4.924842648438057E+19 -8.789358615009115E+17
  0.000000000000000E+00  2.128417878381300E+00 -2.716485042592172E-01  5.791673342792004E+00  4.644515489947905E+00  1.548171829953088E+00  1.548171829953088E+00  4.644515489859264E+00  8.864020628607250E-11  3.000000000057255E+00  3.250051345826110E+01 -5.106091947143669E+00  2.739442151111743E+01  2.982349660986198E+19 -4.685511078797288E+18
  0.000000000000000E+00  2.129576250566552E+00 -2.687149105237258E-01  5.797439466856083E+00  4.666866969719841E+00  1.555622323190020E+00  1.555622323190020E+00  4.666866969570061E+00  1.497797441629700E-10  3.000000000096283E+00  3.425935269276893E+01 -4.203102156134392E+00  3.005625053663453E+01  3.136306444222479E+19 -3.847771584076671E+18
  0.000000000000000E+00  2.130737817092975E+00 -2.657826733046971E-01  5.803213422944342E+00  4.674099458251839E+00  1.558033152691405E+00  1.558033152691405E+00  4.674099458074215E+00  1.776241376205689E-10  3.000000000114005E+00  5.895199031646685E+01  1.761225440367650E+00  6.071321575683450E+01  5.384447595796355E+19  1.608635439980057E+18
  0.000000000000000E+00  2.131895841438458E+00 -2.628813865036476E-01  5.808940549278543E+00  4.663138244843696E+00  1.554379414897920E+00  1.554379414897920E+00  4.663138244693759E+00  1.499369517432569E-10  3.000000000096461E+00  6.612626053559255E+01  3.316846925585454E+00  6.944310746117800E+01  6.028683686047071E+19  3.023945522918148E+18
  0.000000000000000E+00  2.133053865783941E+00 -2.599800997025980E-01  5.814673898595995E+00  4.644811077169795E+00  1.548270359026962E+00  1.548270359026962E+00  4.644811077080886E+00  8.890843616882194E-11  3.000000000057425E+00  7.218377811240605E+01  5.147496369182110E+00  7.733127448158815E+01  6.571700991293920E+19  4.686344754545623E+18
  0.000000000000000E+00  2.134211890129424E+00 -2.570788129015485E-01  5.820413103529368E+00  4.617928126337364E+00  1.539309375436503E+00  1.539309375436503E+00  4.617928126309509E+00  2.785505159863533E-11  3.000000000018096E+00  7.923872205992596E+01  7.253618954316488E+00  8.649234101424244E+01  7.205761110863133E+19  6.596250420912241E+18
  0.000000000000000E+00  2.135369914474908E+00 -2.541775261004989E-01  5.826157794417748E+00  4.581299563453628E+00  1.527099854484513E+00  1.527099854484513E+00  4.581299563453539E+00  8.881784197001252E-14  3.000000000000058E+00  9.042736530144394E+01  9.635659864147506E+00  1.000630251655914E+02  8.214693220902332E+19  8.753322570116866E+18
  0.000000000000000E+00  2.136484893103478E+00 -2.513134381317521E-01  5.831811140386298E+00  4.562005749341380E+00  1.520668583113794E+00  1.520668583113794E+00  4.562005749341383E+00 -2.664535259100376E-15  2.999999999999998E+00  4.605024941091776E+01  2.108989798883160E-01  4.626114839080607E+01  4.172641087675219E+19  1.910968474846397E+17
  0.000000000000000E+00  2.137564116905762E+00 -2.484354899120300E-01  5.837464252601350E+00  4.572419712645571E+00  1.524139904215253E+00  1.524139904215253E+00  4.572419712645759E+00 -1.882938249764265E-13  2.999999999999877E+00  2.218916483594034E+01 -4.256185538078982E+00  1.793297929786135E+01  2.001509398186797E+19 -3.839168989854773E+18
  0.000000000000000E+00  2.138627204526869E+00 -2.455513106972708E-01  5.843120656565503E+00  4.591312623059559E+00  1.530437541019980E+00  1.530437541019980E+00  4.591312623059941E+00 -3.819167204710538E-13  2.999999999999750E+00  2.366483302261177E+01 -3.758337751665120E+00  1.990649527094665E+01  2.124428766198429E+19 -3.373918094033404E+18
  0.000000000000000E+00  2.139693774611906E+00 -2.426685297434122E-01  5.848783006948588E+00  4.597455650276704E+00  1.532485216759068E+00  1.532485216759068E+00  4.597455650277205E+00 -5.018208071305708E-13  2.999999999999672E+00  4.777689209924753E+01  1.711669642603943E+00  4.948856174185148E+01  4.274741803824595E+19  1.531482156766706E+18
  0.000000000000000E+00  2.140770447388101E+00 -2.398181796081970E-01  5.854403716873000E+00  4.568610367311236E+00  1.522870122437226E+00  1.522870122437226E+00  4.568610367311679E+00 -4.432010314303625E-13  2.999999999999710E+00  8.138111957320422E+01  1.079719903083859E+01  9.217831860404281E+01  7.258812571432065E+19  9.630593001464584E+18
  0.000000000000000E+00  2.141854322257862E+00 -2.369704212623452E-01  5.860029808489190E+00  4.515633028639709E+00  1.505211009546649E+00  1.505211009546649E+00  4.515633028639948E+00 -2.398081733190338E-13  2.999999999999841E+00  1.086140926026309E+02  1.312762259324461E+01  1.217417151958755E+02  9.631395592501083E+19  1.164096880569356E+19
  0.000000000000000E+00  2.142922574023920E+00 -2.341170245481344E-01  5.865657486102816E+00  4.467128311040788E+00  1.489042770346936E+00  1.489042770346936E+00  4.467128311040810E+00 -2.220446049250313E-14  2.999999999999985E+00  9.388280824128333E+01  8.692651225535121E+00  1.025754594668184E+02  8.247062751295567E+19  7.635992305201469E+18
  0.000000000000000E+00  2.143952377489009E+00 -2.312497593078422E-01  5.871283956756578E+00  4.451700891293146E+00  1.483900297097688E+00  1.483900297097688E+00  4.451700891293066E+00  7.993605777301127E-14  3.000000000000054E+00  5.804844683819142E+00 -2.520430232527992E+00  3.284414451291151E+00  5.028900074288649E+18 -2.183519538245458E+18
  0.000000000000000E+00  2.144940238927914E+00 -2.284161567594067E-01  5.876826697971617E+00  4.475467162458652E+00  1.491822387486203E+00  1.491822387486203E+00  4.475467162458608E+00  4.352074256530614E-14  3.000000000000029E+00  1.764443803311251E+01 -8.713151425337852E+00  8.931286607774661E+00  1.510835440745157E+19 -7.460786197483349E+18
  0.000000000000000E+00  2.145928100366817E+00 -2.255825542109712E-01  5.882373806906988E+00  4.522537730881875E+00  1.507512576960636E+00  1.507512576960636E+00  4.522537730881909E+00 -3.375077994860476E-14  2.999999999999978E+00  1.782574288183044E+01 -1.373626380971506E+01  4.089479072115375E+00  1.521297985840762E+19 -1.172290580270676E+19
  0.000000000000000E+00  2.146915961805722E+00 -2.227489516625356E-01  5.887924946970871E+00  4.588027450730773E+00  1.529342483576961E+00  1.529342483576961E+00  4.588027450730883E+00 -1.101341240428155E-13  2.999999999999928E+00  7.921055699296741E+00 -1.758814424836325E+01 -9.667088549066511E+00  6.786207740254491E+18 -1.506829457663732E+19
  0.000000000000000E+00  2.147903823244626E+00 -2.199153491141001E-01  5.893479780088427E+00  4.667051176173310E+00  1.555683725391150E+00  1.555683725391150E+00  4.667051176173450E+00 -1.403321903126198E-13  2.999999999999910E+00  5.307122274201698E-01 -2.026716960398530E+01 -1.973645737656513E+01  4.591173008241995E+17 -1.753305788555185E+19
  0.000000000000000E+00  2.148893074446375E+00 -2.171063206303301E-01  5.898996673052745E+00  4.723106644334849E+00  1.574368881444990E+00  1.574368881444990E+00  4.723106644334972E+00 -1.225686219186173E-13  2.999999999999922E+00  1.398145861712214E+00 -8.237742798251674E+00 -6.839596936539459E+00  1.222945529981674E+18 -7.205479062050997E+18
  0.000000000000000E+00  2.149886467049001E+00 -2.142986335830318E-01  5.904516872095410E+00  4.745609955809782E+00  1.581869985269956E+00  1.581869985269956E+00  4.745609955809869E+00 -8.615330671091215E-14  2.999999999999945E+00  9.158291250664047E-01 -3.986919553482263E+00 -3.071090428415859E+00  8.085770028210012E+17 -3.520014132340886E+18
  0.000000000000000E+00  2.150863433647298E+00 -2.114854335581903E-01  5.910037840274064E+00  4.766627198322059E+00  1.588875732774036E+00  1.588875732774036E+00  4.766627198322109E+00 -4.973799150320701E-14  2.999999999999968E+00  8.827690804032792E-02 -7.524103070031910E+00 -7.435826161991582E+00  7.858364458595358E+16 -6.697917435138948E+18
  0.000000000000000E+00  2.151803406836058E+00 -2.086598661417908E-01  5.915557925473700E+00  4.818224459595625E+00  1.606074819865219E+00  1.606074819865219E+00  4.818224459595656E+00 -3.197442310920451E-14  2.999999999999980E+00  1.806749744469606E-02 -1.885889796641262E+01 -1.884083046896793E+01  1.620839484172477E+16 -1.691836212818450E+19
  0.000000000000000E+00  2.152705587538327E+00 -2.058643766418057E-01  5.921003762396608E+00  4.891621754740773E+00  1.630540584913608E+00  1.630540584913608E+00  4.891621754740823E+00 -5.062616992290714E-14  2.999999999999969E+00 -2.173950471576964E-03 -1.725067390008966E+01 -1.725284785056123E+01 -1.964529116065458E+15 -1.558887913573003E+19
  0.000000000000000E+00  2.153607768240594E+00 -2.030688871418206E-01  5.926452569490798E+00  4.957541192729358E+00  1.652513730909819E+00  1.652513730909819E+00  4.957541192729457E+00 -9.947598300641403E-14  2.999999999999940E+00 -2.554403470724224E-02 -1.518571924696684E+01 -1.521126328167409E+01 -2.324003612801921E+16 -1.381601097767877E+19
  0.000000000000000E+00  2.154509948942863E+00 -2.002733976418356E-01  5.931904025396514E+00  5.014136612893966E+00  1.671378870964704E+00  1.671378870964704E+00  5.014136612894113E+00 -1.465494392505207E-13  2.999999999999912E+00  8.908254262257852E-04 -1.266346171423232E+01 -1.266257088880609E+01  8.155612649106182E+14 -1.159354970093640E+19
  0.000000000000000E+00  2.155412129645130E+00 -1.974779081418505E-01  5.937357807811804E+00  5.059561854567181E+00  1.686520618189117E+00  1.686520618189117E+00  5.059561854567351E+00 -1.696420781627239E-13  2.999999999999900E+00  2.987536861713639E-01 -9.683329009073743E+00 -9.384575322902379E+00  2.750921779071777E+17 -8.916402340120079E+18
  0.000000000000000E+00  2.156315347015944E+00 -1.947039117482231E-01  5.942776586921924E+00  5.079497468652492E+00  1.693165822884219E+00  1.693165822884219E+00  5.079497468652656E+00 -1.643130076445232E-13  2.999999999999903E+00  8.600971328379793E-01 -1.311114899726631E+00 -4.510177668886517E-01  7.962037175838834E+17 -1.213717052976866E+18
  0.000000000000000E+00  2.157221157449371E+00 -1.919306665578223E-01  5.948197137944803E+00  5.078818117085665E+00  1.692939372361939E+00  1.692939372361939E+00  5.078818117085819E+00 -1.545430450278218E-13  2.999999999999909E+00  4.933523276822833E-01  5.661502323169982E-01  1.059502559999282E+00  4.590239816563711E+17  5.267564766030401E+17
  0.000000000000000E+00  2.158111670950257E+00 -1.891526694698734E-01  5.953617978082191E+00  5.083657094711232E+00  1.694552364903792E+00  1.694552364903792E+00  5.083657094711376E+00 -1.438849039914203E-13  2.999999999999915E+00 -3.307279069092069E-02 -4.059370351258057E+00 -4.092443141948977E+00 -3.092251212391691E+16 -3.795444118258401E+18
  0.000000000000000E+00  2.158968997523449E+00 -1.863644173836021E-01  5.959038377791591E+00  5.120147696373730E+00  1.706715898791290E+00  1.706715898791290E+00  5.120147696373871E+00 -1.403321903126198E-13  2.999999999999918E+00  5.872404372045299E-02 -1.519540220746439E+01 -1.513667816374394E+01  5.517008036353438E+16 -1.427578054625785E+19
  0.000000000000000E+00  2.159794006822598E+00 -1.836018862455413E-01  5.964396051270104E+00  5.177338407288831E+00  1.725779469096328E+00  1.725779469096328E+00  5.177338407288985E+00 -1.536548666081217E-13  2.999999999999911E+00  1.440209404980286E-02 -1.355601676102461E+01 -1.354161466697481E+01  1.359543245030917E+16 -1.279674396879055E+19
  0.000000000000000E+00  2.160619016121748E+00 -1.808393551074804E-01  5.969755366344059E+00  5.227158003958027E+00  1.742386001319402E+00  1.742386001319402E+00  5.227158003958206E+00 -1.794120407794253E-13  2.999999999999897E+00 -2.176116481108581E-02 -1.149004309010550E+01 -1.151180425491659E+01 -2.064132814012935E+16 -1.089876170811738E+19
  0.000000000000000E+00  2.161444025420897E+00 -1.780768239694196E-01  5.975116015780944E+00  5.267919540330513E+00  1.755973180110238E+00  1.755973180110238E+00  5.267919540330715E+00 -2.025046796916286E-13  2.999999999999885E+00 -2.491264034224144E-02 -8.996993970008536E+00 -9.021906610350776E+00 -2.374078369117522E+16 -8.573787634649521E+18
  0.000000000000000E+00  2.162269034720047E+00 -1.753142928313587E-01  5.980477691888511E+00  5.297936070355482E+00  1.765978690118563E+00  1.765978690118563E+00  5.297936070355689E+00 -2.069455717901292E-13  2.999999999999883E+00  2.088595350737303E-01 -6.076382176035603E+00 -5.867522640961872E+00  1.998967587650385E+17 -5.815626763596790E+18
  0.000000000000000E+00  2.163096569323657E+00 -1.725704481558274E-01  5.985808230231231E+00  5.302574304579463E+00  1.767524768193242E+00  1.767524768193242E+00  5.302574304579725E+00 -2.620126338115369E-13  2.999999999999852E+00  7.096926453988377E-01  2.533140399652885E+00  3.242833045051722E+00  6.821472859182066E+17  2.434821411319371E+18
  0.000000000000000E+00  2.163926904865376E+00 -1.698273524606642E-01  5.991139187659363E+00  5.287353351019188E+00  1.762451117006529E+00  1.762451117006529E+00  5.287353351019588E+00 -3.996802888650564E-13  2.999999999999774E+00  3.427806030168996E-01  4.008869399867161E+00  4.351650002884060E+00  3.309821353713951E+17  3.870884591237095E+18
  0.000000000000000E+00  2.164741804890566E+00 -1.670798348379377E-01  5.996469807619909E+00  5.280381045138139E+00  1.760127015046226E+00  1.760127015046226E+00  5.280381045138677E+00 -5.382361223382759E-13  2.999999999999694E+00 -1.036041703593726E-01 -1.657354025829774E+00 -1.760958196189147E+00 -1.005065710662118E+17 -1.607801786367600E+18
  0.000000000000000E+00  2.165523032944590E+00 -1.643227243797167E-01  6.001800085296857E+00  5.309765222399792E+00  1.769921740800130E+00  1.769921740800130E+00  5.309765222400391E+00 -5.995204332975845E-13  2.999999999999661E+00  1.393084956977803E-01 -1.447373568322715E+01 -1.433442718752937E+01  1.357681485679548E+17 -1.410590421446210E+19
  0.000000000000000E+00  2.166273335323407E+00 -1.615882890435838E-01  6.007074397640576E+00  5.362124889938887E+00  1.787374963313343E+00  1.787374963313343E+00  5.362124889940030E+00 -1.143085626154061E-12  2.999999999999361E+00  5.416604405557388E-02 -1.239909139984187E+01 -1.234492535578629E+01  5.302538659887297E+16 -1.213798471745179E+19
  0.000000000000000E+00  2.167023637702224E+00 -1.588538537074509E-01  6.012349172465569E+00  5.405944104615931E+00  1.801981368206092E+00  1.801981368206092E+00  5.405944104618277E+00 -2.345679206428031E-12  2.999999999998698E+00  3.980262971714444E-03 -1.009188430007572E+01 -1.008790403710400E+01  3.915496861509364E+15 -9.927671006783164E+18
  0.000000000000000E+00  2.167773940081041E+00 -1.561194183713180E-01  6.017624116287645E+00  5.440323985816766E+00  1.813441328606773E+00  1.813441328606773E+00  5.440323985820321E+00 -3.554490035639901E-12  2.999999999998040E+00 -1.930913294605905E-02 -7.551874315189220E+00 -7.571183448135280E+00 -1.910874567124983E+16 -7.473502100447627E+18
  0.000000000000000E+00  2.168524242459858E+00 -1.533849830351851E-01  6.022898935566186E+00  5.464365652927232E+00  1.821455217643782E+00  1.821455217643782E+00  5.464365652931349E+00 -4.116706975310080E-12  2.999999999997740E+00  1.216636295098822E-01 -4.778821376443092E+00 -4.657157746933210E+00  1.213350269226814E+17 -4.765914207107476E+18
  0.000000000000000E+00  2.169276307199037E+00 -1.506665338067815E-01  6.028145388856530E+00  5.465474482135442E+00  1.821824827379795E+00  1.821824827379795E+00  5.465474482139387E+00 -3.944400361888256E-12  2.999999999997835E+00  4.384252534768372E-01  3.034902166304096E+00  3.473327419780933E+00  4.389681881981652E+17  3.038660512222478E+18
  0.000000000000000E+00  2.170029505855484E+00 -1.479483238180181E-01  6.033391114282187E+00  5.449961782478777E+00  1.816653927494105E+00  1.816653927494105E+00  5.449961782482317E+00 -3.540279180924699E-12  2.999999999998051E+00  1.606908941708154E-01  3.822762547633165E+00  3.983453441803981E+00  1.609593106034765E+17  3.829148051250161E+18
  0.000000000000000E+00  2.170768297002332E+00 -1.452263237464206E-01  6.038636062083365E+00  5.444991633886210E+00  1.814997211296445E+00  1.814997211296445E+00  5.444991633889336E+00 -3.126388037344441E-12  2.999999999998277E+00 -1.086407163220236E-01 -2.422662468833865E+00 -2.531303185155889E+00 -1.094834696484632E+17 -2.441455670163635E+18
  0.000000000000000E+00  2.171477139212712E+00 -1.424965042695149E-01  6.043880808974017E+00  5.477728116286709E+00  1.825909372096548E+00  1.825909372096548E+00  5.477728116289645E+00 -2.936317855528614E-12  2.999999999998392E+00  1.585834426104881E-01 -1.570852651628439E+01 -1.554994307367390E+01  1.631286145716510E+17 -1.615874977476395E+19
  0.000000000000000E+00  2.172159741163620E+00 -1.397855993787668E-01  6.049079212926396E+00  5.523794155842974E+00  1.841264718613852E+00  1.841264718613852E+00  5.523794155841558E+00  1.415756401002000E-12  3.000000000000769E+00 -1.236357118735695E+00 -8.746918562965329E+00 -9.983275681701024E+00 -1.270776034314454E+18 -8.990423814830457E+18
  0.000000000000000E+00  2.172842343114527E+00 -1.370746944880188E-01  6.054276937860554E+00  5.547519377140680E+00  1.849173125709897E+00  1.849173125709897E+00  5.547519377129690E+00  1.098943158694965E-11  3.000000000005942E+00 -4.051595179715362E-01 -4.034157668290562E+00 -4.439317186262098E+00 -4.012359172799542E+17 -3.995090527781307E+18
  0.000000000000000E+00  2.173524945065435E+00 -1.343637895972707E-01  6.059473703132654E+00  5.557520323776070E+00  1.852506774585165E+00  1.852506774585165E+00  5.557520323755496E+00  2.057376491393370E-11  3.000000000011106E+00  2.938929814937869E+00 -1.572367395646308E+00  1.366562419291561E+00  2.811892507693071E+18 -1.504400709634568E+18
  0.000000000000000E+00  2.174207547016343E+00 -1.316528847065227E-01  6.064669228409796E+00  5.562413539345390E+00  1.854137846440143E+00  1.854137846440143E+00  5.562413539320429E+00  2.496136630725232E-11  3.000000000013463E+00 -1.255647146757959E-13 -1.363671308418365E+00 -1.363671308418491E+00 -1.215336537655861E+05 -1.319892750724565E+18
  0.000000000000000E+00  2.174893865864766E+00 -1.289499321136615E-01  6.069850250591386E+00  5.550389484000172E+00  1.850129828002707E+00  1.850129828002707E+00  5.550389484008123E+00 -7.951861391575221E-12  2.999999999995702E+00 -8.381850224945135E+00  7.552412699778345E+00 -8.294375251667897E-01 -8.380568454792501E+18  7.551257768955299E+18
  0.000000000000000E+00  2.175588417198332E+00 -1.262490733508759E-01  6.075028730811419E+00  5.505772516907967E+00  1.835257505662799E+00  1.835257505662799E+00  5.505772516988396E+00 -8.042899679594484E-11  2.999999999956176E+00  9.554471656693149E+00  1.574460018151133E+01  2.529907183820448E+01  9.629710903277081E+18  1.586858525342185E+19
  0.000000000000000E+00  2.176287423580991E+00 -1.235493519981570E-01  6.080204473722569E+00  5.431342043447868E+00  1.810447347866928E+00  1.810447347866928E+00  5.431342043600786E+00 -1.529176785197706E-10  2.999999999915536E+00  4.859425971989577E+01  2.321232838794602E+01  7.180658810784179E+01  4.864023149152048E+19  2.323428801580494E+19
  0.000000000000000E+00  2.176987107576696E+00 -1.208498116354962E-01  6.085377434670631E+00  5.329877468998960E+00  1.776625823061609E+00  1.776625823061609E+00  5.329877469184828E+00 -1.858673215338058E-10  2.999999999895382E+00  7.261441646681142E+01  2.995508888756286E+01  1.025695053543743E+02  7.174502505007677E+19  2.959644526783104E+19
  0.000000000000000E+00  2.177642032166945E+00 -1.181695484988593E-01  6.090496362422487E+00  5.277223026523325E+00  1.759074342226529E+00  1.759074342226529E+00  5.277223026679589E+00 -1.562634466267809E-10  2.999999999911167E+00 -1.273387277856241E+00  5.306450131958089E-01 -7.427422646604324E-01 -1.245443808550572E+18  5.190004311457928E+17
  0.000000000000000E+00  2.178244755572143E+00 -1.154766383958775E-01  6.095617824268550E+00  5.306786305044974E+00  1.768928768378705E+00  1.768928768378705E+00  5.306786305136114E+00 -9.114042853752835E-11  2.999999999948477E+00 -2.496762363976925E+01 -1.369585920480200E+01 -3.866348284457125E+01 -2.428457707085817E+19 -1.332117758619459E+19
  0.000000000000000E+00  2.178826480627260E+00 -1.127786428969655E-01  6.100739785886237E+00  5.361284731549737E+00  1.787094910525251E+00  1.787094910525251E+00  5.361284731575755E+00 -2.601829862669547E-11  2.999999999985441E+00 -1.951124139374579E+01 -1.271452669805943E+01 -3.222576809180522E+01 -1.892926868707049E+19 -1.233528340096523E+19
  0.000000000000000E+00  2.179418410167259E+00 -1.100831235725382E-01  6.105858994968192E+00  5.383435733023442E+00  1.794478577673286E+00  1.794478577673286E+00  5.383435733019859E+00  3.582911745070305E-12  3.000000000001997E+00  3.315935238836404E+00  3.485429026302182E+00  6.801364265138585E+00  3.213238777239567E+18  3.377483242573985E+18
  0.000000000000000E+00  2.180024003635462E+00 -1.073995133016783E-01  6.110958741757618E+00  5.362105226476866E+00  1.787368408824617E+00  1.787368408824617E+00  5.362105226473852E+00  3.014477556462225E-12  3.000000000001687E+00  1.203563028374708E+01  7.707654531481506E+00  1.974328481522859E+01  1.163729848062280E+19  7.452561623590333E+18
  0.000000000000000E+00  2.180629597103665E+00 -1.047159030308185E-01  6.116055901596565E+00  5.326960322766148E+00  1.775653440921488E+00  1.775653440921488E+00  5.326960322764466E+00  1.682209926912037E-12  3.000000000000947E+00  2.188250448346258E+01  1.085529097049371E+01  3.273779545395629E+01  2.107918198562223E+19  1.045678542174397E+19
  0.000000000000000E+00  2.181235190571868E+00 -1.020322927599586E-01  6.121150211809105E+00  5.282039390534019E+00  1.760679796844622E+00  1.760679796844622E+00  5.282039390533868E+00  1.518785097687214E-13  3.000000000000086E+00  3.121851694404938E+01  1.292744110100547E+01  4.414595804505485E+01  2.994740521758209E+19  1.240107971086790E+19
  0.000000000000000E+00  2.181840784040071E+00 -9.934868248909880E-02  6.126241410604501E+00  5.231380798423217E+00  1.743793599474743E+00  1.743793599474743E+00  5.231380798424230E+00 -1.012523398458143E-12  2.999999999999420E+00  3.990274242051593E+01  1.392320768068369E+01  5.382595010119961E+01  3.814639656526368E+19  1.331036839650426E+19
  0.000000000000000E+00  2.182425113584704E+00 -9.667752675680331E-02  6.131300458482393E+00  5.201944924111180E+00  1.733981641370834E+00  1.733981641370834E+00  5.201944924112502E+00 -1.322497666933486E-12  2.999999999999237E+00  8.483606413729662E+00  2.898383770984931E+00  1.138199018471459E+01  8.090306959326076E+18  2.764014883487305E+18
  0.000000000000000E+00  2.182983584248437E+00 -9.400074489157433E-02  6.136359557261792E+00  5.202220851658263E+00  1.734073617219747E+00  1.734073617219747E+00  5.202220851659241E+00 -9.787726185095380E-13  2.999999999999436E+00 -5.423252806807689E+00 -2.030215875630226E+00 -7.453468682437915E+00 -5.161232486804738E+18 -1.932127545183977E+18
  0.000000000000000E+00  2.183530173862110E+00 -9.132139270155518E-02  6.141417245176756E+00  5.209490037854565E+00  1.736496679285001E+00  1.736496679285001E+00  5.209490037855005E+00 -4.405364961712621E-13  2.999999999999746E+00 -2.655353726977199E+00 -8.577795317496898E-01 -3.513133258726889E+00 -2.522711242059681E+18 -8.149309999526903E+17
  0.000000000000000E+00  2.184078860256565E+00 -8.864252599488927E-02  6.146471527352629E+00  5.201033939490194E+00  1.733677979830117E+00  1.733677979830117E+00  5.201033939490353E+00 -1.589839371263224E-13  2.999999999999908E+00  1.644756214081229E+01  6.420344910271272E+00  2.286790705108357E+01  1.560297891400167E+19  6.090659843564706E+18
  0.000000000000000E+00  2.184631770885588E+00 -8.597208529726585E-02  6.151508034654447E+00  5.172375588060665E+00  1.724125196020286E+00  1.724125196020286E+00  5.172375588060858E+00 -1.936228954946273E-13  2.999999999999888E+00  2.554283406699142E+01  8.976599883692156E+00  3.451943395068358E+01  2.419626319614048E+19  8.503370175079501E+18
  0.000000000000000E+00  2.185184681514611E+00 -8.330164459964245E-02  6.156540860788064E+00  5.134787260562812E+00  1.711595753521026E+00  1.711595753521026E+00  5.134787260563077E+00 -2.646771690706373E-13  2.999999999999845E+00  3.469523664668996E+01  1.123838270993281E+01  4.593361935662277E+01  3.281413691246705E+19  1.062906221605554E+19
  0.000000000000000E+00  2.185737592143635E+00 -8.063120390201906E-02  6.161569755123693E+00  5.089366067453948E+00  1.696455355818095E+00  1.696455355818095E+00  5.089366067454284E+00 -3.357314426466473E-13  2.999999999999802E+00  4.412383117077012E+01  1.320546887924708E+01  5.732930005001720E+01  4.166015626321170E+19  1.246813530106276E+19
  0.000000000000000E+00  2.186290502772658E+00 -7.796076320439564E-02  6.166594468218388E+00  5.037209119191382E+00  1.679069706397248E+00  1.679069706397248E+00  5.037209119191746E+00 -3.641531520770513E-13  2.999999999999783E+00  5.446117745432359E+01  1.487763388188814E+01  6.933881133621173E+01  5.132652504521042E+19  1.402131359889613E+19
  0.000000000000000E+00  2.186820398250025E+00 -7.530177473947783E-02  6.171588983591897E+00  5.006517227075438E+00  1.668839075691912E+00  1.668839075691912E+00  5.006517227075737E+00 -2.984279490192421E-13  2.999999999999821E+00  1.654648145038749E+01  2.744120568230498E+00  1.929060201861799E+01  1.556149798549108E+19  2.580767809911848E+18
  0.000000000000000E+00  2.187319720038139E+00 -7.263674146866091E-02  6.176584339828022E+00  5.009843902235414E+00  1.669947967411859E+00  1.669947967411859E+00  5.009843902235577E+00 -1.625366508051229E-13  2.999999999999902E+00 -5.115867084327566E+00 -3.581365462517331E+00 -8.697232546844896E+00 -4.799836787705416E+18 -3.360128285949745E+18
  0.000000000000000E+00  2.187802090813467E+00 -6.996842309197776E-02  6.181578627762622E+00  5.025769247504628E+00  1.675256415834885E+00  1.675256415834885E+00  5.025769247504655E+00 -2.753353101070388E-14  2.999999999999983E+00 -8.906093635217767E+00 -4.094762763921306E+00 -1.300085639913907E+01 -8.335424727516015E+18 -3.832385801641856E+18
  0.000000000000000E+00  2.188281133252476E+00 -6.729957930946126E-02  6.186569430571588E+00  5.032873365716393E+00  1.677624455238786E+00  1.677624455238786E+00  5.032873365716360E+00  3.286260152890463E-14  3.000000000000020E+00  5.257570832956914E+00  1.207360936764291E+00  6.464931769721206E+00  4.909449923036063E+18  1.127417631906734E+18
  0.000000000000000E+00  2.188761766127723E+00 -6.463851436602137E-02  6.191542168958992E+00  5.024236743720699E+00  1.674745581240232E+00  1.674745581240232E+00  5.024236743720696E+00  2.664535259100376E-15  3.000000000000002E+00  1.434470824519858E+01  3.495815901358986E+00  1.784052414655757E+01  1.336959520063383E+19  3.258180138501765E+18
  0.000000000000000E+00  2.189242399002969E+00 -6.197744942258145E-02  6.196510595193588E+00  5.007201924845414E+00  1.669067308281826E+00  1.669067308281826E+00  5.007201924845479E+00 -6.483702463810914E-14  2.999999999999961E+00  2.321560806880425E+01  5.782881142570411E+00  2.899848921137466E+01  2.160332484472490E+19  5.381270199390352E+18
  0.000000000000000E+00  2.189723031878216E+00 -5.931638447914154E-02  6.201474469918970E+00  4.981777700714002E+00  1.660592566904711E+00  1.660592566904711E+00  4.981777700714132E+00 -1.305622276959184E-13  2.999999999999921E+00  3.229034214676345E+01  8.068555083208304E+00  4.035889722997175E+01  3.000343062663201E+19  7.497112653557443E+18
  0.000000000000000E+00  2.190203664753463E+00 -5.665531953570165E-02  6.206433555114182E+00  4.947972862949923E+00  1.649324287650028E+00  1.649324287650028E+00  4.947972862950085E+00 -1.616484723854228E-13  2.999999999999902E+00  4.217690233654732E+01  1.035283614608266E+01  5.252973848262998E+01  3.912752834236120E+19  9.604330031099943E+18
  0.000000000000000E+00  2.190672381580186E+00 -5.400120043586641E-02  6.211373281188601E+00  4.920039295628498E+00  1.640013098542886E+00  1.640013098542886E+00  4.920039295628660E+00 -1.625366508051229E-13  2.999999999999901E+00  2.698586770743892E+01  5.277494631424547E+00  3.226336233886347E+01  2.498521254062843E+19  4.886236250680927E+18
  0.000000000000000E+00  2.191123786971062E+00 -5.134403850146939E-02  6.216311427740591E+00  4.906777190959591E+00  1.635592396986583E+00  1.635592396986583E+00  4.906777190959750E+00 -1.589839371263224E-13  2.999999999999903E+00  1.756869269318082E+01  2.331373487129029E+00  1.990006618030985E+01  1.622686231383930E+19  2.153311987320604E+18
  0.000000000000000E+00  2.191562904050115E+00 -4.868477429098311E-02  6.221247077775369E+00  4.900393894252053E+00  1.633464631417403E+00  1.633464631417403E+00  4.900393894252209E+00 -1.563194018672220E-13  2.999999999999905E+00  1.443249064836577E+01  1.515931903121171E+00  1.594842255148694E+01  1.329422694136475E+19  1.396373172085153E+18
  0.000000000000000E+00  2.191994755941369E+00 -4.602434836288009E-02  6.226179131748765E+00  4.893096750814738E+00  1.631032250271631E+00  1.631032250271631E+00  4.893096750814894E+00 -1.554312234475219E-13  2.999999999999905E+00  1.778184922269676E+01  2.832457621151657E+00  2.061430684384842E+01  1.633326532812122E+19  2.601713763148919E+18
  0.000000000000000E+00  2.192423778038588E+00 -4.336904943685008E-02  6.231096436125395E+00  4.879266052134403E+00  1.626422017378170E+00  1.626422017378170E+00  4.879266052134511E+00 -1.083577672034153E-13  2.999999999999934E+00  2.684923462660268E+01  4.772652903365562E+00  3.162188752996824E+01  2.459977863112912E+19  4.372795222612433E+18
  0.000000000000000E+00  2.192852800135806E+00 -4.071375051082006E-02  6.236008498047656E+00  4.858144010221192E+00  1.619381336740400E+00  1.619381336740400E+00  4.858144010221199E+00 -7.105427357601002E-15  2.999999999999996E+00  3.535729799908734E+01  6.833419699950211E+00  4.219071769903754E+01  3.232621698775556E+19  6.247609984074460E+18
  0.000000000000000E+00  2.193281822233025E+00 -3.805845158479004E-02  6.240915089244822E+00  4.829293812387572E+00  1.609764604129158E+00  1.609764604129158E+00  4.829293812387476E+00  9.592326932761353E-14  3.000000000000060E+00  4.398245119718003E+01  9.014828333228861E+00  5.299727953040889E+01  4.013064378016821E+19  8.225345671579358E+18
  0.000000000000000E+00  2.193710844330244E+00 -3.540315265876003E-02  6.245815983007900E+00  4.792278645946004E+00  1.597426215315287E+00  1.597426215315287E+00  4.792278645945863E+00  1.412203687323199E-13  3.000000000000088E+00  5.397648076347613E+01  1.131694912552436E+01  6.529342988900048E+01  4.914014102331162E+19  1.030294061628066E+19
  0.000000000000000E+00  2.194131131265126E+00 -3.275323821672041E-02  6.250700565823204E+00  4.758640772105652E+00  1.586213590701852E+00  1.586213590701852E+00  4.758640772105555E+00  9.681144774731365E-14  3.000000000000061E+00  4.542927932703986E+01  7.302184856173257E+00  5.273146418321313E+01  4.125449929005131E+19  6.631141511098500E+18
  0.000000000000000E+00  2.194535424425512E+00 -3.010078270742807E-02  6.255583015200565E+00  4.738386510547286E+00  1.579462170182427E+00  1.579462170182427E+00  4.738386510547282E+00  4.440892098500626E-15  3.000000000000003E+00  3.524547632406955E+01  3.955006051310762E+00  3.920048237538031E+01  3.190422552006647E+19  3.580073761354598E+18
  0.000000000000000E+00  2.194922710196103E+00 -2.744580250744106E-02  6.260463461124337E+00  4.729085496521701E+00  1.576361832173930E+00  1.576361832173929E+00  4.729085496521789E+00 -8.792966355031240E-14  2.999999999999944E+00  2.274798094066103E+01  1.275554999508217E+00  2.402353594016924E+01  2.049749087942783E+19  1.149362531858552E+18
  0.000000000000000E+00  2.195291974961604E+00 -2.478831399331740E-02  6.265342069117673E+00  4.728307365279686E+00  1.576102455093272E+00  1.576102455093272E+00  4.728307365279816E+00 -1.305622276959184E-13  2.999999999999917E+00  6.710222047334087E+00 -7.358845308225183E-01  5.974337516511569E+00  6.006230907582814E+18 -6.586805000282029E+17
  0.000000000000000E+00  2.195651110091127E+00 -2.213534803651587E-02  6.270206419976413E+00  4.734852792056232E+00  1.578284264018796E+00  1.578284264018796E+00  4.734852792056389E+00 -1.580957587066223E-13  2.999999999999900E+00  1.705441284022767E+01 -2.857384518420497E+00  1.419702832180718E+01  1.517467122381323E+19 -2.542442887553912E+18
  0.000000000000000E+00  2.196010245220650E+00 -1.948238207971435E-02  6.275064995867923E+00  4.748882692996475E+00  1.582960897665564E+00  1.582960897665564E+00  4.748882692996692E+00 -2.167155344068306E-13  2.999999999999863E+00  1.727906448734933E+01 -4.867144155446219E+00  1.241192033190311E+01  1.534753935436671E+19 -4.323074696768251E+18
  0.000000000000000E+00  2.196369380350173E+00 -1.682941612291282E-02  6.279917578108144E+00  4.769989656842215E+00  1.589996552280830E+00  1.589996552280830E+00  4.769989656842490E+00 -2.744471316873387E-13  2.999999999999827E+00  7.997097793145529E+00 -6.765108279431011E+00  1.231989513714518E+00  7.122502909312978E+18 -6.025248740032238E+18
  0.000000000000000E+00  2.196728515479697E+00 -1.417645016611129E-02  1.578642501630382E-03  4.797766272335251E+00  1.599255424111850E+00  1.599255424111850E+00  4.797766272335549E+00 -2.975397705995420E-13  2.999999999999814E+00  8.172706685645075E-01 -8.551221727905869E+00 -7.733951059341361E+00  7.333213341593539E+17 -7.672847646930364E+18
  0.000000000000000E+00  2.197085841135389E+00 -1.152690427093136E-02  6.412368698594980E-03  4.818497380487644E+00  1.606165793495949E+00  1.606165793495949E+00  4.818497380487846E+00 -2.025046796916286E-13  2.999999999999874E+00  5.759039984692662E-01 -3.921386798129820E+00 -3.345482799660554E+00  5.214577911293762E+17 -3.550657233413528E+18
  0.000000000000000E+00  2.197432350643110E+00 -8.875817327971412E-03  1.124252809658396E-02  4.833439521576000E+00  1.611146507192003E+00  1.611146507192003E+00  4.833439521576008E+00 -7.993605777301127E-15  2.999999999999995E+00 -3.038991030019344E-01 -5.351635035986864E+00 -5.655534138988799E+00 -2.773782600847612E+17 -4.884605450386063E+18
  0.000000000000000E+00  2.197755706488161E+00 -6.222006372951621E-03  1.607170471869949E-02  4.864509859387427E+00  1.621503286462422E+00  1.621503286462422E+00  4.864509859387268E+00  1.589839371263224E-13  3.000000000000098E+00 -1.623883428968839E-01 -1.284478735301109E+01 -1.300717569590797E+01 -1.493444652558889E+17 -1.181302711968161E+19
  0.000000000000000E+00  2.198043571155841E+00 -3.564288441592174E-03  2.090290883668722E-02  4.933625557709031E+00  1.644541852569621E+00  1.644541852569621E+00  4.933625557708863E+00  1.678657213233237E-13  3.000000000000103E+00  6.178463487289383E-01 -2.640212047370354E+01 -2.578427412497460E+01  5.726620590855210E+17 -2.447128271583957E+19
  0.000000000000000E+00  2.198322620805178E+00 -9.080257294933920E-04  2.572583981223390E-02  5.005843059684794E+00  1.668614353228237E+00  1.668614353228237E+00  5.005843059684711E+00  8.260059303211165E-14  3.000000000000050E+00  1.637639285977506E-01 -1.416873759529517E+01 -1.400497366669742E+01  1.528444968670089E+17 -1.322399619706797E+19
  0.000000000000000E+00  2.198622241372617E+00  1.746054640690877E-03  3.053756772089244E-02  5.040139605219199E+00  1.680046535073056E+00  1.680046535073056E+00  5.040139605219167E+00  3.197442310920451E-14  3.000000000000019E+00  3.465635141689309E+00 -5.404732399678671E+00 -1.939097257989363E+00  3.252390372237922E+18 -5.072172604029172E+18
  0.000000000000000E+00  2.198933438713569E+00  4.398875282450245E-03  3.533960834037562E-02  5.049054749676057E+00  1.683018249892015E+00  1.683018249892015E+00  5.049054749676047E+00  1.065814103640150E-14  3.000000000000007E+00  5.816539728291475E+00 -1.119801197287428E-01  5.704559608562732E+00  5.487891504785669E+18 -1.056529786558787E+17
  0.000000000000000E+00  2.199247218683444E+00  7.051358809274321E-03  4.013378946268843E-02  5.045128048419175E+00  1.681709349473056E+00  1.681709349473056E+00  5.045128048419167E+00  7.105427357601002E-15  3.000000000000004E+00 -3.660847807394003E-16  1.708631970254917E+00  1.708631970254916E+00 -3.476334832904403E+02  1.622514004219016E+18
  0.000000000000000E+00  2.199564676308322E+00  9.705369730541005E-03  4.492313257115929E-02  5.018767424688714E+00  1.672922474896229E+00  1.672922474896229E+00  5.018767424688689E+00  2.486899575160351E-14  3.000000000000015E+00  2.916553121641430E+00  1.192739975331854E+01  1.484395287495997E+01  2.786494179819245E+18  1.139551676476740E+19
  0.000000000000000E+00  2.199882549291689E+00  1.235939952869807E-02  4.970489405748101E-02  4.965895497985475E+00  1.655298499328469E+00  1.655298499328469E+00  4.965895497985407E+00  6.750155989720952E-14  3.000000000000040E+00  2.954927938760974E+01  1.639073131336646E+01  4.594001070097619E+01  2.831730241730247E+19  1.570736427623226E+19
  0.000000000000000E+00  2.200185973251951E+00  1.501497012537172E-02  5.448308281263586E-02  4.907310710334731E+00  1.635770236778207E+00  1.635770236778207E+00  4.907310710334622E+00  1.092459456231154E-13  3.000000000000067E+00  4.684140893533612E+01  1.509623887228864E+01  6.193764780762476E+01  4.485673542754329E+19  1.445661026080719E+19
  0.000000000000000E+00  2.200460083807514E+00  1.767360344218817E-02  5.926220610103269E-02  4.863811503761760E+00  1.621270501253876E+00  1.621270501253876E+00  4.863811503761630E+00  1.296740492762183E-13  3.000000000000080E+00  2.386489971517731E+01  8.039003735792637E+00  3.190390345096994E+01  2.273612967978646E+19  7.658772239341515E+18
  0.000000000000000E+00  2.200714324207241E+00  2.033157125751517E-02  6.403497418768259E-02  4.831599835315756E+00  1.610533278438540E+00  1.610533278438540E+00  4.831599835315621E+00  1.350031197944190E-13  3.000000000000084E+00  3.367377287688930E+01  9.833241076876988E+00  4.350701395376628E+01  3.185585135467852E+19  9.302381031817697E+18
  0.000000000000000E+00  2.200968564606968E+00  2.298953907284217E-02  6.880042950794728E-02  4.792824991837077E+00  1.597608330612311E+00  1.597608330612311E+00  4.792824991836934E+00  1.429967255717202E-13  3.000000000000090E+00  4.292201379978782E+01  1.168115878802493E+01  5.460317258781275E+01  4.035623532229563E+19  1.098288619647585E+19
  0.000000000000000E+00  2.201222805006695E+00  2.564750688816917E-02  7.355837291925503E-02  4.747294904281278E+00  1.582431634760380E+00  1.582431634760380E+00  4.747294904281142E+00  1.358912982141192E-13  3.000000000000086E+00  5.172206169755008E+01  1.358277532798440E+01  6.530483702553448E+01  4.835630360193801E+19  1.269889068532699E+19
  0.000000000000000E+00  2.201477045406421E+00  2.830547470349616E-02  7.830860726668916E-02  4.694817503603918E+00  1.564939167867936E+00  1.564939167867936E+00  4.694817503603809E+00  1.092459456231154E-13  3.000000000000070E+00  6.068545639765319E+01  1.553810915550315E+01  7.622356555315633E+01  5.642070033945772E+19  1.444614661476502E+19
  0.000000000000000E+00  2.201731586683460E+00  3.096658805435142E-02  8.305654491165164E-02  4.637023370961043E+00  1.545674456986955E+00  1.545674456986955E+00  4.637023370960867E+00  1.767475055203249E-13  3.000000000000115E+00  6.884424862979772E+01  1.651195630002793E+01  8.535620492982565E+01  6.367556331378112E+19  1.527227240826820E+19
  0.000000000000000E+00  2.201986127960498E+00  3.362770140520668E-02  8.779636590962099E-02  4.575473826529183E+00  1.525157942176269E+00  1.525157942176269E+00  4.575473826528807E+00  3.765876499528531E-13  3.000000000000247E+00  7.548204225236363E+01  1.762315968373736E+01  9.310520193610100E+01  6.949973110036179E+19  1.622644039046426E+19
  0.000000000000000E+00  2.202240669237537E+00  3.628881475606193E-02  9.252787864188626E-02  4.509674038961001E+00  1.503224679653471E+00  1.503224679653471E+00  4.509674038960414E+00  5.870859354217828E-13  3.000000000000391E+00  8.282609122463936E+01  1.887176686227528E+01  1.016978580869146E+02  7.592237007789716E+19  1.729876717054625E+19
  0.000000000000000E+00  2.202495210514575E+00  3.894992810691719E-02  9.725089364877963E-02  4.439129176909158E+00  1.479709725636158E+00  1.479709725636158E+00  4.439129176908473E+00  6.847855615887966E-13  3.000000000000463E+00  9.420989054847760E+01  2.025782539128541E+01  1.144677159397630E+02  8.592743915134530E+19  1.847686106537340E+19
  0.000000000000000E+00  2.202747516254620E+00  4.194777625924228E-02  1.025674780469985E-01  4.401396064490410E+00  1.467132021496830E+00  1.467132021496830E+00  4.401396064490489E+00 -7.904787935331115E-14  2.999999999999946E+00  3.372205341770029E+01 -1.451889137012630E-01  3.357686450399903E+01  3.062444191435867E+19 -1.318522748059980E+17
  0.000000000000000E+00  2.202950953328641E+00  4.494965656938945E-02  1.078900543590387E-01  4.427913946640381E+00  1.475971315547284E+00  1.475971315547284E+00  4.427913946641853E+00 -1.472599819862808E-12  2.999999999999002E+00  6.757610311998749E+00 -1.139179056669455E+01 -4.634180254695798E+00  6.132411843763216E+18 -1.033784846528165E+19
  0.000000000000000E+00  2.203134744312103E+00  4.795315657920242E-02  1.132094650821617E-01  4.481500665305841E+00  1.493833555102666E+00  1.493833555102666E+00  4.481500665308000E+00 -2.159161738291004E-12  2.999999999998555E+00  3.083605493771687E+00 -1.348064057731973E+01 -1.039703508354804E+01  2.806225741243203E+18 -1.226801569556524E+19
  0.000000000000000E+00  2.203328111780469E+00  5.095586383052486E-02  1.185154889056139E-01  4.524974062433569E+00  1.508324687478121E+00  1.508324687478121E+00  4.524974062434364E+00 -7.958078640513122E-13  2.999999999999472E+00  1.564407695833479E+00 -6.411492589957399E+00 -4.847084894123920E+00  1.432653560539985E+18 -5.871517835051567E+18
  0.000000000000000E+00  2.203561643282234E+00  5.416927810873364E-02  1.241764374021097E-01  4.524047018479791E+00  1.508015672826602E+00  1.508015672826602E+00  4.524047018479807E+00 -1.687538997430238E-14  2.999999999999988E+00  3.462620226800878E+00  5.421502456904757E+00  8.884122683705636E+00  3.196351836003317E+18  5.004600041868970E+18
  0.000000000000000E+00  2.203797814617407E+00  5.738270061526465E-02  1.298240447813421E-01  4.490158297797424E+00  1.496719432599890E+00  1.496719432599890E+00  4.490158297799671E+00 -2.247091401841317E-12  2.999999999998499E+00  2.287494482510422E+00  8.758344180121766E+00  1.104583866263219E+01  2.126326206832911E+18  8.141264121528026E+18
  0.000000000000000E+00  2.204007808021627E+00  6.059750866294041E-02  1.354673032849355E-01  4.460238037508190E+00  1.486746012504476E+00  1.486746012504476E+00  4.460238037513428E+00 -5.238476319391339E-12  2.999999999996477E+00  3.474762962045252E-01  3.596839557145762E+00  3.944315853350287E+00  3.249823120148730E+17  3.363997049570712E+18
  0.000000000000000E+00  2.204162805730534E+00  6.381507956458345E-02  1.411163077230818E-01  4.471216374733810E+00  1.490405458246849E+00  1.490405458246849E+00  4.471216374740546E+00 -6.735945135005750E-12  2.999999999995480E+00  1.125895288808028E-02 -1.006788923355836E+01 -1.005663028067028E+01  1.058819273262175E+16 -9.468087545553218E+18
  0.000000000000000E+00  2.204280968631098E+00  6.704183569538297E-02  1.467789009328546E-01  4.504025174138614E+00  1.501341724716668E+00  1.501341724716668E+00  4.504025174150003E+00 -1.138911187581471E-11  2.999999999992414E+00  4.082800813858372E-03 -5.078338077856634E+00 -5.074255277042775E+00  3.853722224812689E+15 -4.793401688693682E+18
  0.000000000000000E+00  2.204399131531662E+00  7.026859182618246E-02  1.524296252815122E-01  4.516099481020309E+00  1.505366493680995E+00  1.505366493680995E+00  4.516099481042984E+00 -2.267519505494420E-11  2.999999999984937E+00  1.940584456793914E-02 -5.440127579869576E-01 -5.246069134190184E-01  1.832385125945456E+16 -5.136807535327633E+17
  0.000000000000000E+00  2.204517294432227E+00  7.349534795698198E-02  1.580681583376013E-01  4.509423550146963E+00  1.503141183394518E+00  1.503141183394518E+00  4.509423550183555E+00 -3.659206271322546E-11  2.999999999975656E+00  1.388809820993255E-02  3.535013435300496E+00  3.548901533510429E+00  1.307196433410543E+16  3.327278425622253E+18
  0.000000000000000E+00  2.204635457332792E+00  7.672210408778149E-02  1.636941821598694E-01  4.485981636286650E+00  1.495327212111927E+00  1.495327212111927E+00  4.485981636335781E+00 -4.913136564255183E-11  2.999999999967144E+00  6.168414818262620E-14  7.158667211255181E+00  7.158667211255242E+00  5.765119615654260E+04  6.690628626233081E+18
  0.000000000000000E+00  2.204754280110371E+00  7.996687993707133E-02  1.693386935444140E-01  4.451252143822453E+00  1.483750714623441E+00  1.483750714623441E+00  4.451252143870325E+00 -4.787192864341705E-11  2.999999999967736E+00  4.283714805441949E-01  8.635344238477998E+00  9.063715719022193E+00  3.969889412495292E+17  8.002718019891438E+18
  0.000000000000000E+00  2.204873102887951E+00  8.321165578636117E-02  1.749699248261992E-01  4.411025655152402E+00  1.470341885061228E+00  1.470341885061228E+00  4.411025655183685E+00 -3.128253212025811E-11  2.999999999978724E+00  1.677664982833655E+00  9.671150711680522E+00  1.134881569451418E+01  1.544836085547803E+18  8.905438666866873E+18
  0.000000000000000E+00  2.204991925665531E+00  8.645643163565100E-02  1.805875669553687E-01  4.367232597515753E+00  1.455744199175875E+00  1.455744199175875E+00  4.367232597527625E+00 -1.187228093613157E-11  2.999999999991844E+00  3.353783119386344E+00  1.026601532829450E+01  1.361979844768084E+01  3.078152049145895E+18  9.422301620128291E+18
  0.000000000000000E+00  2.205110748443111E+00  8.970120748494083E-02  1.861913158022243E-01  4.321803398151767E+00  1.440601132717970E+00  1.440601132717970E+00  4.321803398153910E+00 -2.143174526736402E-12  2.999999999998512E+00  4.610658445100173E+00  1.041986678575174E+01  1.503052523085191E+01  4.235576649780447E+18  9.572199931325432E+18
  0.000000000000000E+00  2.205221996894009E+00  9.296103322049365E-02  1.918094982432474E-01  4.278211317824800E+00  1.426070439275781E+00  1.426070439275780E+00  4.278211317827342E+00 -2.541966637181758E-12  2.999999999998217E+00  3.531438122603855E+00  8.980486459358167E+00  1.251192458196202E+01  3.256389094664011E+18  8.281033719336169E+18
  0.000000000000000E+00  2.205309746656186E+00  9.622174396571027E-02  1.974228631884216E-01  4.246624215981452E+00  1.415541405328602E+00  1.415541405328602E+00  4.246624215985807E+00 -4.354738791789714E-12  2.999999999996924E+00  1.495957188595353E+00  4.958154808554534E+00  6.454111997149887E+00  1.385439168429876E+18  4.591857258535804E+18
  0.000000000000000E+00  2.205363064548511E+00  9.948298792449414E-02  2.030350291886028E-01  4.238403462638962E+00  1.412801154215103E+00  1.412801154215103E+00  4.238403462645310E+00 -6.347811165596795E-12  2.999999999995507E+00  1.578476920730452E-01 -1.649197253243369E+00 -1.491349561170324E+00  1.468522780286456E+17 -1.534316849214998E+18
  0.000000000000000E+00  2.205371017389855E+00  1.027444133007488E-01  2.086500211556880E-01  4.264910427814568E+00  1.421636809273951E+00  1.421636809273951E+00  4.264910427821855E+00 -7.286615755219827E-12  2.999999999994875E+00  9.357274631925584E-03 -1.084208180886515E+01 -1.083272453423323E+01  8.743820417511305E+15 -1.013128501810088E+19
  0.000000000000000E+00  2.205352579125405E+00  1.060172052406069E-01  2.142808997095876E-01  4.303117350737997E+00  1.434372450248235E+00  1.434372450248235E+00  4.303117350744706E+00 -6.709299782414746E-12  2.999999999995322E+00  2.007613009277861E-01 -6.621861822557493E+00 -6.421100521629707E+00  1.881770504929254E+17 -6.206785973103417E+18
  0.000000000000000E+00  2.205334140860955E+00  1.092899971804649E-01  2.198983838761311E-01  4.324568731010760E+00  1.441522910338604E+00  1.441522910338604E+00  4.324568731015813E+00 -5.052847029674012E-12  2.999999999996495E+00  1.491603522158041E+00 -3.244866220562494E+00 -1.753262698404453E+00  1.400255454753259E+18 -3.046145679995123E+18
  0.000000000000000E+00  2.205315702596505E+00  1.125627891203230E-01  2.255021681428022E-01  4.332983783054830E+00  1.444327927685749E+00  1.444327927685749E+00  4.332983783057248E+00 -2.417621658423741E-12  2.999999999998326E+00  2.734474105341255E+00 -7.110738546656075E-01  2.023400250675648E+00  2.569884950561626E+18 -6.682740181278612E+17
  0.000000000000000E+00  2.205297264332055E+00  1.158355810601811E-01  2.310919519267262E-01  4.332081721292180E+00  1.444027240430362E+00  1.444027240430362E+00  4.332081721291088E+00  1.092459456231154E-12  3.000000000000757E+00  6.137855663925159E-15  9.795364233474834E-01  9.795364233474896E-01  5.778888669022375E+03  9.222491123483837E+17
  0.000000000000000E+00  2.205278686882438E+00  1.191330783672947E-01  2.367094722929949E-01  4.311673917392463E+00  1.437224639129387E+00  1.437224639129387E+00  4.311673917388162E+00  4.301448086607707E-12  3.000000000002993E+00  1.466233252192511E+00  8.166520814557725E+00  9.632754066750236E+00  1.382749086510328E+18  7.701536695755309E+18
  0.000000000000000E+00  2.205260109432820E+00  1.224305756744082E-01  2.423121828232267E-01  4.259822046415769E+00  1.419940682136629E+00  1.419940682136629E+00  4.259822046409889E+00  5.879741138414829E-12  3.000000000004141E+00  1.964542402957646E+01  1.512910391507237E+01  3.477452794464883E+01  1.850854886877164E+19  1.425358692850155E+19
  0.000000000000000E+00  2.205241531983203E+00  1.257280729815218E-01  2.478997916729179E-01  4.177522926607989E+00  1.392507642200798E+00  1.392507642200798E+00  4.177522926602396E+00  5.592859508851689E-12  3.000000000004016E+00  4.779222633236671E+01  2.186729139300404E+01  6.965951772537075E+01  4.480833368279074E+19  2.050201391879834E+19
  0.000000000000000E+00  2.205222954533585E+00  1.290255702886354E-01  2.534720123402883E-01  4.065773376215017E+00  1.355257792070603E+00  1.355257792070603E+00  4.065773376211810E+00  3.206324095117452E-12  3.000000000002366E+00  6.976697280304964E+01  2.838108891646523E+01  9.814806171951487E+01  6.475856098127362E+19  2.634367528744954E+19
  0.000000000000000E+00  2.205170920683439E+00  1.323349151027560E-01  2.590633665676951E-01  3.991854662893308E+00  1.330618220964238E+00  1.330618220964238E+00  3.991854662892715E+00  5.933031843596837E-13  3.000000000000446E+00  2.296756815957338E+01  6.433245192043544E+00  2.940081335161693E+01  2.114102657529463E+19  5.921628560126378E+18
  0.000000000000000E+00  2.205065211144168E+00  1.356433007041895E-01  2.646620059139513E-01  3.993415531263762E+00  1.331138510421443E+00  1.331138510421443E+00  3.993415531264328E+00 -5.666578317686799E-13  2.999999999999574E+00  1.640612873278046E+00 -5.455736754212948E+00 -3.815123880934903E+00  1.507566222650757E+18 -5.013299958991478E+18
  0.000000000000000E+00  2.204925472858845E+00  1.389507944103001E-01  2.702600865289146E-01  4.025586755330406E+00  1.341862251777085E+00  1.341862251777085E+00  4.025586755331255E+00 -8.490985692333197E-13  2.999999999999367E+00 -6.138576391286215E-01 -7.287187467210435E+00 -7.901045106339057E+00 -5.644097729107028E+17 -6.700185126578140E+18
  0.000000000000000E+00  2.204771352770540E+00  1.422574635384518E-01  2.758490679141357E-01  4.043499109097271E+00  1.347833036366032E+00  1.347833036366032E+00  4.043499109098097E+00 -8.260059303211165E-13  2.999999999999387E+00  7.296386545502458E-01  9.353079571203701E-01  1.664946611670616E+00  6.698398900669972E+17  8.586532186435208E+17
  0.000000000000000E+00  2.204615592269036E+00  1.455850742524203E-01  2.814590833047937E-01  4.028204234409404E+00  1.342734744788684E+00  1.342734744788684E+00  4.028204234366052E+00  4.335110048714341E-11  3.000000000032286E+00  1.119715708176039E+01  5.256934099981136E+00  1.645409118174153E+01  1.022217612019658E+19  4.799191958270339E+18
  0.000000000000000E+00  2.204459831767530E+00  1.489126849663888E-01  2.870540896810676E-01  4.001836696099740E+00  1.333945565323571E+00  1.333945565323571E+00  4.001836695970712E+00  1.290274553866766E-10  3.000000000096726E+00  1.562303562658546E+01  5.865585432517334E+00  2.148862105910280E+01  1.417229405945360E+19  5.320912245698529E+18
  0.000000000000000E+00  2.204304071266026E+00  1.522402956803574E-01  2.926337983250111E-01  3.981070873149130E+00  1.327023624321085E+00  1.327023624321085E+00  3.981070872963257E+00  1.858730946935339E-10  3.000000000140068E+00  8.085063453103011E+00  2.762048868182670E+00  1.084711232128568E+01  7.307071889082258E+18  2.496268552255222E+18
  0.000000000000000E+00  2.204148310764521E+00  1.555679063943259E-01  2.981979259050556E-01  3.982581144538424E+00  1.327527048131621E+00  1.327527048131621E+00  3.982581144394863E+00  1.435611629574396E-10  3.000000000108142E+00  1.001456706706459E+00 -4.052888679569143E+00 -3.051431972862684E+00  9.072321115444408E+17 -3.671562365099649E+18
  0.000000000000000E+00  2.204007031283696E+00  1.589254449536177E-01  3.037878523687941E-01  3.970731322921933E+00  1.323577107647554E+00  1.323577107647554E+00  3.970731322942664E+00 -2.073141658343047E-11  2.999999999984337E+00  2.758958663865626E+00  7.726595697766132E+00  1.048555436163176E+01  2.513561700818380E+18  7.039349765538540E+18
  0.000000000000000E+00  2.203871056887670E+00  1.622835543577116E-01  3.093592485168035E-01  3.926624674167811E+00  1.308874891466254E+00  1.308874891466254E+00  3.926624674398761E+00 -2.309503699393645E-10  2.999999999823550E+00  1.381595980596218E+00  1.018230125175130E+01  1.156389723234752E+01  1.264345336212511E+18  9.318169190103546E+18
  0.000000000000000E+00  2.203700874049547E+00  1.656393620317082E-01  3.149280024359723E-01  3.892515590409998E+00  1.297505196940695E+00  1.297505196940695E+00  3.892515590822084E+00 -4.120859209422179E-10  2.999999999682402E+00 -2.506617200373598E-01  3.315809930405560E+00  3.065148210368200E+00 -2.303687031737856E+17  3.047369313210011E+18
  0.000000000000000E+00  2.203456969242431E+00  1.689899954007078E-01  3.205113759157913E-01  3.910658463782428E+00  1.303552821423854E+00  1.303552821423854E+00  3.910658464271562E+00 -4.891340665835742E-10  2.999999999624769E+00  5.091908103584238E-01 -1.287489258456331E+01 -1.236570177420488E+01  4.703247456370273E+17 -1.189216391332034E+19
  0.000000000000000E+00  2.203162136945842E+00  1.723472792941288E-01  3.261176784134503E-01  3.962993393273134E+00  1.320997797894298E+00  1.320997797894298E+00  3.962993393682896E+00 -4.097615580178626E-10  2.999999999689809E+00  2.069383149385260E-01 -9.704649287851172E+00 -9.497710972912648E+00  1.921868286012903E+17 -9.012858589642730E+18
  0.000000000000000E+00  2.202867304649252E+00  1.757045631875498E-01  3.317087377540380E-01  3.994880921935849E+00  1.331626974057241E+00  1.331626974057241E+00  3.994880922171723E+00 -2.358739870089721E-10  2.999999999822868E+00  4.950888696535677E-02 -3.878405258602338E+00 -3.828896371636981E+00  4.614074534102814E+16 -3.614553271853894E+18
  0.000000000000000E+00  2.202572472352662E+00  1.790618470809708E-01  3.372842679112185E-01  3.994239342067411E+00  1.331413114043747E+00  1.331413114043747E+00  3.994239342131241E+00 -6.382938622095935E-11  2.999999999952059E+00 -1.398072106187773E-05  4.602772723323755E+00  4.602758742602694E+00 -1.302327969223538E+13  4.287561154416332E+18
  0.000000000000000E+00  2.202277640056073E+00  1.824191309743919E-01  3.428439883069049E-01  3.948986945964660E+00  1.316328981984880E+00  1.316328981984880E+00  3.948986945954640E+00  1.001998484184696E-11  3.000000000007612E+00 -2.394803856290227E-14  1.573781787806750E+01  1.573781787806747E+01 -2.216260785172677E+04  1.456449492334684E+19
  0.000000000000000E+00  2.201979788294866E+00  1.858107978036183E-01  3.484443137224366E-01  3.871667301376167E+00  1.290555767123421E+00  1.290555767123421E+00  3.871667301370264E+00  5.902389688117182E-12  3.000000000004574E+00  1.514568603876719E-01  1.754948928632583E+01  1.770094614671350E+01  1.385137074669017E+17  1.604975052947502E+19
  0.000000000000000E+00  2.201681936533659E+00  1.892024646328446E-01  3.540279452864688E-01  3.791013058009882E+00  1.263671019334456E+00  1.263671019334456E+00  3.791013058003367E+00  6.515232797710269E-12  3.000000000005156E+00  6.771886973968564E-01  1.718451346376508E+01  1.786170216116193E+01  6.115197789496726E+17  1.551808220532193E+19
  0.000000000000000E+00  2.201384084772452E+00  1.925941314620710E-01  3.595946109430327E-01  3.717026760493892E+00  1.239008920161634E+00  1.239008920161634E+00  3.717026760484904E+00  8.988365607365267E-12  3.000000000007255E+00  1.336587641667083E+00  1.464377360615650E+01  1.598036124782358E+01  1.194698733626115E+18  1.308922605401459E+19
  0.000000000000000E+00  2.201086233011246E+00  1.959857982912974E-01  3.651440444923882E-01  3.659710953456280E+00  1.219903651148609E+00  1.219903651148609E+00  3.659710953445829E+00  1.045075137540152E-11  3.000000000008567E+00  1.429440565353718E+00  9.928152909271260E+00  1.135759347462498E+01  1.272102618070127E+18  8.835365117373239E+18
  0.000000000000000E+00  2.200766391851301E+00  1.993971667118269E-01  3.707204678320610E-01  3.644070633536974E+00  1.214690210868044E+00  1.214690210868044E+00  3.644070632604133E+00  9.328409156239559E-10  3.000000000767966E+00  3.235469134701123E-01 -2.465209607594189E+00 -2.141662694124077E+00  2.884631193571947E+17 -2.197894721507320E+18
  0.000000000000000E+00  2.200407550173237E+00  2.028048657535732E-01  3.762976677342630E-01  3.676036747153333E+00  1.225345581397053E+00  1.225345581397053E+00  3.676036744191158E+00  2.962174949772134E-09  3.000000002417420E+00 -3.695806955530988E-02 -1.064639282551210E+01 -1.068335089506741E+01 -3.310877956286264E+16 -9.537540175684835E+18
  0.000000000000000E+00  2.200011537914238E+00  2.062084811258547E-01  3.818745593264826E-01  3.736136808190286E+00  1.245378934399531E+00  1.245378934399531E+00  3.736136803198594E+00  4.991692836853190E-09  3.000000004008172E+00  1.464935595632051E-01 -1.461881428367322E+01 -1.447232072411001E+01  1.319838784272828E+17 -1.317087121727617E+19
  0.000000000000000E+00  2.199580185011487E+00  2.096075985379895E-01  3.874500040743231E-01  3.804898330532763E+00  1.268299441539374E+00  1.268299441539374E+00  3.804898324618123E+00  5.914639888970896E-09  3.000000004663441E+00  3.897943700581917E-01 -1.438523611361482E+01 -1.399544174355663E+01  3.527876752378387E+17 -1.301951591941143E+19
  0.000000000000000E+00  2.199128746417158E+00  2.130272458900237E-01  3.930536449714270E-01  3.908344083033956E+00  1.302781359346728E+00  1.302781359346728E+00  3.908344078040185E+00  4.993770730266078E-09  3.000000003833161E+00  8.709523399276459E-01 -2.645920428087728E+01 -2.558825194094964E+01  7.968446551265193E+17 -2.420784070902125E+19
  0.000000000000000E+00  2.198677307822831E+00  2.164468932420580E-01  3.986405087900943E-01  4.018632246887200E+00  1.339544081306766E+00  1.339544081306766E+00  4.018632243920300E+00  2.966899614875729E-09  3.000000002214858E+00 -1.612270885905607E+00 -1.731410147488601E+01 -1.892637236079162E+01 -1.498800928512727E+18 -1.609555292090168E+19
  0.000000000000000E+00  2.198225869228502E+00  2.198665405940922E-01  4.042103235789138E-01  4.036841491405375E+00  1.345613830155168E+00  1.345613830155168E+00  4.036841490465505E+00  9.398695155482528E-10  3.000000000698468E+00  4.158778865007291E+00  1.303700508094663E+01  1.719578394595393E+01  3.892554509761245E+18  1.220244080506794E+19
  0.000000000000000E+00  2.197774430634174E+00  2.232861879461264E-01  4.097628232745690E-01  3.864050485901360E+00  1.288016828627612E+00  1.288016828627612E+00  3.864050485882838E+00  1.852207276442641E-11  3.000000000014380E+00  5.330652054784245E+01  6.458104816320824E+01  1.178875687110507E+02  4.908465841450259E+19  5.946624646597605E+19
  0.000000000000000E+00  2.197317487650615E+00  2.267475310465852E-01  4.153651255385478E-01  3.566505373936231E+00  1.188835124641294E+00  1.188835124641294E+00  3.566505373923882E+00  1.234878865830069E-11  3.000000000010387E+00  1.279533926843841E+02  5.958653463083302E+01  1.875399273152171E+02  1.137493255469083E+20  5.297185157609312E+19
  0.000000000000000E+00  2.196860544667057E+00  2.302088741470440E-01  4.209491578136265E-01  3.318699722200486E+00  1.106233240733739E+00  1.106233240733739E+00  3.318699722201218E+00 -7.318590178329032E-13  2.999999999999339E+00  1.292405305706472E+02  4.349490742596814E+01  1.727354379966153E+02  1.112622008632294E+20  3.744443871584302E+19
  0.000000000000000E+00  2.196403601683498E+00  2.336702172475028E-01  4.265146628087579E-01  3.173063368755468E+00  1.057687789589228E+00  1.057687789589228E+00  3.173063368767684E+00 -1.221600598455552E-11  2.999999999988450E+00  5.755341000832949E+01  1.631309237949979E+01  7.386650238782927E+01  4.865069494122168E+19  1.378968302291995E+19
  0.000000000000000E+00  2.195946658699939E+00  2.371315603479616E-01  4.320613895279815E-01  3.182026151662520E+00  1.060675383892042E+00  1.060675383892042E+00  3.182026151676125E+00 -1.360467294375667E-11  2.999999999987174E+00 -2.275214361647754E-13 -2.195198467768511E+01 -2.195198467768533E+01 -1.936347336960559E+05 -1.868248890660589E+19
  0.000000000000000E+00  2.195433632262883E+00  2.405962392211090E-01  4.376335013197604E-01  3.284682546142839E+00  1.094894182050152E+00  1.094894182050152E+00  3.284682546150456E+00 -7.616129948928574E-12  2.999999999993044E+00  5.706167194764499E-14 -2.108233491131919E+01 -2.108233491131914E+01  4.932635650679869E+04 -1.822440058864026E+19
  0.000000000000000E+00  2.194839706047456E+00  2.440487057776196E-01  4.432262634294500E-01  3.379469414949240E+00  1.126489804984050E+00  1.126489804984050E+00  3.379469414952150E+00 -2.910116592147460E-12  2.999999999997417E+00  1.061270361657807E-13 -1.861897314109444E+01 -1.861897314109434E+01  9.217068160090405E+04 -1.617046425797522E+19
  0.000000000000000E+00  2.194207216998640E+00  2.474952046152384E-01  4.488203409328395E-01  3.458866277131018E+00  1.152955425710283E+00  1.152955425710283E+00  3.458866277130849E+00  1.683098105331737E-13  3.000000000000146E+00  1.515456580850029E-14 -1.457746730231752E+01 -1.457746730231750E+01  1.314414356637574E+04 -1.264360361603599E+19
  0.000000000000000E+00  2.193578502061416E+00  2.509419803317104E-01  4.543950065775958E-01  3.515352651737470E+00  1.171784217245400E+00  1.171784217245400E+00  3.515352651736200E+00  1.270095140171179E-12  3.000000000001084E+00 -1.754040331180490E-14 -8.958948616184303E+00 -8.958948616184321E+00 -1.517399447053114E+04 -7.750279987704839E+18
  0.000000000000000E+00  2.192958838633225E+00  2.544300857581356E-01  4.600066539860593E-01  3.539434080561561E+00  1.179811360189006E+00  1.179811360189006E+00  3.539434080567020E+00 -5.459188656686820E-12  2.999999999995373E+00  7.195950504136144E-13 -1.212828558048185E+00 -1.212828558047465E+00  6.204836424553884E+05 -1.045783014959738E+18
  0.000000000000000E+00  2.192339175205035E+00  2.579181911845608E-01  4.655999650986266E-01  3.528334761952780E+00  1.176111587324348E+00  1.176111587324348E+00  3.528334761973045E+00 -2.026556700229776E-11  2.999999999982769E+00  7.103259813378832E-13  5.695265594534174E+00  5.695265594534884E+00  6.087480511730041E+05  4.880832072417449E+18
  0.000000000000000E+00  2.191719511776845E+00  2.614062966109860E-01  4.711746813962563E-01  3.486058807326374E+00  1.162019602453815E+00  1.162019602453815E+00  3.486058807361447E+00 -3.507327761553825E-11  2.999999999969817E+00 -1.199564090313539E-12  1.176604073341202E+01  1.176604073341082E+01 -1.019312416096829E+06  9.998024703067886E+18
  0.000000000000000E+00  2.191099848348655E+00  2.648944020374112E-01  4.767305506985078E-01  3.416610328097587E+00  1.138870109379797E+00  1.138870109379797E+00  3.416610328139392E+00 -4.180567003686519E-11  2.999999999963292E+00 -3.296825351783028E-12  1.700020375043433E+01  1.700020375043104E+01 -2.772422237392995E+06  1.429609939526387E+19
  0.000000000000000E+00  2.190468385236512E+00  2.684153427634725E-01  4.823238847692802E-01  3.357117792547471E+00  1.119039264194152E+00  1.119039264194152E+00  3.357117792582456E+00 -3.498490386277808E-11  2.999999999968737E+00 -8.325482653092827E+00  6.178182257295401E+00 -2.147300395797426E+00 -6.945152606044959E+18  5.153865594679470E+18
  0.000000000000000E+00  2.189814771303239E+00  2.719324409037105E-01  4.879090160332747E-01  3.369650078760669E+00  1.123216692926893E+00  1.123216692926893E+00  3.369650078780678E+00 -2.000932752821427E-11  2.999999999982186E+00 -4.179839819507427E+00 -1.267940407741109E+01 -1.685924389691852E+01 -3.493271966619543E+18 -1.059672349412695E+19
  0.000000000000000E+00  2.189123317611043E+00  2.754419710921641E-01  4.934929930851820E-01  3.493266914592767E+00  1.164422304865964E+00  1.164422304865964E+00  3.493266914597893E+00 -5.126121749299273E-12  2.999999999995597E+00  6.989190876121059E+01 -3.957178430743183E+01  3.032012445377875E+01  5.938320529819680E+19 -3.362190893330360E+19
  0.000000000000000E+00  2.188378335222135E+00  2.789402079628724E-01  4.990833816693114E-01  3.767028027899356E+00  1.255676009299310E+00  1.255676009299310E+00  3.767028027897931E+00  1.425082274408851E-12  3.000000000001135E+00  2.292977698081441E+02 -7.448546978304060E+01  1.548123000251035E+02  2.017810475413456E+20 -6.554689185161605E+19
  0.000000000000000E+00  2.187596230461845E+00  2.824546007818373E-01  5.047073910164330E-01  4.101913851037589E+00  1.367304617012316E+00  1.367304617012316E+00  4.101913851036950E+00  6.386002837643900E-13  3.000000000000467E+00  1.666283465075948E+02 -6.177321909340397E+01  1.048551274141908E+02  1.527515181738535E+20 -5.662873812753974E+19
  0.000000000000000E+00  2.186814125701556E+00  2.859689936008022E-01  5.103128781077269E-01  4.364709199330195E+00  1.454903066443603E+00  1.454903066443603E+00  4.364709199330809E+00 -6.146194664324867E-13  2.999999999999578E+00  7.939950871980757E+01 -4.496906221981517E+01  3.443044649999239E+01  7.497510873361947E+19 -4.246323918045160E+19
  0.000000000000000E+00  2.186032020941265E+00  2.894833864197671E-01  5.158995837853309E-01  4.535345532883415E+00  1.511781844295060E+00  1.511781844295060E+00  4.535345532885180E+00 -1.764810519944149E-12  2.999999999998832E+00  1.836242146465387E+01 -2.407739925301190E+01 -5.714977788358031E+00  1.761613144450230E+19 -2.309883970909141E+19
  0.000000000000000E+00  2.185249916180976E+00  2.929977792387320E-01  5.214672553141796E-01  4.593754311803488E+00  1.531251437268579E+00  1.531251437268579E+00  4.593754311805739E+00 -2.250644115520117E-12  2.999999999998530E+00  7.060479471945561E-13  8.973697162683857E-01  8.973697162690918E-01  6.768560187577037E+05  8.602674873860648E+17
  0.000000000000000E+00  2.184456341228862E+00  2.965637134391402E-01  5.270968733296306E-01  4.581309406714790E+00  1.527103135572662E+00  1.527103135572662E+00  4.581309406717986E+00 -3.196554132500751E-12  2.999999999997907E+00  1.727162867739057E-13  4.152036937352450E+00  4.152036937352623E+00  1.641186937270029E+05  3.945353916487170E+18
  0.000000000000000E+00  2.183662766276748E+00  3.001296476395485E-01  5.327063907396049E-01  4.552061429166596E+00  1.517353809723987E+00  1.517353809723987E+00  4.552061429171961E+00 -5.365485833408457E-12  2.999999999996464E+00 -3.040600066057300E-14  7.655071624415643E+00  7.655071624415612E+00 -2.869453870106920E+04  7.224190758868180E+18
  0.000000000000000E+00  2.182869191324634E+00  3.036955818399567E-01  5.382955638854097E-01  4.504763603566542E+00  1.501587867858061E+00  1.501587867858061E+00  4.504763603574182E+00 -7.640110766260477E-12  2.999999999994912E+00 -2.104321673546915E-14  1.140620041797256E+01  1.140620041797254E+01 -1.973422326451510E+04  1.069667762669924E+19
  0.000000000000000E+00  2.182075616372520E+00  3.072615160403649E-01  5.438641559562938E-01  4.438169154322261E+00  1.479389718110389E+00  1.479389718110389E+00  4.438169154331169E+00 -8.907541371172556E-12  2.999999999993979E+00  6.772476236197316E-14  1.540514995853800E+01  1.540514995853807E+01  6.306073150143748E+04  1.434423675172925E+19
  0.000000000000000E+00  2.181222457107607E+00  3.108291781963334E-01  5.494641611745402E-01  4.405564333901217E+00  1.468521444636313E+00  1.468521444636313E+00  4.405564333908939E+00 -7.721823180872889E-12  2.999999999994742E+00 -4.352552236035082E+00 -3.249473123727130E-01 -4.677499548407796E+00 -4.017055212976594E+18 -2.999002020705488E+17
  0.000000000000000E+00  2.180287239211385E+00  3.143769900766548E-01  5.550860144276348E-01  4.421111914400242E+00  1.473703971468281E+00  1.473703971468281E+00  4.421111914404843E+00 -4.601652392466349E-12  2.999999999996877E+00 -2.046367396783146E+01 -3.861497515548341E+00 -2.432517148337980E+01 -1.868337588713038E+19 -3.525555073034376E+18
  0.000000000000000E+00  2.179315419338287E+00  3.179158636297891E-01  5.607075615251744E-01  4.423893787018728E+00  1.474631262340038E+00  1.474631262340038E+00  4.423893787020114E+00 -1.386446513151895E-12  2.999999999999060E+00 -2.302068705757663E+01  4.776343319145529E+00 -1.824434373843110E+01 -2.073998671494672E+19  4.303142505579539E+18
  0.000000000000000E+00  2.178352454142743E+00  3.214567108041964E-01  5.663052071666632E-01  4.352991842956076E+00  1.450997280985327E+00  1.450997280985327E+00  4.352991842955982E+00  9.414691248821327E-14  3.000000000000065E+00  5.809619562641500E-15  2.557913002382760E+01  2.557913002382760E+01  5.148752335979842E+03  2.266940271087789E+19
  0.000000000000000E+00  2.177395504763365E+00  3.250531579222989E-01  5.719527099611094E-01  4.299191347468757E+00  1.433063782489555E+00  1.433063782489555E+00  4.299191347468666E+00  9.148237722911290E-14  3.000000000000064E+00  3.362835307413307E+01 -1.981204286101811E+00  3.164714878803126E+01  2.968297615747450E+19 -1.748763594155359E+18
  0.000000000000000E+00  2.176438555383986E+00  3.286496050404015E-01  5.775797209029682E-01  4.348671863743686E+00  1.449557287914533E+00  1.449557287914533E+00  4.348671863743601E+00  8.526512829121202E-14  3.000000000000059E+00  5.144173100941114E+01 -1.508539329867079E+01  3.635633771074035E+01  4.610018370090755E+19 -1.351897357695708E+19
  0.000000000000000E+00  2.175481606004608E+00  3.322460521585040E-01  5.831859969363807E-01  4.428083531018769E+00  1.476027843672896E+00  1.476027843672896E+00  4.428083531018688E+00  7.993605777301127E-14  3.000000000000054E+00  3.310270957706445E+01 -1.375247356301324E+01  1.935023601405121E+01  3.025212265970664E+19 -1.256820128678856E+19
  0.000000000000000E+00  2.174524656625230E+00  3.358424992766066E-01  5.887713020066034E-01  4.464076488531910E+00  1.488025496177277E+00  1.488025496177277E+00  4.464076488531833E+00  7.727152251391090E-14  3.000000000000052E+00  2.564426151345105E+00  1.998518371736194E+00  4.562944523081299E+00  2.367041586947583E+18  1.844691879973630E+18
  0.000000000000000E+00  2.173536417302880E+00  3.394654135307533E-01  5.943977252091520E-01  4.402187360971427E+00  1.467395786990457E+00  1.467395786990458E+00  4.402187360971373E+00  5.329070518200751E-14  3.000000000000036E+00 -2.096246893936806E+01  1.994675462692631E+01 -1.015714312441750E+00 -1.918039218450525E+19  1.825102652073744E+19
  0.000000000000000E+00  2.172505179018768E+00  3.430765734224481E-01  6.000256644300032E-01  4.281366162275273E+00  1.427122054091755E+00  1.427122054091755E+00  4.281366162275266E+00  6.217248937900877E-15  3.000000000000004E+00 -2.309834217819363E+01  2.493509976390617E+01  1.836757585712538E+00 -2.072352151229706E+19  2.237143568062745E+19
  0.000000000000000E+00  2.171434413672571E+00  3.466762825319289E-01  6.056531581280623E-01  4.168107966968047E+00  1.389369322322688E+00  1.389369322322688E+00  4.168107966968064E+00 -1.687538997430238E-14  2.999999999999988E+00  3.576019024300241E+01  1.698445499773873E+01  5.274464524074115E+01  3.150023885768525E+19  1.496117290374506E+19
  0.000000000000000E+00  2.170327593163965E+00  3.502648444394336E-01  6.112781491736252E-01  4.128907849574349E+00  1.376302616524772E+00  1.376302616524772E+00  4.128907849574318E+00  3.019806626980426E-14  3.000000000000022E+00  9.584203437326002E+01 -3.887783626637341E+00  9.195425074662269E+01  8.408203010593853E+19 -3.410745004297395E+18
  0.000000000000000E+00  2.169192751570842E+00  3.538834902741081E-01  6.169466993533292E-01  4.154049987478275E+00  1.384683329159394E+00  1.384683329159394E+00  4.154049987478182E+00  9.237055564881302E-14  3.000000000000067E+00  9.170139635523751E+01 -5.580687405720813E+00  8.612070894951668E+01  8.099768754043249E+19 -4.929289985927068E+18
  0.000000000000000E+00  2.168057909977719E+00  3.575021361087826E-01  6.225945235604089E-01  4.184724461504472E+00  1.394908153834790E+00  1.394908153834790E+00  4.184724461504372E+00  1.003641614261142E-13  3.000000000000071E+00  8.684678363434611E+01 -6.011853379017995E+00  8.083493025532812E+01  7.713940097663772E+19 -5.339872693148531E+18
  0.000000000000000E+00  2.166923068384596E+00  3.611207819434570E-01  6.282213769410788E-01  4.214380423521278E+00  1.404793474507064E+00  1.404793474507064E+00  4.214380423521193E+00  8.526512829121202E-14  3.000000000000060E+00  7.324985902633152E+01 -5.183260082170601E+00  6.806659894416092E+01  6.537365967060306E+19 -4.625929457068787E+18
  0.000000000000000E+00  2.165788226791473E+00  3.647394277781315E-01  6.338270217677374E-01  4.236467025397025E+00  1.412155675132317E+00  1.412155675132317E+00  4.236467025396953E+00  7.194245199571014E-14  3.000000000000051E+00  4.913733798791535E+01 -3.096886050820126E+00  4.604045193709523E+01  4.404490254896905E+19 -2.775934755504669E+18
  0.000000000000000E+00  2.164646974322533E+00  3.684134968669783E-01  6.394863979994723E-01  4.215683690727531E+00  1.405227896909154E+00  1.405227896909154E+00  4.215683690727463E+00  6.750155989720952E-14  3.000000000000048E+00  1.791051103488839E+01  9.112218601357952E+00  2.702272963624635E+01  1.609004848349984E+19  8.186033262953857E+18
  0.000000000000000E+00  2.163501766594022E+00  3.720866833607743E-01  6.451259247720169E-01  4.159730024876742E+00  1.386576674958893E+00  1.386576674958893E+00  4.159730024876680E+00  6.217248937900877E-14  3.000000000000045E+00  2.471726403063070E+01  1.021486965725995E+01  3.493213368789065E+01  2.219834068727410E+19  9.173877677033872E+18
  0.000000000000000E+00  2.162317230045850E+00  3.757465971401491E-01  6.507633964340547E-01  4.127246765679153E+00  1.375748921893032E+00  1.375748921893032E+00  4.127246765679096E+00  5.773159728050814E-14  3.000000000000042E+00  6.940787586487606E+01  2.271770647130085E-01  6.963505292958907E+01  6.231463254530433E+19  2.039603594536141E+17
  0.000000000000000E+00  2.161057991117927E+00  3.793808480857330E-01  6.564177125158164E-01  4.176874650969263E+00  1.392291550323066E+00  1.392291550323066E+00  4.176874650969200E+00  6.306066779870889E-14  3.000000000000045E+00  1.582679079615344E+02 -2.083495387036600E+01  1.374329540911685E+02  1.423998099892177E+20 -1.874602065881424E+19
  0.000000000000000E+00  2.159742417113638E+00  3.830209907608544E-01  6.621113784556897E-01  4.285044565125108E+00  1.428348188375018E+00  1.428348188375018E+00  4.285044565125056E+00  5.151434834260726E-14  3.000000000000036E+00  1.342385890312276E+02 -1.919884445423176E+01  1.150397445769958E+02  1.211608263140125E+20 -1.732845879218672E+19
  0.000000000000000E+00  2.158428584390721E+00  3.866617626770651E-01  6.677830733616714E-01  4.375102203471945E+00  1.458367401157313E+00  1.458367401157313E+00  4.375102203471940E+00  4.440892098500626E-15  3.000000000000004E+00  1.019379255840339E+02 -1.401331927320726E+01  8.792460631082669E+01  9.204201185781067E+19 -1.265293649367578E+19
  0.000000000000000E+00  2.157116257350140E+00  3.903030777939298E-01  6.734326328973987E-01  4.428118364699670E+00  1.476039454899903E+00  1.476039454899903E+00  4.428118364699710E+00 -3.996802888650564E-14  2.999999999999973E+00  7.782042022863229E+01 -5.284851753727764E+00  7.253556847490452E+01  7.003556334325002E+19 -4.756175418617266E+18
  0.000000000000000E+00  2.155805200392857E+00  3.939448500710133E-01  6.790599083082266E-01  4.425163847498172E+00  1.475054615832743E+00  1.475054615832743E+00  4.425163847498228E+00 -5.506706202140776E-14  2.999999999999963E+00  7.053595594986167E+01  6.980100746880660E+00  7.751605669674234E+01  6.298128866265457E+19  6.232505593972370E+18
  0.000000000000000E+00  2.154470769562677E+00  3.976533264479087E-01  6.847671737266078E-01  4.435848007094544E+00  1.478616002364837E+00  1.478616002364837E+00  4.435848007094511E+00  3.286260152890463E-14  3.000000000000022E+00  9.178188482824908E+01 -9.566464031597855E+00  8.221542079665123E+01  8.191310159801047E+19 -8.537836650667713E+18
  0.000000000000000E+00  2.153136338732498E+00  4.013618028248041E-01  6.904515341491745E-01  4.514632643723475E+00  1.504877547907753E+00  1.504877547907753E+00  4.514632643723260E+00  2.149391775674303E-13  3.000000000000143E+00  1.101506771975478E+02 -1.806214949070345E+01  9.208852770684432E+01  9.971319388973038E+19 -1.635064495338304E+19
  0.000000000000000E+00  2.151801907902317E+00  4.050702792016994E-01  6.961127620658919E-01  4.617826636176835E+00  1.539275545392147E+00  1.539275545392147E+00  4.617826636176443E+00  3.916866830877552E-13  3.000000000000254E+00  9.271344918522452E+01 -1.852188640352185E+01  7.419156278170267E+01  8.562605212120316E+19 -1.710599729066833E+19
  0.000000000000000E+00  2.150467477072137E+00  4.087787555785948E-01  7.017506377452071E-01  4.701738863246486E+00  1.567246287748676E+00  1.567246287748676E+00  4.701738863246030E+00  4.565237077258644E-13  3.000000000000291E+00  4.053591264408356E+01 -1.096060554313794E+01  2.957530710094562E+01  3.809437855021564E+19 -1.030043310893188E+19
  0.000000000000000E+00  2.149067557989607E+00  4.124849837771720E-01  7.074270415390121E-01  4.773450196001710E+00  1.591150065333774E+00  1.591150065333774E+00  4.773450196001324E+00  3.854694341498544E-13  3.000000000000242E+00  7.788728298139034E+01 -1.542182011353073E+01  6.246546286785961E+01  7.360310678112529E+19 -1.457354563063545E+19
  0.000000000000000E+00  2.147582893567586E+00  4.161589559573203E-01  7.131273826081648E-01  4.872983002293171E+00  1.624327667430971E+00  1.624327667430971E+00  4.872983002292912E+00  2.584599201327364E-13  3.000000000000159E+00  1.257288895686556E+02 -2.108769095474121E+01  1.046411986139144E+02  1.184659885442235E+20 -1.986953168551085E+19
  0.000000000000000E+00  2.146061320824498E+00  4.198188096650199E-01  7.188263288546007E-01  5.007020835228629E+00  1.669006945076164E+00  1.669006945076165E+00  5.007020835228495E+00  1.341149413747189E-13  3.000000000000080E+00  1.970358625506619E+02 -2.796541457474379E+01  1.690704479759181E+02  1.855822276767943E+20 -2.633979351526233E+19
  0.000000000000000E+00  2.144550676778766E+00  4.234826824462508E-01  7.244970869421402E-01  5.182247247915843E+00  1.727415749305254E+00  1.727415749305254E+00  5.182247247915762E+00  8.082423619271140E-14  3.000000000000047E+00  1.615264165213236E+02 -3.606222758374336E+01  1.254641889375803E+02  1.541432864889139E+20 -3.441387729378331E+19
  0.000000000000000E+00  2.143034820209108E+00  4.272202524615127E-01  7.302337187653646E-01  5.320756250540282E+00  1.773585416846758E+00  1.773585416846758E+00  5.320756250540275E+00  7.105427357601002E-15  3.000000000000004E+00  8.339371938676287E+01 -1.385868460014244E+01  6.953503478662043E+01  8.027003450925135E+19 -1.333957879905812E+19
  0.000000000000000E+00  2.141518963639450E+00  4.309578224767746E-01  7.359467998040061E-01  5.341490389724751E+00  1.780496796574969E+00  1.780496796574969E+00  5.341490389724909E+00 -1.580957587066223E-13  2.999999999999912E+00 -9.012250889545486E+00  6.066640692653221E+00 -2.945610196892264E+00 -8.558518967442008E+18  5.761208833739722E+18
  0.000000000000000E+00  2.140003107069793E+00  4.346953924920364E-01  7.416361041545416E-01  5.257027369224918E+00  1.752342456408413E+00  1.752342456408413E+00  5.257027369225240E+00 -3.215205879314453E-13  2.999999999999816E+00 -3.983333217290365E+01  2.371851952217424E+01 -1.611481265072941E+01 -3.693269720867851E+19  2.199135377246890E+19
  0.000000000000000E+00  2.138487250500136E+00  4.384329625072982E-01  7.473014139461789E-01  5.079944892796455E+00  1.693314964265617E+00  1.693314964265617E+00  5.079944892796851E+00 -3.961275751862559E-13  2.999999999999766E+00  1.760396758969556E+01  3.910172311595103E+01  5.670569070564659E+01  1.596116170318737E+19  3.545274224955258E+19
  0.000000000000000E+00  2.136914992082429E+00  4.421771284322138E-01  7.530074001811712E-01  4.983523730529699E+00  1.661174576843344E+00  1.661174576843344E+00  4.983523730530033E+00 -3.339550858072471E-13  2.999999999999799E+00  1.872802346562926E+02 -2.235334780490835E+00  1.850448998758018E+02  1.686680779552455E+20 -2.013184262097099E+18
  0.000000000000000E+00  2.135270234578407E+00  4.458906297640756E-01  7.587305472155162E-01  5.074702901699503E+00  1.691567633899896E+00  1.691567633899896E+00  5.074702901699688E+00 -1.847411112976260E-13  2.999999999999891E+00  2.847861153014605E+02 -2.732207285960153E+01  2.574640424418590E+02  2.585637799543577E+20 -2.480633027803623E+19
  0.000000000000000E+00  2.133581960440559E+00  4.495852868559911E-01  7.644550904199039E-01  5.261996135902421E+00  1.753998711967480E+00  1.753998711967480E+00  5.261996135902441E+00 -2.042810365310288E-14  2.999999999999989E+00  2.641897156975091E+02 -3.619955861830859E+01  2.279901570792005E+02  2.429249994806683E+20 -3.328584436126083E+19
  0.000000000000000E+00  2.131879152121377E+00  4.532729200610681E-01  7.701643963584314E-01  5.453917162735006E+00  1.817972387578303E+00  1.817972387578303E+00  5.453917162734911E+00  9.592326932761353E-14  3.000000000000052E+00  2.111250291117977E+02 -2.891811462871204E+01  1.822069144830857E+02  1.955645662158414E+20 -2.678677448588698E+19
  0.000000000000000E+00  2.130153857052067E+00  4.570149451776128E-01  7.759318818852232E-01  5.604195735981697E+00  1.868065245327234E+00  1.868065245327234E+00  5.604195735981703E+00 -6.217248937900877E-15  2.999999999999997E+00  1.869396938410213E+02 -2.334547228699253E+01  1.635942215540288E+02  1.734406302161092E+20 -2.165967720901546E+19
  0.000000000000000E+00  2.128428561982756E+00  4.607569702941575E-01  7.816756385991019E-01  5.721989496061817E+00  1.907329832020705E+00  1.907329832020705E+00  5.721989496062115E+00 -2.975397705995420E-13  2.999999999999844E+00  1.600421021382341E+02 -1.758076588066380E+01  1.424613362575703E+02  1.487232298085625E+20 -1.633737778589108E+19
  0.000000000000000E+00  2.126703266913446E+00  4.644989954107022E-01  7.873954360092564E-01  5.806141514676478E+00  1.935380504892344E+00  1.935380504892344E+00  5.806141514677034E+00 -5.559996907322784E-13  2.999999999999713E+00  1.395801314653318E+02 -1.162448432820865E+01  1.279556471371232E+02  1.298674740082664E+20 -1.081559675080327E+19
  0.000000000000000E+00  2.124977971844135E+00  4.682410205272469E-01  7.930910518140528E-01  5.855494863526787E+00  1.951831621175780E+00  1.951831621175780E+00  5.855494863527341E+00 -5.542233338928781E-13  2.999999999999716E+00  1.309190775873300E+02 -5.477116548109862E+00  1.254419610392202E+02  1.218681466648278E+20 -5.098462768653095E+18
  0.000000000000000E+00  2.123206356315131E+00  4.720079259122624E-01  7.988366329763219E-01  5.932681450863243E+00  1.977560483621214E+00  1.977560483621214E+00  5.932681450863641E+00 -3.979039320256561E-13  2.999999999999799E+00  1.948364075270684E+02 -2.057741136573647E+01  1.742589961613319E+02  1.815751121325961E+20 -1.917683570311709E+19
  0.000000000000000E+00  2.121383624279189E+00  4.757507119593375E-01  8.045870457565935E-01  6.090204492538930E+00  2.030068164179751E+00  2.030068164179751E+00  6.090204492539254E+00 -3.232969447708456E-13  2.999999999999841E+00  2.479120846868439E+02 -3.301203730175211E+01  2.149000473850918E+02  2.317758433943661E+20 -3.086333123875309E+19
  0.000000000000000E+00  2.119519228528210E+00  4.794731511425964E-01  8.103369927363877E-01  6.312680742010187E+00  2.104226914003490E+00  2.104226914003490E+00  6.312680742010473E+00 -2.868816295631405E-13  2.999999999999864E+00  2.870625357269543E+02 -4.279073273781013E+01  2.442718029891442E+02  2.696716930379563E+20 -4.019838156350697E+19
  0.000000000000000E+00  2.117622621854094E+00  4.831790159361631E-01  8.160809053900656E-01  6.584726952733345E+00  2.194908984244532E+00  2.194908984244532E+00  6.584726952733599E+00 -2.531308496145357E-13  2.999999999999885E+00  3.120226564015268E+02 -4.992577645027881E+01  2.620968799512480E+02  2.948869652759076E+20 -4.718394771795186E+19
  0.000000000000000E+00  2.115688549298846E+00  4.869253297045965E-01  8.218815701564479E-01  6.872474833372476E+00  2.290824944457567E+00  2.290824944457567E+00  6.872474833372703E+00 -2.264854970235319E-13  2.999999999999901E+00  2.982940099669303E+02 -4.746944874530227E+01  2.508245612216281E+02  2.834320769007072E+20 -4.510437352967388E+19
  0.000000000000000E+00  2.113754476743598E+00  4.906716434730297E-01  8.276581280643349E-01  7.149305673983582E+00  2.383101891327937E+00  2.383101891327937E+00  7.149305673983811E+00 -2.291500322826323E-13  2.999999999999904E+00  2.855437290548054E+02 -4.615172184959957E+01  2.393920072052058E+02  2.726977481597767E+20 -4.407545794734157E+19
  0.000000000000000E+00  2.111820404188350E+00  4.944179572414629E-01  8.334103459853800E-01  7.421943618274121E+00  2.473981206091454E+00  2.473981206091454E+00  7.421943618274363E+00 -2.424727085781342E-13  2.999999999999902E+00  2.715785750568819E+02 -4.596948242332542E+01  2.256090926335565E+02  2.613952550628706E+20 -4.424577520754910E+19
  0.000000000000000E+00  2.109886331633102E+00  4.981642710098962E-01  8.391379991940127E-01  7.697112809951545E+00  2.565704269983931E+00  2.565704269983931E+00  7.697112809951795E+00 -2.504663143554353E-13  2.999999999999902E+00  2.548203158133127E+02 -4.691961712663571E+01  2.079006986866769E+02  2.485938655850996E+20 -4.577315178366110E+19
  0.000000000000000E+00  2.107912877570643E+00  5.019956533739117E-01  8.449651707222197E-01  7.965932373858883E+00  2.655310791286365E+00  2.655310791286365E+00  7.965932373859097E+00 -2.140509991477302E-13  2.999999999999919E+00  2.254066126210438E+02 -4.191007614900923E+01  1.834965364720346E+02  2.206433986592794E+20 -4.102444702956904E+19
  0.000000000000000E+00  2.105944639798967E+00  5.058297215214083E-01  8.507630686002220E-01  8.210329258597856E+00  2.736776419532663E+00  2.736776419532663E+00  8.210329258597989E+00 -1.350031197944190E-13  2.999999999999950E+00  2.005322410399488E+02 -3.880178338139629E+01  1.617304576585525E+02  1.950718869894784E+20 -3.774523769102088E+19
  0.000000000000000E+00  2.103978692440336E+00  5.096649686522264E-01  8.565331284817502E-01  8.441811512605417E+00  2.813937170868490E+00  2.813937170868490E+00  8.441811512605472E+00 -5.506706202140776E-14  2.999999999999980E+00  1.803026987935550E+02 -3.758945065086600E+01  1.427132481426890E+02  1.775695870948190E+20 -3.701965237269060E+19
  0.000000000000000E+00  2.102012109617014E+00  5.134998879662073E-01  8.622768829041451E-01  8.671887184318518E+00  2.890629061439512E+00  2.890629061439512E+00  8.671887184318537E+00 -1.953992523340276E-14  2.999999999999994E+00  1.649170418902968E+02 -3.826773680143226E+01  1.266493050888645E+02  1.719507634342020E+20 -3.989985802851427E+19
  0.000000000000000E+00  2.099998741424714E+00  5.174227794015848E-01  8.681264188307084E-01  8.905631823353627E+00  2.968543941117779E+00  2.968543941117779E+00  8.905631823353339E+00  2.877698079828406E-13  3.000000000000097E+00  1.193987516696706E+02 -3.628278591160072E+01  8.311596575806989E+01  1.678193224245914E+20 -5.099678566327962E+19
  0.000000000000000E+00  2.097985373232413E+00  5.213456708369623E-01  8.739476463413298E-01  9.119868998051066E+00  3.039956332683367E+00  3.039956332683367E+00  9.119868998050102E+00  9.645617637943360E-13  3.000000000000318E+00  5.749925579297820E+01 -3.194901613003741E+01  2.555023966294080E+01  1.147249102876456E+20 -6.374600781780366E+19
  0.000000000000000E+00  2.095972005040113E+00  5.252685622723396E-01  8.797403787847921E-01  9.299902361069826E+00  3.099967453689390E+00  3.099967453689390E+00  9.299902361068172E+00  1.652011860642233E-12  3.000000000000532E+00  1.389337180108139E+01 -2.527320046709595E+01 -1.137982866601456E+01  3.249891133433527E+19 -5.911822650935621E+19
  0.000000000000000E+00  2.093958636847812E+00  5.291914537077171E-01  8.855044389815145E-01  9.431035565068882E+00  3.143678521688965E+00  3.143678521688965E+00  9.431035565066896E+00  1.985966946449480E-12  3.000000000000631E+00  2.763938190265066E-01 -1.626211193313172E+01 -1.598571811410522E+01  5.430345460969811E+17 -3.195038370716819E+19
  0.000000000000000E+00  2.091895441482008E+00  5.332114124314112E-01  8.913812130001614E-01  9.513337919895681E+00  3.171112639964608E+00  3.171112639964608E+00  9.513337919893827E+00  1.854516540333861E-12  3.000000000000585E+00  1.433166397385054E-01 -9.330896629975635E+00 -9.187579990237131E+00  1.910529306424414E+17 -1.243885671566971E+19
  0.000000000000000E+00  2.089832245085767E+00  5.372313706263387E-01  8.972275323461368E-01  9.550056575454910E+00  3.183352191817796E+00  3.183352191817796E+00  9.550056575453391E+00  1.518785097687214E-12  3.000000000000477E+00 -1.272298446050606E-02 -2.043960440011186E+00 -2.056683424471693E+00 -1.474147271022055E+16 -2.368232637611571E+18
  0.000000000000000E+00  2.087769066936745E+00  5.412513381861828E-01  9.030432239207782E-01  9.538817819657957E+00  3.179605939885595E+00  3.179605939885595E+00  9.538817819656787E+00  1.170619157164765E-12  3.000000000000368E+00 -2.571735337357079E-01  5.597602717435484E+00  5.340429183699776E+00 -3.298033301731779E+17  7.178452581725851E+18
  0.000000000000000E+00  2.085705926312600E+00  5.452713250046264E-01  9.088281240779518E-01  9.477247940416222E+00  3.159082646805071E+00  3.159082646805071E+00  9.477247940415213E+00  1.008970684779342E-12  3.000000000000319E+00 -4.122880029724455E-16  1.359269921595430E+01  1.359269921595430E+01 -6.371440997964000E+02  2.100596680794333E+19
  0.000000000000000E+00  2.083588146905289E+00  5.493978380105852E-01  9.147341346495026E-01  9.369371905557806E+00  3.123123968519021E+00  3.123123968519021E+00  9.369371905557065E+00  7.407408020299044E-13  3.000000000000238E+00  7.548051900362400E+00  1.897238427022000E+01  2.652043617058239E+01  1.231496569849459E+19  3.095424681634737E+19
  0.000000000000000E+00  2.081470367497979E+00  5.535243510165441E-01  9.206074364244603E-01  9.226931850890283E+00  3.075643950296706E+00  3.075643950296706E+00  9.226931850890118E+00  1.652011860642233E-13  3.000000000000054E+00  2.969617812055530E+01  2.400218665495881E+01  5.369836477551410E+01  4.288772955807886E+19  3.466436946469775E+19
  0.000000000000000E+00  2.079352588090667E+00  5.576508640225029E-01  9.264478985404293E-01  9.052172538336345E+00  3.017390846112254E+00  3.017390846112254E+00  9.052172538336764E+00 -4.192202140984591E-13  2.999999999999861E+00  6.082786028322155E+01  2.868314086245207E+01  8.951100114567362E+01  7.151307336960459E+19  3.372171152193294E+19
  0.000000000000000E+00  2.077234808683356E+00  5.617773770284618E-01  9.322554005552772E-01  8.847338729818697E+00  2.949112909939795E+00  2.949112909939795E+00  8.847338729819388E+00 -6.910028105266974E-13  2.999999999999766E+00  8.565391146205256E+01  3.301628138498025E+01  1.186701928470328E+02  8.720705555860593E+19  3.361495856910330E+19
  0.000000000000000E+00  2.075057134916440E+00  5.660205947549607E-01  9.381926610298914E-01  8.615209585269728E+00  2.871736528423420E+00  2.871736528423420E+00  8.615209585270263E+00 -5.346834086594754E-13  2.999999999999814E+00  9.974935225265988E+01  3.493281495509898E+01  1.346821672077589E+02  9.913135978918591E+19  3.471639032794452E+19
  0.000000000000000E+00  2.072879461149523E+00  5.702638124814595E-01  9.440948455352607E-01  8.370617156780126E+00  2.790205718926770E+00  2.790205718926770E+00  8.370617156780312E+00 -1.865174681370263E-13  2.999999999999933E+00  1.127197346051105E+02  3.659190404189852E+01  1.493116386470090E+02  1.115701495710088E+20  3.621871734656766E+19
  0.000000000000000E+00  2.070701787382606E+00  5.745070302079586E-01  9.499618564199117E-01  8.115294061534636E+00  2.705098020511497E+00  2.705098020511497E+00  8.115294061534494E+00  1.403321903126198E-13  3.000000000000052E+00  1.247199924346426E+02  3.799434711718415E+01  1.627143395518267E+02  1.237938255267798E+20  3.771220223969605E+19
  0.000000000000000E+00  2.068524113615690E+00  5.787502479344575E-01  9.557936068781617E-01  7.850972916717994E+00  2.616990972239252E+00  2.616990972239252E+00  7.850972916717758E+00  2.353672812205332E-13  3.000000000000090E+00  1.361180474808114E+02  3.914094265276100E+01  1.752589901335724E+02  1.345626541461297E+20  3.869368703572868E+19
  0.000000000000000E+00  2.066280829704882E+00  5.831212762056029E-01  9.617640845246267E-01  7.574311423197521E+00  2.524770474399136E+00  2.524770474399136E+00  7.574311423197409E+00  1.119104808822158E-13  3.000000000000044E+00  1.470794388949168E+02  3.916954463630448E+01  1.862489835312213E+02  1.440476955904880E+20  3.836214418943789E+19
  0.000000000000000E+00  2.064037522534369E+00  5.874922925394707E-01  9.676970100653175E-01  7.297673448259085E+00  2.432557816086379E+00  2.432557816086379E+00  7.297673448259138E+00 -5.240252676230739E-14  2.999999999999978E+00  1.567862832351821E+02  3.904939832966456E+01  1.958356815648467E+02  1.527658989829029E+20  3.804807612936679E+19
  0.000000000000000E+00  2.061794195523249E+00  5.918632986906572E-01  9.735923211477869E-01  7.022110296354827E+00  2.340703432118358E+00  2.340703432118358E+00  7.022110296355077E+00 -2.495781359357352E-13  2.999999999999893E+00  1.652792498393104E+02  3.878098829874131E+01  2.040602381380518E+02  1.604019540527258E+20  3.763658359571335E+19
  0.000000000000000E+00  2.059550852090622E+00  5.962342964137588E-01  9.794499665489392E-01  6.748673271936895E+00  2.249557757312453E+00  2.249557757312453E+00  6.748673271937358E+00 -4.627409566637652E-13  2.999999999999794E+00  1.726555048597447E+02  3.836479911690846E+01  2.110203039766532E+02  1.665766372870242E+20  3.701404847924324E+19
  0.000000000000000E+00  2.057235648528488E+00  6.007452906073610E-01  9.854556865580509E-01  6.470469813390103E+00  2.156823271130212E+00  2.156823271130212E+00  6.470469813390638E+00 -5.346834086594754E-13  2.999999999999752E+00  1.791164241329816E+02  3.761981852577534E+01  2.167362426587569E+02  1.715717242420233E+20  3.603520537763343E+19
  0.000000000000000E+00  2.054920444966355E+00  6.052562848009633E-01  9.914212063991433E-01  6.197636038741147E+00  2.065878679580514E+00  2.065878679580514E+00  6.197636038741543E+00 -3.952393967665557E-13  2.999999999999809E+00  1.843850645749761E+02  3.681422629585423E+01  2.211992908708304E+02  1.756038124748126E+20  3.506096605906909E+19
  0.000000000000000E+00  2.052605241404220E+00  6.097672789945655E-01  9.973465080191635E-01  5.930628061752071E+00  1.976876020584091E+00  1.976876020584091E+00  5.930628061752273E+00 -2.025046796916286E-13  2.999999999999897E+00  1.885984502649845E+02  3.594823263333785E+01  2.245466828983223E+02  1.787106109359955E+20  3.406353873505741E+19
  0.000000000000000E+00  2.050290037842087E+00  6.142782731881677E-01  1.003231584903460E+00  5.669901996184930E+00  1.889967332061677E+00  1.889967332061677E+00  5.669901996185033E+00 -1.030286966852145E-13  2.999999999999945E+00  1.919304323663329E+02  3.502204774442085E+01  2.269524801107538E+02  1.809436051140626E+20  3.301725265359183E+19
  0.000000000000000E+00  2.047896099224935E+00  6.189426671907815E-01  1.009274499053639E+00  5.407940820153344E+00  1.802646940051173E+00  1.802646940051173E+00  5.407940820153518E+00 -1.740829702612245E-13  2.999999999999903E+00  1.946401585772154E+02  3.386017063754377E+01  2.285003292147591E+02  1.825557610268134E+20  3.175793353447338E+19
  0.000000000000000E+00  2.045502160183974E+00  6.236070609759061E-01  1.015274429143318E+00  5.154742674054551E+00  1.718247558018291E+00  1.718247558018291E+00  5.154742674054875E+00 -3.232969447708456E-13  2.999999999999812E+00  1.967650354428210E+02  3.263975959814999E+01  2.294047950409710E+02  1.837220687494922E+20  3.047616739103431E+19
  0.000000000000000E+00  2.043108231449144E+00  6.282714600504481E-01  1.021231396488069E+00  4.910773456454706E+00  1.636924485485054E+00  1.636924485485054E+00  4.910773456455163E+00 -4.574118861455645E-13  2.999999999999720E+00  1.984603316690441E+02  3.136102950741842E+01  2.298213611764625E+02  1.845574762965112E+20  2.916407733108895E+19
  0.000000000000000E+00  2.040714323750383E+00  6.329358699213136E-01  1.027145433973438E+00  4.676499065919961E+00  1.558833021973480E+00  1.558833021973480E+00  4.676499065920441E+00 -4.813927034774679E-13  2.999999999999691E+00  1.998935641495464E+02  3.002419521881843E+01  2.299177593683649E+02  1.851830441558069E+20  2.781466173062699E+19
  0.000000000000000E+00  2.038234122699834E+00  6.377684540359434E-01  1.033227473969847E+00  4.444882833020682E+00  1.481627611006994E+00  1.481627611006994E+00  4.444882833020983E+00 -3.010924842783425E-13  2.999999999999797E+00  2.010851790894262E+02  2.848958827680739E+01  2.295747673662336E+02  1.855871406922049E+20  2.629383852023966E+19
  0.000000000000000E+00  2.035753921649284E+00  6.426010381505732E-01  1.039263578077255E+00  4.225205449566632E+00  1.408401816522214E+00  1.408401816522214E+00  4.225205449566642E+00 -1.065814103640150E-14  2.999999999999992E+00  2.019424265915096E+02  2.694046646349953E+01  2.288828930550091E+02  1.857207774387014E+20  2.477639028416408E+19
  0.000000000000000E+00  2.033273720598733E+00  6.474336222652028E-01  1.045253829873857E+00  4.017610945586004E+00  1.339203648528597E+00  1.339203648528597E+00  4.017610945585791E+00  2.122746423083299E-13  3.000000000000158E+00  2.025666106662225E+02  2.537689615593765E+01  2.279435068221601E+02  1.856646395304468E+20  2.325947134968474E+19
  0.000000000000000E+00  2.030793519548184E+00  6.522662063798327E-01  1.051198324835283E+00  3.822243351106991E+00  1.274081117035601E+00  1.274081117035601E+00  3.822243351106802E+00  1.896260926059767E-13  3.000000000000149E+00  2.030613970066934E+02  2.379894373116450E+01  2.268603407378579E+02  1.854998263311644E+20  2.174071484818283E+19
  0.000000000000000E+00  2.028218652978087E+00  6.572832429145046E-01  1.057321417014606E+00  3.632910704518975E+00  1.210970234839642E+00  1.210970234839642E+00  3.632910704518926E+00  4.929390229335695E-14  3.000000000000041E+00  2.034223964955067E+02  2.207390175187423E+01  2.254962982473809E+02  1.851894424818387E+20  2.009539573445526E+19
  0.000000000000000E+00  2.025643786407992E+00  6.623002794491766E-01  1.063395440409855E+00  3.457033194589195E+00  1.152344398196391E+00  1.152344398196391E+00  3.457033194589173E+00  2.220446049250313E-14  3.000000000000020E+00  2.035655880887084E+02  2.048644766911655E+01  2.240520357578249E+02  1.846786443851743E+20  1.858570212835555E+19
  0.000000000000000E+00  2.023068919837895E+00  6.673173159838485E-01  1.069420539685481E+00  3.293507942264837E+00  1.097835980754926E+00  1.097835980754926E+00  3.293507942264779E+00  5.773159728050814E-14  3.000000000000053E+00  2.035234419668383E+02  1.903607321492213E+01  2.225595151817604E+02  1.839935642630684E+20  1.720939330888943E+19
  0.000000000000000E+00  2.020494053267799E+00  6.723343525185204E-01  1.075396871393120E+00  3.141232068493089E+00  1.047077356164326E+00  1.047077356164326E+00  3.141232068492979E+00  1.105782132526656E-13  3.000000000000106E+00  2.033251627449592E+02  1.772227012132259E+01  2.210474328662818E+02  1.831570066376885E+20  1.596436910426849E+19
  0.000000000000000E+00  2.017815227870737E+00  6.775539316420658E-01  1.081562903758530E+00  2.993967751378978E+00  9.979892504596194E-01  9.979892504596194E-01  2.993967751378858E+00  1.194599974496668E-13  3.000000000000120E+00  2.029549988144240E+02  1.642442204757208E+01  2.193794208619960E+02  1.821220260455935E+20  1.473848408467560E+19
  0.000000000000000E+00  2.015136392146683E+00  6.827735054655241E-01  1.087676543520116E+00  2.856616270596701E+00  9.522054235322071E-01  9.522054235322071E-01  2.856616270596622E+00  7.949196856316121E-14  3.000000000000083E+00  2.022355317546161E+02  1.538423644280321E+01  2.176197681974193E+02  1.807608797812449E+20  1.375064060225571E+19
  0.000000000000000E+00  2.012457551946961E+00  6.879930769919498E-01  1.093737999907888E+00  2.726977206210917E+00  9.089924020702959E-01  9.089924020702957E-01  2.726977206210888E+00  2.886579864025407E-14  3.000000000000032E+00  2.008822841119560E+02  1.460069928278826E+01  2.154829833947443E+02  1.788333599593437E+20  1.299812037701535E+19
  0.000000000000000E+00  2.009778713122893E+00  6.932126492243966E-01  1.099747493766580E+00  2.602850138286283E+00  8.676167127620908E-01  8.676167127620908E-01  2.602850138286273E+00  9.769962616701378E-15  3.000000000000011E+00  1.985916649670066E+02  1.407279652949135E+01  2.126644614964980E+02  1.760862798423080E+20  1.247799794753504E+19
  0.000000000000000E+00  2.007031734156196E+00  6.985377887925843E-01  1.105840858586812E+00  2.479628667999576E+00  8.265428893331874E-01  8.265428893331874E-01  2.479628667999563E+00  1.332267629550188E-14  3.000000000000016E+00  1.900999622623704E+02  1.335448962990918E+01  2.034544518922796E+02  1.678305388761616E+20  1.179006646992599E+19
  0.000000000000000E+00  2.004231439448595E+00  7.038362436245326E-01  1.111925474665195E+00  2.372293124664393E+00  7.907643748881270E-01  7.907643748881270E-01  2.372293124664381E+00  1.199040866595169E-14  3.000000000000015E+00  1.720631529051043E+02  1.045318090646737E+01  1.825163338115717E+02  1.511866292140356E+20  9.184890309925477E+18
  0.000000000000000E+00  2.001333608122073E+00  7.090799443608276E-01  1.118036220214252E+00  2.300334745436340E+00  7.667782484787772E-01  7.667782484787772E-01  2.300334745436332E+00  7.993605777301127E-15  3.000000000000010E+00  1.386216682406661E+02  5.369914210173123E+00  1.439915824508392E+02  1.211804590361416E+20  4.694278154579162E+18
  0.000000000000000E+00  1.998294019298618E+00  7.142408216420556E-01  1.124208728007872E+00  2.283244767471019E+00  7.610815891570047E-01  7.610815891570047E-01  2.283244767471015E+00  4.884981308350689E-15  3.000000000000007E+00  8.697643848486268E+01 -1.890229197147079E+00  8.508620928771560E+01  7.562165575186273E+19 -1.643459586628783E+18
  0.000000000000000E+00  1.995160434402388E+00  7.193646282460924E-01  1.130415682846347E+00  2.288400306129517E+00  7.628001020431745E-01  7.628001020431745E-01  2.288400306129524E+00 -7.549516567451064E-15  2.999999999999990E+00  8.802142189056107E+01  6.010794293954115E-01  8.862250131995648E+01  7.610042702503218E+19  5.196735098170308E+17
  0.000000000000000E+00  1.992026849506158E+00  7.244884348501293E-01  1.136572397267395E+00  2.274882690253933E+00  7.582942300846541E-01  7.582942300846541E-01  2.274882690253963E+00 -2.930988785010413E-14  2.999999999999961E+00  8.958491472249875E+01  2.283046782870609E+00  9.186796150536937E+01  7.700437675464462E+19  1.962435251082461E+18
  0.000000000000000E+00  1.988893264609929E+00  7.296122414541660E-01  1.142679017703500E+00  2.249874905125791E+00  7.499583017086108E-01  7.499583017086108E-01  2.249874905125833E+00 -4.174438572590589E-14  2.999999999999944E+00  9.134096767021396E+01  3.159455412271741E+00  9.450042308248570E+01  7.804097009179836E+19  2.699412669085114E+18
  0.000000000000000E+00  1.985759679713699E+00  7.347360480582029E-01  1.148735703158271E+00  2.220559936026607E+00  7.401866453422117E-01  7.401866453422117E-01  2.220559936026635E+00 -2.886579864025407E-14  2.999999999999961E+00  9.289281355991544E+01  3.234087866591873E+00  9.612690142650730E+01  7.886360287445985E+19  2.745657187006219E+18
  0.000000000000000E+00  1.982498468826964E+00  7.400685417423498E-01  1.154986226311520E+00  2.188348910141150E+00  7.294496367137195E-01  7.294496367137195E-01  2.188348910141158E+00 -8.437694987151190E-15  2.999999999999988E+00  9.430907155272685E+01  3.586018635504375E+00  9.789509018823122E+01  7.950933026035432E+19  3.023271625049292E+18
  0.000000000000000E+00  1.979237264945704E+00  7.454010397108777E-01  1.161183049864131E+00  2.154462156584343E+00  7.181540521947835E-01  7.181540521947835E-01  2.154462156584350E+00 -7.105427357601002E-15  2.999999999999990E+00  9.584276854911020E+01  3.580500039187716E+00  9.942326858829793E+01  8.021225391671435E+19  2.996574312698077E+18
  0.000000000000000E+00  1.975976075259007E+00  7.507335463603224E-01  1.167326386967752E+00  2.122243989260554E+00  7.074146630868536E-01  7.074146630868535E-01  2.122243989260561E+00 -6.217248937900877E-15  2.999999999999991E+00  9.747750654362129E+01  3.219293195503480E+00  1.006967997391248E+02  8.095244106449243E+19  2.673536202546317E+18
  0.000000000000000E+00  1.972714906955964E+00  7.560660660872200E-01  1.173416463063697E+00  2.095038722074148E+00  6.983462406913802E-01  6.983462406913802E-01  2.095038722074141E+00  7.105427357601002E-15  3.000000000000010E+00  9.918663620929570E+01  2.504159204380646E+00  1.016907954136763E+02  8.170156279505745E+19  2.062714578341070E+18
  0.000000000000000E+00  1.969313365819946E+00  7.616281480003421E-01  1.179712225062210E+00  2.074187653407098E+00  6.913958844690372E-01  6.913958844690372E-01  2.074187653407112E+00 -1.376676550535194E-14  2.999999999999980E+00  1.008067225508042E+02  1.771468594857860E+00  1.025781911456620E+02  8.229033989510323E+19  1.446081660981362E+18
  0.000000000000000E+00  1.965911824683928E+00  7.671902299134643E-01  1.185950614508311E+00  2.059517000138771E+00  6.865056667129553E-01  6.865056667129553E-01  2.059517000138866E+00 -9.547918011776346E-14  2.999999999999861E+00  1.020709977217273E+02  1.241554567459300E+00  1.033125522891866E+02  8.253307943609401E+19  1.003902421133596E+18
  0.000000000000000E+00  1.962510283547910E+00  7.727523118265865E-01  1.192131933128160E+00  2.049052722166373E+00  6.830175740555187E-01  6.830175740555187E-01  2.049052722166556E+00 -1.834088436680759E-13  2.999999999999732E+00  1.029884508656806E+02  9.133776138035904E-01  1.039018284794842E+02  8.244580861238705E+19  7.311902966353251E+17
  0.000000000000000E+00  1.959108742411892E+00  7.783143937397087E-01  1.198256494597917E+00  2.040820779387112E+00  6.802735931291108E-01  6.802735931291108E-01  2.040820779387333E+00 -2.211564265053312E-13  2.999999999999675E+00  1.035701189227980E+02  7.858982255094367E-01  1.043560171483074E+02  8.204663256863461E+19  6.225763146296938E+17
  0.000000000000000E+00  1.955552566169200E+00  7.841293154371898E-01  1.204599141362631E+00  2.033756764164639E+00  6.779189213882723E-01  6.779189213882723E-01  2.033756764164817E+00 -1.789679515695752E-13  2.999999999999736E+00  1.039137626079956E+02  5.829729176857923E-01  1.044967355256814E+02  8.137913355822245E+19  4.565500251217766E+17
  0.000000000000000E+00  1.951996376166242E+00  7.899442287194404E-01  1.210880504132867E+00  2.028663958331153E+00  6.762213194437484E-01  6.762213194437484E-01  2.028663958331245E+00 -9.237055564881302E-14  2.999999999999863E+00  1.040567973669428E+02  4.031969349818150E-01  1.044599943019247E+02  8.051679489720215E+19  3.119846635547585E+17
  0.000000000000000E+00  1.948440170684634E+00  7.957591325354703E-01  1.217100980204863E+00  2.025309702772226E+00  6.751032342574109E-01  6.751032342574109E-01  2.025309702772233E+00 -7.549516567451064E-15  2.999999999999989E+00  1.039670597995668E+02  2.464477644659827E-01  1.042135075640328E+02  7.944151816408007E+19  1.883114189731358E+17
  0.000000000000000E+00  1.944883948005990E+00  8.015740258342886E-01  1.223260978094741E+00  2.023461338373427E+00  6.744871127911317E-01  6.744871127911317E-01  2.023461338373395E+00  3.197442310920451E-14  3.000000000000047E+00  1.036115609641307E+02  1.126028927321364E-01  1.037241638568629E+02  7.813624168092013E+19  8.491684478660483E+16
  0.000000000000000E+00  1.941157038693898E+00  8.076679927055611E-01  1.229652164560400E+00  2.022542983740999E+00  6.741809945803223E-01  6.741809945803223E-01  2.022542983740967E+00  3.197442310920451E-14  3.000000000000048E+00  1.029763226597204E+02  5.583843181457919E-02  1.030321610915350E+02  7.654703741744271E+19  4.150727486711674E+16
  0.000000000000000E+00  1.937430129381805E+00  8.137619595768339E-01  1.235977863106617E+00  2.022233224655331E+00  6.740777415517661E-01  6.740777415517661E-01  2.022233224655299E+00  3.197442310920451E-14  3.000000000000048E+00  1.021160762684058E+02  1.101966081917354E-03  1.021171782344877E+02  7.477286688334022E+19  8.068970740374556E+14
  0.000000000000000E+00  1.933703220069713E+00  8.198559264481066E-01  1.242238576634657E+00  2.022512216255125E+00  6.741707387516982E-01  6.741707387516982E-01  2.022512216255095E+00  3.019806626980426E-14  3.000000000000045E+00  1.010363308790975E+02 -5.161695473928880E-02  1.009847139243583E+02  7.282770924167292E+19 -3.720586979936748E+16
  0.000000000000000E+00  1.929976310757621E+00  8.259498933193792E-01  1.248434818144955E+00  2.023360113679086E+00  6.744533712263541E-01  6.744533712263541E-01  2.023360113679062E+00  2.442490654175344E-14  3.000000000000036E+00  9.974187768127676E+01 -1.023287809224209E-01  9.963954890035434E+01  7.072513775563118E+19 -7.255946344052605E+16
  0.000000000000000E+00  1.926060561686961E+00  8.323527010826923E-01  1.254876158368622E+00  2.025177743977838E+00  6.750592479926066E-01  6.750592479926066E-01  2.025177743977820E+00  1.776356839400250E-14  3.000000000000026E+00  9.812588952027889E+01 -2.042402092218440E-01  9.792164931105705E+01  6.833585406117519E+19 -1.422349310568386E+17
  0.000000000000000E+00  1.922144857202016E+00  8.387555361131228E-01  1.261247480856343E+00  2.027917336039710E+00  6.759724453465649E-01  6.759724453465649E-01  2.027917336039695E+00  1.465494392505207E-14  3.000000000000022E+00  9.624186799631745E+01 -2.607935890191314E-01  9.598107440729831E+01  6.576729891432381E+19 -1.782144328767269E+17
  0.000000000000000E+00  1.918229178635873E+00  8.451583869945200E-01  1.267549426713603E+00  2.031057294155433E+00  6.770190980518063E-01  6.770190980518063E-01  2.031057294155419E+00  1.376676550535194E-14  3.000000000000020E+00  9.414981034160408E+01 -2.722635880105744E-01  9.387754675359351E+01  6.307482319403915E+19 -1.824005551751291E+17
  0.000000000000000E+00  1.914313507321618E+00  8.515612423107337E-01  1.273782645685909E+00  2.034076022615738E+00  6.780253408719078E-01  6.780253408719078E-01  2.034076022615723E+00  1.421085471520200E-14  3.000000000000020E+00  9.190432026946699E+01 -2.389248689120123E-01  9.166539540055498E+01  6.030730174384294E+19 -1.567816847057609E+17
  0.000000000000000E+00  1.910199358811813E+00  8.582765899196575E-01  1.280254693814309E+00  2.037720485711040E+00  6.792401619036750E-01  6.792401619036750E-01  2.037720485711025E+00  1.465494392505207E-14  3.000000000000022E+00  8.738765338125955E+01 -3.357555807992867E-01  8.705189780046027E+01  5.605598573343727E+19 -2.153749336315625E+17
  0.000000000000000E+00  1.906073118142756E+00  8.649845333968653E-01  1.286662940222402E+00  2.041799093028910E+00  6.805996976762980E-01  6.805996976762980E-01  2.041799093028895E+00  1.598721155460225E-14  3.000000000000024E+00  8.221794932062683E+01 -3.085980014152442E-01  8.190935131921159E+01  5.149353105025791E+19 -1.932765399676142E+17
  0.000000000000000E+00  1.901932761924850E+00  8.716837625729376E-01  1.293009895814728E+00  2.044794335685415E+00  6.815981118951318E-01  6.815981118951318E-01  2.044794335685395E+00  1.865174681370263E-14  3.000000000000027E+00  7.646824556708357E+01 -1.582544110566600E-01  7.630999115602691E+01  4.668565018146623E+19 -9.661801469975803E+16
  0.000000000000000E+00  1.897776266768500E+00  8.783729672784547E-01  1.299298077450877E+00  2.045188704796617E+00  6.817295682655318E-01  6.817295682655318E-01  2.045188704796596E+00  2.087219286295294E-14  3.000000000000031E+00  7.020284263971546E+01  1.144680905851864E-01  7.031731073030065E+01  4.169482425528661E+19  6.798481002089120E+16
  0.000000000000000E+00  1.893270099868459E+00  8.860766256679068E-01  1.306160713412779E+00  2.043142479087083E+00  6.810474930290121E-01  6.810474930290121E-01  2.043142479087037E+00  4.618527782440651E-14  3.000000000000068E+00  1.050003936585797E+02  9.228853876435440E-02  1.050926821973441E+02  6.040476370947441E+19  5.309187121031315E+16
  0.000000000000000E+00  1.889077638784320E+00  8.939619225028704E-01  1.312658607973052E+00  2.044998587136216E+00  6.816661957120386E-01  6.816661957120386E-01  2.044998587136116E+00  9.947598300641403E-14  3.000000000000147E+00  8.465881766003572E+01 -4.412777560996461E-01  8.421753990393607E+01  4.724517018882883E+19 -2.462619165222994E+17
  0.000000000000000E+00  1.885020044553573E+00  9.019248749034303E-01  1.318949016980654E+00  2.057946670444369E+00  6.859822234814051E-01  6.859822234814051E-01  2.057946670444216E+00  1.527666881884215E-13  3.000000000000223E+00  3.953616053293469E+01 -1.482403815614823E+00  3.805375671731986E+01  2.143721963417821E+19 -8.037860974235560E+17
  0.000000000000000E+00  1.880918478213710E+00  9.098614999896711E-01  1.325189038007486E+00  2.089176370511896E+00  6.963921235039060E-01  6.963921235039060E-01  2.089176370511718E+00  1.771915947301750E-13  3.000000000000254E+00  9.769084585442679E+00 -3.030884267286444E+00  6.738200318156235E+00  5.154996958439110E+18 -1.599351407246984E+18
  0.000000000000000E+00  1.876610744330901E+00  9.178788221607324E-01  1.331570469055482E+00  2.087735026861390E+00  6.959116756204052E-01  6.959116756204052E-01  2.087735026861216E+00  1.740829702612245E-13  3.000000000000250E+00 -4.181371574236780E+01  2.037184436713807E+00 -3.977653130565399E+01 -2.156294987901486E+19  1.050557338023398E+18
  0.000000000000000E+00  1.872163565317521E+00  9.258231508608645E-01  1.337985466480474E+00  2.064564509884613E+00  6.881881699614825E-01  6.881881699614825E-01  2.064564509884447E+00  1.656452752740734E-13  3.000000000000241E+00 -1.024869125984603E+02 -7.455123988172161E-03 -1.024943677224485E+02 -5.210750106289283E+19 -3.790414515262846E+15
  0.000000000000000E+00  1.867507010902728E+00  9.336416011708100E-01  1.344492672546340E+00  2.122093367803394E+00  7.073644559344148E-01  7.073644559344148E-01  2.122093367803245E+00  1.496580637194711E-13  3.000000000000212E+00 -8.571059313827311E+01 -9.117694477021383E+00 -9.482828761529449E+01 -4.341462688618034E+19 -4.618347502781567E+18
  0.000000000000000E+00  1.862571150815679E+00  9.412812881713107E-01  1.351150971492852E+00  2.362750148839567E+00  7.875833829464792E-01  7.875833829464792E-01  2.362750148839438E+00  1.287858708565182E-13  3.000000000000163E+00  3.735423118166925E+01 -2.523922133927203E+01  1.211500984239722E+01  1.907296199614269E+19 -1.288707314239675E+19
  0.000000000000000E+00  1.857552358641710E+00  9.486957327351614E-01  1.357757018099163E+00  2.765854463989991E+00  9.219514879966284E-01  9.219514879966284E-01  2.765854463989886E+00  1.056932319443149E-13  3.000000000000115E+00  4.960376063658060E+01 -2.954692640006575E+01  2.005683423651485E+01  2.561258184004004E+19 -1.525636485684589E+19
  0.000000000000000E+00  1.852533566467742E+00  9.561101772990120E-01  1.364280699753839E+00  3.164765000446382E+00  1.054921666815432E+00  1.054921666815432E+00  3.164765000446295E+00  8.659739592076221E-14  3.000000000000082E+00  4.751171431928648E+01 -2.451932531029388E+01  2.299238900899260E+01  2.464457121712807E+19 -1.271830047521937E+19
  0.000000000000000E+00  1.847514774293773E+00  9.635246218628627E-01  1.370723002322869E+00  3.425717653666428E+00  1.141905884555452E+00  1.141905884555452E+00  3.425717653666356E+00  7.238654120556021E-14  3.000000000000064E+00  3.562301556926921E+01 -1.023209814439838E+01  2.539091742487082E+01  1.841078061837795E+19 -5.288179880109326E+18
  0.000000000000000E+00  1.842495982119805E+00  9.709390664267133E-01  1.377084914253515E+00  3.414948319107824E+00  1.138316106369252E+00  1.138316106369252E+00  3.414948319107756E+00  6.794564910705958E-14  3.000000000000060E+00  2.944981597588174E+01  1.323907502317946E+01  4.268889099906119E+01  1.501459653423886E+19  6.749766114747578E+18
  0.000000000000000E+00  1.837174188039011E+00  9.788011467489355E-01  1.383744202748780E+00  3.212363957055571E+00  1.070787985685160E+00  1.070787985685160E+00  3.212363957055480E+00  9.103828801926284E-14  3.000000000000085E+00  3.512138586821118E+01  1.308705548271700E+01  4.820844135092818E+01  1.753947435317337E+19  6.535621198405823E+18
  0.000000000000000E+00  1.831852393958217E+00  9.866632270711575E-01  1.390315394691774E+00  3.015699083632585E+00  1.005233027877482E+00  1.005233027877482E+00  3.015699083632446E+00  1.398881011027697E-13  3.000000000000139E+00  4.173820339641667E+01  1.239405509096984E+01  5.413225848738650E+01  2.040981337380615E+19  6.060643026457715E+18
  0.000000000000000E+00  1.826530599877423E+00  9.945253073933797E-01  1.396799670396530E+00  2.833297378770908E+00  9.444324595902397E-01  9.444324595902397E-01  2.833297378770720E+00  1.882938249764265E-13  3.000000000000199E+00  4.892622637851952E+01  1.116479447400218E+01  6.009102085252169E+01  2.342437966586850E+19  5.345361864352543E+18
  0.000000000000000E+00  1.821208805796629E+00  1.002387387715602E+00  1.403198208400905E+00  2.673502522402575E+00  8.911675074674550E-01  8.911675074674550E-01  2.673502522402365E+00  2.096101070492296E-13  3.000000000000235E+00  5.597096957932900E+01  9.403994257878317E+00  6.537496383720732E+01  2.624190221535554E+19  4.409048111972447E+18
  0.000000000000000E+00  1.815547688980621E+00  1.010750745903813E+00  1.409911926709408E+00  2.534067562380383E+00  8.446891874600702E-01  8.446891874600702E-01  2.534067562380211E+00  1.727507026316744E-13  3.000000000000205E+00  6.633430144651237E+01  7.178393522080921E+00  7.351269496859329E+01  3.043797445152509E+19  3.293857836194640E+18
  0.000000000000000E+00  1.809886553697804E+00  1.019114091591946E+00  1.416531381786735E+00  2.446496075463997E+00  8.154986918213009E-01  8.154986918213009E-01  2.446496075463903E+00  9.370282327836321E-14  3.000000000000115E+00  8.154007031795538E+01  3.091469754194061E+00  8.463154007214945E+01  3.664899587559943E+19  1.389491839155916E+18
  0.000000000000000E+00  1.804225394495942E+00  1.027477421089224E+00  1.423057982217885E+00  2.441886273411593E+00  8.139620911371929E-01  8.139620911371929E-01  2.441886273411579E+00  1.376676550535194E-14  3.000000000000017E+00  9.747900330179846E+01 -2.839182314182766E+00  9.463982098761569E+01  4.293843296666848E+19 -1.250628703088495E+18
  0.000000000000000E+00  1.798564205922796E+00  1.035840730704869E+00  1.429493129084986E+00  2.551336367981351E+00  8.504454559937907E-01  8.504454559937907E-01  2.551336367981373E+00 -2.131628207280301E-14  2.999999999999975E+00  1.079375714362480E+02 -1.059596774243431E+01  9.734160369381367E+01  4.660495969945799E+19 -4.575095057651721E+18
  0.000000000000000E+00  1.793067284953172E+00  1.045214244058257E+00  1.435813089783522E+00  2.592373902374094E+00  8.641246341247036E-01  8.641246341247036E-01  2.592373902374111E+00 -1.731947918415244E-14  2.999999999999980E+00  2.857385247037697E+01  3.782627721712210E+00  3.235648019208918E+01  1.208354927317555E+19  1.599629189125797E+18
  0.000000000000000E+00  1.787889195501332E+00  1.054917005867138E+00  1.441778992105976E+00  2.486129695599050E+00  8.287098985330194E-01  8.287098985330194E-01  2.486129695599059E+00 -8.437694987151190E-15  2.999999999999990E+00  5.654118580408729E+01  5.898173594174015E+00  6.243935939826130E+01  2.345427929433486E+19  2.446666245797554E+18
  0.000000000000000E+00  1.782000432584320E+00  1.063911555802768E+00  1.448215420607057E+00  2.450810566512717E+00  8.169368555042387E-01  8.169368555042388E-01  2.450810566512716E+00  8.881784197001252E-16  3.000000000000001E+00  1.920700448297612E+02 -4.125096662710746E+00  1.879449481670505E+02  7.836332480008251E+19 -1.683012517117141E+18
  0.000000000000000E+00  1.774371491219180E+00  1.071160433536406E+00  1.455951014837966E+00  2.704623333971591E+00  9.015411113238618E-01  9.015411113238618E-01  2.704623333971586E+00  4.884981308350689E-15  3.000000000000005E+00  4.463097662922912E+02 -2.627746604351283E+01  4.200323002487783E+02  1.797935089088273E+20 -1.058573704188587E+19
  0.000000000000000E+00  1.767745189880057E+00  1.075679452541656E+00  1.462422784724419E+00  3.031375629802477E+00  1.010458543267496E+00  1.010458543267496E+00  3.031375629802490E+00 -1.287858708565182E-14  2.999999999999987E+00  4.621008089952643E+02 -2.249107873292069E+01  4.396097302623436E+02  1.844705835441612E+20 -8.978435738774203E+18
  0.000000000000000E+00  1.761118888540935E+00  1.080198471546906E+00  1.468850164238012E+00  3.316961822853586E+00  1.105653940951211E+00  1.105653940951211E+00  3.316961822853635E+00 -4.929390229335695E-14  2.999999999999956E+00  4.744942504500318E+02 -1.999900996222716E+01  4.544952404878046E+02  1.873084189505771E+20 -7.894685621688253E+18
  0.000000000000000E+00  1.754492587201812E+00  1.084717490552156E+00  1.475233082951053E+00  3.578528292330600E+00  1.192842764110228E+00  1.192842764110228E+00  3.578528292330684E+00 -8.482103908136196E-14  2.999999999999929E+00  4.849108568867305E+02 -1.878696201810591E+01  4.661238948686246E+02  1.890512464343001E+20 -7.324436101595500E+18
  0.000000000000000E+00  1.747866285862689E+00  1.089236509557406E+00  1.481571485897287E+00  3.833221417439201E+00  1.277740472479768E+00  1.277740472479768E+00  3.833221417439304E+00 -1.021405182655144E-13  2.999999999999920E+00  4.947143779865561E+02 -1.884063718723200E+01  4.758737407993241E+02  1.904175703833681E+20 -7.251837660891158E+18
  0.000000000000000E+00  1.741014164864118E+00  1.093909523089436E+00  1.488079036837375E+00  4.097141707957224E+00  1.365713902652444E+00  1.365713902652444E+00  4.097141707957332E+00 -1.074695887837152E-13  2.999999999999921E+00  5.037136313358689E+02 -1.858969505256571E+01  4.851239362833031E+02  1.912226059129889E+20 -7.057124742985452E+18
  0.000000000000000E+00  1.734162034317558E+00  1.098582522621084E+00  1.494538923687724E+00  4.361885540965477E+00  1.453961846988532E+00  1.453961846988532E+00  4.361885540965599E+00 -1.216804434989172E-13  2.999999999999917E+00  5.116509950174784E+02 -1.880878145785217E+01  4.928422135596262E+02  1.913955406103927E+20 -7.035883698858770E+18
  0.000000000000000E+00  1.727309894483242E+00  1.103255508533846E+00  1.500951135106832E+00  4.634114793802508E+00  1.544704931267547E+00  1.544704931267547E+00  4.634114793802642E+00 -1.341149413747189E-13  2.999999999999913E+00  5.207045383715263E+02 -1.949234130344883E+01  5.012121970680774E+02  1.918949861238716E+20 -7.183502904824356E+18
  0.000000000000000E+00  1.720457745621398E+00  1.107928481209218E+00  1.507315675587292E+00  4.920491343806862E+00  1.640163781269000E+00  1.640163781269000E+00  4.920491343807002E+00 -1.394440118929197E-13  2.999999999999915E+00  5.329693958257275E+02 -2.063481947497512E+01  5.123345763507524E+02  1.936118340535855E+20 -7.496012482527096E+18
  0.000000000000000E+00  1.713865887017151E+00  1.111552600046038E+00  1.513349171441706E+00  5.250053296283232E+00  1.750017765427795E+00  1.750017765427795E+00  5.250053296283386E+00 -1.536548666081217E-13  2.999999999999912E+00  6.658329173677915E+02 -2.925808196760135E+01  6.365748354001902E+02  2.389640568572431E+20 -1.050057721759909E+19
  0.000000000000000E+00  1.706779444156708E+00  1.114242146617473E+00  1.519742434710553E+00  5.671998088962372E+00  1.890666029654186E+00  1.890666029654186E+00  5.671998088962559E+00 -1.865174681370263E-13  2.999999999999901E+00  7.399887614693406E+02 -3.422389856934396E+01  7.057648628999966E+02  2.624683169676743E+20 -1.213895335346965E+19
  0.000000000000000E+00  1.699478139756024E+00  1.116512564286714E+00  1.526282442600162E+00  6.145449341883026E+00  2.048483113961082E+00  2.048483113961082E+00  6.145449341883246E+00 -2.202682480856311E-13  2.999999999999893E+00  7.661852505559140E+02 -3.629939332801577E+01  7.298858572278982E+02  2.683923827945771E+20 -1.271556801992072E+19
  0.000000000000000E+00  1.692241696531054E+00  1.118879296416952E+00  1.532746155028382E+00  6.629530675083943E+00  2.209843558361392E+00  2.209843558361392E+00  6.629530675084178E+00 -2.344791028008331E-13  2.999999999999894E+00  7.428228150360814E+02 -3.579838400958240E+01  7.070244310264990E+02  2.565292251004850E+20 -1.236274859083549E+19
  0.000000000000000E+00  1.685041380218555E+00  1.121498574084498E+00  1.539161369063156E+00  7.150204487727319E+00  2.383401495909192E+00  2.383401495909192E+00  7.150204487727576E+00 -2.566835632933362E-13  2.999999999999893E+00  7.558646488437583E+02 -4.113167180391177E+01  7.147329770398467E+02  2.569589336350806E+20 -1.398286127222492E+19
  0.000000000000000E+00  1.677841063804913E+00  1.124117851474004E+00  1.545549670686114E+00  7.733963993236799E+00  2.577987997745704E+00  2.577987997745704E+00  7.733963993237113E+00 -3.144151605738443E-13  2.999999999999878E+00  7.676311271981676E+02 -4.478940204518713E+01  7.228417251529805E+02  2.568517021431820E+20 -1.498666969807721E+19
  0.000000000000000E+00  1.670640747149202E+00  1.126737128198072E+00  1.551910710903973E+00  8.358702907121973E+00  2.786234302374113E+00  2.786234302374113E+00  8.358702907122339E+00 -3.659295089164516E-13  2.999999999999869E+00  7.762677170963934E+02 -4.679254272336806E+01  7.294751743730253E+02  2.555920653859068E+20 -1.540680151437859E+19
  0.000000000000000E+00  1.663440430110499E+00  1.129356403869304E+00  1.558244152527806E+00  9.002314944892417E+00  3.000771648297603E+00  3.000771648297603E+00  9.002314944892809E+00 -3.925748615074554E-13  2.999999999999869E+00  7.801068591247177E+02 -4.716206182880901E+01  7.329447972959088E+02  2.526634167744294E+20 -1.527499411704149E+19
  0.000000000000000E+00  1.656041860928656E+00  1.132071983023123E+00  1.564723014598352E+00  9.647129343507421E+00  3.215709781169276E+00  3.215709781169276E+00  9.647129343507828E+00 -4.067857162226574E-13  2.999999999999873E+00  7.753544666589187E+02 -4.408956654257729E+01  7.312649001163413E+02  2.468315465223623E+20 -1.403576862347824E+19
  0.000000000000000E+00  1.648660645982222E+00  1.134834954321703E+00  1.571156673489935E+00  1.024604145041648E+01  3.415347150138969E+00  3.415347150138969E+00  1.024604145041691E+01 -4.298783551348606E-13  2.999999999999874E+00  7.659217451681487E+02 -4.027947574133910E+01  7.256422694268095E+02  2.396238179623234E+20 -1.260170745059797E+19
  0.000000000000000E+00  1.641300056810853E+00  1.137652128529063E+00  1.577541248831829E+00  1.078816911306702E+01  3.596056371022491E+00  3.596056371022492E+00  1.078816911306748E+01 -4.565237077258644E-13  2.999999999999873E+00  7.516695026168712E+02 -3.574079055255261E+01  7.159287120643186E+02  2.310837138256654E+20 -1.098769417569255E+19
  0.000000000000000E+00  1.633963364954207E+00  1.140530316409223E+00  1.583872779533346E+00  1.126263017890649E+01  3.754210059635651E+00  3.754210059635651E+00  1.126263017890695E+01 -4.671818487622659E-13  2.999999999999876E+00  7.325222402866934E+02 -3.048254534363578E+01  7.020396949430577E+02  2.212745836924140E+20 -9.207928660511780E+18
  0.000000000000000E+00  1.626396574286251E+00  1.143537922520990E+00  1.590368174243101E+00  1.167100485152129E+01  3.890334950507251E+00  3.890334950507251E+00  1.167100485152175E+01 -4.600764214046649E-13  2.999999999999882E+00  7.153123207735445E+02 -2.479334244241685E+01  6.905189783311275E+02  2.121943545999293E+20 -7.354839480822007E+18
  0.000000000000000E+00  1.618829783618294E+00  1.146545528632757E+00  1.596828295401953E+00  1.200794140395159E+01  4.002647134650678E+00  4.002647134650678E+00  1.200794140395203E+01 -4.458655666894629E-13  2.999999999999889E+00  6.969670354316380E+02 -2.064359953313050E+01  6.763234358985076E+02  2.030598204064179E+20 -6.014467543853661E+18
  0.000000000000000E+00  1.611262992950338E+00  1.149553134744524E+00  1.603252894770207E+00  1.229568372150556E+01  4.098561240501994E+00  4.098561240501994E+00  1.229568372150598E+01 -4.281019982954604E-13  2.999999999999896E+00  6.768601492983948E+02 -1.801245313635507E+01  6.588476961620397E+02  1.937048172668608E+20 -5.154829911204271E+18
  0.000000000000000E+00  1.603696202282382E+00  1.152560740856291E+00  1.609641738558922E+00  1.255647568949139E+01  4.185491896497270E+00  4.185491896497270E+00  1.255647568949181E+01 -4.227729277772596E-13  2.999999999999899E+00  6.544590528852791E+02 -1.687903977266862E+01  6.375800131126105E+02  1.840009797946063E+20 -4.745537314322349E+18
  0.000000000000000E+00  1.595920147736369E+00  1.155651524017119E+00  1.616169786208437E+00  1.279106764786255E+01  4.263689215954320E+00  4.263689215954320E+00  1.279106764786296E+01 -4.174438572590589E-13  2.999999999999902E+00  6.267248690105139E+02 -1.364610736722769E+01  6.130787616432862E+02  1.730348073081650E+20 -3.767604694740719E+18
  0.000000000000000E+00  1.588144093190356E+00  1.158742307177946E+00  1.622659618738214E+00  1.299233206888009E+01  4.330777356293499E+00  4.330777356293499E+00  1.299233206888050E+01 -4.067857162226574E-13  2.999999999999906E+00  5.976675963703890E+02 -1.245918548678707E+01  5.852084108836019E+02  1.620605769731259E+20 -3.378370855080788E+18
  0.000000000000000E+00  1.580368038644343E+00  1.161833090338774E+00  1.629111028871783E+00  1.319183026117619E+01  4.397276753725527E+00  4.397276753725527E+00  1.319183026117658E+01 -3.872457909892546E-13  2.999999999999912E+00  5.746284848755231E+02 -1.328867144710093E+01  5.613398134284222E+02  1.530669977668402E+20 -3.539777606322965E+18
  0.000000000000000E+00  1.572591984098330E+00  1.164923873499602E+00  1.635523824571959E+00  1.342112353338300E+01  4.473707844461126E+00  4.473707844461126E+00  1.342112353338338E+01 -3.783640067922533E-13  2.999999999999915E+00  5.636999129292094E+02 -1.610496256392387E+01  5.475949503652855E+02  1.475751355485581E+20 -4.216236296765207E+18
  0.000000000000000E+00  1.564794760319585E+00  1.167974648038403E+00  1.641918029251482E+00  1.379058024585131E+01  4.596860081951951E+00  4.596860081951951E+00  1.379058024585586E+01 -4.549249865704041E-12  2.999999999999010E+00  5.214399986315660E+02 -2.805414803689902E+01  4.933858505946669E+02  1.342835064613822E+20 -7.224626762557394E+18
  0.000000000000000E+00  1.556928474573809E+00  1.170859347240239E+00  1.648342258699418E+00  1.423847047068144E+01  4.746156823565053E+00  4.746156823565053E+00  1.423847047069516E+01 -1.372413294120634E-11  2.999999999997109E+00  4.418644742194411E+02 -2.572932376616300E+01  4.161351504532781E+02  1.120612954959773E+20 -6.525216489886364E+18
  0.000000000000000E+00  1.548968108018036E+00  1.173442895452655E+00  1.654828721606740E+00  1.453771457113834E+01  4.845904857053742E+00  4.845904857053742E+00  1.453771457116122E+01 -2.288835787567223E-11  2.999999999995277E+00  3.921577641993072E+02 -9.298030871963137E+00  3.828597333273440E+02  9.805087937897857E+19 -2.324778919908192E+18
  0.000000000000000E+00  1.540888641809297E+00  1.175590217023196E+00  1.661412194971498E+00  1.446123291048696E+01  4.820410970171329E+00  4.820410970171329E+00  1.446123291051399E+01 -2.703082202515361E-11  2.999999999994392E+00  4.241733766757544E+02  2.108018936637965E+01  4.452535660421341E+02  1.046674030254008E+20  5.201667048399516E+18
  0.000000000000000E+00  1.532906344328455E+00  1.177436228185305E+00  1.667907819964745E+00  1.488199406548073E+01  4.960664688501179E+00  4.960664688501179E+00  1.488199406550354E+01 -2.281552724525682E-11  2.999999999995401E+00  3.840949539956008E+02 -5.841706128601147E+01  3.256778927095893E+02  9.367755672556647E+19 -1.424743417072829E+19
  0.000000000000000E+00  1.524924046847614E+00  1.179282239347413E+00  1.674375193317682E+00  1.582398646218089E+01  5.274662154064826E+00  5.274662154064826E+00  1.582398646219448E+01 -1.359268253509072E-11  2.999999999997423E+00  2.182431870314421E+02 -4.441722031907700E+01  1.738259667123651E+02  5.269687258975650E+19 -1.072495609958413E+19
  0.000000000000000E+00  1.516941749366772E+00  1.181128250509522E+00  1.680813961480016E+00  1.580732682386551E+01  5.269108941289964E+00  5.269108941289964E+00  1.580732682386990E+01 -4.382272322800418E-12  2.999999999999168E+00  6.179716168938240E+01  6.162444920010963E+01  1.234216108894920E+02  1.480098206000950E+19  1.475961584859489E+19
  0.000000000000000E+00  1.508959451885931E+00  1.182974261671631E+00  1.687223783508149E+00  1.335213187381267E+01  4.450710624604288E+00  4.450710624604288E+00  1.335213187381287E+01 -1.971756091734278E-13  2.999999999999956E+00  1.580158627915290E-13  2.582526842044743E+02  2.582526842044744E+02  3.762204949888476E+04  6.148746775618938E+19
  0.000000000000000E+00  1.501466940777126E+00  1.183179575668496E+00  1.693368169284474E+00  1.001868230247515E+01  3.339560767491766E+00  3.339560767491766E+00  1.001868230247530E+01 -1.509903313490213E-13  2.999999999999955E+00 -8.545641691906128E+01  1.812969770664912E+02  9.584056014742990E+01 -2.031850178632365E+19  4.310598414007367E+19
  0.000000000000000E+00  1.494005570353469E+00  1.181016752005244E+00  1.699727577899244E+00  8.004731191855065E+00  2.668243730618370E+00  2.668243730618370E+00  8.004731191855111E+00 -4.618527782440651E-14  2.999999999999983E+00 -3.789062561852612E+01  7.889041550057046E+01  4.099978988204435E+01 -9.040629631198419E+18  1.882309981293351E+19
  0.000000000000000E+00  1.486738629492744E+00  1.177488906928316E+00  1.706092418334187E+00  7.614661182934955E+00  2.538220394311632E+00  2.538220394311631E+00  7.614661182934896E+00  5.950795411990839E-14  3.000000000000024E+00  1.570641720775934E+02 -3.230712120474264E+01  1.247570508728507E+02  3.771490036552488E+19 -7.757719925661066E+18
  0.000000000000000E+00  1.479829407072734E+00  1.173599156684150E+00  1.712231528378604E+00  9.152854916697354E+00  3.050951638899082E+00  3.050951638899082E+00  9.152854916697247E+00  1.065814103640150E-13  3.000000000000035E+00  2.530259655686970E+02 -1.694496632431260E+02  8.357630232557109E+01  6.120088181608323E+19 -4.098578891146273E+19
  0.000000000000000E+00  1.472946575793582E+00  1.169747048920912E+00  1.718373714446840E+00  1.110416914309392E+01  3.701389714364610E+00  3.701389714364609E+00  1.110416914309383E+01  8.704148513061227E-14  3.000000000000024E+00  1.827375949766320E+02 -7.964685708573069E+01  1.030907378909013E+02  4.452244920277822E+19 -1.940527426342589E+19
  0.000000000000000E+00  1.466063746129929E+00  1.165894938270547E+00  1.724544663227281E+00  1.178731053671565E+01  3.929103512238532E+00  3.929103512238532E+00  1.178731053671560E+01  4.973799150320701E-14  3.000000000000013E+00  1.243213462687887E+02 -9.263490175503327E+00  1.150578560932853E+02  3.051118677139082E+19 -2.273463788661399E+18
  0.000000000000000E+00  1.459180943215932E+00  1.162042779826472E+00  1.730744089201934E+00  1.149951411108432E+01  3.833171370361435E+00  3.833171370361435E+00  1.149951411108431E+01  1.065814103640150E-14  3.000000000000003E+00  1.058865439993051E+02  4.196223102228839E+01  1.478487750215935E+02  2.617822833255888E+19  1.037428197724784E+19
  0.000000000000000E+00  1.452298192185750E+00  1.158190528682103E+00  1.736971696468051E+00  1.053801487972172E+01  3.512671626573908E+00  3.512671626573908E+00  1.053801487972173E+01 -7.105427357601002E-15  2.999999999999998E+00  1.155649789565690E+02  7.429210213619625E+01  1.898570810927652E+02  2.878426644423544E+19  1.850425346760358E+19
  0.000000000000000E+00  1.445518039831553E+00  1.154395622322109E+00  1.743133781819485E+00  9.400789485769799E+00  3.133596495256601E+00  3.133596495256601E+00  9.400789485769806E+00 -7.105427357601002E-15  2.999999999999998E+00  1.201660270060840E+02  6.847036532391841E+01  1.886363923300024E+02  3.015743984122272E+19  1.718364977697121E+19
  0.000000000000000E+00  1.438737887477356E+00  1.150600715962114E+00  1.749322669744227E+00  8.348393249762106E+00  2.782797749920703E+00  2.782797749920703E+00  8.348393249762109E+00 -3.552713678800501E-15  2.999999999999999E+00  1.139161676703044E+02  6.302912435298365E+01  1.769452920232880E+02  2.881165553692526E+19  1.594131418560334E+19
  0.000000000000000E+00  1.431957735123159E+00  1.146805809602120E+00  1.755538058323969E+00  7.375542881468486E+00  2.458514293822827E+00  2.458514293822827E+00  7.375542881468483E+00  2.664535259100376E-15  3.000000000000001E+00  1.036903732386495E+02  5.796372599181098E+01  1.616540992304604E+02  2.642922148088745E+19  1.477414059036324E+19
  0.000000000000000E+00  1.425177582768963E+00  1.143010903242126E+00  1.761779634860180E+00  6.476955090658786E+00  2.158985030219593E+00  2.158985030219593E+00  6.476955090658779E+00  7.993605777301127E-15  3.000000000000004E+00  9.654295153586344E+01  5.326951700882065E+01  1.498124685446841E+02  2.479317771484430E+19  1.368013491376421E+19
  0.000000000000000E+00  1.418488611724433E+00  1.139267078735030E+00  1.767962611692235E+00  5.754218656742609E+00  1.918072885580866E+00  1.918072885580866E+00  5.754218656742600E+00  9.769962616701378E-15  3.000000000000005E+00  7.536544054040220E+01  3.776810983795308E+01  1.131335503783553E+02  1.949824237787320E+19  9.771212833019503E+18
  0.000000000000000E+00  1.411799606278348E+00  1.135523315692241E+00  1.774170458676844E+00  5.238142657646642E+00  1.746047552548877E+00  1.746047552548877E+00  5.238142657646632E+00  9.769962616701378E-15  3.000000000000005E+00  3.858180094033151E+01  2.715820029243348E+01  6.574000123276498E+01  1.005860657049867E+19  7.080375857178507E+18
  0.000000000000000E+00  1.405110574835676E+00  1.131779599097650E+00  1.780402839314969E+00  4.852108237025622E+00  1.617369412341871E+00  1.617369412341871E+00  4.852108237025615E+00  7.105427357601002E-15  3.000000000000004E+00  9.471103620242298E+00  2.137230703875726E+01  3.084341065899956E+01  2.488793143989161E+18  5.616161892221975E+18
  0.000000000000000E+00  1.398421525801386E+00  1.128035913935148E+00  1.786659407161673E+00  4.519496538534288E+00  1.506498846178093E+00  1.506498846178093E+00  4.519496538534281E+00  6.217248937900877E-15  3.000000000000004E+00  1.744853864373576E-15  2.034294802576168E+01  2.034294802576168E+01  4.622338290415354E+02  5.389103896856500E+18
  0.000000000000000E+00  1.391812771915768E+00  1.124337181756268E+00  1.792864269112111E+00  4.202516100764818E+00  1.400838700254937E+00  1.400838700254937E+00  4.202516100764812E+00  6.217248937900877E-15  3.000000000000005E+00 -7.377878786945461E+00  1.805527404890203E+01  1.067739526195657E+01 -1.971188026829650E+18  4.823925826661442E+18
  0.000000000000000E+00  1.385204018030151E+00  1.120638449577388E+00  1.799092039663794E+00  3.964430801577558E+00  1.321476933859183E+00  1.321476933859183E+00  3.964430801577551E+00  6.661338147750939E-15  3.000000000000005E+00  1.649891782336696E+01  1.044087607295717E+01  2.693979389632414E+01  4.451916405029351E+18  2.817270076116473E+18
  0.000000000000000E+00  1.378595264144533E+00  1.116939717398508E+00  1.805342360181731E+00  3.892141460434285E+00  1.297380486811426E+00  1.297380486811426E+00  3.892141460434279E+00  6.661338147750939E-15  3.000000000000005E+00  1.038477675381340E+02 -2.423707247901260E+00  1.014240602902327E+02  2.836036968380725E+19 -6.619038154148257E+17
  0.000000000000000E+00  1.371986510258915E+00  1.113240985219628E+00  1.811614862382378E+00  4.072548896796780E+00  1.357516298932257E+00  1.357516298932257E+00  4.072548896796773E+00  7.105427357601002E-15  3.000000000000005E+00  2.313182328576592E+02 -2.046193725950191E+01  2.108562955981573E+02  6.411834008312332E+19 -5.671777082836357E+18
  0.000000000000000E+00  1.365447637954285E+00  1.109581335550306E+00  1.817842505031940E+00  4.594422310908061E+00  1.531474103636020E+00  1.531474103636020E+00  4.594422310908062E+00 -8.881784197001252E-16  3.000000000000000E+00  3.254650335781253E+02 -4.300825009292104E+01  2.824567834852042E+02  9.174149434092297E+19 -1.212308766055385E+19
  0.000000000000000E+00  1.358908782846397E+00  1.105921655154772E+00  1.824091110196265E+00  5.455511949878778E+00  1.818503983292932E+00  1.818503983292932E+00  5.455511949878798E+00 -2.042810365310288E-14  2.999999999999988E+00  3.565360901978859E+02 -6.166009055306378E+01  2.948759996448222E+02  1.021844247272499E+20 -1.767198624492102E+19
  0.000000000000000E+00  1.352369934636990E+00  1.102261962433403E+00  1.830360298622457E+00  6.595542145364131E+00  2.198514048454723E+00  2.198514048454723E+00  6.595542145364170E+00 -3.996802888650564E-14  2.999999999999982E+00  3.477927724952448E+02 -7.647054685779838E+01  2.713222256374464E+02  1.011807680450063E+20 -2.224700820658794E+19
  0.000000000000000E+00  1.345831083027803E+00  1.098602275786578E+00  1.836649681643180E+00  7.954237229019316E+00  2.651412409673121E+00  2.651412409673121E+00  7.954237229019365E+00 -4.884981308350689E-14  2.999999999999981E+00  3.599085010876803E+02 -8.749270659661849E+01  2.724157944910618E+02  1.059557875485809E+20 -2.575754283154096E+19
  0.000000000000000E+00  1.339212788874451E+00  1.094179658201985E+00  1.843203371129501E+00  9.648817920167838E+00  3.216272640055975E+00  3.216272640055975E+00  9.648817920167927E+00 -8.881784197001252E-14  2.999999999999972E+00  4.953455001051586E+02 -1.013600182793041E+02  3.939854818258545E+02  1.475137018552212E+20 -3.018497495852657E+19
  0.000000000000000E+00  1.333206421201750E+00  1.088869385571837E+00  1.849485893378066E+00  1.144156137531092E+01  3.813853791770366E+00  3.813853791770366E+00  1.144156137531110E+01 -1.794120407794253E-13  2.999999999999953E+00  5.729474673845701E+02 -9.663255508780152E+01  4.763149122967686E+02  1.729879583130524E+20 -2.917591814746981E+19
  0.000000000000000E+00  1.327739598686858E+00  1.082941180259815E+00  1.855505594056379E+00  1.301182865207446E+01  4.337276217358244E+00  4.337276217358243E+00  1.301182865207473E+01 -2.682298827494378E-13  2.999999999999938E+00  5.895504494607138E+02 -7.488968032922965E+01  5.146607691314841E+02  1.809404092416352E+20 -2.298457989327516E+19
  0.000000000000000E+00  1.322739940006936E+00  1.076664764629605E+00  1.861263996526819E+00  1.403898080808437E+01  4.679660269361560E+00  4.679660269361560E+00  1.403898080808468E+01 -3.073097332162433E-13  2.999999999999934E+00  5.433265439435530E+02 -3.625587509055144E+01  5.070706688530016E+02  1.700034819960132E+20 -1.134423686254985E+19
  0.000000000000000E+00  1.317659552413242E+00  1.069918834403932E+00  1.867257786509612E+00  1.442705259512313E+01  4.809017531707791E+00  4.809017531707791E+00  1.442705259512337E+01 -2.451372438372346E-13  2.999999999999949E+00  4.625185790848681E+02 -6.635085773643725E+00  4.558834933112244E+02  1.480868321695830E+20 -2.124387814509983E+18
  0.000000000000000E+00  1.312579164819547E+00  1.063172904178259E+00  1.873304296747093E+00  1.436830730098819E+01  4.789435766996101E+00  4.789435766996101E+00  1.436830730098830E+01 -1.172395514004165E-13  2.999999999999976E+00  3.867378751774318E+02  1.075226887068584E+01  3.974901440481175E+02  1.268968060603739E+20  3.528044872683932E+18
  0.000000000000000E+00  1.307498777225853E+00  1.056426973952586E+00  1.879403777903307E+00  1.409234346844223E+01  4.697447822814072E+00  4.697447822814072E+00  1.409234346844222E+01  8.881784197001252E-15  3.000000000000002E+00  3.230291489460414E+02  1.604559899377787E+01  3.390747479398193E+02  1.087457813511792E+20  5.401652468575008E+18
  0.000000000000000E+00  1.302418389632158E+00  1.049681043726913E+00  1.885556469287475E+00  1.382875964024792E+01  4.609586546749283E+00  4.609586546749283E+00  1.382875964024785E+01  6.927791673660977E-14  3.000000000000015E+00  2.738042137736735E+02  9.384314746973212E+00  2.831885285206467E+02  9.464191385489601E+19  3.243739369929542E+18
  0.000000000000000E+00  1.297490812522857E+00  1.043138275913357E+00  1.891575073526234E+00  1.373849782203119E+01  4.579499274010382E+00  4.579499274010382E+00  1.373849782203115E+01  4.085620730620576E-14  3.000000000000009E+00  1.945941530485092E+02  2.088330123213375E+00  1.966824831717225E+02  6.902892948447774E+19  7.407991995508275E+17
  0.000000000000000E+00  1.292565647097473E+00  1.036593687067313E+00  1.897642611786013E+00  1.368223629558939E+01  4.560745431863135E+00  4.560745431863135E+00  1.368223629558941E+01 -1.776356839400250E-14  2.999999999999996E+00  9.265605106339244E+01  5.702984430708101E+00  9.835903549410055E+01  3.371693329445547E+19  2.075278877339011E+18
  0.000000000000000E+00  1.287646893526395E+00  1.030044289064266E+00  1.903756755662459E+00  1.345551172577414E+01  4.485170575258069E+00  4.485170575258069E+00  1.345551172577421E+01 -6.927791673660977E-14  2.999999999999984E+00  2.204560491682772E+01  2.010428251177698E+01  4.214988742860470E+01  8.220290916477923E+18  7.496417156043591E+18
  0.000000000000000E+00  1.282738551980016E+00  1.023487093779698E+00  1.909915217028440E+00  1.285386077743704E+01  4.284620259145711E+00  4.284620259145711E+00  1.285386077743713E+01 -9.592326932761353E-14  2.999999999999978E+00  1.893648366103532E-14  4.516862649179346E+01  4.516862649179348E+01  7.222780173182812E+03  1.722828090550518E+19
  0.000000000000000E+00  1.277970853273348E+00  1.017131992917070E+00  1.915941766012993E+00  1.201437759227132E+01  4.004792530757127E+00  4.004792530757127E+00  1.201437759227138E+01 -6.572520305780927E-14  2.999999999999983E+00  2.260286227946466E+00  4.533859904154587E+01  4.759888526949234E+01  8.806528142080648E+17  1.766482684560874E+19
  0.000000000000000E+00  1.273184274833182E+00  1.010791065026554E+00  1.922028258831173E+00  1.119772792056396E+01  3.732575973521320E+00  3.732575973521320E+00  1.119772792056396E+01 -1.776356839400250E-15  3.000000000000000E+00  2.147508245135839E+00  4.236985404055532E+01  4.451736228569116E+01  8.548685488870427E+17  1.686636394632991E+19
  0.000000000000000E+00  1.268389929977998E+00  1.004455968191211E+00  1.928167739957305E+00  1.046206162923934E+01  3.487353876413093E+00  3.487353876413092E+00  1.046206162923928E+01  6.217248937900877E-14  3.000000000000018E+00 -1.583720754699695E+00  3.629870487606455E+01  3.471498412136485E+01 -6.438563335806516E+17  1.475711609251511E+19
  0.000000000000000E+00  1.263598932026280E+00  9.981183604941005E-01  1.934353387144737E+00  9.865528585221830E+00  3.288509528407246E+00  3.288509528407246E+00  9.865528585221739E+00  9.059419880941277E-14  3.000000000000028E+00  2.214241520304853E-15  2.716090375677393E+01  2.716090375677393E+01  9.184618496466468E+02  1.126627500828663E+19
  0.000000000000000E+00  1.258943505256535E+00  9.919492704358912E-01  1.940413928228156E+00  9.303728859804952E+00  3.101242953268291E+00  3.101242953268291E+00  9.303728859804876E+00  7.638334409421077E-14  3.000000000000024E+00  1.237220741643307E+01  3.433220256547158E+01  4.670440998190465E+01  5.226444797618787E+18  1.450310000871573E+19
  0.000000000000000E+00  1.254288043492596E+00  9.857802067855204E-01  1.946520351403385E+00  8.619374783919657E+00  2.873124927973202E+00  2.873124927973202E+00  8.619374783919607E+00  4.973799150320701E-14  3.000000000000018E+00  2.794054643879680E+01  4.034408534919218E+01  6.828463178798899E+01  1.200369526553092E+19  1.733244936204361E+19
  0.000000000000000E+00  1.249632535543443E+00  9.796111779891683E-01  1.952672724971347E+00  7.832715549838644E+00  2.610905183279539E+00  2.610905183279540E+00  7.832715549838621E+00  2.309263891220326E-14  3.000000000000009E+00  4.275435663062885E+01  4.520886236397587E+01  8.796321899460472E+01  1.865254073957589E+19  1.972337355744081E+19
  0.000000000000000E+00  1.244976970218056E+00  9.734421924930151E-01  1.958871104058443E+00  6.964000349834615E+00  2.321333449944868E+00  2.321333449944868E+00  6.964000349834604E+00  1.065814103640150E-14  3.000000000000004E+00  5.449307675073554E+01  4.893884390929527E+01  1.034319206600308E+02  2.410420029694070E+19  2.164736818378395E+19
  0.000000000000000E+00  1.240431126796362E+00  9.664147006781478E-01  1.965330438672261E+00  6.315362088795742E+00  2.105120696265243E+00  2.105120696265243E+00  6.315362088795729E+00  1.243449787580175E-14  3.000000000000006E+00  2.706357094780528E+01  1.804629969220029E+01  4.510987064000557E+01  1.214744356241744E+19  8.100054772677796E+18
  0.000000000000000E+00  1.236671296616221E+00  9.588946672897236E-01  1.971345233233972E+00  6.147087260677155E+00  2.049029086892381E+00  2.049029086892381E+00  6.147087260677143E+00  1.243449787580175E-14  3.000000000000006E+00  1.002673033925273E+01  9.917864727927403E-01  1.101851681204547E+01  4.570692181798972E+18  4.521065715172711E+17
  0.000000000000000E+00  1.233343115934205E+00  9.511233364278009E-01  1.977140006792761E+00  6.183105828008405E+00  2.061035276002797E+00  2.061035276002797E+00  6.183105828008392E+00  1.332267629550188E-14  3.000000000000006E+00  4.313193844874945E+00 -2.263746347956395E+00  2.049447496918550E+00  1.998080284187084E+18 -1.048676945421017E+18
  0.000000000000000E+00  1.230092221006888E+00  9.433419521924383E-01  1.982935448552077E+00  6.147347753319049E+00  2.049115917773012E+00  2.049115917773012E+00  6.147347753319038E+00  1.065814103640150E-14  3.000000000000005E+00  8.328096990218031E+00  8.068611712676809E+00  1.639670870289484E+01  3.922103942941112E+18  3.799899766960093E+18
  0.000000000000000E+00  1.226764948569223E+00  9.356430272720916E-01  1.988830751942682E+00  5.988466421709766E+00  1.996155473903252E+00  1.996155473903252E+00  5.988466421709756E+00  9.769962616701378E-15  3.000000000000005E+00  9.831050102491684E+00  7.720181675519489E+00  1.755123177801117E+01  4.706212266076872E+18  3.695720530247643E+18
  0.000000000000000E+00  1.223437699186307E+00  9.279440923874820E-01  1.994790829150799E+00  5.828305700854513E+00  1.942768566951503E+00  1.942768566951503E+00  5.828305700854511E+00  2.664535259100376E-15  3.000000000000002E+00  9.733214035000056E+00  8.150538420909719E+00  1.788375245590978E+01  4.733972327736094E+18  3.964201670896084E+18
  0.000000000000000E+00  1.220110394221798E+00  9.202451815250475E-01  2.000816379433551E+00  5.651032884319325E+00  1.883677628106443E+00  1.883677628106443E+00  5.651032884319330E+00 -4.440892098500626E-15  2.999999999999998E+00  9.359659780818909E+00  9.353341883898663E+00  1.871300166471757E+01  4.623222162883922E+18  4.620101425405371E+18
  0.000000000000000E+00  1.216782955039356E+00  9.125463286712262E-01  2.006908096960468E+00  5.440815265670237E+00  1.813605088556747E+00  1.813605088556747E+00  5.440815265670243E+00 -6.217248937900877E-15  2.999999999999996E+00  1.064070595006539E+01  1.132225156871023E+01  2.196295751877562E+01  5.335862221667022E+18  5.677628410483406E+18
  0.000000000000000E+00  1.213582314720364E+00  9.051415307951809E-01  2.012830326914169E+00  5.235959135353083E+00  1.745319711784362E+00  1.745319711784362E+00  5.235959135353087E+00 -5.329070518200751E-15  2.999999999999997E+00  1.082151260663998E+01  9.448366747537365E+00  2.026987935417735E+01  5.504065294187786E+18  4.805652351222035E+18
  0.000000000000000E+00  1.210382927703722E+00  8.977361901423483E-01  2.018813939632157E+00  5.067313950748752E+00  1.689104650249583E+00  1.689104650249583E+00  5.067313950748751E+00  8.881784197001252E-16  3.000000000000000E+00  7.147045334291575E+00  7.606818293922214E+00  1.475386362821379E+01  3.686570788474820E+18  3.923729709822691E+18
  0.000000000000000E+00  1.207187144039868E+00  8.903292962295097E-01  2.024857835232025E+00  4.934432095648726E+00  1.644810698549573E+00  1.644810698549573E+00  4.934432095648718E+00  7.105427357601002E-15  3.000000000000004E+00  2.404992108756266E+00  5.797427893810926E+00  8.202420002567193E+00  1.258182520593090E+18  3.032950675320054E+18
  0.000000000000000E+00  1.203997313779239E+00  8.829198385734466E-01  2.030960920719589E+00  4.836865953844486E+00  1.612288651281492E+00  1.612288651281492E+00  4.836865953844476E+00  9.769962616701378E-15  3.000000000000006E+00  2.126386235371268E-14  4.020004724447220E+00  4.020004724447241E+00  1.128570983124551E+04  2.133601416603697E+18
  0.000000000000000E+00  1.200960630263811E+00  8.755305527677447E-01  2.036981630352517E+00  4.785732453584267E+00  1.595244151194752E+00  1.595244151194752E+00  4.785732453584256E+00  1.154631945610163E-14  3.000000000000007E+00 -8.407580470193865E-15  1.511927098039382E+00  1.511927098039373E+00 -4.526286679460728E+03  8.139577739912573E+17
  0.000000000000000E+00  1.198097593219333E+00  8.680704410450947E-01  2.042942454831415E+00  4.763222984163114E+00  1.587740994721032E+00  1.587740994721032E+00  4.763222984163097E+00  1.687538997430238E-14  3.000000000000010E+00  4.410946441817706E-15  1.112046651116065E+00  1.112046651116069E+00  2.407468594550365E+03  6.069485140095192E+17
  0.000000000000000E+00  1.195311348826747E+00  8.605791866063343E-01  2.048913246805919E+00  4.727784102543928E+00  1.575928034181303E+00  1.575928034181303E+00  4.727784102543909E+00  1.865174681370263E-14  3.000000000000012E+00  2.565517693176079E-15  2.805279408348919E+00  2.805279408348922E+00  1.418739561969505E+03  1.551328564051288E+18
  0.000000000000000E+00  1.192505043266996E+00  8.530964726523018E-01  2.054963455663064E+00  4.637862365689619E+00  1.545954121896533E+00  1.545954121896533E+00  4.637862365689600E+00  1.953992523340276E-14  3.000000000000012E+00 -5.482958226952488E-18  6.578473014288578E+00  6.578473014288578E+00 -3.070092058574121E+00  3.683507501376142E+18
  0.000000000000000E+00  1.189757207593327E+00  8.458953567343639E-01  2.060890857749435E+00  4.507781397651200E+00  1.502593799217059E+00  1.502593799217059E+00  4.507781397651177E+00  2.309263891220326E-14  3.000000000000016E+00  8.558248971646446E-17  7.398187665622872E+00  7.398187665622872E+00  4.846395569471299E+01  4.189471940297404E+18
  0.000000000000000E+00  1.187009398093639E+00  8.386942308287449E-01  2.066880033335806E+00  4.335607041922306E+00  1.445202347307424E+00  1.445202347307424E+00  4.335607041922273E+00  3.286260152890463E-14  3.000000000000023E+00  6.782912413512330E-16  1.091016869084647E+01  1.091016869084647E+01  3.881064099229890E+02  6.242608107136103E+18
  0.000000000000000E+00  1.184261632473813E+00  8.314930881798039E-01  2.072931504713170E+00  4.069304172932756E+00  1.356434724310905E+00  1.356434724310905E+00  4.069304172932715E+00  4.085620730620576E-14  3.000000000000030E+00  1.356841746565772E-15  1.709569280665910E+01  1.709569280665910E+01  7.835841465778790E+02  9.872863870800863E+18
  0.000000000000000E+00  1.181513928439735E+00  8.242919220318997E-01  2.079045787226534E+00  3.656837665112375E+00  1.218945888370776E+00  1.218945888370776E+00  3.656837665112329E+00  4.529709940470639E-14  3.000000000000037E+00 -6.029078462936082E-16  2.593603761799438E+01  2.593603761799438E+01 -3.509701924914240E+02  1.509812182941698E+19
  0.000000000000000E+00  1.178928174387072E+00  8.169869666589967E-01  2.085129352775137E+00  3.157819420254689E+00  1.052606473418200E+00  1.052606473418200E+00  3.157819420254600E+00  8.926193117986259E-14  3.000000000000085E+00  1.209916026118453E+01  2.370880383274510E+01  3.580796409392963E+01  7.101156956131841E+18  1.391501010186474E+19
  0.000000000000000E+00  1.176608000765785E+00  8.095893404771464E-01  2.091084089284024E+00  2.788265966153010E+00  9.294219887176084E-01  9.294219887176084E-01  2.788265966152825E+00  1.842970220877760E-13  3.000000000000198E+00  6.345038760558453E+01  1.259905543280633E+01  7.604944303839086E+01  3.765168827631477E+19  7.476324820595455E+18
  0.000000000000000E+00  1.174418618613811E+00  8.021470836495275E-01  2.097009227746345E+00  2.722070089781634E+00  9.073566965937848E-01  9.073566965937849E-01  2.722070089781355E+00  2.788880237858393E-13  3.000000000000308E+00  1.222843775656571E+02 -7.305946138341177E+00  1.149784314273160E+02  7.368549381839512E+19 -4.402379598532273E+18
  0.000000000000000E+00  1.172225238969091E+00  7.947082363393189E-01  2.103003477041235E+00  3.133124578114860E+00  1.044374859371513E+00  1.044374859371513E+00  3.133124578114538E+00  3.224087663511455E-13  3.000000000000309E+00  1.314721862593344E+02 -3.600174144555508E+01  9.547044481377938E+01  8.090820287470662E+19 -2.215553177897271E+19
  0.000000000000000E+00  1.170060619313515E+00  7.875174845091942E-01  2.108903183412940E+00  3.778111245984516E+00  1.259370415328083E+00  1.259370415328083E+00  3.778111245984249E+00  2.664535259100376E-13  3.000000000000211E+00  1.255771447736515E+02 -3.130191524351143E+01  9.427522953014009E+01  7.908375271359627E+19 -1.971276643565803E+19
  0.000000000000000E+00  1.167898163381918E+00  7.803260608277055E-01  2.114865564637763E+00  4.312716198176685E+00  1.437572066058846E+00  1.437572066058846E+00  4.312716198176539E+00  1.456612608308205E-13  3.000000000000101E+00  1.014811036346581E+02 -2.431745811904691E+01  7.716364551561119E+01  6.529069934297337E+19 -1.564531513720946E+19
  0.000000000000000E+00  1.165724254949731E+00  7.731381343456176E-01  2.120901450128307E+00  4.692941925411651E+00  1.564313975137209E+00  1.564313975137209E+00  4.692941925411629E+00  2.131628207280301E-14  3.000000000000014E+00  7.395272316600061E+01 -1.506068939257966E+01  5.889203377342096E+01  4.848205369341628E+19 -9.873512705568705E+18
  0.000000000000000E+00  1.163525277792388E+00  7.659578741136953E-01  2.127021601981283E+00  4.874790918409698E+00  1.624930306136577E+00  1.624930306136577E+00  4.874790918409732E+00 -3.375077994860476E-14  2.999999999999979E+00  5.731138665442821E+01 -3.544451451377464E+00  5.376693520305074E+01  3.815259483406230E+19 -2.359566362419532E+18
  0.000000000000000E+00  1.161399904265136E+00  7.590764261331333E-01  2.132965608558500E+00  4.926125659821169E+00  1.642041886607067E+00  1.642041886607067E+00  4.926125659821201E+00 -3.197442310920451E-14  2.999999999999980E+00  5.683765372390076E+01 -2.275847827591130E+00  5.456180589630963E+01  3.832760615797592E+19 -1.534683321643128E+18
  0.000000000000000E+00  1.159274530737882E+00  7.521949781525712E-01  2.138970860731355E+00  4.967672277274093E+00  1.655890759091375E+00  1.655890759091375E+00  4.967672277274126E+00 -3.286260152890463E-14  2.999999999999980E+00  5.875290063302997E+01 -2.471375944308619E+00  5.628152468872135E+01  4.014042320549004E+19 -1.688462616067770E+18
  0.000000000000000E+00  1.157149157210629E+00  7.453135301720091E-01  2.145037870112437E+00  5.026382060709392E+00  1.675460686903141E+00  1.675460686903141E+00  5.026382060709423E+00 -3.108624468950438E-14  2.999999999999981E+00  6.093518398199704E+01 -4.123008344432613E+00  5.681217563756443E+01  4.218623337705875E+19 -2.854413179177119E+18
  0.000000000000000E+00  1.155023783683376E+00  7.384320821914471E-01  2.151167140704226E+00  5.129206300067985E+00  1.709735433356005E+00  1.709735433356005E+00  5.129206300068015E+00 -3.019806626980426E-14  2.999999999999982E+00  6.128246433523326E+01 -7.222717570865932E+00  5.405974676436733E+01  4.299821652418998E+19 -5.067746171340105E+18
  0.000000000000000E+00  1.152972341388157E+00  7.317900117188311E-01  2.157142715588396E+00  5.239649298112565E+00  1.746549766037529E+00  1.746549766037529E+00  5.239649298112587E+00 -2.220446049250313E-14  2.999999999999988E+00  5.657026004674979E+01 -4.987997733925842E+00  5.158226231282396E+01  4.017828885721133E+19 -3.542660288412487E+18
  0.000000000000000E+00  1.150920893924868E+00  7.251479428424012E-01  2.163177198806875E+00  5.303411693137783E+00  1.767803897712594E+00  1.767803897712594E+00  5.303411693137785E+00 -1.776356839400250E-15  2.999999999999999E+00  4.859046253206353E+01 -1.996739837461799E+00  4.659372269460172E+01  3.488355579936751E+19 -1.433478545114821E+18
  0.000000000000000E+00  1.148869438592310E+00  7.185058763964594E-01  2.169271021577118E+00  5.306769432592164E+00  1.768923144197382E+00  1.768923144197382E+00  5.306769432592147E+00  1.687538997430238E-14  3.000000000000010E+00  4.276556868512067E+01  1.746968343718575E+00  4.451253702883925E+01  3.099622243778924E+19  1.266191963267807E+18
  0.000000000000000E+00  1.146817972689285E+00  7.118638132153071E-01  2.175424605944829E+00  5.235998463924233E+00  1.745332821308070E+00  1.745332821308070E+00  5.235998463924210E+00  2.309263891220326E-14  3.000000000000013E+00  4.413646119353440E+01  6.239038971845090E+00  5.037550016537948E+01  3.226491667338797E+19  4.560901964158625E+18
  0.000000000000000E+00  1.144853526011412E+00  7.053536089428305E-01  2.181471280526191E+00  5.178336587633886E+00  1.726112195877957E+00  1.726112195877957E+00  5.178336587633871E+00  1.509903313490213E-14  3.000000000000009E+00  6.101642101935468E+01  6.814820460340087E-01  6.169790306538869E+01  4.497895948155555E+19  5.023623612117171E+17
  0.000000000000000E+00  1.142957768326983E+00  6.988227815662112E-01  2.187525691914269E+00  5.198596271584501E+00  1.732865423861498E+00  1.732865423861498E+00  5.198596271584495E+00  6.217248937900877E-15  3.000000000000004E+00  7.204733620893846E+01 -2.594324798208248E+00  6.945301141073021E+01  5.358126291070299E+19 -1.929387072485642E+18
  0.000000000000000E+00  1.141106700511432E+00  6.922788191147193E-01  2.193606052202382E+00  5.256760357757496E+00  1.752253452585833E+00  1.752253452585833E+00  5.256760357757500E+00 -3.552713678800501E-15  2.999999999999998E+00  7.711818822455344E+01 -3.600320388754824E+00  7.351786783579861E+01  5.786076053408430E+19 -2.701272950722650E+18
  0.000000000000000E+00  1.139276323440193E+00  6.857292096176243E-01  2.199730373815775E+00  5.312811688134298E+00  1.770937229378101E+00  1.770937229378101E+00  5.312811688134303E+00 -5.329070518200751E-15  2.999999999999997E+00  7.753545265966356E+01 -2.347941751905455E+00  7.518751090775811E+01  5.866297721694352E+19 -1.776442243825262E+18
  0.000000000000000E+00  1.137498139003706E+00  6.793578770436479E-01  2.205743284860405E+00  5.355469214566201E+00  1.785156404855401E+00  1.785156404855401E+00  5.355469214566205E+00 -4.440892098500626E-15  2.999999999999998E+00  7.808624844256734E+01 -2.596388809833797E+00  7.548985963273354E+01  5.954724188631383E+19 -1.979961844418817E+18
  0.000000000000000E+00  1.135719954567220E+00  6.729865444696715E-01  2.211813280360433E+00  5.402732371674930E+00  1.800910790558311E+00  1.800910790558311E+00  5.402732371674934E+00 -4.440892098500626E-15  2.999999999999998E+00  7.961178633430188E+01 -2.872694860867679E+00  7.673909147343421E+01  6.119364984631466E+19 -2.208098719115193E+18
  0.000000000000000E+00  1.133941770130733E+00  6.666152118956951E-01  2.217940723399384E+00  5.455097091988471E+00  1.818365697329493E+00  1.818365697329493E+00  5.455097091988478E+00 -7.105427357601002E-15  2.999999999999996E+00  7.924721283800062E+01 -3.176725347098338E+00  7.607048749090228E+01  6.138668646791362E+19 -2.460763424899774E+18
  0.000000000000000E+00  1.132163585694247E+00  6.602438793217187E-01  2.224125966709959E+00  5.513059308034815E+00  1.837686436011608E+00  1.837686436011608E+00  5.513059308034824E+00 -8.881784197001252E-15  2.999999999999995E+00  7.437728990682420E+01 -3.508345710617125E+00  7.086894419620708E+01  5.803831812640178E+19 -2.737643233643978E+18
  0.000000000000000E+00  1.130415697187490E+00  6.540682386486498E-01  2.230199426247166E+00  5.526403253726812E+00  1.842134417908940E+00  1.842134417908940E+00  5.526403253726821E+00 -8.881784197001252E-15  2.999999999999995E+00  6.254577437204323E+01  1.256041500016305E+00  6.380181587205954E+01  4.911939628031769E+19  9.864135635580602E+17
  0.000000000000000E+00  1.128657618960106E+00  6.478951424936576E-01  2.236335445373557E+00  5.493112950281585E+00  1.831037650093863E+00  1.831037650093863E+00  5.493112950281589E+00 -4.440892098500626E-15  2.999999999999997E+00  6.490401159058571E+01  2.020829596569718E+00  6.692484118715542E+01  5.126656757500752E+19  1.596218700989260E+18
  0.000000000000000E+00  1.126942110308312E+00  6.417107928273472E-01  2.242495238366968E+00  5.480538504984878E+00  1.826846168328292E+00  1.826846168328292E+00  5.480538504984877E+00  8.881784197001252E-16  3.000000000000001E+00  7.939057897071574E+01 -1.195407240504150E+00  7.819517173021158E+01  6.305672219073151E+19 -9.494635666665629E+17
  0.000000000000000E+00  1.125321930528323E+00  6.355013916203235E-01  2.248640594259015E+00  5.556030025122441E+00  1.852010008374145E+00  1.852010008374145E+00  5.556030025122436E+00  4.440892098500626E-15  3.000000000000002E+00  1.041843665676974E+02 -8.375511952226050E+00  9.580885461547135E+01  8.321812964079393E+19 -6.690009858585360E+18
  0.000000000000000E+00  1.123791846723426E+00  6.293743545511841E-01  2.254695838872594E+00  5.682088185298424E+00  1.894029395099475E+00  1.894029395099475E+00  5.682088185298426E+00 -1.776356839400250E-15  3.000000000000000E+00  1.017280700260124E+02 -6.765351820304526E+00  9.496271820570784E+01  8.171121564552585E+19 -5.434145377626835E+18
  0.000000000000000E+00  1.122261762918528E+00  6.232473174820448E-01  2.260806431380235E+00  5.783216342301825E+00  1.927738780767280E+00  1.927738780767280E+00  5.783216342301841E+00 -1.776356839400250E-14  2.999999999999991E+00  9.884319275833555E+01 -5.371708688582229E+00  9.347148406975332E+01  7.981564830410462E+19 -4.337642274751649E+18
  0.000000000000000E+00  1.120731679113631E+00  6.171202804129052E-01  2.266972671506263E+00  5.862963095087570E+00  1.954321031695868E+00  1.954321031695868E+00  5.862963095087605E+00 -3.552713678800501E-14  2.999999999999982E+00  9.591745128619968E+01 -4.193714770682505E+00  9.172373651551717E+01  7.784413533887036E+19 -3.403510996216369E+18
  0.000000000000000E+00  1.119201595308733E+00  6.109932433437658E-01  2.273194847531519E+00  5.924877042610596E+00  1.974959014203546E+00  1.974959014203546E+00  5.924877042610640E+00 -4.352074256530614E-14  2.999999999999978E+00  9.330141768905975E+01 -3.230502280228348E+00  9.007091540883140E+01  7.608541232807603E+19 -2.634409037996695E+18
  0.000000000000000E+00  1.117716492630145E+00  6.050463059154780E-01  2.279287877719700E+00  5.975966364479701E+00  1.991988788159913E+00  1.991988788159913E+00  5.975966364479740E+00 -3.907985046680551E-14  2.999999999999980E+00  9.106130627517861E+01 -2.989030559615651E+00  8.807227571556295E+01  7.459909425264910E+19 -2.448668721783928E+18
  0.000000000000000E+00  1.116231391517581E+00  5.990993680960909E-01  2.285434104004267E+00  6.020581988525472E+00  2.006860662841834E+00  2.006860662841834E+00  6.020581988525505E+00 -3.286260152890463E-14  2.999999999999984E+00  8.845224899758169E+01 -2.428673067218292E+00  8.602357593036339E+01  7.278878978044994E+19 -1.998594443200942E+18
  0.000000000000000E+00  1.114746278887384E+00  5.931524331530097E-01  2.291633765148188E+00  6.053508824789376E+00  2.017836274929801E+00  2.017836274929801E+00  6.053508824789402E+00 -2.575717417130363E-14  2.999999999999987E+00  8.486064279992614E+01 -1.550705092416132E+00  8.330993770751002E+01  7.013192489779877E+19 -1.281559147935855E+18
  0.000000000000000E+00  1.113261141655896E+00  5.872055043536404E-01  2.297887087309301E+00  6.069531783312875E+00  2.023177261104300E+00  2.023177261104300E+00  6.069531783312902E+00 -2.753353101070388E-14  2.999999999999986E+00  7.977197833288524E+01 -3.564019779437793E-01  7.941557635494146E+01  6.618219217618032E+19 -2.956860878868572E+17
  0.000000000000000E+00  1.111811976745335E+00  5.813972550471729E-01  2.304045321674509E+00  6.061299066354382E+00  2.020433022118135E+00  2.020433022118135E+00  6.061299066354406E+00 -2.398081733190338E-14  2.999999999999988E+00  7.734846135206112E+01  1.038180619380194E+00  7.838664197144132E+01  6.439113097921099E+19  8.642657277733564E+17
  0.000000000000000E+00  1.110380257759175E+00  5.755845288813431E-01  2.310242751678089E+00  6.047393822069271E+00  2.015797940689760E+00  2.015797940689760E+00  6.047393822069282E+00 -1.065814103640150E-14  2.999999999999995E+00  8.300905000471174E+01  3.525221394591178E-01  8.336157214417086E+01  6.933161818876466E+19  2.944369363904140E+17
  0.000000000000000E+00  1.108988528922993E+00  5.697623969760354E-01  2.316463139648441E+00  6.061093595074992E+00  2.020364531691663E+00  2.020364531691663E+00  6.061093595074989E+00  3.552713678800501E-15  3.000000000000002E+00  9.510261000886638E+01 -2.405610299072562E+00  9.269699970979381E+01  7.969909711476251E+19 -2.015980095900444E+18
  0.000000000000000E+00  1.107659334462367E+00  5.639259304511335E-01  2.322690566262262E+00  6.135675929989005E+00  2.045225309996332E+00  2.045225309996332E+00  6.135675929988995E+00  9.769962616701378E-15  3.000000000000005E+00  1.115055798126970E+02 -7.228815611274319E+00  1.042767642014226E+02  9.378012304965945E+19 -6.079688735463724E+18
  0.000000000000000E+00  1.106391445924984E+00  5.581826822511242E-01  2.328833338933566E+00  6.235411641197603E+00  2.078470547065865E+00  2.078470547065865E+00  6.235411641197597E+00  6.217248937900877E-15  3.000000000000003E+00  1.071214454982902E+02 -5.457956776067944E+00  1.016634887222223E+02  9.041382572382921E+19 -4.606684968300546E+18
  0.000000000000000E+00  1.105123557387601E+00  5.524394340511148E-01  2.335027671157782E+00  6.309869106910070E+00  2.103289702303358E+00  2.103289702303358E+00  6.309869106910075E+00 -4.440892098500626E-15  2.999999999999998E+00  1.025768814480609E+02 -4.016289672933611E+00  9.856059177512734E+01  8.686630211234315E+19 -3.401158498627080E+18
  0.000000000000000E+00  1.103855668850218E+00  5.466961858511055E-01  2.341273733464257E+00  6.364191838707188E+00  2.121397279569067E+00  2.121397279569067E+00  6.364191838707202E+00 -1.421085471520200E-14  2.999999999999993E+00  9.810783733662461E+01 -2.902695178596134E+00  9.520514215802848E+01  8.334118429202912E+19 -2.465797436680993E+18
  0.000000000000000E+00  1.102587780312835E+00  5.409529376510962E-01  2.347571683097233E+00  6.403523348169733E+00  2.134507782723251E+00  2.134507782723251E+00  6.403523348169754E+00 -2.131628207280301E-14  2.999999999999990E+00  9.391299613769445E+01 -2.116054169780206E+00  9.179694196791425E+01  8.001249144277597E+19 -1.802847029858862E+18
  0.000000000000000E+00  1.101352891439858E+00  5.353591357245129E-01  2.353755761836544E+00  6.433641003980730E+00  2.144547001326935E+00  2.144547001326935E+00  6.433641003980807E+00 -7.638334409421077E-14  2.999999999999964E+00  8.975801446222627E+01 -1.723403003984834E+00  8.803461145824143E+01  7.668545085810516E+19 -1.472402627916953E+18
  0.000000000000000E+00  1.100117997550857E+00  5.297653349051143E-01  2.359989321741383E+00  6.454982097369802E+00  2.151660699123334E+00  2.151660699123334E+00  6.454982097370005E+00 -2.025046796916286E-13  2.999999999999906E+00  8.501513177835695E+01 -9.771910898428651E-01  8.403794068851408E+01  7.282739223489170E+19 -8.371013171392279E+17
  0.000000000000000E+00  1.098883069183528E+00  5.241715416976513E-01  2.366272489394826E+00  6.462060929156367E+00  2.154020309718898E+00  2.154020309718898E+00  6.462060929156696E+00 -3.286260152890463E-13  2.999999999999848E+00  7.961837217756943E+01  1.213879853618900E-01  7.973976016293132E+01  6.836783403959901E+19  1.042351584269268E+17
  0.000000000000000E+00  1.097648076875571E+00  5.185777626068748E-01  2.372605376887431E+00  6.449391800159838E+00  2.149797266720074E+00  2.149797266720074E+00  6.449391800160223E+00 -3.845812557301542E-13  2.999999999999821E+00  7.353673790305876E+01  1.571140468748648E+00  7.510787837180742E+01  6.326955275942964E+19  1.351778139941571E+18
  0.000000000000000E+00  1.096442981576930E+00  5.130953684235875E-01  2.378855642283883E+00  6.418926199177970E+00  2.139642066392766E+00  2.139642066392766E+00  6.418926199178299E+00 -3.286260152890463E-13  2.999999999999846E+00  7.273716227718725E+01  2.122922996473963E+00  7.486008527366121E+01  6.268289645759613E+19  1.829476957986338E+18
  0.000000000000000E+00  1.095259024728121E+00  5.076082403624138E-01  2.385139253244394E+00  6.394273201890865E+00  2.131424400630355E+00  2.131424400630355E+00  6.394273201891066E+00 -2.016165012719284E-13  2.999999999999906E+00  7.925022192043645E+01  8.045009538715424E-01  8.005472287430798E+01  6.840835806148520E+19  6.944408227462509E+17
  0.000000000000000E+00  1.094112763416216E+00  5.021133301962035E-01  2.391444617450821E+00  6.403906915155432E+00  2.134635638385167E+00  2.134635638385167E+00  6.403906915155503E+00 -7.016609515630989E-14  2.999999999999967E+00  9.149355624673591E+01 -2.378462910075781E+00  8.911509333666012E+01  7.912288125417415E+19 -2.056875326759389E+18
  0.000000000000000E+00  1.093020754728290E+00  4.966075896978067E-01  2.397760436768511E+00  6.476301445828580E+00  2.158767148609529E+00  2.158767148609529E+00  6.476301445828586E+00 -6.217248937900877E-15  2.999999999999997E+00  1.073314866027747E+02 -7.420565741668929E+00  9.991092086110581E+01  9.302533390199484E+19 -6.431482761579587E+18
  0.000000000000000E+00  1.091978221358764E+00  4.911829891634626E-01  2.404001350167118E+00  6.575922712160891E+00  2.191974237386963E+00  2.191974237386963E+00  6.575922712160889E+00  1.776356839400250E-15  3.000000000000000E+00  1.016914581337182E+02 -5.847352023667552E+00  9.584410611005070E+01  8.834517665751186E+19 -5.079928609444169E+18
  0.000000000000000E+00  1.090935687989237E+00  4.857583886291185E-01  2.410290143133803E+00  6.652425844339466E+00  2.217475281446486E+00  2.217475281446486E+00  6.652425844339460E+00  6.217248937900877E-15  3.000000000000003E+00  9.548808870612179E+01 -4.334243521539116E+00  9.115384518458266E+01  8.313817996011844E+19 -3.773676096855366E+18
  0.000000000000000E+00  1.089893154619711E+00  4.803337880947743E-01  2.416626865614378E+00  6.706670422695781E+00  2.235556807565257E+00  2.235556807565257E+00  6.706670422695771E+00  9.769962616701378E-15  3.000000000000005E+00  8.944948353572462E+01 -2.881076493118317E+00  8.656840704260631E+01  7.803318783685765E+19 -2.513369270266022E+18
  0.000000000000000E+00  1.088850621250184E+00  4.749091875604302E-01  2.423011552922829E+00  6.739516027561304E+00  2.246505342520432E+00  2.246505342520432E+00  6.739516027561295E+00  9.769962616701378E-15  3.000000000000004E+00  8.415964011272551E+01 -1.487687196239553E+00  8.267195291648596E+01  7.353965932127082E+19 -1.299958144325889E+18
  0.000000000000000E+00  1.087831855015748E+00  4.696082710964299E-01  2.429297024788323E+00  6.763240855612058E+00  2.254413618537349E+00  2.254413618537349E+00  6.763240855612048E+00  9.769962616701378E-15  3.000000000000004E+00  8.042565545360500E+01 -1.654800154466417E+00  7.877085529913859E+01  7.040240004075193E+19 -1.448566403409034E+18
  0.000000000000000E+00  1.086813087846368E+00  4.643073548121041E-01  2.435628323624301E+00  6.786084759209767E+00  2.262028253069916E+00  2.262028253069916E+00  6.786084759209748E+00  1.865174681370263E-14  3.000000000000008E+00  7.679762402493887E+01 -1.365558638247112E+00  7.543206538669175E+01  6.737143902624156E+19 -1.197949177484283E+18
  0.000000000000000E+00  1.085794327703382E+00  4.590064371774215E-01  2.442005433903458E+00  6.801315377316764E+00  2.267105125772247E+00  2.267105125772246E+00  6.801315377316740E+00  2.398081733190338E-14  3.000000000000011E+00  7.114257964659241E+01 -6.212451109769049E-01  7.052133453561549E+01  6.253768095885828E+19 -5.461037361945741E+17
  0.000000000000000E+00  1.084775582548129E+00  4.537055166623510E-01  2.448428325216710E+00  6.802200348895391E+00  2.267400116298457E+00  2.267400116298457E+00  6.802200348895370E+00  2.131628207280301E-14  3.000000000000010E+00  6.197643113448324E+01  5.768579967500737E-01  6.255328913123331E+01  5.455848503723785E+19  5.078139836094695E+17
  0.000000000000000E+00  1.083767968481919E+00  4.485070290034166E-01  2.454778956418970E+00  6.763995011488699E+00  2.254665003829562E+00  2.254665003829562E+00  6.763995011488688E+00  1.154631945610163E-14  3.000000000000005E+00  5.065971039276788E+01  4.047819923630276E+00  5.470753031639816E+01  4.463204853702643E+19  3.566196764646334E+18
  0.000000000000000E+00  1.082764672925037E+00  4.433075231586991E-01  2.461170825896030E+00  6.703135352507243E+00  2.234378450835745E+00  2.234378450835745E+00  6.703135352507235E+00  7.993605777301127E-15  3.000000000000004E+00  5.371761459800777E+01  3.692712376886434E+00  5.741032697489420E+01  4.735348587701515E+19  3.255222792287876E+18
  0.000000000000000E+00  1.081797134846700E+00  4.381016527878280E-01  2.467582669712828E+00  6.675148453259196E+00  2.225049484419731E+00  2.225049484419731E+00  6.675148453259194E+00  2.664535259100376E-15  3.000000000000001E+00  6.956741023905940E+01 -4.783207790138264E-01  6.908908946004557E+01  6.135511495038627E+19 -4.218559563839303E+17
  0.000000000000000E+00  1.080896793216123E+00  4.328840715504330E-01  2.473993914182351E+00  6.735561395052738E+00  2.245187131684245E+00  2.245187131684245E+00  6.735561395052736E+00  1.776356839400250E-15  3.000000000000001E+00  9.727401208611975E+01 -8.456043134851063E+00  8.881796895126870E+01  8.583526696874310E+19 -7.461671462019588E+18
  0.000000000000000E+00  1.080050923242514E+00  4.277222792013843E-01  2.480342567502423E+00  6.860088347026176E+00  2.286696115675519E+00  2.286696115675519E+00  6.860088347026560E+00 -3.845812557301542E-13  2.999999999999832E+00  9.681146293934350E+01 -8.557457511004275E+00  8.825400542833923E+01  8.553485677560925E+19 -7.560684244857626E+18
  0.000000000000000E+00  1.079205053268905E+00  4.225604868523357E-01  2.486735440800566E+00  6.973438177751940E+00  2.324479392584394E+00  2.324479392584394E+00  6.973438177753181E+00 -1.240785252321075E-12  2.999999999999466E+00  9.657041525152037E+01 -6.891080463972957E+00  8.967933478754742E+01  8.546675287496883E+19 -6.098744315450480E+18
  0.000000000000000E+00  1.078359183295296E+00  4.173986945032870E-01  2.493172469697351E+00  7.050146464265020E+00  2.350048821422371E+00  2.350048821422371E+00  7.050146464267113E+00 -2.093436535233195E-12  2.999999999999109E+00  8.909314326374781E+01 -3.461068326824910E+00  8.563207493692289E+01  7.890558000151060E+19 -3.065304396596606E+18
  0.000000000000000E+00  1.077513313321687E+00  4.122369021542383E-01  2.499653574284961E+00  7.064748783600399E+00  2.354916261200956E+00  2.354916261200956E+00  7.064748783602870E+00 -2.470912363605748E-12  2.999999999998951E+00  6.910249959209766E+01  1.728422567372115E+00  7.083092215946976E+01  6.109788434776345E+19  1.528207557595244E+18
  0.000000000000000E+00  1.076684121310233E+00  4.071768845225062E-01  2.506049579752757E+00  6.965987500098008E+00  2.321995833366489E+00  2.321995833366489E+00  6.965987500099466E+00 -1.457500786727906E-12  2.999999999999373E+00  1.208224591652790E+02  7.264095645887438E+00  1.280865548111664E+02  1.062379839624310E+20  6.387246891521027E+18
  0.000000000000000E+00  1.075854929298780E+00  4.021168668907741E-01  2.512487742502755E+00  6.999605055081201E+00  2.333201685026814E+00  2.333201685026814E+00  6.999605055080444E+00  7.567280135845067E-13  3.000000000000325E+00  2.329192951687070E+02 -1.696394126285804E+01  2.159553539058490E+02  2.054603164896503E+20 -1.496405327113029E+19
  0.000000000000000E+00  1.075025737287326E+00  3.970568492590419E-01  2.518967941717509E+00  7.587112291365666E+00  2.529037430454233E+00  2.529037430454233E+00  7.587112291362700E+00  2.965627743378718E-12  3.000000000001173E+00  2.903681989369767E+02 -7.088688866331607E+01  2.194813102736606E+02  2.642492726575674E+20 -6.451053813336114E+19
  0.000000000000000E+00  1.074196545275872E+00  3.919968316273098E-01  2.525490040875824E+00  9.150020051767102E+00  3.050006683921044E+00  3.050006683921044E+00  9.150020051763132E+00  3.970157536059560E-12  3.000000000001302E+00  2.193969938351499E+02 -1.544359470599385E+02  6.496104677521141E+01  2.151266309196059E+20 -1.514299918295436E+20
  0.000000000000000E+00  1.073382435739599E+00  3.870288151929167E-01  2.531934166987297E+00  1.034150711985564E+01  3.447169039951182E+00  3.447169039951182E+00  1.034150711985355E+01  2.096101070492296E-12  3.000000000000608E+00 -9.373962968426012E+01 -2.224693331332966E+01 -1.159865629975898E+02 -9.537558015363872E+19 -2.263518832477747E+19
  0.000000000000000E+00  1.072568335103669E+00  3.820607973000251E-01  2.538418371097447E+00  9.927144256379394E+00  3.309048085460423E+00  3.309048085460423E+00  9.927144256381270E+00 -1.875832822406664E-12  2.999999999999433E+00 -4.324472395595166E+02  7.601077345219674E+01 -3.564364661073198E+02 -4.190891171733030E+20  7.366283104081860E+19
  0.000000000000000E+00  1.071754238858853E+00  3.770927786875636E-01  2.544942480960106E+00  8.377512683434778E+00  2.792504227813414E+00  2.792504227813414E+00  8.377512683440244E+00 -5.465849994834571E-12  2.999999999998043E+00 -4.870051764230311E+02  1.404139825107180E+02 -3.465911939123131E+02 -4.306407490424388E+20  1.241629155742746E+20
  0.000000000000000E+00  1.070940142495921E+00  3.721247600944608E-01  2.551506308462376E+00  6.163193623118215E+00  2.054397874374802E+00  2.054397874374802E+00  6.163193623124407E+00 -6.192379942149273E-12  2.999999999996986E+00 -1.531966325950229E+02  1.710395009397902E+02  1.784286834476731E+01 -1.243439943915963E+20  1.388263853150102E+20
  0.000000000000000E+00  1.070182431264225E+00  3.671962988133140E-01  2.558017276912064E+00  4.999147731205686E+00  1.666382577069186E+00  1.666382577069186E+00  4.999147731207558E+00 -1.872280108727864E-12  2.999999999998877E+00  3.181520301226001E+02  1.021566755420895E+01  3.283676976768090E+02  2.555559062125273E+20  8.205744210953978E+18
  0.000000000000000E+00  1.069496669064457E+00  3.622569040341112E-01  2.564523963551720E+00  5.519047726758352E+00  1.839682575584231E+00  1.839682575584231E+00  5.519047726752695E+00  5.656808355070098E-12  3.000000000003074E+00  5.078285770153227E+02 -7.219984428974607E+01  4.356287327255766E+02  4.299742096465440E+20 -6.113100441795424E+19
  0.000000000000000E+00  1.068844714855288E+00  3.573124441707381E-01  2.571050364966271E+00  6.639340249185372E+00  2.213113416390855E+00  2.213113416390855E+00  6.639340249172566E+00  1.280575645523641E-11  3.000000000005786E+00  2.598493742721114E+02 -7.637969482276320E+01  1.834696794493482E+02  2.327587800016629E+20 -6.841673039869904E+19
  0.000000000000000E+00  1.068188427595390E+00  3.523687876370798E-01  2.577619442018290E+00  7.276471937895904E+00  2.425490645959977E+00  2.425490645959977E+00  7.276471937879931E+00  1.597300069988705E-11  3.000000000006585E+00  6.203853520944516E+01 -2.476753943014293E+00  5.956178126643087E+01  5.609345158644275E+19 -2.239409375559400E+18
  0.000000000000000E+00  1.067527715055390E+00  3.475044606215937E-01  2.584133727441732E+00  7.328325997190954E+00  2.442775332392428E+00  2.442775332392428E+00  7.328325997177284E+00  1.366995405760463E-11  3.000000000005596E+00  5.481205355890908E+01 -4.941848322268489E+00  4.987020523664059E+01  4.871377608869463E+19 -4.392028340564691E+18
  0.000000000000000E+00  1.066867002515391E+00  3.426401336061077E-01  2.590686388890331E+00  7.406900544791905E+00  2.468966848261092E+00  2.468966848261092E+00  7.406900544783277E+00  8.627765168967017E-12  3.000000000003495E+00  5.182629272084336E+01 -6.381187290122811E+00  4.544510543072055E+01  4.613109404279933E+19 -5.679957711252262E+18
  0.000000000000000E+00  1.066206289975391E+00  3.377758065906216E-01  2.597277198813076E+00  7.498208571395127E+00  2.499402857130512E+00  2.499402857130512E+00  7.498208571391539E+00  3.588240815588506E-12  3.000000000001436E+00  4.842710091427343E+01 -6.796670930057432E+00  4.163042998421601E+01  4.354228373675790E+19 -6.111094170716888E+18
  0.000000000000000E+00  1.065545577435392E+00  3.329114795751355E-01  2.603905913745996E+00  7.588263067696992E+00  2.529421022565231E+00  2.529421022565231E+00  7.588263067695694E+00  1.297628671181883E-12  3.000000000000513E+00  4.174364611750898E+01 -6.190199325552566E+00  3.555344679195641E+01  3.784729024906883E+19 -5.612405536264610E+18
  0.000000000000000E+00  1.064894946073538E+00  3.281213496661027E-01  2.610470306293961E+00  7.648055659200724E+00  2.549351886399853E+00  2.549351886399853E+00  7.648055659199560E+00  1.163513729807164E-12  3.000000000000457E+00  2.860290583902840E+01 -2.448557073911369E+00  2.615434876511704E+01  2.604546930583919E+19 -2.229627243856294E+18
  0.000000000000000E+00  1.064244324136238E+00  3.233312184769452E-01  2.617070935935859E+00  7.648189628997736E+00  2.549396542998955E+00  2.549396542998955E+00  7.648189628996867E+00  8.686384944667225E-13  3.000000000000341E+00  1.345518852139461E+01  2.654954841337336E+00  1.611014336273195E+01  1.228955662029774E+19  2.424954343454039E+18
  0.000000000000000E+00  1.063593716562727E+00  3.185410853368685E-01  2.623707521199928E+00  7.570216572896738E+00  2.523405524298722E+00  2.523405524298722E+00  7.570216572896168E+00  5.702105454474804E-13  3.000000000000226E+00  3.166400220472037E+00  9.117830498858941E+00  1.228423071933098E+01  2.889447105202101E+18  8.320328166451396E+18
  0.000000000000000E+00  1.062943128292242E+00  3.137509495750779E-01  2.630379765058444E+00  7.395688086706449E+00  2.465229362235337E+00  2.465229362235337E+00  7.395688086706013E+00  4.360956040727615E-13  3.000000000000177E+00  2.877959017810183E-14  1.693756419518641E+01  1.693756419518644E+01  2.606314298419605E+04  1.533886183546268E+19
  0.000000000000000E+00  1.062305865580393E+00  3.090141704225067E-01  2.637008075271167E+00  7.182360187772005E+00  2.394120062590552E+00  2.394120062590552E+00  7.182360187771657E+00  3.481659405224491E-13  3.000000000000146E+00  2.126576356858036E+00  1.457251725619286E+01  1.669909361305090E+01  1.907531440219933E+18  1.307149622899296E+19
  0.000000000000000E+00  1.061688719247847E+00  3.042746222217513E-01  2.643659997830507E+00  7.016763338643536E+00  2.338921112881127E+00  2.338921112881127E+00  7.016763338643383E+00  1.527666881884215E-13  3.000000000000065E+00  1.027511055113262E+01  9.782416143811878E+00  2.005752669494450E+01  9.167138510947560E+18  8.727571670960561E+18
  0.000000000000000E+00  1.061104064061545E+00  2.995311136575442E-01  2.650328514992252E+00  6.931403517784487E+00  2.310467839261509E+00  2.310467839261509E+00  6.931403517784528E+00 -4.174438572590589E-14  2.999999999999982E+00  2.836004559452942E+01  2.569997876478806E+00  3.093004347100823E+01  2.525925335488739E+19  2.289002930800046E+18
  0.000000000000000E+00  1.060564274788425E+00  2.947824534146176E-01  2.657006995603086E+00  6.958786703658303E+00  2.319595567886144E+00  2.319595567886144E+00  6.958786703658432E+00 -1.287858708565182E-13  2.999999999999944E+00  5.283197046330104E+01 -7.061991330196792E+00  4.576997913310425E+01  4.712670935471373E+19 -6.299375358616862E+18
  0.000000000000000E+00  1.060055675205580E+00  2.900737027727580E-01  2.663645353319545E+00  7.046011343507197E+00  2.348670447835768E+00  2.348670447835768E+00  7.046011343507306E+00 -1.092459456231154E-13  2.999999999999953E+00  4.996184145873006E+01 -6.239904021933014E+00  4.372193743679704E+01  4.469722171559904E+19 -5.582387786542714E+18
  0.000000000000000E+00  1.059547075622735E+00  2.853649521308984E-01  2.670318108172000E+00  7.128817806101805E+00  2.376272602033956E+00  2.376272602033956E+00  7.128817806101869E+00 -6.483702463810914E-14  2.999999999999972E+00  4.880962390962290E+01 -6.390135636892000E+00  4.241948827273090E+01  4.383076566931607E+19 -5.738305589372507E+18
  0.000000000000000E+00  1.059038476039890E+00  2.806562014890387E-01  2.677024929391305E+00  7.220113983907587E+00  2.406704661302536E+00  2.406704661302536E+00  7.220113983907609E+00 -2.220446049250313E-14  2.999999999999991E+00  4.609230780680696E+01 -7.511287120364300E+00  3.858102068644266E+01  4.162953290035103E+19 -6.784025126531200E+18
  0.000000000000000E+00  1.058529876457045E+00  2.759474508471791E-01  2.683765470564968E+00  7.332807769390008E+00  2.444269256463336E+00  2.444269256463336E+00  7.332807769390010E+00 -2.664535259100376E-15  2.999999999999999E+00  3.990866153747723E+01 -9.601959417640513E+00  3.030670211983672E+01  3.636642227706250E+19 -8.749702380803159E+18
  0.000000000000000E+00  1.058027585339795E+00  2.712971056630174E-01  2.690455146007944E+00  7.429714185103500E+00  2.476571395034497E+00  2.476571395034497E+00  7.429714185103492E+00  7.993605777301127E-15  3.000000000000004E+00  2.749268912008498E+01 -5.026650018363738E+00  2.246603910172124E+01  2.527077942448628E+19 -4.620405203118497E+18
  0.000000000000000E+00  1.057525294222545E+00  2.666467604788557E-01  2.697176992886336E+00  7.461608575552789E+00  2.487202858517588E+00  2.487202858517588E+00  7.461608575552766E+00  2.309263891220326E-14  3.000000000000009E+00  1.302687983359105E+01  2.976261701884825E-01  1.332450600377953E+01  1.202630550967281E+19  2.747659682198716E+17
  0.000000000000000E+00  1.057023003105295E+00  2.619964152946940E-01  2.703930632053472E+00  7.418587674974573E+00  2.472862558324843E+00  2.472862558324843E+00  7.418587674974532E+00  3.996802888650564E-14  3.000000000000016E+00  3.103018637045491E+00  6.369795757403271E+00  9.472814394448763E+00  2.863353911158905E+18  5.877818256551022E+18
  0.000000000000000E+00  1.056520711988046E+00  2.573460701105323E-01  2.710715669168422E+00  7.290748217605535E+00  2.430249405868496E+00  2.430249405868496E+00  7.290748217605488E+00  4.618527782440651E-14  3.000000000000019E+00 -2.540918491178245E-15  1.318878535266773E+01  1.318878535266773E+01 -2.331019622899224E+03  1.209929305721979E+19
  0.000000000000000E+00  1.056023968962831E+00  2.527467209928284E-01  2.717456757774110E+00  7.110827281145472E+00  2.370275760381806E+00  2.370275760381806E+00  7.110827281145418E+00  5.417888360170764E-14  3.000000000000023E+00 -2.080534271660937E-14  1.466232816244040E+01  1.466232816244038E+01 -1.892842457172370E+04  1.333959149094194E+19
  0.000000000000000E+00  1.055527286655975E+00  2.481473653174724E-01  2.724227719897407E+00  6.903483730712509E+00  2.301161243570814E+00  2.301161243570814E+00  6.903483730712443E+00  6.572520305780927E-14  3.000000000000029E+00 -5.205386676984548E-15  1.738655906217459E+01  1.738655906217458E+01 -4.695707286341931E+03  1.568417432534761E+19
  0.000000000000000E+00  1.055030637746769E+00  2.435480060352742E-01  2.731028144299444E+00  6.652406943686409E+00  2.217468981228777E+00  2.217468981228777E+00  6.652406943686332E+00  7.638334409421077E-14  3.000000000000035E+00  2.452512061859532E-15  2.135971046089341E+01  2.135971046089342E+01  2.190565949335648E+03  1.907833814600071E+19
  0.000000000000000E+00  1.054533994914506E+00  2.389486460970436E-01  2.737857604167201E+00  6.341286297446926E+00  2.113762099148948E+00  2.113762099148948E+00  6.341286297446844E+00  8.171241461241152E-14  3.000000000000039E+00 -6.363971967849339E-16  2.658001465785209E+01  2.658001465785209E+01 -5.613076289044349E+02  2.344379434607416E+19
  0.000000000000000E+00  1.054073467013775E+00  2.343749428186405E-01  2.744657333226546E+00  6.064252523505946E+00  2.021417507835294E+00  2.021417507835294E+00  6.064252523505882E+00  6.394884621840902E-14  3.000000000000032E+00  6.978054162117363E+00  1.596904506045071E+01  2.294709922256807E+01  6.081131771185966E+18  1.391646797466829E+19
  0.000000000000000E+00  1.053665077595616E+00  2.297960697184059E-01  2.751462067568796E+00  5.932635781820574E+00  1.977545260606849E+00  1.977545260606849E+00  5.932635781820549E+00  2.486899575160351E-14  3.000000000000013E+00  4.169034814152446E+01  4.130161149566199E+00  4.582050929109067E+01  3.610282438791029E+19  3.576618793644493E+18
  0.000000000000000E+00  1.053288059304415E+00  2.252142435745865E-01  2.758281690623756E+00  5.962475820656372E+00  1.987491940218795E+00  1.987491940218795E+00  5.962475820656385E+00 -1.332267629550188E-14  2.999999999999993E+00  8.407605597528577E+01 -8.934845347478504E+00  7.514121062780727E+01  7.288561060648444E+19 -7.745625687019674E+18
  0.000000000000000E+00  1.052921644784554E+00  2.206316811654289E-01  2.765125319307312E+00  6.169812388278904E+00  2.056604129426311E+00  2.056604129426311E+00  6.169812388278935E+00 -3.108624468950438E-14  2.999999999999985E+00  9.343938357011078E+01 -2.322851612902232E+01  7.021086744108847E+01  8.181578377103085E+19 -2.033895323707923E+19
  0.000000000000000E+00  1.052556570297672E+00  2.160863502547050E-01  2.771942677477272E+00  6.453771822590598E+00  2.151257274196875E+00  2.151257274196875E+00  6.453771822590626E+00 -2.753353101070388E-14  2.999999999999987E+00  8.179277512373098E+01 -2.082715535327200E+01  6.096561977045898E+01  7.264859210771280E+19 -1.849874285026956E+19
  0.000000000000000E+00  1.052191495810790E+00  2.115410193439810E-01  2.778787836153252E+00  6.704741147880568E+00  2.234913715960196E+00  2.234913715960195E+00  6.704741147880587E+00 -1.953992523340276E-14  2.999999999999991E+00  6.373711927802254E+01 -1.809024788787568E+01  4.564687139014686E+01  5.737536431647814E+19 -1.628461679629379E+19
  0.000000000000000E+00  1.051826421323909E+00  2.069956884332571E-01  2.785660320376192E+00  6.918376692083377E+00  2.306125564027797E+00  2.306125564027797E+00  6.918376692083392E+00 -1.509903313490213E-14  2.999999999999994E+00  4.652972475948485E+01 -1.501814473064588E+01  3.151158002883897E+01  4.241878491267669E+19 -1.369127916422624E+19
  0.000000000000000E+00  1.051461346837027E+00  2.024503575225332E-01  2.792559641064082E+00  7.090334783133593E+00  2.363444927711201E+00  2.363444927711201E+00  7.090334783133603E+00 -9.769962616701378E-15  2.999999999999996E+00  3.469697843637820E+01 -1.161119687939520E+01  2.308578155698300E+01  3.201422537095154E+19 -1.071342492848634E+19
  0.000000000000000E+00  1.051099287072267E+00  1.979423332774391E-01  2.799428336002618E+00  7.206017702144606E+00  2.402005900714871E+00  2.402005900714871E+00  7.206017702144612E+00 -6.217248937900877E-15  2.999999999999997E+00  2.324627262212627E+01 -6.360726575483231E+00  1.688554604664304E+01  2.166203557093222E+19 -5.927242081981944E+18
  0.000000000000000E+00  1.050737238256458E+00  1.934343081527767E-01  2.806322425370998E+00  7.249875095438924E+00  2.416625031812971E+00  2.416625031812971E+00  7.249875095438915E+00  8.881784197001252E-15  3.000000000000004E+00  1.073372588706827E+01 -3.745652452002319E-01  1.035916064186804E+01  1.005966665302943E+19 -3.510432021619036E+17
  0.000000000000000E+00  1.050375162252994E+00  1.889262852121182E-01  2.813241406573551E+00  7.212448823406663E+00  2.404149607802212E+00  2.404149607802212E+00  7.212448823406639E+00  2.309263891220326E-14  3.000000000000010E+00  2.471546598085848E+00  6.346522850837933E+00  8.818069448923779E+00  2.317757711589170E+18  5.951618428193427E+18
  0.000000000000000E+00  1.050013020925266E+00  1.844182675190353E-01  2.820184762220726E+00  7.084280746437936E+00  2.361426915479302E+00  2.361426915479302E+00  7.084280746437907E+00  2.930988785010413E-14  3.000000000000012E+00  2.392579031158787E-18  1.380177241111429E+01  1.380177241111429E+01  2.231351319230935E+00  1.287171820708862E+19
  0.000000000000000E+00  1.049653301464948E+00  1.799409623853754E-01  2.827104398580700E+00  6.901635893702116E+00  2.300545297900683E+00  2.300545297900683E+00  6.901635893702052E+00  6.483702463810914E-14  3.000000000000028E+00  3.459847789732760E-16  1.516231778935093E+01  1.516231778935093E+01  3.199218328286407E+02  1.402014421413067E+19
  0.000000000000000E+00  1.049293582004630E+00  1.754636572517154E-01  2.834046969121878E+00  6.692470790794806E+00  2.230823596931554E+00  2.230823596931554E+00  6.692470790794662E+00  1.438849039914203E-13  3.000000000000064E+00  2.129189084193071E-17  1.796098319498552E+01  1.796098319498552E+01  1.951731868020233E+01  1.646402545592347E+19
  0.000000000000000E+00  1.048933862544312E+00  1.709863521180554E-01  2.841011915522836E+00  6.438475452126707E+00  2.146158484042160E+00  2.146158484042160E+00  6.438475452126481E+00  2.264854970235319E-13  3.000000000000105E+00 -5.222091938853972E-16  2.219628861408490E+01  2.219628861408490E+01 -4.738554311331650E+02  2.014103166688325E+19
  0.000000000000000E+00  1.048574143083994E+00  1.665090469843954E-01  2.847998667175177E+00  6.121339892108512E+00  2.040446630702748E+00  2.040446630702748E+00  6.121339892108247E+00  2.655653474903374E-13  3.000000000000130E+00  3.344064163826979E-18  2.786675403271605E+01  2.786675403271605E+01  2.995475450760728E+00  2.496189472090146E+19
  0.000000000000000E+00  1.048265440523122E+00  1.620421459830065E-01  2.854967684401295E+00  5.855054045577836E+00  1.951684681859203E+00  1.951684681859203E+00  5.855054045577610E+00  2.255973186038318E-13  3.000000000000115E+00  1.470110072252024E+01  1.412582080576674E+01  2.882692152828697E+01  1.300524037547809E+19  1.249632245553599E+19
  0.000000000000000E+00  1.048028895681406E+00  1.575703844569826E-01  2.861933869507740E+00  5.761666980067692E+00  1.920555660022521E+00  1.920555660022521E+00  5.761666980067563E+00  1.287858708565182E-13  3.000000000000067E+00  7.621511058285280E+01  6.235575334426954E-01  7.683866811629551E+01  6.699620354029364E+19  5.481326092703879E+17
  0.000000000000000E+00  1.047823014469173E+00  1.530965824999504E-01  2.868912445673656E+00  5.838232117870919E+00  1.946077372623629E+00  1.946077372623629E+00  5.838232117870887E+00  3.197442310920451E-14  3.000000000000017E+00  1.331935015666812E+02 -1.263839589175582E+01  1.205551056749254E+02  1.173418865248894E+20 -1.113427606559764E+19
  0.000000000000000E+00  1.047606302796753E+00  1.486235602055364E-01  2.875916915515750E+00  6.081802881280352E+00  2.027267627093454E+00  2.027267627093454E+00  6.081802881280364E+00 -1.243449787580175E-14  2.999999999999994E+00  1.100473499807259E+02 -2.566659192932164E+01  8.438075805140424E+01  9.821985286244550E+19 -2.290803806924869E+19
  0.000000000000000E+00  1.047371596563644E+00  1.441755952952011E-01  2.882911588632858E+00  6.367702198371551E+00  2.122567399457186E+00  2.122567399457186E+00  6.367702198371559E+00 -7.993605777301127E-15  2.999999999999996E+00  8.914675137286697E+01 -1.936740432768859E+01  6.977934704517838E+01  8.088252250098398E+19 -1.757197533500596E+19
  0.000000000000000E+00  1.047136890330534E+00  1.397276303848658E-01  2.889926764888422E+00  6.566168066846965E+00  2.188722688948986E+00  2.188722688948986E+00  6.566168066846958E+00  5.329070518200751E-15  3.000000000000003E+00  5.560843655807032E+01 -1.182412833173264E+01  4.378430822633769E+01  5.099539872473318E+19 -1.084324926523422E+19
  0.000000000000000E+00  1.046902184097426E+00  1.352796654745305E-01  2.896961841115141E+00  6.661435632948300E+00  2.220478544316095E+00  2.220478544316095E+00  6.661435632948285E+00  1.509903313490213E-14  3.000000000000007E+00  2.882444806994715E+01 -3.037602391467670E+00  2.578684567847948E+01  2.653775101232660E+19 -2.796623746050610E+18
  0.000000000000000E+00  1.046667477864317E+00  1.308317005641952E-01  2.904016202841090E+00  6.637740042917271E+00  2.212580014305753E+00  2.212580014305753E+00  6.637740042917260E+00  1.065814103640150E-14  3.000000000000004E+00  2.255120675078877E+01  6.991335043092294E+00  2.954254179388106E+01  2.068100654244360E+19  6.411534751307696E+18
  0.000000000000000E+00  1.046433734298362E+00  1.264019511721432E-01  2.911060221026810E+00  6.608696787345339E+00  2.202898929115113E+00  2.202898929115113E+00  6.608696787345339E+00  0.000000000000000E+00  3.000000000000000E+00  3.106623942482010E+01 -1.559644131281269E+00  2.950659529353884E+01  2.842562269985115E+19 -1.427075064206783E+18
  0.000000000000000E+00  1.046199990073916E+00  1.219722018148315E-01  2.918122118393089E+00  6.656378141209366E+00  2.218792713736454E+00  2.218792713736454E+00  6.656378141209363E+00  2.664535259100376E-15  3.000000000000001E+00  3.645251493188946E+01 -5.187740183812198E+00  3.126477474807727E+01  3.354850436271441E+19 -4.774455878131953E+18
  0.000000000000000E+00  1.045966239754683E+00  1.175424527791410E-01  2.925201257533270E+00  6.718790886309641E+00  2.239596962103211E+00  2.239596962103211E+00  6.718790886309634E+00  7.105427357601002E-15  3.000000000000003E+00  3.252764806313734E+01 -3.896250170429840E+00  2.863139789270751E+01  3.017719165301824E+19 -3.614706107645513E+18
  0.000000000000000E+00  1.045732477904370E+00  1.131127043519521E-01  2.932296990766231E+00  6.733941804446461E+00  2.244647268148817E+00  2.244647268148817E+00  6.733941804446451E+00  1.065814103640150E-14  3.000000000000004E+00  1.654915660622164E+01  2.311528705370794E+00  1.886068531159243E+01  1.542191779591165E+19  2.154079904211949E+18
  0.000000000000000E+00  1.045484558065765E+00  1.086951135554283E-01  2.939393940706973E+00  6.621998506861815E+00  2.207332835620599E+00  2.207332835620599E+00  6.621998506861796E+00  1.953992523340276E-14  3.000000000000009E+00  1.258949683073013E+00  1.386243871038533E+01  1.512138839345835E+01  1.170479668505093E+18  1.288828527824728E+19
  0.000000000000000E+00  1.045231046421089E+00  1.042776233005526E-01  2.946507348792574E+00  6.426043090470783E+00  2.142014363490248E+00  2.142014363490248E+00  6.426043090470745E+00  3.819167204710538E-14  3.000000000000018E+00  3.420527024745167E+00  1.566431515802466E+01  1.908484218276983E+01  3.161765384951685E+18  1.447931534740796E+19
  0.000000000000000E+00  1.045007855489941E+00  9.985894975123336E-02  2.953627491432206E+00  6.268684582908981E+00  2.089561527636307E+00  2.089561527636307E+00  6.268684582908923E+00  5.773159728050814E-14  3.000000000000028E+00  2.509232034293762E+01  7.723787087088883E+00  3.281610743002650E+01  2.307522759570690E+19  7.102896125169281E+18
  0.000000000000000E+00  1.044850897791921E+00  9.543780907137905E-02  2.960746249561768E+00  6.272532011812028E+00  2.090844003937321E+00  2.090844003937321E+00  6.272532011811964E+00  6.394884621840902E-14  3.000000000000031E+00  7.441927204545787E+01 -9.957379102602692E+00  6.446189294285519E+01  6.841910609091428E+19 -9.154550407215485E+18
  0.000000000000000E+00  1.044739154537141E+00  9.102002731826252E-02  2.967861747091465E+00  6.380587370684850E+00  2.126862456894965E+00  2.126862456894965E+00  6.380587370684898E+00 -4.796163466380676E-14  2.999999999999978E+00  7.021285757180632E+01 -7.348543008953429E+00  6.286431456285290E+01  6.471865436923097E+19 -6.773514589226115E+18
  0.000000000000000E+00  1.044627411282362E+00  8.660224556514601E-02  2.974992419406788E+00  6.460230520189005E+00  2.153410173396430E+00  2.153410173396430E+00  6.460230520189290E+00 -2.859934511434403E-13  2.999999999999867E+00  6.638138000952486E+01 -5.436068022572136E+00  6.094531198695272E+01  6.125907353392317E+19 -5.016594874682818E+18
  0.000000000000000E+00  1.044515668027583E+00  8.218446381202947E-02  2.982137587712429E+00  6.520210526508619E+00  2.173403508836381E+00  2.173403508836381E+00  6.520210526509144E+00 -5.258016244624741E-13  2.999999999999758E+00  6.289678442981669E+01 -4.219730854311432E+00  5.867705357550525E+01  5.808158275314578E+19 -3.896680077249003E+18
  0.000000000000000E+00  1.044403924772803E+00  7.776668205891295E-02  2.989296564531011E+00  6.569276455827827E+00  2.189758818609486E+00  2.189758818609486E+00  6.569276455828459E+00 -6.314948564067890E-13  2.999999999999711E+00  5.973028383645219E+01 -3.699308215024118E+00  5.603097562142807E+01  5.521371131966541E+19 -3.419580868325913E+18
  0.000000000000000E+00  1.044292337418544E+00  7.335506384985681E-02  2.996458638992305E+00  6.609548826986448E+00  2.203182942329048E+00  2.203182942329048E+00  6.609548826987144E+00 -6.954437026251981E-13  2.999999999999684E+00  5.504709442464496E+01 -2.628770195673882E+00  5.241832422897107E+01  5.094429653103118E+19 -2.432841365381672E+18
  0.000000000000000E+00  1.044180750064285E+00  6.894344564080067E-02  3.003633088810258E+00  6.633182710978757E+00  2.211060903659869E+00  2.211060903659869E+00  6.633182710979607E+00 -8.499867476530198E-13  2.999999999999616E+00  4.892764851348965E+01 -1.049473599147243E+00  4.787817491434240E+01  4.529899322613880E+19 -9.716407573863964E+17
  0.000000000000000E+00  1.044069162710026E+00  6.453182743174453E-02  3.010819205668861E+00  6.633784270732476E+00  2.211261423577827E+00  2.211261423577827E+00  6.633784270733482E+00 -1.006306149520242E-12  2.999999999999545E+00  4.387644840221467E+01  1.038418394349157E+00  4.491486679656383E+01  4.059872938499858E+19  9.608450299832879E+17
  0.000000000000000E+00  1.043957575355767E+00  6.012020922268839E-02  3.018016274127566E+00  6.604959669175319E+00  2.201653223058802E+00  2.201653223058802E+00  6.604959669176408E+00 -1.088906742552354E-12  2.999999999999506E+00  4.193138566690511E+01  3.634742604608677E+00  4.556612827151378E+01  3.873012389687263E+19  3.357247302247952E+18
  0.000000000000000E+00  1.043846487327952E+00  5.572828329451263E-02  3.025191378691871E+00  6.576912979565916E+00  2.192304326522265E+00  2.192304326522265E+00  6.576912979566798E+00 -8.819611707622244E-13  2.999999999999598E+00  4.499263392139999E+01  1.098930189739262E+00  4.609156411113925E+01  4.153447514963179E+19  1.014465806483847E+18
  0.000000000000000E+00  1.043735407783773E+00  5.133635715172723E-02  3.032375901702023E+00  6.571226575002855E+00  2.190408858334418E+00  2.190408858334418E+00  6.571226575003255E+00 -3.996802888650564E-13  2.999999999999817E+00  4.869968380647342E+01  5.950989626599634E-02  4.875919370273941E+01  4.504404373857955E+19  5.504278797653210E+16
  0.000000000000000E+00  1.043624345759814E+00  4.694443056592573E-02  3.039569117799890E+00  6.569185631137564E+00  2.189728543712493E+00  2.189728543712493E+00  6.569185631137480E+00  8.348877145181177E-14  3.000000000000038E+00  4.655616175803821E+01  5.160041149191881E-01  4.707216587295740E+01  4.317206470097638E+19  4.784965554299583E+17
  0.000000000000000E+00  1.043513310292657E+00  4.255250330870167E-02  3.046770296700555E+00  6.552075323621469E+00  2.184025107873725E+00  2.184025107873725E+00  6.552075323621176E+00  2.922107000813412E-13  3.000000000000134E+00  3.367570595924302E+01  2.467935377097780E+00  3.614364133634080E+01  3.126920161599990E+19  2.291573901230961E+18
  0.000000000000000E+00  1.043406176584306E+00  3.889217196597761E-02  3.052779607020332E+00  6.475133712224118E+00  2.158377904074626E+00  2.158377904074626E+00  6.475133712223881E+00  2.371436380599334E-13  3.000000000000110E+00  1.473981989815344E+01  1.097819219739795E+01  2.571801209555139E+01  1.367291633960969E+19  1.018356428452580E+19
  0.000000000000000E+00  1.043291547017848E+00  3.523186294129346E-02  3.058794209848195E+00  6.350259693816581E+00  2.116753231272147E+00  2.116753231272147E+00  6.350259693816442E+00  1.385558334732195E-13  3.000000000000065E+00  1.891505330648853E+01  1.165589171749277E+01  3.057094502398131E+01  1.750884369751865E+19  1.078935295237979E+19
  0.000000000000000E+00  1.043201992544203E+00  3.157126365720447E-02  3.064809854771193E+00  6.259160636992697E+00  2.086386878997551E+00  2.086386878997551E+00  6.259160636992654E+00  4.352074256530614E-14  3.000000000000021E+00  4.525032429991925E+01  4.502941141787107E+00  4.975326544170636E+01  4.181357556847927E+19  4.160944095440782E+18
  0.000000000000000E+00  1.043170084114290E+00  2.791006153626600E-02  3.070823572405577E+00  6.283543910346315E+00  2.094514636782104E+00  2.094514636782104E+00  6.283543910346314E+00  8.881784197001252E-16  3.000000000000000E+00  9.465183951625258E+01 -1.048209805452943E+01  8.416974146172316E+01  8.747658588505799E+19 -9.687483681341405E+18
  0.000000000000000E+00  1.043177863373349E+00  2.424483371054032E-02  3.076844174356836E+00  6.382838520940301E+00  2.127612840313434E+00  2.127612840313434E+00  6.382838520940304E+00 -2.664535259100376E-15  2.999999999999999E+00  9.149634583292033E+01 -8.592345868903955E+00  8.290399996401636E+01  8.466417894694925E+19 -7.950742749304679E+18
  0.000000000000000E+00  1.043185642632408E+00  2.057960588481464E-02  3.082869635234095E+00  6.464231413820475E+00  2.154743804606829E+00  2.154743804606829E+00  6.464231413820489E+00 -1.421085471520200E-14  2.999999999999994E+00  8.845491645991703E+01 -7.053859572219191E+00  8.140105688769783E+01  8.190512998486285E+19 -6.531545201553446E+18
  0.000000000000000E+00  1.043193421891466E+00  1.691437805908896E-02  3.088899522900582E+00  6.531391225590838E+00  2.177130408530286E+00  2.177130408530286E+00  6.531391225590857E+00 -1.953992523340276E-14  2.999999999999991E+00  8.554754243984888E+01 -5.866647023500868E+00  7.968089541634802E+01  7.924674624078786E+19 -5.434553403828534E+18
  0.000000000000000E+00  1.043201201150525E+00  1.324915023336328E-02  3.094933403296860E+00  6.587986592855384E+00  2.195995530951802E+00  2.195995530951802E+00  6.587986592855407E+00 -2.309263891220326E-14  2.999999999999989E+00  8.279134054140077E+01 -5.030716081774808E+00  7.776062445962596E+01  7.673021029306578E+19 -4.662418803162889E+18
  0.000000000000000E+00  1.043208995130094E+00  9.576986782696317E-03  3.100982268222547E+00  6.635995433626281E+00  2.211998477875427E+00  2.211998477875427E+00  6.635995433626281E+00  0.000000000000000E+00  3.000000000000000E+00  8.011972900508002E+01 -4.160748039018970E+00  7.595898096606105E+01  7.429365998772627E+19 -3.858190784517938E+18
  0.000000000000000E+00  1.043216789109663E+00  5.904823332029355E-03  3.107034263717468E+00  6.675353299921961E+00  2.225117766640635E+00  2.225117766640635E+00  6.675353299921907E+00  5.417888360170764E-14  3.000000000000024E+00  7.745412147223551E+01 -3.377105084205656E+00  7.407701638802985E+01  7.185193201991855E+19 -3.132842001460799E+18
  0.000000000000000E+00  1.043224583089231E+00  2.232659881362395E-03  3.113088948572080E+00  6.706963517425745E+00  2.235654505808545E+00  2.235654505808545E+00  6.706963517425637E+00  1.083577672034153E-13  3.000000000000048E+00  7.477704606471298E+01 -2.679789152457103E+00  7.209725691225587E+01  6.939335286964394E+19 -2.486853440449735E+18
  0.000000000000000E+00  1.043232377068800E+00 -1.439503569304565E-03  3.119145880396027E+00  6.731729411820951E+00  2.243909803940272E+00  2.243909803940272E+00  6.731729411820817E+00  1.341149413747189E-13  3.000000000000060E+00  7.207324015452249E+01 -2.068802178895308E+00  7.000443797562720E+01  6.690774888015615E+19 -1.920531064948403E+18
  0.000000000000000E+00  1.043240190722022E+00 -5.120936337136019E-03  3.125219911247766E+00  6.750087047745582E+00  2.250029015915159E+00  2.250029015915159E+00  6.750087047745478E+00  1.048050535246148E-13  3.000000000000047E+00  6.947209509839806E+01 -1.443630732698975E+00  6.802846436569909E+01  6.451530407681847E+19 -1.340628572706774E+18
  0.000000000000000E+00  1.043248004375243E+00 -8.802369104967475E-03  3.131295307262528E+00  6.762265814482037E+00  2.254088604827330E+00  2.254088604827330E+00  6.762265814481990E+00  4.618527782440651E-14  3.000000000000020E+00  6.696648649235452E+01 -8.906435569414500E-01  6.607584293541308E+01  6.220936410250229E+19 -8.273745902085527E+17
  0.000000000000000E+00  1.043255818028465E+00 -1.248380187279893E-02  3.137371620291446E+00  6.769022933152135E+00  2.256340977717383E+00  2.256340977717383E+00  6.769022933152150E+00 -1.509903313490213E-14  2.999999999999993E+00  6.433909621824401E+01 -4.098422737566039E-01  6.392925394448741E+01  5.979121717440622E+19 -3.808721265575521E+17
  0.000000000000000E+00  1.043263631681686E+00 -1.616523464063038E-02  3.143448401779537E+00  6.771115624877694E+00  2.257038541625913E+00  2.257038541625913E+00  6.771115624877741E+00 -4.618527782440651E-14  2.999999999999980E+00  6.140242432804617E+01 -1.228505278636340E-03  6.140119582276753E+01  5.708904574943818E+19 -1.142205618475260E+15
  0.000000000000000E+00  1.043271509130148E+00 -1.985828234600945E-02  3.149544375371066E+00  6.765621368399958E+00  2.255207122799994E+00  2.255207122799994E+00  6.765621368399982E+00 -2.398081733190338E-14  2.999999999999989E+00  5.712190966982003E+01  1.091151940949989E+00  5.821306161077002E+01  5.312328826448581E+19  1.014769629280534E+18
  0.000000000000000E+00  1.043279448010872E+00 -2.355132992021440E-02  3.155639917747099E+00  6.747195815034268E+00  2.249065271678080E+00  2.249065271678080E+00  6.747195815034241E+00  2.753353101070388E-14  3.000000000000012E+00  5.186451220076676E+01  2.456836156553226E+00  5.432134835732000E+01  4.822053250547056E+19  2.284219839745041E+18
  0.000000000000000E+00  1.043287423043399E+00 -2.724437741698121E-02  3.161734577169828E+00  6.712963566723970E+00  2.237654522241297E+00  2.237654522241297E+00  6.712963566723891E+00  7.904787935331115E-14  3.000000000000036E+00  4.747735910276320E+01  4.095830522583985E+00  5.157318962534719E+01  4.410560253324362E+19  3.804952012634225E+18
  0.000000000000000E+00  1.043295408947266E+00 -3.093742489004583E-02  3.167827901277369E+00  6.660049225412404E+00  2.220016408470768E+00  2.220016408470768E+00  6.660049225412305E+00  9.947598300641403E-14  3.000000000000045E+00  4.551817165885794E+01  6.008141332247551E+00  5.152631299110550E+01  4.222840626136288E+19  5.573910897725220E+18
  0.000000000000000E+00  1.043311046748640E+00 -3.464486996706058E-02  3.173943588898627E+00  6.606663529777012E+00  2.202221176592309E+00  2.202221176592309E+00  6.606663529776929E+00  8.260059303211165E-14  3.000000000000037E+00  5.475852804505295E+01  3.928589593104662E+00  5.868711763815761E+01  5.073506158022040E+19  3.639930473762706E+18
  0.000000000000000E+00  1.043345987468239E+00 -3.835226308460748E-02  3.180058311170040E+00  6.580691298252429E+00  2.193563766084129E+00  2.193563766084129E+00  6.580691298252389E+00  3.996802888650564E-14  3.000000000000018E+00  6.928398404906197E+01  8.172418976212302E-01  7.010122594668319E+01  6.414903487394687E+19  7.566724072020883E+17
  0.000000000000000E+00  1.043406313593741E+00 -4.205925359794933E-02  3.186172064454893E+00  6.593033589732601E+00  2.197677863244201E+00  2.197677863244201E+00  6.593033589732603E+00 -3.552713678800501E-15  2.999999999999998E+00  8.805964712864689E+01 -3.326633423245360E+00  8.473301370540152E+01  8.152057566634474E+19 -3.079606613659069E+18
  0.000000000000000E+00  1.043498107612828E+00 -4.576549086234893E-02  3.192285090712790E+00  6.654591463111469E+00  2.218197154370497E+00  2.218197154370497E+00  6.654591463111493E+00 -2.398081733190338E-14  2.999999999999989E+00  1.084962467713844E+02 -8.503667128364215E+00  9.999257964302015E+01  1.004702898129156E+20 -7.874612498435785E+18
  0.000000000000000E+00  1.043608183423840E+00 -4.948883557751962E-02  3.198426054534044E+00  6.736604219477829E+00  2.245534739825950E+00  2.245534739825950E+00  6.736604219477851E+00 -2.220446049250313E-14  2.999999999999990E+00  1.050373345294796E+02 -6.990155299282362E+00  9.804717923019723E+01  9.731145576192790E+19 -6.476003901110147E+18
  0.000000000000000E+00  1.043718259234852E+00 -5.321218029269031E-02  3.204564961150895E+00  6.803629503216425E+00  2.267876501072145E+00  2.267876501072145E+00  6.803629503216436E+00 -1.154631945610163E-14  2.999999999999995E+00  1.016605820864521E+02 -5.679766666500057E+00  9.598081541995207E+01  9.421729986513428E+19 -5.263911224967743E+18
  0.000000000000000E+00  1.043828335045864E+00 -5.693552500786100E-02  3.210701349160354E+00  6.857825432512506E+00  2.285941810837503E+00  2.285941810837503E+00  6.857825432512509E+00 -3.552713678800501E-15  2.999999999999998E+00  9.837468686878884E+01 -4.572565598297023E+00  9.380212127049182E+01  9.120024988274105E+19 -4.239089733786188E+18
  0.000000000000000E+00  1.043938410856877E+00 -6.065886972303168E-02  3.216834758296549E+00  6.901350125551328E+00  2.300450041850441E+00  2.300450041850441E+00  6.901350125551326E+00  2.664535259100376E-15  3.000000000000001E+00  9.518688741709714E+01 -3.668616462952956E+00  9.151827095414417E+01  8.827090078837039E+19 -3.402066068332613E+18
  0.000000000000000E+00  1.044049039211182E+00 -6.440090436772286E-02  3.222995490573511E+00  6.936100391843640E+00  2.312033463947877E+00  2.312033463947877E+00  6.936100391843634E+00  6.217248937900877E-15  3.000000000000003E+00  9.219028268023393E+01 -2.869382972323314E+00  8.932089970791063E+01  8.551825507801319E+19 -2.661718977419564E+18
  0.000000000000000E+00  1.044159667565487E+00 -6.814293901241404E-02  3.229152286163066E+00  6.962882531757900E+00  2.320960843919294E+00  2.320960843919294E+00  6.962882531757884E+00  1.509903313490213E-14  3.000000000000007E+00  8.932153701111515E+01 -2.173977758620832E+00  8.714755925249432E+01  8.288353670207734E+19 -2.017284647976077E+18
  0.000000000000000E+00  1.044270295919792E+00 -7.188497365710524E-02  3.235304682559072E+00  6.982804821457094E+00  2.327601607152356E+00  2.327601607152356E+00  6.982804821457069E+00  2.486899575160351E-14  3.000000000000011E+00  8.632761005530558E+01 -1.582433877417064E+00  8.474517617788851E+01  8.013175656446330E+19 -1.468860381554728E+18
  0.000000000000000E+00  1.044380924274097E+00 -7.562700830179642E-02  3.241452219248044E+00  6.996975537104209E+00  2.332325179034727E+00  2.332325179034727E+00  6.996975537104181E+00  2.842170943040401E-14  3.000000000000012E+00  8.298577357282858E+01 -1.094784384283565E+00  8.189098918854502E+01  7.705577833417531E+19 -1.016553310369961E+18
  0.000000000000000E+00  1.044492178669193E+00 -7.939009983598681E-02  3.247628985635776E+00  7.004010276931219E+00  2.334670092310398E+00  2.334670092310398E+00  7.004010276931197E+00  2.220446049250313E-14  3.000000000000010E+00  8.074432057144075E+01 -3.283452811450952E-01  8.041597529029566E+01  7.499965999486599E+19 -3.049847255202611E+17
  0.000000000000000E+00  1.044603433685666E+00 -8.315319135182586E-02  3.253799910485318E+00  7.006367191724198E+00  2.335455730574726E+00  2.335455730574726E+00  7.006367191724177E+00  2.131628207280301E-14  3.000000000000009E+00  7.978521082210816E+01 -2.216493825880750E-01  7.956356143952009E+01  7.414831412674670E+19 -2.059896549347212E+17
  0.000000000000000E+00  1.044714679700531E+00 -8.691628313374256E-02  3.259964531415474E+00  7.011115297716477E+00  2.337038432572153E+00  2.337038432572153E+00  7.011115297716460E+00  1.687538997430238E-14  3.000000000000007E+00  7.816224184393141E+01 -7.749075304118345E-01  7.738733431351957E+01  7.271630959848237E+19 -7.209160658945110E+17
  0.000000000000000E+00  1.044825907090803E+00 -9.067937546616589E-02  3.266122388517379E+00  7.025323611141398E+00  2.341774537047128E+00  2.341774537047128E+00  7.025323611141385E+00  1.243449787580175E-14  3.000000000000005E+00  7.419319214940504E+01 -1.988330524063807E+00  7.220486162534122E+01  6.915393359577448E+19 -1.853281588837293E+18
  0.000000000000000E+00  1.044937814585965E+00 -9.446590398713074E-02  3.272311308598424E+00  7.027943703867169E+00  2.342647901289052E+00  2.342647901289052E+00  7.027943703867158E+00  1.065814103640150E-14  3.000000000000004E+00  6.241067496992784E+01  1.468821285993843E+00  6.387949625592168E+01  5.821998494544485E+19  1.370194332929666E+18
  0.000000000000000E+00  1.045049722081127E+00 -9.825243250809559E-02  3.278492461570091E+00  6.994389372721908E+00  2.331463124240633E+00  2.331463124240633E+00  6.994389372721901E+00  6.217248937900877E-15  3.000000000000003E+00  4.691597212075848E+01  4.726216055639754E+00  5.164218817639824E+01  4.369618702736391E+19  4.401861697918200E+18
  0.000000000000000E+00  1.045161629576289E+00 -1.020389610290604E-01  3.284665390646321E+00  6.926820830325912E+00  2.308940276775303E+00  2.308940276775303E+00  6.926820830325911E+00  8.881784197001252E-16  3.000000000000000E+00  3.911644380360599E+01  7.783789374978582E+00  4.690023317858458E+01  3.632731709488874E+19  7.228780464920634E+18
  0.000000000000000E+00  1.045273537071451E+00 -1.058254895500253E-01  3.290829642762342E+00  6.827398289299485E+00  2.275799429766495E+00  2.275799429766495E+00  6.827398289299486E+00 -1.776356839400250E-15  2.999999999999999E+00  4.853523575947831E+01  1.064147683411466E+01  5.917671259359297E+01  4.493841590381229E+19  9.852864714041072E+18
  0.000000000000000E+00  1.045423061742708E+00 -1.096400887541718E-01  3.297039684165846E+00  6.789135794894388E+00  2.263045264964799E+00  2.263045264964799E+00  6.789135794894398E+00 -9.769962616701378E-15  2.999999999999996E+00  1.013604351705960E+02 -2.554507389841350E+00  9.880592778075466E+01  9.372579385431029E+19 -2.362097524705950E+18
  0.000000000000000E+00  1.045627146577586E+00 -1.134524545148706E-01  3.303251487059640E+00  6.860307471319852E+00  2.286769157106626E+00  2.286769157106626E+00  6.860307471319881E+00 -2.842170943040401E-14  2.999999999999988E+00  1.289083267607390E+02 -9.521941407424393E+00  1.193863853533146E+02  1.192782732285465E+20 -8.810607952184604E+18
  0.000000000000000E+00  1.045857400639577E+00 -1.172636872774940E-01  3.309460240710393E+00  6.973279567462813E+00  2.324426522487618E+00  2.324426522487618E+00  6.973279567462855E+00 -4.263256414560601E-14  2.999999999999981E+00  1.285538366230913E+02 -1.025943199161263E+01  1.182944046314786E+02  1.191090296948104E+20 -9.505674990655070E+18
  0.000000000000000E+00  1.046085432992178E+00 -1.210748874874143E-01  3.315660002683752E+00  7.060418332210199E+00  2.353472777403417E+00  2.353472777403417E+00  7.060418332210252E+00 -5.240252676230739E-14  2.999999999999978E+00  1.114248608803029E+02 -4.763957679740913E+00  1.066609032005620E+02  1.033097775054144E+20 -4.416998182012054E+18
  0.000000000000000E+00  1.046304544973855E+00 -1.249154314299538E-01  3.321895457745068E+00  7.107384453991371E+00  2.369128151330473E+00  2.369128151330473E+00  7.107384453991422E+00 -5.062616992290714E-14  2.999999999999979E+00  1.077973324486985E+02 -3.840488211064546E+00  1.039568442376340E+02  9.995398688261145E+19 -3.561053873520077E+18
  0.000000000000000E+00  1.046523656955532E+00 -1.287559753724934E-01  3.328121289921252E+00  7.144567823523665E+00  2.381522607841236E+00  2.381522607841236E+00  7.144567823523709E+00 -4.440892098500626E-14  2.999999999999981E+00  1.042364085926373E+02 -2.975148856236112E+00  1.012612597364012E+02  9.667826729656517E+19 -2.759421974085374E+18
  0.000000000000000E+00  1.046742768937209E+00 -1.325965193150330E-01  3.334337039984669E+00  7.172607773937431E+00  2.390869257979156E+00  2.390869257979156E+00  7.172607773937468E+00 -3.730349362740526E-14  2.999999999999984E+00  1.006915614293481E+02 -2.167976370784481E+00  9.852358505856357E+01  9.342091669260385E+19 -2.011433103743279E+18
  0.000000000000000E+00  1.046961880918886E+00 -1.364370632575725E-01  3.340542253309583E+00  7.192143638363022E+00  2.397381212787685E+00  2.397381212787685E+00  7.192143638363056E+00 -3.463895836830488E-14  2.999999999999986E+00  9.711806021582714E+01 -1.419007510238369E+00  9.569905270558877E+01  9.012740102923079E+19 -1.316865870822877E+18
  0.000000000000000E+00  1.047182736719737E+00 -1.403081724577298E-01  3.346785732010235E+00  7.203962050373919E+00  2.401320683457983E+00  2.401320683457983E+00  7.203962050373951E+00 -3.197442310920451E-14  2.999999999999987E+00  9.360780120011471E+01 -7.453410046212747E-01  9.286246019549343E+01  8.688381955758768E+19 -6.918020990146556E+17
  0.000000000000000E+00  1.047403592520588E+00 -1.441792816578870E-01  3.353017593004976E+00  7.208922101377599E+00  2.402974033792542E+00  2.402974033792542E+00  7.208922101377626E+00 -2.664535259100376E-14  2.999999999999989E+00  9.021585397891586E+01 -1.729985130086967E-01  9.004285546590717E+01  8.375056862749585E+19 -1.606006394350123E+17
  0.000000000000000E+00  1.047624448321439E+00 -1.480503908580442E-01  3.359237386033845E+00  7.208141811760902E+00  2.402713937253640E+00  2.402713937253640E+00  7.208141811760921E+00 -1.865174681370263E-14  2.999999999999992E+00  8.677727557273997E+01  2.979556891402892E-01  8.707523126188026E+01  8.057571008016024E+19  2.766621914141323E+17
  0.000000000000000E+00  1.047845304122290E+00 -1.519215000582014E-01  3.365444666313370E+00  7.202739201910672E+00  2.400913067303562E+00  2.400913067303562E+00  7.202739201910687E+00 -1.509903313490213E-14  2.999999999999993E+00  8.314933095714184E+01  6.674573263663849E-01  8.381678828350823E+01  7.722758776492712E+19  6.199222369915679E+17
  0.000000000000000E+00  1.048068050341797E+00 -1.558255394307588E-01  3.371691635198077E+00  7.190595801288446E+00  2.396865267096153E+00  2.396865267096153E+00  7.190595801288461E+00 -1.598721155460225E-14  2.999999999999993E+00  7.811312281751992E+01  1.563449613169063E+00  7.967657243068899E+01  7.255622363847338E+19  1.452227176291258E+18
  0.000000000000000E+00  1.048290815377841E+00 -1.597295777297205E-01  3.377924992110444E+00  7.167152299445468E+00  2.389050766481826E+00  2.389050766481826E+00  7.167152299445478E+00 -9.769962616701378E-15  2.999999999999996E+00  7.208867748914889E+01  2.706100081801448E+00  7.479477757095034E+01  6.693817096788029E+19  2.512757845489486E+18
  0.000000000000000E+00  1.048513592542137E+00 -1.636336153366617E-01  3.384144297297776E+00  7.129678108702328E+00  2.376559369567444E+00  2.376559369567444E+00  7.129678108702333E+00 -4.440892098500626E-15  2.999999999999998E+00  6.711413289480278E+01  4.095565771774336E+00  7.120969866657711E+01  6.227366611396284E+19  3.800181637137711E+18
  0.000000000000000E+00  1.048736375146394E+00 -1.675376526331575E-01  3.390349117068602E+00  7.075442641379613E+00  2.358480880459872E+00  2.358480880459872E+00  7.075442641379617E+00 -3.552713678800501E-15  2.999999999999999E+00  6.490999224172621E+01  5.732003707463709E+00  7.064199594918993E+01  6.016188593067972E+19  5.312712901250133E+18
  0.000000000000000E+00  1.048971283338852E+00 -1.714795573374197E-01  3.396603042427360E+00  7.025781477364061E+00  2.341927159121356E+00  2.341927159121356E+00  7.025781477364069E+00 -7.993605777301127E-15  2.999999999999997E+00  7.550440765355559E+01  3.064884345916394E+00  7.856929199947199E+01  6.991049389649753E+19  2.837815500014307E+18
  0.000000000000000E+00  1.049228910114456E+00 -1.754201286247603E-01  3.402848892522587E+00  7.008607626996554E+00  2.336202542332189E+00  2.336202542332189E+00  7.008607626996570E+00 -1.598721155460225E-14  2.999999999999993E+00  8.957895670387522E+01 -7.369660293017366E-02  8.950526010094504E+01  8.290134053023644E+19 -6.820292845821507E+16
  0.000000000000000E+00  1.049513521915254E+00 -1.793587887467855E-01  3.409087800410725E+00  7.029184972298864E+00  2.343061657432961E+00  2.343061657432961E+00  7.029184972298884E+00 -2.042810365310288E-14  2.999999999999991E+00  1.058500648687807E+02 -3.684654003984673E+00  1.021654108647961E+02  9.795308478337540E+19 -3.409759138996659E+18
  0.000000000000000E+00  1.049829385183298E+00 -1.832949599551014E-01  3.415321064090564E+00  7.092777395292763E+00  2.364259131764261E+00  2.364259131764261E+00  7.092777395292784E+00 -2.131628207280301E-14  2.999999999999991E+00  1.220958213453522E+02 -7.768794889067107E+00  1.143270264562851E+02  1.130174563632522E+20 -7.191150587264720E+18
  0.000000000000000E+00  1.050165871013179E+00 -1.872719438921478E-01  3.421611210774118E+00  7.170189570204476E+00  2.390063190068164E+00  2.390063190068164E+00  7.170189570204493E+00 -1.687538997430238E-14  2.999999999999993E+00  1.174876399966029E+02 -5.980368861105108E+00  1.115072711354978E+02  1.087901687006484E+20 -5.537649214083636E+18
  0.000000000000000E+00  1.050502356843060E+00 -1.912489278291943E-01  3.427885717060545E+00  7.228928609436653E+00  2.409642869812224E+00  2.409642869812224E+00  7.228928609436673E+00 -2.042810365310288E-14  2.999999999999992E+00  1.130151778165281E+02 -4.466669796291826E+00  1.085485080202363E+02  1.046750432585753E+20 -4.137044803908110E+18
  0.000000000000000E+00  1.050838842672941E+00 -1.952259117662408E-01  3.434144149040516E+00  7.272109892830054E+00  2.424036630943359E+00  2.424036630943359E+00  7.272109892830077E+00 -2.309263891220326E-14  2.999999999999991E+00  1.087560184027810E+02 -3.227962790373974E+00  1.055280556124070E+02  1.007486815398847E+20 -2.990298835560066E+18
  0.000000000000000E+00  1.051175328502822E+00 -1.992028957032873E-01  3.440386080061137E+00  7.302848800225437E+00  2.434282933408487E+00  2.434282933408487E+00  7.302848800225461E+00 -2.398081733190338E-14  2.999999999999990E+00  1.047769994626870E+02 -2.264512939098477E+00  1.025124865235885E+02  9.707717286246757E+19 -2.098098964138057E+18
  0.000000000000000E+00  1.051515199342624E+00 -2.032198876551982E-01  3.446673626401299E+00  7.324482492463090E+00  2.441494164154371E+00  2.441494164154371E+00  7.324482492463114E+00 -2.398081733190338E-14  2.999999999999990E+00  1.006186980130826E+02 -1.517445452453151E+00  9.910125256062942E+01  9.323686275017433E+19 -1.406118904091315E+18
  0.000000000000000E+00  1.051855070182426E+00 -2.072368796071090E-01  3.452943486126838E+00  7.337107891600097E+00  2.445702630533373E+00  2.445702630533373E+00  7.337107891600121E+00 -2.398081733190338E-14  2.999999999999990E+00  9.617893466309988E+01 -6.844197191565486E-01  9.549451494394333E+01  8.912912136877280E+19 -6.342524839723497E+17
  0.000000000000000E+00  1.052194941022228E+00 -2.112538715590199E-01  3.459195242921509E+00  7.339751296244374E+00  2.446583765414799E+00  2.446583765414799E+00  7.339751296244398E+00 -2.486899575160351E-14  2.999999999999990E+00  9.189245711582332E+01  2.346471155669392E-01  9.212710423139026E+01  8.515280744554763E+19  2.174374402062228E+17
  0.000000000000000E+00  1.052534811862031E+00 -2.152708635109308E-01  3.465428488529222E+00  7.331439005003828E+00  2.443813001667950E+00  2.443813001667950E+00  7.331439005003852E+00 -2.398081733190338E-14  2.999999999999990E+00  8.813537057805391E+01  1.239837906492975E+00  8.937520848454687E+01  8.165322388434200E+19  1.148650779989722E+18
  0.000000000000000E+00  1.052878271011466E+00 -2.193301331002295E-01  3.471708130697086E+00  7.316942333446511E+00  2.438980777815511E+00  2.438980777815511E+00  7.316942333446534E+00 -2.220446049250313E-14  2.999999999999991E+00  8.536613802815663E+01  1.346315639323227E+00  8.671245366747985E+01  7.907801113078175E+19  1.247145127694921E+18
  0.000000000000000E+00  1.053221762300222E+00 -2.233893999703079E-01  3.477968070090003E+00  7.298966587780850E+00  2.432988862593623E+00  2.432988862593623E+00  7.298966587780868E+00 -1.776356839400250E-14  2.999999999999992E+00  8.270633037332017E+01  1.845880744224063E+00  8.455221111754423E+01  7.661964051278337E+19  1.710034992648400E+18
  0.000000000000000E+00  1.053565300365054E+00 -2.274486628816565E-01  3.484207917931830E+00  7.272993383426937E+00  2.424331127808983E+00  2.424331127808983E+00  7.272993383426952E+00 -1.509903313490213E-14  2.999999999999994E+00  7.859916765168825E+01  2.738917834519262E+00  8.133808548620752E+01  7.280987201703685E+19  2.537180264812178E+18
  0.000000000000000E+00  1.053908899842716E+00 -2.315079205947660E-01  3.490427294747672E+00  7.234504335804867E+00  2.411501445268293E+00  2.411501445268293E+00  7.234504335804881E+00 -1.421085471520200E-14  2.999999999999994E+00  7.174463777158563E+01  4.025811666671344E+00  7.577044943825697E+01  6.642442785596978E+19  3.727278371184980E+18
  0.000000000000000E+00  1.054250336126964E+00 -2.356144603584829E-01  3.496694494714978E+00  7.169236173907080E+00  2.389745391302365E+00  2.389745391302365E+00  7.169236173907096E+00 -1.598721155460225E-14  2.999999999999993E+00  6.358782920656590E+01  6.540868038227597E+00  7.012869724479350E+01  5.881558328374056E+19  6.049978017029214E+18
  0.000000000000000E+00  1.054595640180126E+00 -2.397208141295757E-01  3.502941726549586E+00  7.098038220695372E+00  2.366012740231797E+00  2.366012740231797E+00  7.098038220695392E+00 -1.953992523340276E-14  2.999999999999992E+00  7.168495649456474E+01  5.049293536540659E+00  7.673425003110539E+01  6.624542523024388E+19  4.666147735833804E+18
  0.000000000000000E+00  1.054969024004794E+00 -2.438244030112503E-01  3.509178603965061E+00  7.067470822654996E+00  2.355823607551672E+00  2.355823607551672E+00  7.067470822655018E+00 -2.220446049250313E-14  2.999999999999991E+00  9.379529530107469E+01 -4.537902612100765E-01  9.334150503986461E+01  8.663330122761352E+19 -4.191398754849865E+17
  0.000000000000000E+00  1.055394699603557E+00 -2.479226481067127E-01  3.515415595322859E+00  7.124094326271203E+00  2.374698108757076E+00  2.374698108757076E+00  7.124094326271228E+00 -2.486899575160351E-14  2.999999999999989E+00  1.263630813765039E+02 -9.973688766048706E+00  1.163893926104552E+02  1.167356916270947E+20 -9.213810264004603E+18
  0.000000000000000E+00  1.055860807421030E+00 -2.520727037044450E-01  3.521729897859848E+00  7.226288556104886E+00  2.408762852034970E+00  2.408762852034970E+00  7.226288556104913E+00 -2.664535259100376E-14  2.999999999999989E+00  1.210432022408945E+02 -7.483843789676600E+00  1.135593584512179E+02  1.118778706461798E+20 -6.917170827745835E+18
  0.000000000000000E+00  1.056326915238502E+00 -2.562227593021774E-01  3.528022354141497E+00  7.301846969411199E+00  2.433948989803742E+00  2.433948989803742E+00  7.301846969411226E+00 -2.753353101070388E-14  2.999999999999989E+00  1.159850800581381E+02 -5.449089582772872E+00  1.105359904753652E+02  1.072343992329652E+20 -5.037974259123329E+18
  0.000000000000000E+00  1.056793023055974E+00 -2.603728148999097E-01  3.534292581662737E+00  7.356143169673723E+00  2.452047723224584E+00  2.452047723224584E+00  7.356143169673751E+00 -2.842170943040401E-14  2.999999999999988E+00  1.112774584568400E+02 -3.870031491489712E+00  1.074074269653503E+02  1.029007770111375E+20 -3.578705454405391E+18
  0.000000000000000E+00  1.057259130873446E+00 -2.645228704976420E-01  3.540540207606832E+00  7.394550760376041E+00  2.464850253458690E+00  2.464850253458690E+00  7.394550760376070E+00 -2.930988785010413E-14  2.999999999999988E+00  1.069958474279934E+02 -2.747274861979131E+00  1.042485725660143E+02  9.895834035509679E+19 -2.540900113190785E+18
  0.000000000000000E+00  1.057730630462227E+00 -2.687209324790103E-01  3.546836737833834E+00  7.421949103965853E+00  2.473983034655294E+00  2.473983034655294E+00  7.421949103965883E+00 -2.930988785010413E-14  2.999999999999988E+00  1.025460132148264E+02 -1.852347314221787E+00  1.006936659006046E+02  9.486010021524555E+19 -1.713512269778953E+18
  0.000000000000000E+00  1.058202130051008E+00 -2.729189944603785E-01  3.553109403419576E+00  7.438169845802147E+00  2.479389948600725E+00  2.479389948600725E+00  7.438169845802176E+00 -2.930988785010413E-14  2.999999999999988E+00  9.778138818519197E+01 -8.657167442858684E-01  9.691567144090611E+01  9.046238248998997E+19 -8.009172369413862E+17
  0.000000000000000E+00  1.058673629639789E+00 -2.771170564417468E-01  3.559357849002018E+00  7.442134339424779E+00  2.480711446474935E+00  2.480711446474935E+00  7.442134339424807E+00 -2.753353101070388E-14  2.999999999999989E+00  9.324259837421772E+01  2.127383593033898E-01  9.345533673352112E+01  8.626104368330133E+19  1.968095401131352E+17
  0.000000000000000E+00  1.059145129228571E+00 -2.813151184231151E-01  3.565581729522132E+00  7.432763938373606E+00  2.477587979457878E+00  2.477587979457878E+00  7.432763938373634E+00 -2.842170943040401E-14  2.999999999999988E+00  8.939697113272761E+01  1.383139508020777E+00  9.078011064074839E+01  8.268503686955994E+19  1.279293244137382E+18
  0.000000000000000E+00  1.059622141831416E+00 -2.855622695972027E-01  3.571853047955019E+00  7.416508305479627E+00  2.472169435159883E+00  2.472169435159883E+00  7.416508305479650E+00 -2.309263891220326E-14  2.999999999999991E+00  8.691114937507541E+01  1.397088087341712E+00  8.830823746241713E+01  8.037944337178658E+19  1.292091562582483E+18
  0.000000000000000E+00  1.060099139572509E+00 -2.898094224406056E-01  3.578098537670686E+00  7.397612635399213E+00  2.465870878466410E+00  2.465870878466410E+00  7.397612635399231E+00 -1.776356839400250E-14  2.999999999999993E+00  8.470512146502172E+01  1.825014526428802E+00  8.653013599145052E+01  7.835413776027964E+19  1.688179382132915E+18
  0.000000000000000E+00  1.060576101259625E+00 -2.940565793327418E-01  3.584317862624030E+00  7.371116360906310E+00  2.457038786968773E+00  2.457038786968774E+00  7.371116360906321E+00 -1.065814103640150E-14  2.999999999999996E+00  8.071744053848663E+01  2.667477553036852E+00  8.338491809152347E+01  7.467109277549255E+19  2.467663277112790E+18
  0.000000000000000E+00  1.061053005700542E+00 -2.983037426530288E-01  3.590510696912388E+00  7.332058914774864E+00  2.444019638258290E+00  2.444019638258290E+00  7.332058914774871E+00 -7.105427357601002E-15  2.999999999999997E+00  7.321751617098403E+01  3.925035759363428E+00  7.714255193034747E+01  6.770422706054431E+19  3.629480022951262E+18
  0.000000000000000E+00  1.061526672254915E+00 -3.026038948771291E-01  3.596747350272846E+00  7.259867890050670E+00  2.419955963350224E+00  2.419955963350224E+00  7.259867890050675E+00 -4.440892098500626E-15  2.999999999999998E+00  6.283302257876254E+01  7.228614065464190E+00  7.006163664422672E+01  5.804721947600473E+19  6.678032186647648E+18
  0.000000000000000E+00  1.062001321706653E+00 -3.069041032565909E-01  3.602956877816669E+00  7.175428813975889E+00  2.391809604658629E+00  2.391809604658629E+00  7.175428813975888E+00  1.776356839400250E-15  3.000000000000001E+00  7.014383654096254E+01  5.951360055242822E+00  7.609519659620537E+01  6.474008793012069E+19  5.492878523335773E+18
  0.000000000000000E+00  1.062505448823044E+00 -3.112005912049458E-01  3.609153423277673E+00  7.134252029353700E+00  2.378084009784563E+00  2.378084009784563E+00  7.134252029353689E+00  1.065814103640150E-14  3.000000000000004E+00  9.257567046429411E+01  8.612373141005418E-02  9.266179419570416E+01  8.539419366452380E+19  7.944275814862365E+16
  0.000000000000000E+00  1.063067548371375E+00 -3.154895821357256E-01  3.615352027878474E+00  7.191847878987274E+00  2.397282626329087E+00  2.397282626329087E+00  7.191847878987261E+00  1.332267629550188E-14  3.000000000000005E+00  1.264181333885909E+02 -1.037497515045218E+01  1.160431582381388E+02  1.166288536170618E+20 -9.571581431148896E+18
  0.000000000000000E+00  1.063676636009081E+00 -3.198342222514606E-01  3.621630936973313E+00  7.301921945142465E+00  2.433973981714157E+00  2.433973981714157E+00  7.301921945142473E+00 -7.993605777301127E-15  2.999999999999997E+00  1.211737841036298E+02 -7.667677108630707E+00  1.135061069949991E+02  1.118436419969656E+20 -7.077281111833595E+18
  0.000000000000000E+00  1.064285723646788E+00 -3.241788623671955E-01  3.627882011597916E+00  7.382076402818407E+00  2.460692134272821E+00  2.460692134272821E+00  7.382076402818464E+00 -5.684341886080801E-14  2.999999999999977E+00  1.163052416493520E+02 -5.502923117699477E+00  1.108023185316525E+02  1.073713764928763E+20 -5.080221849873565E+18
  0.000000000000000E+00  1.064894811284494E+00 -3.285235024829305E-01  3.634104951165062E+00  7.438996704080653E+00  2.479665568026918E+00  2.479665568026918E+00  7.438996704080756E+00 -1.030286966852145E-13  2.999999999999958E+00  1.118233279430798E+02 -3.881650001790963E+00  1.079416779412888E+02  1.032368767903490E+20 -3.583594142200189E+18
  0.000000000000000E+00  1.065503898922201E+00 -3.328681425986654E-01  3.640299466502519E+00  7.479368300994749E+00  2.493122766998291E+00  2.493122766998291E+00  7.479368300994873E+00 -1.243449787580175E-13  2.999999999999950E+00  1.077356546797865E+02 -2.804794585037826E+00  1.049308600947487E+02  9.945981792336722E+19 -2.589341101322959E+18
  0.000000000000000E+00  1.066119311642761E+00 -3.372578997172737E-01  3.646529157288009E+00  7.508022106426159E+00  2.502674035475421E+00  2.502674035475421E+00  7.508022106426265E+00 -1.056932319443149E-13  2.999999999999957E+00  1.037343096920912E+02 -1.843372860042037E+00  1.018909368320492E+02  9.575786052746795E+19 -1.701630268288014E+18
  0.000000000000000E+00  1.066734724363321E+00 -3.416476568358820E-01  3.652729271998641E+00  7.525240406027538E+00  2.508413468675871E+00  2.508413468675871E+00  7.525240406027613E+00 -7.549516567451064E-14  2.999999999999970E+00  9.973815582336441E+01 -9.562887394911126E-01  9.878186708387329E+01  9.205220521023029E+19 -8.825958988430287E+17
  0.000000000000000E+00  1.067350137083881E+00 -3.460374139544903E-01  3.658899547488314E+00  7.531955079712341E+00  2.510651693237460E+00  2.510651693237460E+00  7.531955079712381E+00 -4.085620730620576E-14  2.999999999999984E+00  9.595187615740981E+01 -1.436728065652026E-01  9.580820335084462E+01  8.853398183706273E+19 -1.325656793417602E+17
  0.000000000000000E+00  1.067965549804441E+00 -3.504271710730987E-01  3.665039732225194E+00  7.529098007394005E+00  2.509699335798009E+00  2.509699335798009E+00  7.529098007394030E+00 -2.486899575160351E-14  2.999999999999990E+00  9.255490493228689E+01  5.943443555555480E-01  9.314924928784244E+01  8.537057521472379E+19  5.482099468042503E+17
  0.000000000000000E+00  1.068586463144418E+00 -3.548562278467133E-01  3.671204140782042E+00  7.519689870711738E+00  2.506563290237254E+00  2.506563290237254E+00  7.519689870711762E+00 -2.398081733190338E-14  2.999999999999990E+00  8.913929486667458E+01  9.746517752249770E-01  9.011394664189955E+01  8.219036054608762E+19  8.986719149219323E+17
  0.000000000000000E+00  1.069207352642401E+00 -3.592852879628104E-01  3.677337424464508E+00  7.503435848259384E+00  2.501145282753136E+00  2.501145282753136E+00  7.503435848259410E+00 -2.575717417130363E-14  2.999999999999990E+00  8.535758172700365E+01  1.696297084138213E+00  8.705387881114186E+01  7.866890934585296E+19  1.563374205732530E+18
  0.000000000000000E+00  1.069828208757891E+00 -3.637143527583823E-01  3.683439354194191E+00  7.476097641998777E+00  2.492032547332935E+00  2.492032547332935E+00  7.476097641998804E+00 -2.753353101070388E-14  2.999999999999989E+00  8.134814670731276E+01  2.759874085800039E+00  8.410802079311281E+01  7.492318161241021E+19  2.541896229077738E+18
  0.000000000000000E+00  1.070449021950391E+00 -3.681434235704216E-01  3.689509712256670E+00  7.433436953891751E+00  2.477812317963926E+00  2.477812317963926E+00  7.433436953891778E+00 -2.753353101070388E-14  2.999999999999989E+00  7.723461251539811E+01  4.165976487896370E+00  8.140058900329448E+01  7.105878334057551E+19  3.832856940874030E+18
  0.000000000000000E+00  1.071076660553218E+00 -3.726079321895027E-01  3.695597949424225E+00  7.379495010074943E+00  2.459831670024990E+00  2.459831670024990E+00  7.379495010074971E+00 -2.842170943040401E-14  2.999999999999988E+00  7.827563829098087E+01  4.077116562399698E+00  8.235275485338056E+01  7.192837416068898E+19  3.746508773353788E+18
  0.000000000000000E+00  1.071718782092947E+00 -3.770704901450808E-01  3.701662622057588E+00  7.340863224298508E+00  2.446954408099512E+00  2.446954408099512E+00  7.340863224298537E+00 -2.842170943040401E-14  2.999999999999988E+00  8.913755723883007E+01  1.721795412794428E+00  9.085935265162449E+01  8.183161553704483E+19  1.580672666132513E+18
  0.000000000000000E+00  1.072391483149093E+00 -3.815283331493864E-01  3.707713049107475E+00  7.345884996766999E+00  2.448628332255675E+00  2.448628332255675E+00  7.345884996767026E+00 -2.842170943040401E-14  2.999999999999988E+00  1.078201588288484E+02 -2.904821529210465E+00  1.049153372996380E+02  9.892701585645886E+19 -2.665228178123394E+18
  0.000000000000000E+00  1.073110860301174E+00 -3.859786969146504E-01  3.713758983570771E+00  7.422903727684958E+00  2.474301242561662E+00  2.474301242561662E+00  7.422903727684988E+00 -2.930988785010413E-14  2.999999999999988E+00  1.309149516695562E+02 -9.807528930756396E+00  1.211074227387998E+02  1.201089281245078E+20 -8.997992760953550E+18
  0.000000000000000E+00  1.073863807449574E+00 -3.904533198586727E-01  3.719829432507281E+00  7.530212116145223E+00  2.510070705381750E+00  2.510070705381750E+00  7.530212116145250E+00 -2.753353101070388E-14  2.999999999999989E+00  1.266024235824877E+02 -7.357794872442479E+00  1.192446287100452E+02  1.161661166350724E+20 -6.751264574111370E+18
  0.000000000000000E+00  1.074616754597974E+00 -3.949279428026949E-01  3.725867884780058E+00  7.609827168147176E+00  2.536609056049067E+00  2.536609056049067E+00  7.609827168147202E+00 -2.575717417130363E-14  2.999999999999990E+00  1.227051945829116E+02 -5.408170737338346E+00  1.172970238455733E+02  1.125843468360623E+20 -4.962099380639730E+18
  0.000000000000000E+00  1.075369701746374E+00 -3.994025657467171E-01  3.731874155833413E+00  7.668068725897901E+00  2.556022908632642E+00  2.556022908632641E+00  7.668068725897925E+00 -2.398081733190338E-14  2.999999999999991E+00  1.191140216551006E+02 -3.959714996386801E+00  1.151543066587138E+02  1.092711289951245E+20 -3.632507089777902E+18
  0.000000000000000E+00  1.076122648894775E+00 -4.038771886907394E-01  3.737848072360392E+00  7.711256631604479E+00  2.570418877201501E+00  2.570418877201501E+00  7.711256631604504E+00 -2.575717417130363E-14  2.999999999999990E+00  1.157287899426705E+02 -3.013486120530726E+00  1.127153038221398E+02  1.061414347767980E+20 -2.763838977937534E+18
  0.000000000000000E+00  1.076875079888603E+00 -4.083487442254544E-01  3.743785410422567E+00  7.742474555381070E+00  2.580824851793698E+00  2.580824851793698E+00  7.742474555381095E+00 -2.575717417130363E-14  2.999999999999990E+00  1.127076507334027E+02 -2.020008056795587E+00  1.106876426766071E+02  1.033388765166254E+20 -1.852095769767673E+18
  0.000000000000000E+00  1.077627510882431E+00 -4.128202997601695E-01  3.749690125356828E+00  7.762994581453071E+00  2.587664860484366E+00  2.587664860484366E+00  7.762994581453098E+00 -2.664535259100376E-14  2.999999999999990E+00  1.100790121304533E+02 -1.306968602047280E+00  1.087720435284060E+02  1.008889559295132E+20 -1.197855023780023E+18
  0.000000000000000E+00  1.078379941876259E+00 -4.172918552948845E-01  3.755562076958319E+00  7.776341502532487E+00  2.592113834177504E+00  2.592113834177504E+00  7.776341502532513E+00 -2.575717417130363E-14  2.999999999999990E+00  1.075800874421476E+02 -8.749581018264412E-01  1.067051293403212E+02  9.855790950611891E+19 -8.015799528684088E+17
  0.000000000000000E+00  1.079132372870087E+00 -4.217634108295996E-01  3.761401135610551E+00  7.786040111331318E+00  2.595346703777114E+00  2.595346703777114E+00  7.786040111331344E+00 -2.575717417130363E-14  2.999999999999990E+00  1.049699069278407E+02 -7.245669016739411E-01  1.042453400261667E+02  9.613165171553547E+19 -6.635598246667588E+17
  0.000000000000000E+00  1.079880281576981E+00 -4.262081549102659E-01  3.767172458719060E+00  7.789748477835647E+00  2.596582825945223E+00  2.596582825945223E+00  7.789748477835667E+00 -2.042810365310288E-14  2.999999999999992E+00  1.005612016798194E+02  1.606593547453747E-01  1.007218610345648E+02  9.204235816648953E+19  1.470494149359237E+17
  0.000000000000000E+00  1.080628172563799E+00 -4.306529019726477E-01  3.772911045809055E+00  7.781224402423953E+00  2.593741467474656E+00  2.593741467474656E+00  7.781224402423968E+00 -1.509903313490213E-14  2.999999999999994E+00  9.490422966186541E+01  1.247833917339042E+00  9.615206357920445E+01  8.677819367238836E+19  1.140989961518370E+18
  0.000000000000000E+00  1.081376050494282E+00 -4.350976512319468E-01  3.778616802427462E+00  7.757979482402743E+00  2.585993160800916E+00  2.585993160800916E+00  7.757979482402749E+00 -6.217248937900877E-15  2.999999999999998E+00  9.096693944396559E+01  2.537373494943802E+00  9.350431293890939E+01  8.306727907225721E+19  2.317025432573540E+18
  0.000000000000000E+00  1.082123920032172E+00 -4.395424019033654E-01  3.784289643889677E+00  7.717525315078518E+00  2.572508438359506E+00  2.572508438359506E+00  7.717525315078521E+00 -2.664535259100376E-15  2.999999999999999E+00  9.149272167879801E+01  4.029694802389235E+00  9.552241648118724E+01  8.341602869210200E+19  3.673965874975278E+18
  0.000000000000000E+00  1.082882484150496E+00 -4.439414790021355E-01  3.789887335430372E+00  7.697586176432306E+00  2.565862058810770E+00  2.565862058810770E+00  7.697586176432310E+00 -3.552713678800501E-15  2.999999999999999E+00  1.085984705151075E+02 -6.042970210777964E-01  1.079941734940297E+02  9.887696769760564E+19 -5.502016441802136E+17
  0.000000000000000E+00  1.083674543477197E+00 -4.483347649997026E-01  3.795474932519702E+00  7.728081285591315E+00  2.576027095197108E+00  2.576027095197108E+00  7.728081285591324E+00 -8.881784197001252E-15  2.999999999999996E+00  1.240548908463103E+02 -4.202704804798268E+00  1.198521860415121E+02  1.128477448282155E+20 -3.823031531967171E+18
  0.000000000000000E+00  1.084496706210844E+00 -4.527225604264891E-01  3.801050304871034E+00  7.796251728668325E+00  2.598750576222779E+00  2.598750576222779E+00  7.796251728668338E+00 -1.243449787580175E-14  2.999999999999996E+00  1.368208629961371E+02 -6.763811855116545E+00  1.300570511410205E+02  1.243843615145709E+20 -6.149006815043331E+18
  0.000000000000000E+00  1.085345580550005E+00 -4.571051658129182E-01  3.806611254578667E+00  7.889338591776111E+00  2.629779530592041E+00  2.629779530592041E+00  7.889338591776124E+00 -1.243449787580175E-14  2.999999999999996E+00  1.458299026949146E+02 -8.285727830822907E+00  1.375441748640917E+02  1.325100641022167E+20 -7.528924491520980E+18
  0.000000000000000E+00  1.086192490098966E+00 -4.614130968544395E-01  3.812057539498694E+00  7.977358422684660E+00  2.659119474228224E+00  2.659119474228224E+00  7.977358422684674E+00 -1.332267629550188E-14  2.999999999999995E+00  1.430276089791698E+02 -6.422172844052376E+00  1.366054361351175E+02  1.298965870816783E+20 -5.832568551240568E+18
  0.000000000000000E+00  1.087039399647926E+00 -4.657210278959608E-01  3.817473385955140E+00  8.045130611006389E+00  2.681710203668805E+00  2.681710203668805E+00  8.045130611006417E+00 -2.842170943040401E-14  2.999999999999989E+00  1.405028408752035E+02 -4.925373146378167E+00  1.355774677288254E+02  1.275265534143299E+20 -4.470485135563928E+18
  0.000000000000000E+00  1.087886309196886E+00 -4.700289589374820E-01  3.822858733366775E+00  8.097092951574774E+00  2.699030983858271E+00  2.699030983858271E+00  8.097092951574815E+00 -4.085620730620576E-14  2.999999999999985E+00  1.382205699582773E+02 -3.796192767898606E+00  1.344243771903787E+02  1.253689187297614E+20 -3.443225438477420E+18
  0.000000000000000E+00  1.088733218745846E+00 -4.743368899790033E-01  3.828213528908714E+00  8.137683239223286E+00  2.712561079741111E+00  2.712561079741111E+00  8.137683239223334E+00 -4.796163466380676E-14  2.999999999999982E+00  1.361476690084880E+02 -3.035495738712171E+00  1.331121732697758E+02  1.233942940389024E+20 -2.751151425979486E+18
  0.000000000000000E+00  1.089558486530615E+00 -4.785347369768751E-01  3.833402055086670E+00  8.168997803089322E+00  2.722999267696456E+00  2.722999267696456E+00  8.168997803089370E+00 -4.796163466380676E-14  2.999999999999982E+00  1.344734621796903E+02 -2.368175110329383E+00  1.321052870693609E+02  1.217757440848002E+20 -2.144559093734851E+18
  0.000000000000000E+00  1.090383754315383E+00 -4.827325839747469E-01  3.838561492880432E+00  8.193887398543922E+00  2.731295799514656E+00  2.731295799514656E+00  8.193887398543968E+00 -4.618527782440651E-14  2.999999999999984E+00  1.331768156336700E+02 -1.938238986821581E+00  1.312385766468485E+02  1.204922911131668E+20 -1.753629977828893E+18
  0.000000000000000E+00  1.091209022100152E+00 -4.869304309726187E-01  3.843691813846060E+00  8.215132246823776E+00  2.738377415607939E+00  2.738377415607939E+00  8.215132246823819E+00 -4.263256414560601E-14  2.999999999999985E+00  1.320706371600207E+02 -1.746228671903324E+00  1.303244084881173E+02  1.193778479934086E+20 -1.578405506620138E+18
  0.000000000000000E+00  1.092034289884920E+00 -4.911282779704905E-01  3.848792995990428E+00  8.235512569165572E+00  2.745170856388537E+00  2.745170856388537E+00  8.235512569165612E+00 -4.085620730620576E-14  2.999999999999985E+00  1.309755378080431E+02 -1.792685469289418E+00  1.291828523387536E+02  1.182737224160498E+20 -1.618833464037910E+18
  0.000000000000000E+00  1.092833429880075E+00 -4.951929547472739E-01  3.853704616000951E+00  8.253451444266084E+00  2.751150481422040E+00  2.751150481422040E+00  8.253451444266123E+00 -3.907985046680551E-14  2.999999999999986E+00  1.286421740130372E+02 -1.372623385694135E+00  1.272695506273430E+02  1.160401200472489E+20 -1.238158354191577E+18
  0.000000000000000E+00  1.093632650147440E+00 -4.992576157418365E-01  3.858588948898816E+00  8.266042677076380E+00  2.755347559025473E+00  2.755347559025473E+00  8.266042677076419E+00 -3.907985046680551E-14  2.999999999999985E+00  1.253679383111171E+02 -8.453416321778594E-01  1.245225966789393E+02  1.129324323879064E+20 -7.614904417084362E+17
  0.000000000000000E+00  1.094431919289053E+00 -5.033222671268383E-01  3.863445970396258E+00  8.272086064155644E+00  2.757362021385228E+00  2.757362021385229E+00  8.272086064155687E+00 -4.263256414560601E-14  2.999999999999984E+00  1.234930476551990E+02 -2.106063713134775E-01  1.232824412838855E+02  1.110680889879962E+20 -1.894167132047413E+17
  0.000000000000000E+00  1.095231205906947E+00 -5.073869150749395E-01  3.868275660889267E+00  8.270381402063064E+00  2.756793800687705E+00  2.756793800687705E+00  8.270381402063116E+00 -5.151434834260726E-14  2.999999999999981E+00  1.252905027325109E+02  5.318161969705998E-01  1.258223189294815E+02  1.124898508251266E+20  4.774817193552976E+17
  0.000000000000000E+00  1.096018431235299E+00 -5.113102470486062E-01  3.872925645345066E+00  8.289781017280569E+00  2.763260339093540E+00  2.763260339093540E+00  8.289781017280621E+00 -5.151434834260726E-14  2.999999999999981E+00  1.423244000367311E+02 -3.932972142760503E+00  1.383914278939706E+02  1.275854473223069E+20 -3.525678028579559E+18
  0.000000000000000E+00  1.096834551880077E+00 -5.152277715841201E-01  3.877570495487379E+00  8.351954698710415E+00  2.783984899570150E+00  2.783984899570150E+00  8.351954698710450E+00 -3.552713678800501E-14  2.999999999999987E+00  1.580377903501948E+02 -7.356342090897031E+00  1.506814482592978E+02  1.414914590291288E+20 -6.586143562574367E+18
  0.000000000000000E+00  1.097677466663417E+00 -5.191396452702564E-01  3.882208783111128E+00  8.445538985938294E+00  2.815179661979438E+00  2.815179661979438E+00  8.445538985938313E+00 -1.953992523340276E-14  2.999999999999993E+00  1.715179748824426E+02 -9.736497622644933E+00  1.617814772597977E+02  1.533912184504847E+20 -8.707502725597039E+18
  0.000000000000000E+00  1.098545074407455E+00 -5.230460246957900E-01  3.886839052461676E+00  8.559170418549913E+00  2.853056806183307E+00  2.853056806183307E+00  8.559170418549924E+00 -1.065814103640150E-14  2.999999999999996E+00  1.817690496892325E+02 -1.107143845754146E+01  1.706976112316910E+02  1.623900321145887E+20 -9.891074689275623E+18
  0.000000000000000E+00  1.099390845687670E+00 -5.268010543705484E-01  3.891277234772000E+00  8.664353570013034E+00  2.888117856671016E+00  2.888117856671016E+00  8.664353570013049E+00 -1.421085471520200E-14  2.999999999999995E+00  1.799615135739852E+02 -9.194237461737558E+00  1.707672761122476E+02  1.606047532439929E+20 -8.205300174928601E+18
  0.000000000000000E+00  1.100236616967885E+00 -5.305560840453069E-01  3.895692551565951E+00  8.751758744930834E+00  2.917252914976954E+00  2.917252914976954E+00  8.751758744930862E+00 -2.842170943040401E-14  2.999999999999990E+00  1.784277010283103E+02 -7.669120065167940E+00  1.707585809631423E+02  1.590493909675808E+20 -6.836207991205800E+18
  0.000000000000000E+00  1.101082388248100E+00 -5.343111137200652E-01  3.900085008269888E+00  8.825077221021978E+00  2.941692407007341E+00  2.941692407007340E+00  8.825077221022022E+00 -4.440892098500626E-14  2.999999999999985E+00  1.771789427629316E+02 -6.496904917534282E+00  1.706820378453973E+02  1.577337856266938E+20 -5.783878103791035E+18
  0.000000000000000E+00  1.101928159528315E+00 -5.380661433948236E-01  3.904454613782510E+00  8.888000276005140E+00  2.962666758668397E+00  2.962666758668397E+00  8.888000276005192E+00 -5.151434834260726E-14  2.999999999999983E+00  1.762266713970183E+02 -5.678410668537744E+00  1.705482607284806E+02  1.566676470902261E+20 -5.048175917977978E+18
  0.000000000000000E+00  1.102737254719055E+00 -5.416583396800381E-01  3.908613360406079E+00  8.941696518762374E+00  2.980565506254140E+00  2.980565506254140E+00  8.941696518762420E+00 -4.618527782440651E-14  2.999999999999984E+00  1.757082384750979E+02 -5.149730043028622E+00  1.705585084320693E+02  1.559878560478650E+20 -4.571756882937286E+18
  0.000000000000000E+00  1.103546349909794E+00 -5.452505359652525E-01  3.912751219555139E+00  8.990456556111374E+00  2.996818852037138E+00  2.996818852037138E+00  8.990456556111415E+00 -4.085620730620576E-14  2.999999999999986E+00  1.753944264529867E+02 -4.691311244086538E+00  1.707031152089002E+02  1.554802074268662E+20 -4.158661481356006E+18
  0.000000000000000E+00  1.104355445100533E+00 -5.488427322504669E-01  3.916868207568019E+00  9.034984975282923E+00  3.011661658427651E+00  3.011661658427651E+00  9.034984975282955E+00 -3.197442310920451E-14  2.999999999999989E+00  1.748595565383998E+02 -4.303310534710476E+00  1.705562460036893E+02  1.547590245287141E+20 -3.808634505198927E+18
  0.000000000000000E+00  1.105164540291272E+00 -5.524349285356813E-01  3.920964343448670E+00  9.075986363507797E+00  3.025328787835941E+00  3.025328787835941E+00  9.075986363507823E+00 -2.842170943040401E-14  2.999999999999990E+00  1.736843210287431E+02 -3.985884177899234E+00  1.696984368508439E+02  1.534468347674909E+20 -3.521453791716999E+18
  0.000000000000000E+00  1.105937500835827E+00 -5.558667092468614E-01  3.924858100309841E+00  9.109331122057169E+00  3.036443707352399E+00  3.036443707352399E+00  9.109331122057199E+00 -3.019806626980426E-14  2.999999999999990E+00  1.748074809110957E+02 -3.250281291371920E+00  1.715571996197238E+02  1.541674780340114E+20 -2.866511587377567E+18
  0.000000000000000E+00  1.106710468727280E+00 -5.592984883033872E-01  3.928732871797173E+00  9.140943570686137E+00  3.046981190228723E+00  3.046981190228723E+00  9.140943570686169E+00 -3.197442310920451E-14  2.999999999999989E+00  1.785676654865217E+02 -3.624742980966897E+00  1.749429225055548E+02  1.572091357787158E+20 -3.191186432914328E+18
  0.000000000000000E+00  1.107483463945285E+00 -5.627302612045078E-01  3.932588695396313E+00  9.181320987797193E+00  3.060440329265742E+00  3.060440329265741E+00  9.181320987797225E+00 -3.197442310920451E-14  2.999999999999990E+00  1.808961931322867E+02 -5.111597440371876E+00  1.757845956919148E+02  1.589718328314585E+20 -4.492079129593771E+18
  0.000000000000000E+00  1.108256506469493E+00 -5.661620234494721E-01  3.936425610822033E+00  9.240960651792829E+00  3.080320217264286E+00  3.080320217264286E+00  9.240960651792859E+00 -3.019806626980426E-14  2.999999999999990E+00  1.777683532117784E+02 -7.713173094222840E+00  1.700551801175555E+02  1.559197610504691E+20 -6.765186739168430E+18
  0.000000000000000E+00  1.108994905536583E+00 -5.694398581840587E-01  3.940072792522808E+00  9.286665297924582E+00  3.095555099308204E+00  3.095555099308204E+00  9.286665297924614E+00 -3.197442310920451E-14  2.999999999999989E+00  1.751016726607925E+02 -3.403941045940144E+00  1.716977316148524E+02  1.532490335220148E+20 -2.979130167801348E+18
  0.000000000000000E+00  1.109733304603673E+00 -5.727176929186454E-01  3.943702743394243E+00  9.319768662488219E+00  3.106589554162753E+00  3.106589554162753E+00  9.319768662488261E+00 -4.440892098500626E-14  2.999999999999986E+00  1.791822939550099E+02 -4.922963104623705E+00  1.742593308503862E+02  1.564431765175258E+20 -4.298214789901564E+18
  0.000000000000000E+00  1.110471703670763E+00 -5.759955276532320E-01  3.947315490273432E+00  9.392772927649865E+00  3.130924309216641E+00  3.130924309216641E+00  9.392772927649924E+00 -5.861977570020827E-14  2.999999999999981E+00  1.874626277673429E+02 -1.228188482420829E+01  1.751807429431346E+02  1.632848407196135E+20 -1.069784218402410E+19
  0.000000000000000E+00  1.111210102737852E+00 -5.792733623878187E-01  3.950911061540045E+00  9.558180275575660E+00  3.186060091858574E+00  3.186060091858574E+00  9.558180275575722E+00 -6.217248937900877E-14  2.999999999999981E+00  1.974201136321083E+02 -2.549235175862912E+01  1.719277618734792E+02  1.716054544732821E+20 -2.215897118408322E+19
  0.000000000000000E+00  1.112128705416072E+00 -5.824907359533097E-01  3.954603817577372E+00  9.934070209079540E+00  3.311356736359871E+00  3.311356736359871E+00  9.934070209079614E+00 -7.460698725481052E-14  2.999999999999978E+00  4.040060242749248E+02 -5.538504364985851E+01  3.486209806250663E+02  3.506630034862430E+20 -4.807226770772059E+19
  0.000000000000000E+00  1.113320729120749E+00 -5.856268549876416E-01  3.958464033560544E+00  1.049457681251021E+01  3.498192270836769E+00  3.498192270836769E+00  1.049457681251031E+01 -9.592326932761353E-14  2.999999999999972E+00  5.168352171185144E+02 -6.659331352210378E+01  4.502419035964106E+02  4.481255674692899E+20 -5.774019537238705E+19
  0.000000000000000E+00  1.114650706914546E+00 -5.887190805023085E-01  3.962400343274941E+00  1.107473657998462E+01  3.691578859994914E+00  3.691578859994914E+00  1.107473657998474E+01 -1.207922650792170E-13  2.999999999999968E+00  5.418836366663022E+02 -5.958922201259038E+01  4.822944146537118E+02  4.693883296641984E+20 -5.161714341210750E+19
  0.000000000000000E+00  1.115983171860130E+00 -5.918047735088048E-01  3.966319740720552E+00  1.150958600561971E+01  3.836528668539947E+00  3.836528668539947E+00  1.150958600561984E+01 -1.367794766338193E-13  2.999999999999964E+00  4.966915889477702E+02 -3.440624490581458E+01  4.622853440419556E+02  4.297086899363831E+20 -2.976628304785453E+19
  0.000000000000000E+00  1.117231491361142E+00 -5.948030203468525E-01  3.970071623900080E+00  1.178531389501137E+01  3.928437965003833E+00  3.928437965003833E+00  1.178531389501150E+01 -1.261213355974178E-13  2.999999999999968E+00  4.940566783714518E+02 -2.969493718621109E+01  4.643617411852406E+02  4.268025054464746E+20 -2.565267133302841E+19
  0.000000000000000E+00  1.118479810862154E+00 -5.978012671849002E-01  3.973810505567781E+00  1.202820085656024E+01  4.009400285520113E+00  4.009400285520113E+00  1.202820085656034E+01 -9.947598300641403E-14  2.999999999999975E+00  4.932822590331182E+02 -2.687295907621687E+01  4.664092999569014E+02  4.254912265105395E+20 -2.317984907813069E+19
  0.000000000000000E+00  1.119728130363167E+00 -6.007995140229481E-01  3.977536349199198E+00  1.225464473518294E+01  4.084881578394334E+00  4.084881578394334E+00  1.225464473518301E+01 -6.217248937900877E-14  2.999999999999985E+00  4.938473605153328E+02 -2.594667207709881E+01  4.679006884382340E+02  4.253200236543992E+20 -2.234625526816393E+19
  0.000000000000000E+00  1.120976449864179E+00 -6.037977608609958E-01  3.981249119972064E+00  1.248104337579609E+01  4.160347791932044E+00  4.160347791932044E+00  1.248104337579614E+01 -4.085620730620576E-14  2.999999999999990E+00  4.952440257080946E+02 -2.692243769012185E+01  4.683215880179728E+02  4.258477460872423E+20 -2.314991966459419E+19
  0.000000000000000E+00  1.122173279842613E+00 -6.066723388000662E-01  3.984796443970438E+00  1.270396889087939E+01  4.234656296959812E+00  4.234656296959812E+00  1.270396889087944E+01 -4.796163466380676E-14  2.999999999999988E+00  4.969410623910533E+02 -2.713387308140013E+01  4.698071893096532E+02  4.266456937040942E+20 -2.329561990307610E+19
  0.000000000000000E+00  1.123370109821047E+00 -6.095469167391366E-01  3.988331693070872E+00  1.292904328536818E+01  4.309681095122746E+00  4.309681095122746E+00  1.292904328536824E+01 -6.394884621840902E-14  2.999999999999985E+00  4.988234941580498E+02 -2.750158189778119E+01  4.713219122602686E+02  4.275887586008257E+20 -2.357420490604499E+19
  0.000000000000000E+00  1.124566939799482E+00 -6.124214946782071E-01  3.991854840906666E+00  1.315755083656574E+01  4.385850278855274E+00  4.385850278855274E+00  1.315755083656583E+01 -8.704148513061227E-14  2.999999999999980E+00  5.008089800984108E+02 -2.802606237130214E+01  4.727829177271087E+02  4.286069768075065E+20 -2.398552410626101E+19
  0.000000000000000E+00  1.125763769777916E+00 -6.152960726172775E-01  3.995365862492950E+00  1.339077582177538E+01  4.463591940591823E+00  4.463591940591823E+00  1.339077582177547E+01 -9.592326932761353E-14  2.999999999999978E+00  5.028172045892941E+02 -2.870781273400135E+01  4.741093918552928E+02  4.296325726522853E+20 -2.452941412417144E+19
  0.000000000000000E+00  1.126913554760867E+00 -6.180576566402554E-01  3.998727430241037E+00  1.361986719069317E+01  4.539955730231090E+00  4.539955730231090E+00  1.361986719069327E+01 -1.030286966852145E-13  2.999999999999978E+00  5.047096402166435E+02 -2.933943083489680E+01  4.753702093817467E+02  4.305785007495095E+20 -2.503009083858828E+19
  0.000000000000000E+00  1.128063339743818E+00 -6.208192406632331E-01  4.002077764751303E+00  1.385382660526784E+01  4.617942201755986E+00  4.617942201755986E+00  1.385382660526796E+01 -1.207922650792170E-13  2.999999999999974E+00  5.065540729566097E+02 -3.000169840804812E+01  4.765523745485615E+02  4.314783560764881E+20 -2.555518591144768E+19
  0.000000000000000E+00  1.129213124726768E+00 -6.235808246862109E-01  4.005416847400364E+00  1.409288595471727E+01  4.697628651572471E+00  4.697628651572471E+00  1.409288595471741E+01 -1.367794766338193E-13  2.999999999999971E+00  5.083376013346378E+02 -3.069470541427339E+01  4.776428959203644E+02  4.323209599304812E+20 -2.610462903913028E+19
  0.000000000000000E+00  1.130362909709719E+00 -6.263424087091888E-01  4.008744660693316E+00  1.433727712825935E+01  4.779092376086500E+00  4.779092376086500E+00  1.433727712825950E+01 -1.492139745096210E-13  2.999999999999969E+00  5.100476499840973E+02 -3.141854181439186E+01  4.786291081697055E+02  4.330954739318939E+20 -2.667834712654264E+19
  0.000000000000000E+00  1.131469926824267E+00 -6.290013293999350E-01  4.011938073903948E+00  1.457762217968826E+01  4.859207393229469E+00  4.859207393229469E+00  1.457762217968841E+01 -1.474376176702208E-13  2.999999999999970E+00  5.117358768252120E+02 -3.209692036631830E+01  4.796389564588937E+02  4.338684258275567E+20 -2.721294508339399E+19
  0.000000000000000E+00  1.132576914375261E+00 -6.316602623991522E-01  4.015120992834062E+00  1.482317383986587E+01  4.941057946622006E+00  4.941057946622006E+00  1.482317383986602E+01 -1.492139745096210E-13  2.999999999999970E+00  5.136036115120417E+02 -3.285773971068275E+01  4.807458718013589E+02  4.347802147988228E+20 -2.781502078452483E+19
  0.000000000000000E+00  1.133683889404920E+00 -6.343192006114871E-01  4.018293415153043E+00  1.507454567621114E+01  5.024848558737095E+00  5.024848558737095E+00  1.507454567621129E+01 -1.509903313490213E-13  2.999999999999970E+00  5.155754403112721E+02 -3.370123832299892E+01  4.818742019882732E+02  4.357630010099522E+20 -2.848419765789325E+19
  0.000000000000000E+00  1.134790868955458E+00 -6.369781369415860E-01  4.021455339650001E+00  1.533235125614300E+01  5.110783752047715E+00  5.110783752047715E+00  1.533235125614314E+01 -1.492139745096210E-13  2.999999999999971E+00  5.175777336132106E+02 -3.462765471599115E+01  4.829500788972195E+02  4.367507853673229E+20 -2.922006572241693E+19
  0.000000000000000E+00  1.135859070577281E+00 -6.395439080904558E-01  4.024496518232079E+00  1.558721310257657E+01  5.195737700858905E+00  5.195737700858904E+00  1.558721310257671E+01 -1.456612608308205E-13  2.999999999999972E+00  5.196181297084696E+02 -3.547078735632572E+01  4.841473423521439E+02  4.377691954087346E+20 -2.988351859509786E+19
  0.000000000000000E+00  1.136927272199104E+00 -6.421096792393255E-01  4.027527900085541E+00  1.584892879545249E+01  5.282976265150875E+00  5.282976265150875E+00  1.584892879545263E+01 -1.367794766338193E-13  2.999999999999974E+00  5.219615394278327E+02 -3.657942844460283E+01  4.853821109832298E+02  4.390125754137640E+20 -3.076630723833035E+19
  0.000000000000000E+00  1.137995473820927E+00 -6.446754503881952E-01  4.030549477029240E+00  1.611941641206751E+01  5.373138804022544E+00  5.373138804022544E+00  1.611941641206763E+01 -1.243449787580175E-13  2.999999999999976E+00  5.246494186246626E+02 -3.795432206025428E+01  4.866950965644083E+02  4.405144752968533E+20 -3.186781053041037E+19
  0.000000000000000E+00  1.139063675442750E+00 -6.472412215370650E-01  4.033561241650998E+00  1.640059402971837E+01  5.466864676572828E+00  5.466864676572828E+00  1.640059402971849E+01 -1.207922650792170E-13  2.999999999999978E+00  5.277222824035288E+02 -3.959621228270952E+01  4.881260701208192E+02  4.423073319253806E+20 -3.318733279434311E+19
  0.000000000000000E+00  1.140096694457769E+00 -6.497224856831040E-01  4.036464470760833E+00  1.668581676019426E+01  5.561938920064797E+00  5.561938920064797E+00  1.668581676019439E+01 -1.314504061156185E-13  2.999999999999976E+00  5.306172843809808E+02 -4.193708566456467E+01  4.886801987164160E+02  4.439312170800946E+20 -3.508589340730057E+19
  0.000000000000000E+00  1.141129713472788E+00 -6.522037498291430E-01  4.039358511694648E+00  1.699053055656966E+01  5.663510185523273E+00  5.663510185523273E+00  1.699053055656982E+01 -1.598721155460225E-13  2.999999999999972E+00  5.339917685461454E+02 -4.523635252764088E+01  4.887554160185045E+02  4.459076578401980E+20 -3.777443247814924E+19
  0.000000000000000E+00  1.142162732487807E+00 -6.546850139751820E-01  4.042243359753982E+00  1.732141560080678E+01  5.773805200268986E+00  5.773805200268986E+00  1.732141560080696E+01 -1.811883976188255E-13  2.999999999999968E+00  5.393425248012263E+02 -4.949660431389859E+01  4.898459204873276E+02  4.494996296346839E+20 -4.125153178950917E+19
  0.000000000000000E+00  1.143195751502826E+00 -6.571662781212211E-01  4.045119010882221E+00  1.768515207486780E+01  5.895050691622663E+00  5.895050691622663E+00  1.768515207486799E+01 -1.918465386552271E-13  2.999999999999967E+00  5.481345813963076E+02 -5.472043246529763E+01  4.934141489310099E+02  4.559343238051492E+20 -4.551605430702146E+19
  0.000000000000000E+00  1.144323991439121E+00 -6.596588801834334E-01  4.048085565003818E+00  1.814792086993809E+01  6.049306956646094E+00  6.049306956646094E+00  1.814792086993829E+01 -1.953992523340276E-13  2.999999999999968E+00  6.759611610244632E+02 -7.443258210285239E+01  6.015285789216108E+02  5.612556157609964E+20 -6.180193050959251E+19
  0.000000000000000E+00  1.145587644467762E+00 -6.620893695106699E-01  4.051126765028067E+00  1.872977680991070E+01  6.243258936636965E+00  6.243258936636965E+00  1.872977680991090E+01 -1.953992523340276E-13  2.999999999999968E+00  7.796507159468282E+02 -8.821041817631209E+01  6.914402977705161E+02  6.464160696032174E+20 -7.313612448407813E+19
  0.000000000000000E+00  1.146959338373248E+00 -6.644630812389499E-01  4.054221310038965E+00  1.938863339214931E+01  6.462877797383165E+00  6.462877797383165E+00  1.938863339214950E+01 -1.953992523340276E-13  2.999999999999970E+00  8.601003809005229E+02 -9.618372066356801E+01  7.639166602369548E+02  7.122849262032878E+20 -7.965374262836294E+19
  0.000000000000000E+00  1.148411700940077E+00 -6.667853505042929E-01  4.057347736029261E+00  2.008240411401756E+01  6.694134704672585E+00  6.694134704672585E+00  2.008240411401776E+01 -1.989519660128281E-13  2.999999999999970E+00  9.199162328243948E+02 -9.847238474318428E+01  8.214438480812106E+02  7.610879476891690E+20 -8.147061931730803E+19
  0.000000000000000E+00  1.149919082688351E+00 -6.691205613048111E-01  4.060529589310701E+00  2.077711610905319E+01  6.925705369684485E+00  6.925705369684485E+00  2.077711610905346E+01 -2.700062395888381E-13  2.999999999999961E+00  9.223590772743316E+02 -9.501303782464539E+01  8.273460394496861E+02  7.624482390858138E+20 -7.854047861020677E+19
  0.000000000000000E+00  1.151426464436626E+00 -6.714557721053294E-01  4.063704165873422E+00  2.145075640266646E+01  7.150252134222302E+00  7.150252134222302E+00  2.145075640266691E+01 -4.440892098500626E-13  2.999999999999938E+00  9.261923691126693E+02 -9.285719339303400E+01  8.333351757196353E+02  7.650055881406609E+20 -7.669710333802984E+19
  0.000000000000000E+00  1.152933846184901E+00 -6.737909829058476E-01  4.066871426884916E+00  2.211274504627136E+01  7.370915015423986E+00  7.370915015423988E+00  2.211274504627196E+01 -6.004086117172847E-13  2.999999999999918E+00  9.312659631481480E+02 -9.201000781173425E+01  8.392559553364139E+02  7.686407344819573E+20 -7.594247270137941E+19
  0.000000000000000E+00  1.154441227933175E+00 -6.761261937063658E-01  4.070031334278514E+00  2.277250209128179E+01  7.590834030427494E+00  7.590834030427494E+00  2.277250209128249E+01 -6.927791673660977E-13  2.999999999999909E+00  9.374336373435764E+02 -9.247663744412139E+01  8.449569998994550E+02  7.732386316632211E+20 -7.627900872080671E+19
  0.000000000000000E+00  1.155907692497276E+00 -6.783980162838812E-01  4.073098375049614E+00  2.341910917767445E+01  7.806369725891687E+00  7.806369725891689E+00  2.341910917767507E+01 -6.217248937900877E-13  2.999999999999920E+00  9.440305761425465E+02 -9.340439276038904E+01  8.506261833821574E+02  7.782664540725277E+20 -7.700333801206148E+19
  0.000000000000000E+00  1.157374157061376E+00 -6.806698388613965E-01  4.076158387042646E+00  2.407151482780777E+01  8.023838275936074E+00  8.023838275936074E+00  2.407151482780823E+01 -4.583000645652646E-13  2.999999999999943E+00  9.508013250812475E+02 -9.438159986792463E+01  8.564197252133227E+02  7.835009872464979E+20 -7.777447793113237E+19
  0.000000000000000E+00  1.158840621625477E+00 -6.829416614389118E-01  4.079211337283501E+00  2.473004817276940E+01  8.243349390923226E+00  8.243349390923226E+00  2.473004817276968E+01 -2.877698079828406E-13  2.999999999999965E+00  9.577220900381018E+02 -9.540843892704751E+01  8.623136511110544E+02  7.889241382173829E+20 -7.859275800581381E+19
  0.000000000000000E+00  1.160307086189578E+00 -6.852134840164271E-01  4.082257193476625E+00  2.539503834364695E+01  8.465012781215719E+00  8.465012781215719E+00  2.539503834364716E+01 -2.096101070492296E-13  2.999999999999975E+00  9.647697502652410E+02 -9.648509009808051E+01  8.682846601671605E+02  7.945184718597658E+20 -7.945853020464529E+19
  0.000000000000000E+00  1.161736299982925E+00 -6.874275983177932E-01  4.085218823377200E+00  2.604942400164937E+01  8.683141333883198E+00  8.683141333883198E+00  2.604942400164959E+01 -2.238209617644316E-13  2.999999999999974E+00  9.716778751620656E+02 -9.749816013215045E+01  8.741797150299151E+02  8.000718537396775E+20 -8.027921156497161E+19
  0.000000000000000E+00  1.163165513776271E+00 -6.896417126191591E-01  4.088173656365123E+00  2.670972242115157E+01  8.903240807050608E+00  8.903240807050608E+00  2.670972242115182E+01 -2.557953848736361E-13  2.999999999999971E+00  9.786019316429831E+02 -9.847881904234116E+01  8.801231126006420E+02  8.057082787018307E+20 -8.108015855433725E+19
  0.000000000000000E+00  1.164594727569618E+00 -6.918558269205252E-01  4.091121664392377E+00  2.737570052207887E+01  9.125233507359720E+00  9.125233507359718E+00  2.737570052207916E+01 -2.913225216616411E-13  2.999999999999968E+00  9.855373514919665E+02 -9.942693924489305E+01  8.861104122470736E+02  8.114220067584778E+20 -8.186113539564005E+19
  0.000000000000000E+00  1.166023941362965E+00 -6.940699412218911E-01  4.094062820014864E+00  2.804712522435662E+01  9.349041741452311E+00  9.349041741452311E+00  2.804712522435693E+01 -3.126388037344441E-13  2.999999999999967E+00  9.924797253367956E+02 -1.003423931560491E+02  8.921373321807464E+02  8.172073356159515E+20 -8.262187898352938E+19
  0.000000000000000E+00  1.167418954207416E+00 -6.962310880853035E-01  4.096926971126207E+00  2.870729596375377E+01  9.569098654584694E+00  9.569098654584694E+00  2.870729596375409E+01 -3.161915174132446E-13  2.999999999999967E+00  9.993101035463274E+02 -1.011372242997215E+02  8.981728792466060E+02  8.229567510040358E+20 -8.328902231639112E+19
  0.000000000000000E+00  1.168813962231316E+00 -6.983922380604534E-01  4.099784541182098E+00  2.937177927807524E+01  9.790593092691854E+00  9.790593092691854E+00  2.937177927807556E+01 -3.232969447708456E-13  2.999999999999967E+00  1.006321702813831E+03 -1.019010508245079E+02  9.044206519893235E+02  8.289042428665071E+20 -8.393559747823138E+19
  0.000000000000000E+00  1.170208980217930E+00 -7.005533816045274E-01  4.102635514226227E+00  3.004036180953480E+01  1.001345393651171E+01  1.001345393651171E+01  3.004036180953513E+01 -3.339550858072471E-13  2.999999999999967E+00  1.013514753578244E+03 -1.026337572295963E+02  9.108809963486476E+02  8.350436680394467E+20 -8.456085005086782E+19
  0.000000000000000E+00  1.171604022950525E+00 -7.027145091747121E-01  4.105479875026592E+00  3.071283020034622E+01  1.023761006678218E+01  1.023761006678218E+01  3.071283020034654E+01 -3.268496584496461E-13  2.999999999999968E+00  1.020889638041157E+03 -1.033352280296164E+02  9.175544100115402E+02  8.413688438656308E+20 -8.516399628141258E+19
  0.000000000000000E+00  1.172967634938320E+00 -7.048269087580800E-01  4.108253701219555E+00  3.137369480939156E+01  1.045789826979729E+01  1.045789826979729E+01  3.137369480939188E+01 -3.232969447708456E-13  2.999999999999969E+00  1.028254485413628E+03 -1.039965187780990E+02  9.242579666355291E+02  8.477094757179666E+20 -8.573639664155025E+19
  0.000000000000000E+00  1.174331246926116E+00 -7.069393083414479E-01  4.111021154795838E+00  3.203799323029070E+01  1.067933107676367E+01  1.067933107676367E+01  3.203799323029102E+01 -3.268496584496461E-13  2.999999999999969E+00  1.035779429110623E+03 -1.046549332109294E+02  9.311244958996937E+02  8.542102524661624E+20 -8.630922222185741E+19
  0.000000000000000E+00  1.175694858913911E+00 -7.090517079248159E-01  4.113782215446614E+00  3.270569915354081E+01  1.090189971784704E+01  1.090189971784704E+01  3.270569915354113E+01 -3.197442310920451E-13  2.999999999999971E+00  1.043432686662893E+03 -1.053104569263597E+02  9.381222297365334E+02  8.608455161066253E+20 -8.688249448474999E+19
  0.000000000000000E+00  1.177058470901706E+00 -7.111641075081837E-01  4.116536863346651E+00  3.337678626963908E+01  1.112559542321313E+01  1.112559542321313E+01  3.337678626963940E+01 -3.268496584496461E-13  2.999999999999971E+00  1.051183058848443E+03 -1.059630755226352E+02  9.452199833258078E+02  8.675900670180181E+20 -8.745623421179296E+19
  0.000000000000000E+00  1.178393000087755E+00 -7.132314543207903E-01  4.119226533098509E+00  3.403670707839071E+01  1.134556902613034E+01  1.134556902613034E+01  3.403670707839103E+01 -3.197442310920451E-13  2.999999999999972E+00  1.058857924015322E+03 -1.065559290994013E+02  9.523019949159209E+02  8.742968777441955E+20 -8.798301831038702E+19
  0.000000000000000E+00  1.179727529273803E+00 -7.152988011333967E-01  4.121910024504342E+00  3.469936059844275E+01  1.156645353281434E+01  1.156645353281434E+01  3.469936059844302E+01 -2.700062395888381E-13  2.999999999999976E+00  1.066564280966286E+03 -1.070849278575387E+02  9.594793531087473E+02  8.810664637495886E+20 -8.846062107278071E+19
  0.000000000000000E+00  1.181062058459852E+00 -7.173661479460032E-01  4.124587320312869E+00  3.536434431636178E+01  1.178811477212066E+01  1.178811477212066E+01  3.536434431636200E+01 -2.202682480856311E-13  2.999999999999981E+00  1.074244743675077E+03 -1.075498514622835E+02  9.666948922127935E+02  8.878539096857245E+20 -8.888901404370239E+19
  0.000000000000000E+00  1.182396587645900E+00 -7.194334947586097E-01  4.127258403707637E+00  3.603125571871436E+01  1.201041857290485E+01  1.201041857290485E+01  3.603125571871457E+01 -2.131628207280301E-13  2.999999999999983E+00  1.081842616423038E+03 -1.079504795788697E+02  9.738921368441688E+02  8.946148264787965E+20 -8.926815979579556E+19
  0.000000000000000E+00  1.183704274483204E+00 -7.214548345031992E-01  4.129866841925645E+00  3.668635585723521E+01  1.222878528574514E+01  1.222878528574514E+01  3.668635585723543E+01 -2.202682480856311E-13  2.999999999999982E+00  1.092614081689380E+03 -1.085620687019071E+02  9.840520129874732E+02  9.040438420383100E+20 -8.982574115935725E+19
  0.000000000000000E+00  1.185011789875872E+00 -7.234763090501528E-01  4.132469231613995E+00  3.734257408852621E+01  1.244752469617548E+01  1.244752469617548E+01  3.734257408852645E+01 -2.486899575160351E-13  2.999999999999980E+00  1.096318963619665E+03 -1.085577383890405E+02  9.877612252306246E+02  9.076732935052185E+20 -8.987800376427862E+19
  0.000000000000000E+00  1.186312773313027E+00 -7.255019408747566E-01  4.135061859920391E+00  3.799616423085597E+01  1.266538807695208E+01  1.266538807695208E+01  3.799616423085624E+01 -2.700062395888381E-13  2.999999999999979E+00  1.092920483084234E+03 -1.079331693459843E+02  9.849873137382498E+02  9.054388182915331E+20 -8.941810755646335E+19
  0.000000000000000E+00  1.187600864283795E+00 -7.275357524522975E-01  4.137640948433692E+00  3.864338010249315E+01  1.288112670083114E+01  1.288112670083114E+01  3.864338010249342E+01 -2.771116669464391E-13  2.999999999999978E+00  1.082336195880801E+03 -1.066809052301620E+02  9.756552906506388E+02  8.972374473870792E+20 -8.843657216486087E+19
  0.000000000000000E+00  1.188853728241102E+00 -7.295265781574641E-01  4.140151692339963E+00  3.927630829711674E+01  1.309210276570566E+01  1.309210276570566E+01  3.927630829711698E+01 -2.415845301584341E-13  2.999999999999981E+00  1.097051196680939E+03 -1.084315688590044E+02  9.886196278219345E+02  9.100070513885223E+20 -8.994429116284150E+19
  0.000000000000000E+00  1.190111565964147E+00 -7.315142727001830E-01  4.142659500059649E+00  3.991848769174027E+01  1.330616256391348E+01  1.330616256391348E+01  3.991848769174045E+01 -1.847411112976260E-13  2.999999999999986E+00  1.111303070237735E+03 -1.100553763249223E+02  1.001247693912813E+03  9.224496216570768E+20 -9.135270384030710E+19
  0.000000000000000E+00  1.191373833259363E+00 -7.334991602999397E-01  4.145164063085607E+00  4.056914967930764E+01  1.352304989310258E+01  1.352304989310258E+01  4.056914967930774E+01 -9.947598300641403E-14  2.999999999999993E+00  1.124991318233343E+03 -1.115520977567292E+02  1.013439220476614E+03  9.344844741143065E+20 -9.266178477914507E+19
  0.000000000000000E+00  1.192639985933183E+00 -7.354815651762204E-01  4.147665067677247E+00  4.122752565276279E+01  1.374250855092095E+01  1.374250855092095E+01  4.122752565276286E+01 -7.105427357601002E-14  2.999999999999995E+00  1.138014534097665E+03 -1.129214831151653E+02  1.025093050982500E+03  9.460299000619257E+20 -9.387147192367605E+19
  0.000000000000000E+00  1.193887728736956E+00 -7.374313168420275E-01  4.150121603295029E+00  4.188053448630887E+01  1.396017816210298E+01  1.396017816210298E+01  4.188053448630895E+01 -7.105427357601002E-14  2.999999999999995E+00  1.146590413885703E+03 -1.136022746787539E+02  1.032988139206950E+03  9.539211787979890E+20 -9.451292672894468E+19
  0.000000000000000E+00  1.195135471540728E+00 -7.393810685078345E-01  4.152572481103517E+00  4.253713306395938E+01  1.417904435465315E+01  1.417904435465315E+01  4.253713306395946E+01 -7.815970093361102E-14  2.999999999999994E+00  1.155429902465253E+03 -1.144048563086580E+02  1.041025046156595E+03  9.620764008939089E+20 -9.525996528857231E+19
  0.000000000000000E+00  1.196383214344500E+00 -7.413308201736415E-01  4.155017691284467E+00  4.319801575644775E+01  1.439933858548261E+01  1.439933858548261E+01  4.319801575644784E+01 -9.947598300641403E-14  2.999999999999993E+00  1.164506098397383E+03 -1.153296057743996E+02  1.049176492622983E+03  9.704732088983071E+20 -9.611310129752932E+19
  0.000000000000000E+00  1.197630957148273E+00 -7.432805718394485E-01  4.157457224336080E+00  4.386387693450738E+01  1.462129231150249E+01  1.462129231150249E+01  4.386387693450749E+01 -1.065814103640150E-13  2.999999999999992E+00  1.173792356547307E+03 -1.163769008454864E+02  1.057415455701821E+03  9.790893839129797E+20 -9.707286600985539E+19
  0.000000000000000E+00  1.198856555969534E+00 -7.451957208077618E-01  4.159847926639612E+00  4.452343485543197E+01  1.484114495181071E+01  1.484114495181071E+01  4.452343485543213E+01 -1.563194018672220E-13  2.999999999999989E+00  1.183233979603739E+03 -1.175435933366154E+02  1.065690386267123E+03  9.878630745004490E+20 -9.813526107509745E+19
  0.000000000000000E+00  1.200082154790795E+00 -7.471108697760748E-01  4.162233134253668E+00  4.518956590754975E+01  1.506318863585000E+01  1.506318863585000E+01  4.518956590754999E+01 -2.415845301584341E-13  2.999999999999984E+00  1.193069857929053E+03 -1.189495110952615E+02  1.074120346833791E+03  9.970092698632596E+20 -9.940219712996106E+19
  0.000000000000000E+00  1.201307753612056E+00 -7.490260187443879E-01  4.164612839053351E+00  4.586360522265375E+01  1.528786840755136E+01  1.528786840755136E+01  4.586360522265409E+01 -3.339550858072471E-13  2.999999999999978E+00  1.203280551694961E+03 -1.205953804943396E+02  1.082685171200621E+03  1.006512084156280E+21 -1.008748189189949E+20
  0.000000000000000E+00  1.202533352433317E+00 -7.509411677127010E-01  4.166987033200506E+00  4.654688793253704E+01  1.551562931084580E+01  1.551562931084580E+01  4.654688793253742E+01 -3.765876499528531E-13  2.999999999999976E+00  1.213846864982009E+03 -1.224819279067594E+02  1.091364937075250E+03  1.016355783743719E+21 -1.025543002361844E+20
  0.000000000000000E+00  1.203737890596999E+00 -7.528234068120307E-01  4.169315052515900E+00  4.722858252683215E+01  1.574286084227749E+01  1.574286084227749E+01  4.722858252683247E+01 -3.197442310920451E-13  2.999999999999980E+00  1.224616916690901E+03 -1.245424126938810E+02  1.100074503997020E+03  1.026394921034918E+21 -1.043834182756917E+20
  0.000000000000000E+00  1.204942428760682E+00 -7.547056459113606E-01  4.171637734740012E+00  4.792200516264563E+01  1.597400172088193E+01  1.597400172088193E+01  4.792200516264580E+01 -1.776356839400250E-13  2.999999999999989E+00  1.235948995366832E+03 -1.269824559981870E+02  1.108966539368645E+03  1.036946479039423E+21 -1.065367674076367E+20
  0.000000000000000E+00  1.206146966924364E+00 -7.565878850106904E-01  4.173955073230283E+00  4.862922673694413E+01  1.620974224564806E+01  1.620974224564806E+01  4.862922673694418E+01 -4.973799150320701E-14  2.999999999999997E+00  1.247896357508690E+03 -1.298031844825743E+02  1.118093173026115E+03  1.048055900024537E+21 -1.090162596599999E+20
  0.000000000000000E+00  1.207351505088046E+00 -7.584701241100201E-01  4.176267061604247E+00  4.935231814669429E+01  1.645077271556476E+01  1.645077271556476E+01  4.935231814669430E+01 -7.105427357601002E-15  3.000000000000000E+00  1.260512306018021E+03 -1.330057248099478E+02  1.127506581208074E+03  1.059768862611045E+21 -1.118238394259522E+20
  0.000000000000000E+00  1.208535948791897E+00 -7.603209631432363E-01  4.178535257786203E+00  5.008124389959828E+01  1.669374796653275E+01  1.669374796653275E+01  5.008124389959824E+01  4.263256414560601E-14  3.000000000000002E+00  1.273595300780285E+03 -1.366914514408566E+02  1.136903849339428E+03  1.071896400572393E+21 -1.150436678736984E+20
  0.000000000000000E+00  1.209720392495747E+00 -7.621718021764522E-01  4.180798269363909E+00  5.083052925799581E+01  1.694350975266522E+01  1.694350975266522E+01  5.083052925799568E+01  1.350031197944190E-13  3.000000000000008E+00  1.287267305657990E+03 -1.408086482794912E+02  1.146458657378499E+03  1.084560328810148E+21 -1.186354016808160E+20
  0.000000000000000E+00  1.210904836199597E+00 -7.640226412096683E-01  4.183056090994122E+00  5.160246611505416E+01  1.720082203835131E+01  1.720082203835130E+01  5.160246611505393E+01  2.344791028008331E-13  3.000000000000014E+00  1.301582543494290E+03 -1.453585622208123E+02  1.156223981273478E+03  1.097809234083824E+21 -1.226014997333559E+20
  0.000000000000000E+00  1.212089279903447E+00 -7.658734802428844E-01  4.185308717569734E+00  5.239934636394062E+01  1.746644878798011E+01  1.746644878798011E+01  5.239934636394034E+01  2.842170943040401E-13  3.000000000000016E+00  1.316595213934351E+03 -1.503424401597940E+02  1.166252773774556E+03  1.111691964226675E+21 -1.269444707370831E+20
  0.000000000000000E+00  1.213254505873001E+00 -7.676942980766298E-01  4.187519726102610E+00  5.321002644665784E+01  1.773667548221918E+01  1.773667548221918E+01  5.321002644665753E+01  3.126388037344441E-13  3.000000000000017E+00  1.331890286472316E+03 -1.556972310438815E+02  1.176193055428435E+03  1.125843211890348E+21 -1.316104430381854E+20
  0.000000000000000E+00  1.214419730137153E+00 -7.695151170017915E-01  4.189725696535721E+00  5.404884622800718E+01  1.801628207600226E+01  1.801628207600226E+01  5.404884622800679E+01  3.836930773104541E-13  3.000000000000021E+00  1.347621761734358E+03 -1.612685405910981E+02  1.186353221143260E+03  1.140422160753109E+21 -1.364731727734251E+20
  0.000000000000000E+00  1.215584962225996E+00 -7.713359309194504E-01  4.191926630661525E+00  5.491689833393696E+01  1.830563277797884E+01  1.830563277797884E+01  5.491689833393652E+01  4.476419235288631E-13  3.000000000000024E+00  1.363836547394344E+03 -1.670569645207016E+02  1.196779582873643E+03  1.155478322075883E+21 -1.415350698910821E+20
  0.000000000000000E+00  1.216750211669623E+00 -7.731567337306878E-01  4.194122530560509E+00  5.581527539039551E+01  1.860509179679834E+01  1.860509179679834E+01  5.581527539039502E+01  4.831690603168681E-13  3.000000000000026E+00  1.380581582185790E+03 -1.730630987185805E+02  1.207518483467210E+03  1.171061845590841E+21 -1.467987074463064E+20
  0.000000000000000E+00  1.217896960318191E+00 -7.749486017586934E-01  4.196278622117841E+00  5.673011124101687E+01  1.891003708033879E+01  1.891003708033879E+01  5.673011124101637E+01  4.973799150320701E-13  3.000000000000026E+00  1.397401425650063E+03 -1.791862818571125E+02  1.218215143792951E+03  1.186774902582197E+21 -1.521780200675803E+20
  0.000000000000000E+00  1.219043708966759E+00 -7.767404697866990E-01  4.198429820561671E+00  5.767601666860161E+01  1.922533888953369E+01  1.922533888953369E+01  5.767601666860109E+01  5.258016244624741E-13  3.000000000000027E+00  1.414505191043649E+03 -1.853689109488007E+02  1.229136280094848E+03  1.202824867083395E+21 -1.576285029458790E+20
  0.000000000000000E+00  1.220190457615328E+00 -7.785323378147044E-01  4.200576122687810E+00  5.865324180542607E+01  1.955108060180850E+01  1.955108060180850E+01  5.865324180542551E+01  5.613287612504791E-13  3.000000000000028E+00  1.432019226496406E+03 -1.916111220807289E+02  1.240408104415677E+03  1.219324750112849E+21 -1.631515689363642E+20
  0.000000000000000E+00  1.221337206263896E+00 -7.803242058427100E-01  4.202717525487083E+00  5.966203678376663E+01  1.988734559458868E+01  1.988734559458868E+01  5.966203678376606E+01  5.613287612504791E-13  3.000000000000028E+00  1.450069629032806E+03 -1.979130513399768E+02  1.252156577692829E+03  1.236388126098322E+21 -1.687486874956809E+20
  0.000000000000000E+00  1.222466002277018E+00 -7.820880217308546E-01  4.204820616479369E+00  6.068649733333658E+01  2.022883244444532E+01  2.022883244444532E+01  6.068649733333597E+01  6.039613253960852E-13  3.000000000000030E+00  1.468219944652427E+03 -2.042779120643841E+02  1.263942032588043E+03  1.253616170155384E+21 -1.744194353865116E+20
  0.000000000000000E+00  1.223594798290140E+00 -7.838518376189992E-01  4.206918955111711E+00  6.174182959103604E+01  2.058060986367845E+01  2.058060986367845E+01  6.174182959103536E+01  6.750155989720952E-13  3.000000000000032E+00  1.486560576220064E+03 -2.104166504975809E+02  1.276143925722483E+03  1.271111476074681E+21 -1.799206998242608E+20
  0.000000000000000E+00  1.224723594303261E+00 -7.856156535071438E-01  4.209012539058859E+00  6.282682522421826E+01  2.094227507473917E+01  2.094227507473917E+01  6.282682522421750E+01  7.602807272633072E-13  3.000000000000036E+00  1.505179263356028E+03 -2.163286092335653E+02  1.288850654122462E+03  1.288953061068050E+21 -1.852519695537708E+20
  0.000000000000000E+00  1.225852390316383E+00 -7.873794693952885E-01  4.211101366172819E+00  6.394027590023646E+01  2.131342530007856E+01  2.131342530007856E+01  6.394027590023568E+01  7.815970093361102E-13  3.000000000000036E+00  1.524163588764239E+03 -2.220131308663035E+02  1.302150457897936E+03  1.307220362991120E+21 -1.904126877582404E+20
  0.000000000000000E+00  1.226963856491096E+00 -7.891162063037336E-01  4.213153474805233E+00  6.506351854492020E+01  2.168783951497318E+01  2.168783951497318E+01  6.506351854491956E+01  6.394884621840902E-13  3.000000000000029E+00  1.542768145783466E+03 -2.274365983383123E+02  1.315331547445154E+03  1.325241212387712E+21 -1.953685355424144E+20
  0.000000000000000E+00  1.228075322665809E+00 -7.908529432121789E-01  4.215200967911661E+00  6.621145859000674E+01  2.207048619666881E+01  2.207048619666881E+01  6.621145859000643E+01  3.126388037344441E-13  3.000000000000014E+00  1.561088349248325E+03 -2.323134612381234E+02  1.328774888010201E+03  1.343137229697227E+21 -1.998790516238184E+20
  0.000000000000000E+00  1.229186788840523E+00 -7.925896801206239E-01  4.217243843937011E+00  6.738132098119834E+01  2.246044032706611E+01  2.246044032706611E+01  6.738132098119834E+01  0.000000000000000E+00  3.000000000000000E+00  1.579447366244264E+03 -2.366422097684229E+02  1.342805156475841E+03  1.361207177453084E+21 -2.039441650981356E+20
  0.000000000000000E+00  1.230298255015236E+00 -7.943264170290691E-01  4.219282101487336E+00  6.857033066419723E+01  2.285677688806579E+01  2.285677688806579E+01  6.857033066419739E+01 -1.563194018672220E-13  2.999999999999993E+00  1.598167625681474E+03 -2.404213341318648E+02  1.357746291549609E+03  1.379751907321884E+21 -2.075638306012258E+20
  0.000000000000000E+00  1.231392831636417E+00 -7.960367629310636E-01  4.221284871264096E+00  6.975898399055217E+01  2.325299466351738E+01  2.325299466351738E+01  6.975898399055214E+01  2.842170943040401E-14  3.000000000000001E+00  1.616199135232134E+03 -2.441646109812647E+02  1.372034524250869E+03  1.397857433206543E+21 -2.111789995093166E+20
  0.000000000000000E+00  1.232487408257598E+00 -7.977471088330580E-01  4.223283159635820E+00  7.096166750747764E+01  2.365388916915904E+01  2.365388916915904E+01  7.096166750747713E+01  5.115907697472721E-13  3.000000000000022E+00  1.633034592534577E+03 -2.465791477012646E+02  1.386455444833313E+03  1.415153796420655E+21 -2.136803583848305E+20
  0.000000000000000E+00  1.233581984878779E+00 -7.994574547350525E-01  4.225276965721710E+00  7.217184353312042E+01  2.405728117770649E+01  2.405728117770649E+01  7.217184353311947E+01  9.521272659185342E-13  3.000000000000040E+00  1.649003260103593E+03 -2.476613873976339E+02  1.401341872705959E+03  1.431952357282326E+21 -2.150628298148874E+20
  0.000000000000000E+00  1.234676561499959E+00 -8.011678006370470E-01  4.227266288787454E+00  7.338297438562748E+01  2.446099146187543E+01  2.446099146187543E+01  7.338297438562628E+01  1.193711796076968E-12  3.000000000000049E+00  1.664433674664916E+03 -2.474077731761618E+02  1.417025901488754E+03  1.448566555989110E+21 -2.153204608689968E+20
  0.000000000000000E+00  1.235754668182278E+00 -8.028524112073216E-01  4.229221295873661E+00  7.457146766925941E+01  2.485715588975276E+01  2.485715588975276E+01  7.457146766925830E+01  1.094235813070554E-12  3.000000000000044E+00  1.676899546099429E+03 -2.460002013267932E+02  1.430899344772636E+03  1.462904823703383E+21 -2.146072983262831E+20
  0.000000000000000E+00  1.236832774864597E+00 -8.045370217775961E-01  4.231171952837276E+00  7.574514446019211E+01  2.524838148673038E+01  2.524838148673038E+01  7.574514446019117E+01  9.379164112033322E-13  3.000000000000037E+00  1.685843449461549E+03 -2.416745927198260E+02  1.444168856741723E+03  1.474533511422747E+21 -2.113821932508895E+20
  0.000000000000000E+00  1.237910881546916E+00 -8.062216323478708E-01  4.233118259386258E+00  7.688999296384902E+01  2.562999765461607E+01  2.562999765461607E+01  7.688999296384821E+01  8.100187187665142E-13  3.000000000000031E+00  1.693560450035611E+03 -2.344233240918008E+02  1.459137125943811E+03  1.485387887725537E+21 -2.056079936201847E+20
  0.000000000000000E+00  1.238988988229235E+00 -8.079062429181454E-01  4.235060215361706E+00  7.799200138565348E+01  2.599733379521758E+01  2.599733379521758E+01  7.799200138565274E+01  7.389644451905042E-13  3.000000000000028E+00  1.702337764433054E+03 -2.242387721792652E+02  1.478098992253789E+03  1.497415408005149E+21 -1.972455757892533E+20
  0.000000000000000E+00  1.240093494241621E+00 -8.095118052055725E-01  4.236983599751155E+00  7.908534220705893E+01  2.636178073568606E+01  2.636178073568606E+01  7.908534220705820E+01  7.247535904753022E-13  3.000000000000028E+00  1.858015296393502E+03 -2.388796607246673E+02  1.619135635668834E+03  1.640056832361084E+21 -2.108573704662416E+20
  0.000000000000000E+00  1.241222893723803E+00 -8.111120678835595E-01  4.238925086097145E+00  8.018715454623882E+01  2.672905151541270E+01  2.672905151541270E+01  8.018715454623812E+01  6.821210263296962E-13  3.000000000000025E+00  1.791595733096966E+03 -2.261394724081026E+02  1.565456260688863E+03  1.588031697317755E+21 -2.004451359001671E+20
  0.000000000000000E+00  1.242228241833402E+00 -8.127688960184438E-01  4.240767910046678E+00  8.115100692762771E+01  2.705033564254234E+01  2.705033564254234E+01  8.115100692762704E+01  6.679101716144942E-13  3.000000000000025E+00  1.481548556958546E+03 -1.836241487704647E+02  1.297924408188081E+03  1.318443858663050E+21 -1.634088401028515E+20
  0.000000000000000E+00  1.242960593728041E+00 -8.145441546765627E-01  4.242394877173786E+00  8.183046787566015E+01  2.727682262521983E+01  2.727682262521983E+01  8.183046787565948E+01  6.679101716144942E-13  3.000000000000024E+00  8.761124017963873E+02 -1.056254607713447E+02  7.704869410250426E+02  7.819439141519592E+20 -9.427236283871776E+19
  0.000000000000000E+00  1.243441993900649E+00 -8.161791498125214E-01  4.243697430171821E+00  8.226999720023569E+01  2.742333240007834E+01  2.742333240007834E+01  8.226999720023504E+01  6.536993168992922E-13  3.000000000000024E+00  8.940324903170789E+02 -1.101896629302590E+02  7.838428273868199E+02  7.992618890501380E+20 -9.850916952268885E+19
  0.000000000000000E+00  1.243923394073257E+00 -8.178141449484797E-01  4.244996387257832E+00  8.272907296518639E+01  2.757635765506191E+01  2.757635765506191E+01  8.272907296518574E+01  6.536993168992922E-13  3.000000000000024E+00  9.126382321213695E+02 -1.153063244720471E+02  7.973319076493225E+02  8.169819095372711E+20 -1.032207262782843E+20
  0.000000000000000E+00  1.244404794245865E+00 -8.194491400844383E-01  4.246291758936628E+00  8.320993084164597E+01  2.773664361388177E+01  2.773664361388177E+01  8.320993084164533E+01  6.394884621840902E-13  3.000000000000024E+00  9.318819636924339E+02 -1.209760827381763E+02  8.109058809542577E+02  8.351511205338941E+20 -1.084185712279060E+20
  0.000000000000000E+00  1.244886194418473E+00 -8.210841352203969E-01  4.247583555703240E+00  8.371480650074820E+01  2.790493550024917E+01  2.790493550024917E+01  8.371480650074753E+01  6.679101716144942E-13  3.000000000000024E+00  9.517131312458953E+02 -1.271995750701169E+02  8.245135561757784E+02  8.538215844292092E+20 -1.141160494264828E+20
  0.000000000000000E+00  1.245360529122968E+00 -8.226951336761409E-01  4.248852906492864E+00  8.423738407503610E+01  2.807912802501180E+01  2.807912802501180E+01  8.423738407503541E+01  6.963318810448982E-13  3.000000000000024E+00  9.716367920421270E+02 -1.335260884598817E+02  8.381107035822453E+02  8.725512972968100E+20 -1.199093762842885E+20
  0.000000000000000E+00  1.245834863827463E+00 -8.243061321318849E-01  4.250118806737050E+00  8.478534568066895E+01  2.826178189355605E+01  2.826178189355605E+01  8.478534568066817E+01  7.815970093361102E-13  3.000000000000028E+00  9.918041157911574E+02 -1.399674577744241E+02  8.518366580167333E+02  8.914477537559664E+20 -1.258047570536770E+20
  0.000000000000000E+00  1.246309198531959E+00 -8.259171305876289E-01  4.251381266445695E+00  8.535913234381466E+01  2.845304411460458E+01  2.845304411460459E+01  8.535913234381378E+01  8.810729923425242E-13  3.000000000000031E+00  1.012249826993035E+03 -1.465238087407650E+02  8.657260182522695E+02  9.105621755399483E+20 -1.318044562691818E+20
  0.000000000000000E+00  1.246783533236454E+00 -8.275281290433729E-01  4.252640295618227E+00  8.595918509064116E+01  2.865306169688008E+01  2.865306169688008E+01  8.595918509064025E+01  9.094947017729282E-13  3.000000000000032E+00  1.033010143221817E+03 -1.531952670859208E+02  8.798148761358964E+02  9.299491144477032E+20 -1.379113302022441E+20
  0.000000000000000E+00  1.247250967852664E+00 -8.291156925038161E-01  4.253877663529805E+00  8.657660767894787E+01  2.885886922631563E+01  2.885886922631563E+01  8.657660767894690E+01  9.663381206337363E-13  3.000000000000033E+00  1.053635903756612E+03 -1.598198827458077E+02  8.938160210108043E+02  9.492033446578823E+20 -1.439791171734729E+20
  0.000000000000000E+00  1.247718402468875E+00 -8.307032559642594E-01  4.255111719235249E+00  8.721955983454643E+01  2.907318661151513E+01  2.907318661151513E+01  8.721955983454541E+01  1.023181539494544E-12  3.000000000000035E+00  1.074243832158402E+03 -1.662614008479217E+02  9.079824313104808E+02  9.684368256497240E+20 -1.498855831843355E+20
  0.000000000000000E+00  1.248185837085086E+00 -8.322908194247027E-01  4.256342472272416E+00  8.788730030656802E+01  2.929576676885563E+01  2.929576676885563E+01  8.788730030656691E+01  1.108446667785756E-12  3.000000000000038E+00  1.094821111384276E+03 -1.725196100776698E+02  9.223015013066059E+02  9.876429265769137E+20 -1.556306969396873E+20
  0.000000000000000E+00  1.248653271701296E+00 -8.338783828851459E-01  4.257569932168204E+00  8.857908784414383E+01  2.952636261471422E+01  2.952636261471422E+01  8.857908784414266E+01  1.165290086646564E-12  3.000000000000039E+00  1.115354655356594E+03 -1.785942991204756E+02  9.367603562361185E+02  1.006815256640944E+21 -1.612146093980332E+20
  0.000000000000000E+00  1.249113994149877E+00 -8.354431495913452E-01  4.258776552966388E+00  8.928357842264826E+01  2.976119280754901E+01  2.976119280754901E+01  8.928357842264704E+01  1.222133505507372E-12  3.000000000000041E+00  1.135506610154907E+03 -1.842914099818035E+02  9.512152001731033E+02  1.025642505236835E+21 -1.664605927759238E+20
  0.000000000000000E+00  1.249574716598457E+00 -8.370079162975446E-01  4.259979992865534E+00  9.000932128661833E+01  3.000310709553899E+01  3.000310709553899E+01  9.000932128661699E+01  1.335820343228988E-12  3.000000000000044E+00  1.155538013431137E+03 -1.896808183278139E+02  9.658571951033232E+02  1.044370173919967E+21 -1.714326892960375E+20
  0.000000000000000E+00  1.250035439047037E+00 -8.385726830037439E-01  4.261180260955282E+00  9.075510642593716E+01  3.025170214197854E+01  3.025170214197854E+01  9.075510642593565E+01  1.506350599811412E-12  3.000000000000050E+00  1.175412994688121E+03 -1.947621792108131E+02  9.806508154773084E+02  1.062968448269554E+21 -1.761304769922559E+20
  0.000000000000000E+00  1.250496161495617E+00 -8.401374497099432E-01  4.262377366313974E+00  9.151972383048775E+01  3.050657461016205E+01  3.050657461016205E+01  9.151972383048617E+01  1.577404873387422E-12  3.000000000000052E+00  1.195094597794893E+03 -1.995351476830807E+02  9.955594501118122E+02  1.081406699397112E+21 -1.805536112938805E+20
  0.000000000000000E+00  1.250950349126251E+00 -8.416800220004305E-01  4.263554405183498E+00  9.229060319735767E+01  3.076353439911870E+01  3.076353439911870E+01  9.229060319735613E+01  1.534772309241816E-12  3.000000000000050E+00  1.214364825087203E+03 -2.038673968503088E+02  1.010497428236894E+03  1.099481189072931E+21 -1.845807481175063E+20
  0.000000000000000E+00  1.251404536756886E+00 -8.432225942909177E-01  4.264728387891848E+00  9.307725194863370E+01  3.102575064954408E+01  3.102575064954408E+01  9.307725194863227E+01  1.435296326235402E-12  3.000000000000047E+00  1.233554989040523E+03 -2.079376223933260E+02  1.025617366647197E+03  1.117505739396956E+21 -1.883754583505360E+20
  0.000000000000000E+00  1.251858724387521E+00 -8.447651665814048E-01  4.265899323103022E+00  9.387865749833300E+01  3.129288583277722E+01  3.129288583277722E+01  9.387865749833168E+01  1.321609488513786E-12  3.000000000000042E+00  1.252617601074615E+03 -2.117455356458038E+02  1.040872065428811E+03  1.135444191048683E+21 -1.919382565144064E+20
  0.000000000000000E+00  1.252312912018156E+00 -8.463077388718920E-01  4.267067219469519E+00  9.469380726047267E+01  3.156460242015713E+01  3.156460242015713E+01  9.469380726047139E+01  1.278976924368180E-12  3.000000000000040E+00  1.271503619427566E+03 -2.152908479413622E+02  1.056212771486203E+03  1.153259290599794E+21 -1.952697316593268E+20
  0.000000000000000E+00  1.252760801208534E+00 -8.478289195639311E-01  4.268215952548064E+00  9.551000762875472E+01  3.183666920958447E+01  3.183666920958447E+01  9.551000762875344E+01  1.278976924368180E-12  3.000000000000040E+00  1.290048489592173E+03 -2.184886810483934E+02  1.071559808543779E+03  1.170800638687199E+21 -1.982923040344411E+20
  0.000000000000000E+00  1.253208690398911E+00 -8.493501002559704E-01  4.269361747157628E+00  9.633771036321089E+01  3.211257012106987E+01  3.211257012106987E+01  9.633771036320964E+01  1.250555214937776E-12  3.000000000000039E+00  1.308619441716588E+03 -2.215614864805947E+02  1.087057955235993E+03  1.188421821846749E+21 -2.012109074804406E+20
  0.000000000000000E+00  1.253656579589288E+00 -8.508712809480096E-01  4.270504611561767E+00  9.717643684102984E+01  3.239214561367618E+01  3.239214561367618E+01  9.717643684102856E+01  1.278976924368180E-12  3.000000000000040E+00  1.327181728699282E+03 -2.245091277929541E+02  1.102672600906328E+03  1.206102213091279E+21 -2.040270371681927E+20
  0.000000000000000E+00  1.254104468779665E+00 -8.523924616400488E-01  4.271644554012445E+00  9.802570843940013E+01  3.267523614646628E+01  3.267523614646628E+01  9.802570843939887E+01  1.264766069652978E-12  3.000000000000039E+00  1.345699450086681E+03 -2.273314685404701E+02  1.118367981546211E+03  1.223820576239503E+21 -2.067422475417152E+20
  0.000000000000000E+00  1.254546344185862E+00 -8.538932175203749E-01  4.272766335188260E+00  9.887340354414997E+01  3.295780118138289E+01  3.295780118138289E+01  9.887340354414869E+01  1.278976924368180E-12  3.000000000000039E+00  1.364011507795180E+03 -2.299988610656955E+02  1.134012646729484E+03  1.241428608713548E+21 -2.093290008674631E+20
  0.000000000000000E+00  1.254988219592058E+00 -8.553939734007011E-01  4.273885288271416E+00  9.973076482527391E+01  3.324358827509086E+01  3.324358827509086E+01  9.973076482527259E+01  1.321609488513786E-12  3.000000000000040E+00  1.382495036135775E+03 -2.327092269782063E+02  1.149785809157569E+03  1.259289316458605E+21 -2.119705573729202E+20
  0.000000000000000E+00  1.255430094998255E+00 -8.568947292810273E-01  4.275001421151781E+00  1.005979447566471E+02  3.353264825221524E+01  3.353264825221524E+01  1.005979447566457E+02  1.321609488513786E-12  3.000000000000040E+00  1.401156729441102E+03 -2.354626097450215E+02  1.165694119696080E+03  1.277416385144710E+21 -2.146682019628187E+20
  0.000000000000000E+00  1.255871970404452E+00 -8.583954851613534E-01  4.276114741707607E+00  1.014750958121447E+02  3.382503193738111E+01  3.382503193738111E+01  1.014750958121433E+02  1.350031197944190E-12  3.000000000000040E+00  1.420003440972562E+03 -2.382590528331264E+02  1.181744388139436E+03  1.295823955313760E+21 -2.174232676648124E+20
  0.000000000000000E+00  1.256308132415238E+00 -8.598768364501608E-01  4.277210916829936E+00  1.023509363684754E+02  3.411697878949138E+01  3.411697878949138E+01  1.023509363684742E+02  1.278976924368180E-12  3.000000000000038E+00  1.438833217922380E+03 -2.411375171986642E+02  1.197695700723716E+03  1.314315536266912E+21 -2.202692996542504E+20
  0.000000000000000E+00  1.256744294426023E+00 -8.613581877389681E-01  4.278304367101886E+00  1.032372753525337E+02  3.441242511751081E+01  3.441242511751081E+01  1.032372753525324E+02  1.250555214937776E-12  3.000000000000036E+00  1.457953674632399E+03 -2.441736001443409E+02  1.213780074488058E+03  1.333190969151302E+21 -2.232787257110031E+20
  0.000000000000000E+00  1.257180456436809E+00 -8.628395390277755E-01  4.279395100065910E+00  1.041346813335695E+02  3.471156044452275E+01  3.471156044452276E+01  1.041346813335683E+02  1.179500941361766E-12  3.000000000000034E+00  1.477415713868222E+03 -2.473674637569535E+02  1.230048250111269E+03  1.352502951159553E+21 -2.264530027747998E+20
  0.000000000000000E+00  1.257616618447595E+00 -8.643208903165829E-01  4.280483123252883E+00  1.050437228808329E+02  3.501457429361059E+01  3.501457429361059E+01  1.050437228808318E+02  1.151079231931362E-12  3.000000000000033E+00  1.497271706509862E+03 -2.507192701232917E+02  1.246552436386570E+03  1.372305950831966E+21 -2.297936606178526E+20
  0.000000000000000E+00  1.258047500054416E+00 -8.657843075968681E-01  4.281555320852464E+00  1.059539586792717E+02  3.531798622642352E+01  3.531798622642352E+01  1.059539586792706E+02  1.179500941361766E-12  3.000000000000033E+00  1.517205283884155E+03 -2.542982826238720E+02  1.262907001260283E+03  1.392297767041991E+21 -2.333625744786584E+20
  0.000000000000000E+00  1.258478381661237E+00 -8.672477248771533E-01  4.282624888466014E+00  1.068769650056870E+02  3.562565500189526E+01  3.562565500189526E+01  1.068769650056858E+02  1.151079231931362E-12  3.000000000000032E+00  1.537376554796078E+03 -2.579798217107262E+02  1.279396733085352E+03  1.412656365032187E+21 -2.370511219600758E+20
  0.000000000000000E+00  1.258909263268058E+00 -8.687111421574385E-01  4.283691833320159E+00  1.078131026462673E+02  3.593770088208870E+01  3.593770088208870E+01  1.078131026462661E+02  1.165290086646564E-12  3.000000000000032E+00  1.557825120376809E+03 -2.617639902361844E+02  1.296061130140624E+03  1.433429807728976E+21 -2.408616354214809E+20
  0.000000000000000E+00  1.259340144874879E+00 -8.701745594377237E-01  4.284756162630009E+00  1.087627323872014E+02  3.625424412906673E+01  3.625424412906673E+01  1.087627323872002E+02  1.136868377216160E-12  3.000000000000032E+00  1.578591681336776E+03 -2.656508910525901E+02  1.312940790284186E+03  1.454667836283939E+21 -2.447965559828199E+20
  0.000000000000000E+00  1.259766254604327E+00 -8.716217698349644E-01  4.285806139632669E+00  1.097155648474378E+02  3.657185494914552E+01  3.657185494914552E+01  1.097155648474366E+02  1.165290086646564E-12  3.000000000000032E+00  1.599323554214449E+03 -2.696114153950202E+02  1.329712138819429E+03  1.476034040663715E+21 -2.488274657281851E+20
  0.000000000000000E+00  1.260192364333774E+00 -8.730689802322051E-01  4.286853572703231E+00  1.106819316093594E+02  3.689397720311940E+01  3.689397720311940E+01  1.106819316093582E+02  1.151079231931362E-12  3.000000000000031E+00  1.620053310655811E+03 -2.734378517298971E+02  1.346615458925914E+03  1.497590316146666E+21 -2.527681503597395E+20
  0.000000000000000E+00  1.260618474063222E+00 -8.745161906294459E-01  4.287898468785865E+00  1.116613462314528E+02  3.722044874381719E+01  3.722044874381719E+01  1.116613462314516E+02  1.151079231931362E-12  3.000000000000031E+00  1.640709631065122E+03 -2.771300613832537E+02  1.363579569681868E+03  1.519275498223548E+21 -2.566187850116019E+20
  0.000000000000000E+00  1.261044583792670E+00 -8.759634010266865E-01  4.288940834813298E+00  1.126533222722044E+02  3.755110742406775E+01  3.755110742406775E+01  1.126533222722033E+02  1.179500941361766E-12  3.000000000000032E+00  1.661219235000163E+03 -2.806879056811543E+02  1.380531329319009E+03  1.541026116725825E+21 -2.603794756227293E+20
  0.000000000000000E+00  1.261466462289790E+00 -8.773962407513168E-01  4.289970364538092E+00  1.136469908056802E+02  3.788233026855971E+01  3.788233026855971E+01  1.136469908056791E+02  1.037392394209746E-12  3.000000000000028E+00  1.681357225954599E+03 -2.838492507143716E+02  1.397507975240228E+03  1.562607820891992E+21 -2.638017979009690E+20
  0.000000000000000E+00  1.261888340786909E+00 -8.788290804759474E-01  4.290997427694915E+00  1.146509320266159E+02  3.821697734220506E+01  3.821697734220506E+01  1.146509320266152E+02  7.247535904753022E-13  3.000000000000019E+00  1.701296995641299E+03 -2.867154131846896E+02  1.414581582456610E+03  1.584209803102489E+21 -2.669829955801161E+20
  0.000000000000000E+00  1.262310219284029E+00 -8.802619202005779E-01  4.292022030978294E+00  1.156641001982899E+02  3.855470006609646E+01  3.855470006609646E+01  1.156641001982894E+02  4.831690603168681E-13  3.000000000000012E+00  1.720946939121580E+03 -2.892860949752090E+02  1.431660844146371E+03  1.605747408351751E+21 -2.699213942736345E+20
  0.000000000000000E+00  1.262732097781149E+00 -8.816947599252084E-01  4.293044181071393E+00  1.166854495839800E+02  3.889514986132654E+01  3.889514986132654E+01  1.166854495839796E+02  3.410605131648481E-13  3.000000000000008E+00  1.740213153156762E+03 -2.915609979690057E+02  1.448652155187756E+03  1.627132889994972E+21 -2.726151611798505E+20
  0.000000000000000E+00  1.263150428341411E+00 -8.831155496759620E-01  4.294055319269495E+00  1.177050488023365E+02  3.923501626744531E+01  3.923501626744531E+01  1.177050488023360E+02  5.968558980384842E-13  3.000000000000015E+00  1.759094657811730E+03 -2.934569409852527E+02  1.465637716826477E+03  1.648333148433840E+21 -2.749794056368259E+20
  0.000000000000000E+00  1.263568758901674E+00 -8.845363394267155E-01  4.295064058419312E+00  1.187309600198816E+02  3.957698667329343E+01  3.957698667329343E+01  1.187309600198803E+02  1.278976924368180E-12  3.000000000000032E+00  1.778053396007979E+03 -2.953776050029508E+02  1.482675791005028E+03  1.669811123362455E+21 -2.773959497130171E+20
  0.000000000000000E+00  1.263987089461937E+00 -8.859571291774692E-01  4.296070405003169E+00  1.197632652122016E+02  3.992108840406655E+01  3.992108840406656E+01  1.197632652121997E+02  1.890043677121866E-12  3.000000000000048E+00  1.797208639329211E+03 -2.973230133915590E+02  1.499885625937652E+03  1.691685604747585E+21 -2.798657043527259E+20
  0.000000000000000E+00  1.264405420022199E+00 -8.873779189282227E-01  4.297074365492068E+00  1.208020463548832E+02  4.026734878496034E+01  4.026734878496034E+01  1.208020463548810E+02  2.216893335571513E-12  3.000000000000055E+00  1.816682769027177E+03 -2.992931895205529E+02  1.517389579506625E+03  1.714079498488023E+21 -2.823895998468599E+20
  0.000000000000000E+00  1.264821036209088E+00 -8.887894897639961E-01  4.298069455159479E+00  1.218410657748758E+02  4.061368859162454E+01  4.061368859162454E+01  1.218410657748737E+02  2.103206497849897E-12  3.000000000000052E+00  1.836366094566246E+03 -3.015589154444809E+02  1.534807179121765E+03  1.736869896653497E+21 -2.852201442037142E+20
  0.000000000000000E+00  1.265236652395978E+00 -8.902010605997692E-01  4.299062202295715E+00  1.228876573143286E+02  4.096255243810887E+01  4.096255243810887E+01  1.228876573143266E+02  1.975308805413079E-12  3.000000000000048E+00  1.856291583837779E+03 -3.038709125840753E+02  1.552420671253703E+03  1.760116763508125E+21 -2.881273027570239E+20
  0.000000000000000E+00  1.265652268582867E+00 -8.916126314355424E-01  4.300052613212945E+00  1.239419760010552E+02  4.131399200035113E+01  4.131399200035113E+01  1.239419760010534E+02  1.818989403545856E-12  3.000000000000044E+00  1.876409461070856E+03 -3.062292251344376E+02  1.570180235936419E+03  1.783773052937214E+21 -2.911110027685083E+20
  0.000000000000000E+00  1.266067884769756E+00 -8.930242022713156E-01  4.301040694211996E+00  1.250041768628692E+02  4.166805895428915E+01  4.166805895428915E+01  1.250041768628675E+02  1.747935129969846E-12  3.000000000000042E+00  1.896668613918749E+03 -3.086338972906231E+02  1.588034716628126E+03  1.807789797992344E+21 -2.941711623960616E+20
  0.000000000000000E+00  1.266274783037845E+00 -8.937268976196184E-01  4.301531705031740E+00  1.255358866186603E+02  4.184529553955220E+01  4.184529553955220E+01  1.255358866186566E+02  3.666400516522117E-12  3.000000000000087E+00  1.906794753985041E+03 -3.097822578370026E+02  1.597012496148039E+03  1.819869605945607E+21 -2.956601985192944E+20
  0.000000000000000E+00  1.266481681305934E+00 -8.944295929679211E-01  4.302022140794827E+00  1.260694659289882E+02  4.202315530966009E+01  4.202315530966009E+01  1.260694659289803E+02  7.858602657506708E-12  3.000000000000187E+00  1.916936543750676E+03 -3.109097395653811E+02  1.606026804185295E+03  1.832023044616317E+21 -2.971375393391838E+20
  0.000000000000000E+00  1.266688579574023E+00 -8.951322883162239E-01  4.302512002275389E+00  1.266048782831336E+02  4.220162609437386E+01  4.220162609437386E+01  1.266048782831216E+02  1.200817223434569E-11  3.000000000000285E+00  1.927073139153204E+03 -3.120163320673651E+02  1.615056807085839E+03  1.844231431224618E+21 -2.986032626176859E+20
  0.000000000000000E+00  1.266895477842112E+00 -8.958349836645267E-01  4.303001290246844E+00  1.271420871703776E+02  4.238069572345456E+01  4.238069572345456E+01  1.271420871703637E+02  1.394084847561317E-11  3.000000000000329E+00  1.937183444771297E+03 -3.131020249345096E+02  1.624081419836788E+03  1.856475747576686E+21 -3.000574454510124E+20
  0.000000000000000E+00  1.267102376110200E+00 -8.965376790128295E-01  4.303490005481899E+00  1.276810337245759E+02  4.256034457485460E+01  4.256034457485460E+01  1.276810337245638E+02  1.205080479849130E-11  3.000000000000283E+00  1.947284339708208E+03 -3.141462006559481E+02  1.633138139052260E+03  1.868777245785398E+21 -3.014810213714037E+20
  0.000000000000000E+00  1.267309274378289E+00 -8.972403743611325E-01  4.303978148752552E+00  1.282216962852182E+02  4.274056542840343E+01  4.274056542840343E+01  1.282216962852103E+02  7.872813512221910E-12  3.000000000000184E+00  1.957407468988641E+03 -3.152019331383570E+02  1.642205535850284E+03  1.881168008283345E+21 -3.029250690840109E+20
  0.000000000000000E+00  1.267516172646378E+00 -8.979430697094352E-01  4.304465720830080E+00  1.287640941500365E+02  4.292136471667762E+01  4.292136471667761E+01  1.287640941500329E+02  3.666400516522117E-12  3.000000000000086E+00  1.967552119343775E+03 -3.162692278830096E+02  1.651282891460765E+03  1.893643422503351E+21 -3.043889598821007E+20
  0.000000000000000E+00  1.267723070914467E+00 -8.986457650577380E-01  4.304952722485044E+00  1.293082466167629E+02  4.310274887225369E+01  4.310274887225369E+01  1.293082466167611E+02  1.790567694115452E-12  3.000000000000041E+00  1.977717568768662E+03 -3.173480903913663E+02  1.660369478377295E+03  1.906198770141187E+21 -3.058720563357834E+20
  0.000000000000000E+00  1.267929969182556E+00 -8.993484604060408E-01  4.305439154487287E+00  1.298542005251130E+02  4.328473350837050E+01  4.328473350837050E+01  1.298542005251115E+02  1.477928890381008E-12  3.000000000000034E+00  1.987919405078898E+03 -3.184798898106425E+02  1.669439515268255E+03  1.918885899038059E+21 -3.074201942611360E+20
  0.000000000000000E+00  1.268136867450645E+00 -9.000511557543436E-01  4.305925017605929E+00  1.304020664960422E+02  4.346735549868045E+01  4.346735549868045E+01  1.304020664960414E+02  8.242295734817162E-13  3.000000000000019E+00  1.998185376095525E+03 -3.196790047521831E+02  1.678506371343342E+03  1.931763694185790E+21 -3.090525546635727E+20
  0.000000000000000E+00  1.268343765718734E+00 -9.007538511026463E-01  4.306410312609367E+00  1.309519594991416E+02  4.365065316638047E+01  4.365065316638047E+01  1.309519594991414E+02  1.705302565824240E-13  3.000000000000004E+00  2.008544762151800E+03 -3.209454679913632E+02  1.687599294160437E+03  1.944849199979973E+21 -3.107675509265183E+20
  0.000000000000000E+00  1.268550663986823E+00 -9.014565464509491E-01  4.306895040265271E+00  1.315039945040024E+02  4.383466483466751E+01  4.383466483466751E+01  1.315039945040025E+02 -1.421085471520200E-13  2.999999999999997E+00  2.019027180193777E+03 -3.222793123034769E+02  1.696747867890300E+03  1.958159718067844E+21 -3.125635818625817E+20
  0.000000000000000E+00  1.268757562254912E+00 -9.021592417992520E-01  4.307379201340586E+00  1.320583400007722E+02  4.401944666692393E+01  4.401944666692393E+01  1.320583400007718E+02  4.263256414560601E-13  3.000000000000009E+00  2.029587861811179E+03 -3.237339374778095E+02  1.705853924333370E+03  1.971679046909110E+21 -3.144970628316481E+20
  0.000000000000000E+00  1.268964460523001E+00 -9.028619371475547E-01  4.307862796601526E+00  1.326151026414510E+02  4.420503421381643E+01  4.420503421381643E+01  1.326151026414493E+02  1.676880856393836E-12  3.000000000000038E+00  2.040173830430057E+03 -3.252019657729112E+02  1.714971864657146E+03  1.985374839058134E+21 -3.164670533597050E+20
  0.000000000000000E+00  1.269171358791090E+00 -9.035646324958574E-01  4.308345826813572E+00  1.331743046384084E+02  4.439143487946850E+01  4.439143487946849E+01  1.331743046384055E+02  2.899014361901209E-12  3.000000000000065E+00  2.050802710961719E+03 -3.266834035210007E+02  1.724119307440719E+03  1.999240131223720E+21 -3.184697226276137E+20
  0.000000000000000E+00  1.269378257059179E+00 -9.042673278441602E-01  4.308828292741477E+00  1.337359682040141E+02  4.457865606800355E+01  4.457865606800355E+01  1.337359682040106E+02  3.495870259939693E-12  3.000000000000078E+00  2.061492330648974E+03 -3.281782570543839E+02  1.733314073594590E+03  2.013267748235264E+21 -3.205011683898220E+20
  0.000000000000000E+00  1.269585155327267E+00 -9.049700231924630E-01  4.309310195149255E+00  1.343001151216726E+02  4.476670504055610E+01  4.476670504055610E+01  1.343001151216683E+02  4.263256414560601E-12  3.000000000000095E+00  2.072199049699350E+03 -3.296655152103636E+02  1.742533534488987E+03  2.027427087136942E+21 -3.225427573328052E+20
  0.000000000000000E+00  1.269792053595356E+00 -9.056727185407659E-01  4.309791534800183E+00  1.348666264305152E+02  4.495554214350305E+01  4.495554214350305E+01  1.348666264305092E+02  5.996980689815246E-12  3.000000000000133E+00  2.082847224811598E+03 -3.310430715254668E+02  1.751804153286132E+03  2.041711227735001E+21 -3.245050083107098E+20
  0.000000000000000E+00  1.269998951863445E+00 -9.063754138890686E-01  4.310272312456802E+00  1.354353132265025E+02  4.514510440883157E+01  4.514510440883157E+01  1.354353132264947E+02  7.759126674500294E-12  3.000000000000172E+00  2.093406489070119E+03 -3.323108721472012E+02  1.761095616922918E+03  2.056148702769064E+21 -3.263965083938541E+20
  0.000000000000000E+00  1.270205850131534E+00 -9.070781092373714E-01  4.310752528880911E+00  1.360059866055950E+02  4.533532886852880E+01  4.533532886852880E+01  1.360059866055864E+02  8.526512829121202E-12  3.000000000000188E+00  2.103846141936449E+03 -3.334688632231341E+02  1.770377278713315E+03  2.070768576707521E+21 -3.282259237062134E+20
  0.000000000000000E+00  1.270412748399623E+00 -9.077808045856742E-01  4.311232184833568E+00  1.365783745622459E+02  4.552612485408014E+01  4.552612485408014E+01  1.365783745622404E+02  5.485389920067973E-12  3.000000000000120E+00  2.114099056135964E+03 -3.344184358700061E+02  1.779680620265957E+03  2.085656409592220E+21 -3.299192401764290E+20
  0.000000000000000E+00  1.270619646667712E+00 -9.084834999339770E-01  4.311711281075085E+00  1.371521942747181E+02  4.571739809157312E+01  4.571739809157312E+01  1.371521942747194E+02 -1.250555214937776E-12  2.999999999999972E+00  2.124234611627648E+03 -3.352485909676242E+02  1.788986020660023E+03  2.100643230057061E+21 -3.315253781985513E+20
  0.000000000000000E+00  1.270826544935801E+00 -9.091861952822797E-01  4.312189818365030E+00  1.377272406146862E+02  4.590908020489806E+01  4.590908020489806E+01  1.377272406146942E+02 -7.986500349943526E-12  2.999999999999826E+00  2.134428000876951E+03 -3.359592700383018E+02  1.798468730838649E+03  2.115371587120555E+21 -3.329597878105031E+20
  0.000000000000000E+00  1.271033443203890E+00 -9.098888906305825E-01  4.312667797462225E+00  1.383033084538248E+02  4.610110281794528E+01  4.610110281794528E+01  1.383033084538359E+02 -1.105604496842716E-11  2.999999999999761E+00  2.144856381831919E+03 -3.365504146044266E+02  1.808305967227493E+03  2.129477273037126E+21 -3.341372714751353E+20
  0.000000000000000E+00  1.271240341471979E+00 -9.105915859788853E-01  4.313145219124738E+00  1.388806783426278E+02  4.629355944754177E+01  4.629355944754177E+01  1.388806783426253E+02  2.472688720445149E-12  3.000000000000053E+00  2.155187956988258E+03 -3.376448088480197E+02  1.817543148140238E+03  2.142892371490672E+21 -3.357185078952210E+20
  0.000000000000000E+00  1.271447239740068E+00 -9.112942813271881E-01  4.313622084109894E+00  1.394600124195613E+02  4.648667080650968E+01  4.648667080650968E+01  1.394600124195291E+02  3.228706191293895E-11  3.000000000000694E+00  2.165572579367585E+03 -3.389540036093911E+02  1.826618575758194E+03  2.157211036531684E+21 -3.376452603940482E+20
  0.000000000000000E+00  1.271654138008157E+00 -9.119969766754908E-01  4.314098393174259E+00  1.400416779382583E+02  4.668055931273206E+01  4.668055931273206E+01  1.400416779381962E+02  6.210143510543276E-11  3.000000000001330E+00  2.176918737662828E+03 -3.404781035845884E+02  1.836440634078240E+03  2.174587299156558E+21 -3.401134580204223E+20
  0.000000000000000E+00  1.271861036276246E+00 -9.126996720237937E-01  4.314574147073647E+00  1.406260421523514E+02  4.687534738409192E+01  4.687534738409192E+01  1.406260421522758E+02  7.560174708487466E-11  3.000000000001613E+00  2.190144881861519E+03 -3.422172134696808E+02  1.847927668391839E+03  2.197224748387116E+21 -3.433234654871580E+20
  0.000000000000000E+00  1.272067934544335E+00 -9.134023673720966E-01  4.315049346563117E+00  1.412148595747970E+02  4.707161985825128E+01  4.707161985825128E+01  1.412148595747539E+02  4.311573320592288E-11  3.000000000000916E+00  2.204456874905853E+03 -3.454376448070921E+02  1.859019230098760E+03  2.218703943920829E+21 -3.476701556908207E+20
  0.000000000000000E+00  1.272274832812424E+00 -9.141050627203993E-01  4.315523992396972E+00  1.418074556278630E+02  4.726915187596384E+01  4.726915187596384E+01  1.418074556278916E+02 -2.853539626812562E-11  2.999999999999396E+00  2.217609477547296E+03 -3.467445778643039E+02  1.870864899682992E+03  2.236223474091928E+21 -3.496550553129187E+20
  0.000000000000000E+00  1.272481731080513E+00 -9.148077580687020E-01  4.315998085328753E+00  1.424005539291503E+02  4.746685130975014E+01  4.746685130975014E+01  1.424005539292504E+02 -1.001012606138829E-10  2.999999999997891E+00  2.228341078616758E+03 -3.461370786155711E+02  1.882204000001187E+03  2.257607270321230E+21 -3.506831125221385E+20
  0.000000000000000E+00  1.272688629348602E+00 -9.155104534170048E-01  4.316471626111245E+00  1.429908780962599E+02  4.766362603213076E+01  4.766362603213076E+01  1.429908780963923E+02 -1.323883225268219E-10  2.999999999997222E+00  2.235376541374069E+03 -3.436142130351671E+02  1.891762328338902E+03  2.290793652628838E+21 -3.521327362996122E+20
  0.000000000000000E+00  1.272895527616691E+00 -9.162131487653076E-01  4.316944615496465E+00  1.435717737662759E+02  4.785725792212366E+01  4.785725792212367E+01  1.435717737663710E+02 -9.512746146356221E-11  2.999999999998012E+00  2.238281832390413E+03 -3.348787636323926E+02  1.903403068758020E+03  2.323755668850131E+21 -3.476668639789782E+20
  0.000000000000000E+00  1.273102425884780E+00 -9.169158441136104E-01  4.317417054235673E+00  1.441342153833817E+02  4.804473846113169E+01  4.804473846113169E+01  1.441342153833951E+02 -1.335820343228988E-11  2.999999999999722E+00  2.237168785213592E+03 -3.221449499351157E+02  1.915023835278476E+03  2.358872770660849E+21 -3.396699237135548E+20
  0.000000000000000E+00  1.273309324152868E+00 -9.176185394619132E-01  4.317888943079359E+00  1.446713697758264E+02  4.822378992525270E+01  4.822378992525270E+01  1.446713697757581E+02  6.829736776126083E-11  3.000000000001416E+00  2.231565144595115E+03 -3.054108239539204E+02  1.926154320641194E+03  2.425545068445007E+21 -3.319588136090749E+20
  0.000000000000000E+00  1.273516222420957E+00 -9.183212348102160E-01  4.318360282777249E+00  1.451764037718590E+02  4.839213459058449E+01  4.839213459058449E+01  1.451764037717535E+02  1.054729636962293E-10  3.000000000002180E+00  2.220994009023871E+03 -2.846744376993686E+02  1.936319571324502E+03  2.552487813721324E+21 -3.271634368005173E+20
  0.000000000000000E+00  1.273723120689046E+00 -9.190239301585188E-01  4.318831074078303E+00  1.456436298931327E+02  4.854787663101266E+01  4.854787663101266E+01  1.456436298930380E+02  9.467271411267575E-11  3.000000000001950E+00  2.208341608468428E+03 -2.622877790909247E+02  1.946053829377503E+03  2.710090716336655E+21 -3.218812127603115E+20
  0.000000000000000E+00  1.273930018957135E+00 -9.197266255068216E-01  4.319301317730707E+00  1.460742902054208E+02  4.869143006844991E+01  4.869143006844991E+01  1.460742902053498E+02  7.105427357601002E-11  3.000000000001460E+00  2.196920137407434E+03 -2.419774660466576E+02  1.954942671360776E+03  2.845039145548234E+21 -3.133638549354489E+20
  0.000000000000000E+00  1.274136917225224E+00 -9.204293208551243E-01  4.319771014481880E+00  1.464719458531523E+02  4.882398195103496E+01  4.882398195103496E+01  1.464719458531049E+02  4.737898962048348E-11  3.000000000000970E+00  2.186898530407897E+03 -2.237445137717491E+02  1.963154016636148E+03  2.949664323490954E+21 -3.017841023132709E+20
  0.000000000000000E+00  1.274343815493313E+00 -9.211320162034271E-01  4.320240165078467E+00  1.468401579807559E+02  4.894671932690642E+01  4.894671932690642E+01  1.468401579807193E+02  3.666400516522117E-11  3.000000000000750E+00  2.178447361245972E+03 -2.075899374714637E+02  1.970857423774508E+03  3.016388265419185E+21 -2.874395142831838E+20
  0.000000000000000E+00  1.274550713761402E+00 -9.218347115517299E-01  4.320708770266338E+00  1.471830331102404E+02  4.906101103673648E+01  4.906101103673648E+01  1.471830331102095E+02  3.097966327914037E-11  3.000000000000631E+00  2.171797494950702E+03 -1.943232647420526E+02  1.977474230208649E+03  3.086388833211724E+21 -2.761570338521504E+20
  0.000000000000000E+00  1.274757612029491E+00 -9.225374069000327E-01  4.321176830790590E+00  1.475058393756030E+02  4.916861312519490E+01  4.916861312519490E+01  1.475058393755847E+02  1.830358087318018E-11  3.000000000000372E+00  2.167563548392004E+03 -1.841574157566804E+02  1.983406132635323E+03  3.191712188715406E+21 -2.711696591082496E+20
  0.000000000000000E+00  1.274964510297580E+00 -9.232401022483354E-01  4.321644347395544E+00  1.478138803392558E+02  4.927129344641671E+01  4.927129344641669E+01  1.478138803392501E+02  5.684341886080801E-12  3.000000000000115E+00  2.166503811711415E+03 -1.770939024461988E+02  1.989409909265216E+03  3.311517701122011E+21 -2.706893888398470E+20
  0.000000000000000E+00  1.275171408565669E+00 -9.239427975966382E-01  4.322111320824743E+00  1.481124595636106E+02  4.937081985453692E+01  4.937081985453692E+01  1.481124595636108E+02 -1.705302565824240E-13  2.999999999999996E+00  2.169384287450401E+03 -1.731342367415362E+02  1.996250050708865E+03  3.425321296181061E+21 -2.733680665244498E+20
  0.000000000000000E+00  1.275378306833758E+00 -9.246454929449411E-01  4.322577751820948E+00  1.484083473291333E+02  4.946944910972063E+01  4.946944910972063E+01  1.484083473291619E+02 -2.859223968698643E-11  2.999999999999422E+00  2.174876337306375E+03 -1.739586450656474E+02  2.000917692240728E+03  3.521601301037767E+21 -2.816771603431410E+20
  0.000000000000000E+00  1.275585205101847E+00 -9.253481882932438E-01  4.323043641126143E+00  1.487080435246466E+02  4.956934784157911E+01  4.956934784157911E+01  1.487080435247373E+02 -9.077893992071040E-11  2.999999999998169E+00  2.182490637883941E+03 -1.776528510739383E+02  2.004837786810002E+03  3.604631916090608E+21 -2.934139216223585E+20
  0.000000000000000E+00  1.275792103369936E+00 -9.260508836415466E-01  4.323508989481528E+00  1.490164461250974E+02  4.967214870841682E+01  4.967214870841682E+01  1.490164461252505E+02 -1.530224835732952E-10  2.999999999996919E+00  2.194273629166211E+03 -1.842182510731046E+02  2.010055378093107E+03  3.677834266509870E+21 -3.087692379416832E+20
  0.000000000000000E+00  1.275999001638024E+00 -9.267535789898494E-01  4.323973797627521E+00  1.493384531054331E+02  4.977948436853811E+01  4.977948436853811E+01  1.493384531056143E+02 -1.812736627471168E-10  2.999999999996358E+00  2.212292744794319E+03 -1.936562413698096E+02  2.018636503424510E+03  3.744699482555886E+21 -3.277976789272820E+20
  0.000000000000000E+00  1.276205899906113E+00 -9.274562743381523E-01  4.324438066303755E+00  1.496824533872388E+02  4.989415112913444E+01  4.989415112913444E+01  1.496824533874033E+02 -1.644764324737480E-10  2.999999999996704E+00  2.235409928790718E+03 -2.094587678209522E+02  2.025951160969766E+03  3.820580340088652E+21 -3.579898434238566E+20
  0.000000000000000E+00  1.276412798174202E+00 -9.281589696864551E-01  4.324901796249078E+00  1.500527286012666E+02  5.001757620046475E+01  5.001757620046475E+01  1.500527286013943E+02 -1.276134753425140E-10  2.999999999997449E+00  2.259106306245842E+03 -2.245260063087595E+02  2.034580299937083E+03  3.881887562754757E+21 -3.858095163539957E+20
  0.000000000000000E+00  1.276619696442291E+00 -9.288616650347578E-01  4.325364988201550E+00  1.504480157862135E+02  5.014933859543470E+01  5.014933859543470E+01  1.504480157863041E+02 -9.063683137355838E-11  2.999999999998193E+00  2.280370672309167E+03 -2.388575967902773E+02  2.041513075518890E+03  3.871992622124610E+21 -4.055721570799869E+20
  0.000000000000000E+00  1.276826594710380E+00 -9.295643603830606E-01  4.325827642898446E+00  1.508670519807763E+02  5.028901732694998E+01  5.028901732694998E+01  1.508670519808500E+02 -7.366907084360719E-11  2.999999999998535E+00  2.296160900596348E+03 -2.524531792225723E+02  2.043707721373776E+03  3.732840855580492E+21 -4.104100637191648E+20
  0.000000000000000E+00  1.277033492978469E+00 -9.302670557313634E-01  4.326289761076247E+00  1.513007210950002E+02  5.043357369833775E+01  5.043357369833775E+01  1.513007210950133E+02 -1.310240804741625E-11  2.999999999999740E+00  2.305429288966371E+03 -2.555707609658105E+02  2.049858528000560E+03  3.570810560816895E+21 -3.958459175739388E+20
  0.000000000000000E+00  1.277240391246558E+00 -9.309697510796662E-01  4.326751343470645E+00  1.517362960947137E+02  5.057876536486459E+01  5.057876536486459E+01  1.517362960945938E+02  1.199396137963049E-10  3.000000000002371E+00  2.310297506035082E+03 -2.547710657644125E+02  2.055526440270670E+03  3.515618621103887E+21 -3.876894212022972E+20
  0.000000000000000E+00  1.277447289514647E+00 -9.316724464279689E-01  4.327212390816544E+00  1.521670976022891E+02  5.072236586734540E+01  5.072236586734540E+01  1.521670976020362E+02  2.528679488023045E-10  3.000000000004986E+00  2.312467458851491E+03 -2.500521894723377E+02  2.062415269379153E+03  3.542989928953549E+21 -3.831112890355153E+20
  0.000000000000000E+00  1.277654187782736E+00 -9.323751417762717E-01  4.327672903848050E+00  1.525864462400983E+02  5.086214874659500E+01  5.086214874659500E+01  1.525864462397850E+02  3.133209247607738E-10  3.000000000006160E+00  2.313658679367788E+03 -2.414122279435367E+02  2.072246451424252E+03  3.627800350638643E+21 -3.785326560879460E+20
  0.000000000000000E+00  1.277861086050825E+00 -9.330778371245746E-01  4.328132883298478E+00  1.529925501023639E+02  5.099751670069561E+01  5.099751670069561E+01  1.529925501020869E+02  2.770264018181479E-10  3.000000000005432E+00  2.313886942255006E+03 -2.351222338447246E+02  2.078764708410281E+03  3.708252661942995E+21 -3.768086649415021E+20
  0.000000000000000E+00  1.278067984318914E+00 -9.337805324728772E-01  4.328592329900347E+00  1.533872701050878E+02  5.112909003496349E+01  5.112909003496349E+01  1.533872701048905E+02  1.973319285752950E-10  3.000000000003860E+00  2.313068341897127E+03 -2.281257019252860E+02  2.084942639971841E+03  3.773062600007240E+21 -3.721172169641743E+20
  0.000000000000000E+00  1.278274882587003E+00 -9.344832278211801E-01  4.329051244385378E+00  1.537694061033116E+02  5.125646870106468E+01  5.125646870106468E+01  1.537694061031941E+02  1.175521902041510E-10  3.000000000002294E+00  2.312798323748235E+03 -2.204222900498632E+02  2.092376033698372E+03  3.872904644896311E+21 -3.691089284383821E+20
  0.000000000000000E+00  1.278481780855092E+00 -9.351859231694829E-01  4.329509627484499E+00  1.541377579520768E+02  5.137925265066517E+01  5.137925265066517E+01  1.541377579519955E+02  8.131451068038587E-11  3.000000000001582E+00  2.314688565701735E+03 -2.120116560830950E+02  2.102676909618639E+03  4.058781025283879E+21 -3.717601147730214E+20
  0.000000000000000E+00  1.278688679123181E+00 -9.358886185177857E-01  4.329967479927834E+00  1.544946324554715E+02  5.149821081849323E+01  5.149821081849323E+01  1.544946324554797E+02 -8.185452315956354E-12  2.999999999999841E+00  2.319661669015198E+03 -2.068172746654735E+02  2.112844394349725E+03  4.280781626889215E+21 -3.816675514956137E+20
  0.000000000000000E+00  1.278895577391270E+00 -9.365913138660885E-01  4.330424802444713E+00  1.548410058270464E+02  5.161366860908383E+01  5.161366860908383E+01  1.548410058272515E+02 -2.051478986686561E-10  2.999999999996025E+00  2.324291986094055E+03 -1.997439076591623E+02  2.124548078434892E+03  4.437300860932642E+21 -3.813306670266964E+20
  0.000000000000000E+00  1.279102475659359E+00 -9.372940092143912E-01  4.330881595763660E+00  1.551736820360370E+02  5.172456067881298E+01  5.172456067881298E+01  1.551736820364390E+02 -4.019682364742039E-10  2.999999999992228E+00  2.323643872642501E+03 -1.907906439449814E+02  2.132853228697520E+03  4.501361892400765E+21 -3.695995518899696E+20
  0.000000000000000E+00  1.279309373927447E+00 -9.379967045626940E-01  4.331337860612400E+00  1.554894650516792E+02  5.182982168405668E+01  5.182982168405668E+01  1.554894650521701E+02 -4.908713435725076E-10  2.999999999990529E+00  2.312731918255204E+03 -1.799565724036907E+02  2.132775345851513E+03  4.446126537777578E+21 -3.459586845738563E+20
  0.000000000000000E+00  1.279549315114739E+00 -9.386939279551381E-01  4.331822392428860E+00  1.557909546363551E+02  5.193031821222440E+01  5.193031821222440E+01  1.557909546366732E+02 -3.181810370733729E-10  2.999999999993873E+00  2.449144738120694E+03 -1.712854071379654E+02  2.277859330982728E+03  4.594682991580723E+21 -3.213375406660044E+20
  0.000000000000000E+00  1.279811284914832E+00 -9.393875033770097E-01  4.332325572679840E+00  1.560760158437164E+02  5.202533861455188E+01  5.202533861455188E+01  1.560760158436557E+02  6.076561476220377E-11  3.000000000001168E+00  2.425992733643636E+03 -1.592410938092670E+02  2.266751639834370E+03  4.428007635029238E+21 -2.906524695722437E+20
  0.000000000000000E+00  1.280029197489322E+00 -9.400883747400263E-01  4.332789826391521E+00  1.563343505799033E+02  5.211145019315457E+01  5.211145019315457E+01  1.563343505794638E+02  4.395701580506284E-10  3.000000000008435E+00  2.223342807026229E+03 -1.426491106098431E+02  2.080693696416386E+03  3.973046663762782E+21 -2.549096662944245E+20
  0.000000000000000E+00  1.280136966999803E+00 -9.408074859559051E-01  4.333157649831680E+00  1.565556607510559E+02  5.218522025014797E+01  5.218522025014797E+01  1.565556607504439E+02  6.119762474554591E-10  3.000000000011727E+00  1.764562978868441E+03 -1.172173553371222E+02  1.647345623531319E+03  3.137664662425245E+21 -2.084305054955211E+20
  0.000000000000000E+00  1.280091340017331E+00 -9.415189852069529E-01  4.333379275491852E+00  1.567161597582192E+02  5.223871991926752E+01  5.223871991926752E+01  1.567161597578026E+02  4.166622602497227E-10  3.000000000007976E+00  1.250892335234239E+03 -7.941708653577277E+01  1.171475248698466E+03  2.236408380679989E+21 -1.419858711217793E+20
  0.000000000000000E+00  1.279935893791953E+00 -9.422215657039453E-01  4.333495052274598E+00  1.568318955900853E+02  5.227729853003295E+01  5.227729853003295E+01  1.568318955900989E+02 -1.361399881716352E-11  2.999999999999739E+00  9.579678962976255E+02 -6.292158723920037E+01  8.950463090584251E+02  1.716765863269288E+21 -1.127612245175062E+20
  0.000000000000000E+00  1.279732978744730E+00 -9.429198016752205E-01  4.333564893572572E+00  1.569405577559681E+02  5.231351925213732E+01  5.231351925213733E+01  1.569405577564120E+02 -4.439471013029106E-10  2.999999999991514E+00  9.156817891810884E+02 -6.966710360720211E+01  8.460146855738863E+02  1.636839116303973E+21 -1.245343542387718E+20
  0.000000000000000E+00  1.279544945296721E+00 -9.436182673491164E-01  4.333648553825157E+00  1.570798357651817E+02  5.235994525527374E+01  5.235994525527374E+01  1.570798357658212E+02 -6.395168838935206E-10  2.999999999987786E+00  1.131020368350467E+03 -1.002012755211993E+02  1.030819092829268E+03  2.002984290077891E+21 -1.774517827715526E+20
  0.000000000000000E+00  1.279378764175470E+00 -9.443225307151549E-01  4.333754538787407E+00  1.572562803820561E+02  5.241876012752796E+01  5.241876012752796E+01  1.572562803825839E+02 -5.278195658320328E-10  2.999999999989930E+00  1.120283078342821E+03 -1.101103388921733E+02  1.010172739450647E+03  1.951510945121013E+21 -1.918100305834519E+20
  0.000000000000000E+00  1.279205233888492E+00 -9.450250518392648E-01  4.333852905627259E+00  1.574513622316879E+02  5.248378741065671E+01  5.248378741065671E+01  1.574513622319702E+02 -2.822275746439118E-10  2.999999999994623E+00  1.129115377307620E+03 -1.223381396994560E+02  1.006777237608164E+03  1.923298752531943E+21 -2.083868453125657E+20
  0.000000000000000E+00  1.279028763935225E+00 -9.457268760666032E-01  4.333948147135950E+00  1.576690023450363E+02  5.255633411502431E+01  5.255633411502431E+01  1.576690023450730E+02 -3.669242687465157E-11  2.999999999999302E+00  1.156906299165784E+03 -1.368991704075933E+02  1.020007128758190E+03  1.915562948965680E+21 -2.266726171047894E+20
  0.000000000000000E+00  1.278853763815102E+00 -9.464290487423275E-01  4.334044743514919E+00  1.579131217530600E+02  5.263770725099502E+01  5.263770725099502E+01  1.579131217529851E+02  7.491962605854496E-11  3.000000000001423E+00  1.202865758131910E+03 -1.537980524473525E+02  1.049067705684558E+03  1.924361312773606E+21 -2.460482560990442E+20
  0.000000000000000E+00  1.278680968444697E+00 -9.471317440906303E-01  4.334143437000664E+00  1.581816717447936E+02  5.272722391490618E+01  5.272722391490618E+01  1.581816717447186E+02  7.500489118683618E-11  3.000000000001423E+00  1.230667167012873E+03 -1.652497237335813E+02  1.065417443279292E+03  1.923277949278585E+21 -2.582511001350622E+20
  0.000000000000000E+00  1.278508173074292E+00 -9.478344394389331E-01  4.334241989514538E+00  1.584681086261161E+02  5.282270287534696E+01  5.282270287534696E+01  1.584681086260409E+02  7.520384315284900E-11  3.000000000001423E+00  1.256956309312602E+03 -1.750211694675401E+02  1.081935139845061E+03  1.958917317305066E+21 -2.727636571174429E+20
  0.000000000000000E+00  1.278335377703888E+00 -9.485371347872358E-01  4.334340401356457E+00  1.587696109532537E+02  5.292320365105946E+01  5.292320365105946E+01  1.587696109531784E+02  7.528910828114022E-11  3.000000000001423E+00  1.281463966788511E+03 -1.831130696591720E+02  1.098350897129339E+03  2.008304915469578E+21 -2.869740292462943E+20
  0.000000000000000E+00  1.278162582333483E+00 -9.492398301355386E-01  4.334438672825492E+00  1.590833572824326E+02  5.302778576078578E+01  5.302778576078578E+01  1.590833572823574E+02  7.528910828114022E-11  3.000000000001420E+00  1.303910389337233E+03 -1.895261043183769E+02  1.114384285018857E+03  2.046324756142722E+21 -2.974375864886808E+20
  0.000000000000000E+00  1.277989786963078E+00 -9.499425254838414E-01  4.334536804219873E+00  1.594058906965515E+02  5.313529689881303E+01  5.313529689881303E+01  1.594058906964391E+02  1.123794390878174E-10  3.000000000002115E+00  1.324345561018072E+03 -1.934555830193373E+02  1.130889977998735E+03  2.067852292281365E+21 -3.020643422504026E+20
  0.000000000000000E+00  1.277816991592673E+00 -9.506452208321442E-01  4.334634795836990E+00  1.597334163362206E+02  5.324447211200879E+01  5.324447211200879E+01  1.597334163360264E+02  1.941771188285202E-10  3.000000000003647E+00  1.342857797734162E+03 -1.954066170019678E+02  1.147451180732194E+03  2.090606713031835E+21 -3.042156704637363E+20
  0.000000000000000E+00  1.277644196222268E+00 -9.513479161804470E-01  4.334732647973402E+00  1.600626058442339E+02  5.335420194798596E+01  5.335420194798596E+01  1.600626058439579E+02  2.760316419880837E-10  3.000000000005173E+00  1.359210840006366E+03 -1.953800084498595E+02  1.163830831556506E+03  2.122639764213248E+21 -3.051192374731574E+20
  0.000000000000000E+00  1.277471400851864E+00 -9.520506115287498E-01  4.334830360924827E+00  1.603901308633854E+02  5.346337695435739E+01  5.346337695435739E+01  1.603901308630722E+02  3.132356596324826E-10  3.000000000005859E+00  1.373160314397633E+03 -1.933765595466275E+02  1.179783754851005E+03  2.172286322830954E+21 -3.059142119494746E+20
  0.000000000000000E+00  1.277298605481459E+00 -9.527533068770527E-01  4.334927934986160E+00  1.607125738236709E+02  5.357085794112643E+01  5.357085794112643E+01  1.607125738233793E+02  2.915498953370843E-10  3.000000000005442E+00  1.385614858359372E+03 -1.895504978595452E+02  1.196064360499826E+03  2.228156388619343E+21 -3.048091973203877E+20
  0.000000000000000E+00  1.277125810111054E+00 -9.534560022253554E-01  4.335025370451466E+00  1.610282642713240E+02  5.367608809036003E+01  5.367608809036003E+01  1.610282642710801E+02  2.439435320411576E-10  3.000000000004545E+00  1.397636648538208E+03 -1.853052577128591E+02  1.212331390825348E+03  2.283039716870401E+21 -3.026961718167891E+20
  0.000000000000000E+00  1.276953014740649E+00 -9.541586975736581E-01  4.335122667613986E+00  1.613364945234960E+02  5.377883150776654E+01  5.377883150776654E+01  1.613364945232996E+02  1.962803253263701E-10  3.000000000003650E+00  1.409205178334058E+03 -1.806410096686650E+02  1.228564168665393E+03  2.352043072877310E+21 -3.015000526545243E+20
  0.000000000000000E+00  1.276780219370244E+00 -9.548613929219609E-01  4.335219826766138E+00  1.616365568973375E+02  5.387885229905422E+01  5.387885229905422E+01  1.616365568971627E+02  1.747935129969846E-10  3.000000000003244E+00  1.420299496315511E+03 -1.755579242890525E+02  1.244741572026459E+03  2.450750816811583E+21 -3.029281693510959E+20
  0.000000000000000E+00  1.276607423999839E+00 -9.555640882702637E-01  4.335316848199524E+00  1.619284455882712E+02  5.397614852938504E+01  5.397614852938504E+01  1.619284455881551E+02  1.160174178949092E-10  3.000000000002149E+00  1.432002216902131E+03 -1.713271932083501E+02  1.260675023693781E+03  2.569385152459969E+21 -3.074056319510996E+20
  0.000000000000000E+00  1.276434628629434E+00 -9.562667836185665E-01  4.335413732204929E+00  1.622151055054674E+02  5.407170183516029E+01  5.407170183516029E+01  1.622151055054809E+02 -1.350031197944190E-11  2.999999999999750E+00  1.445687080515287E+03 -1.693043033024342E+02  1.276382777212852E+03  2.683830383067855E+21 -3.143031706593464E+20
  0.000000000000000E+00  1.276261833259030E+00 -9.569694789668692E-01  4.335510479072326E+00  1.625002550366989E+02  5.416675167894733E+01  5.416675167894733E+01  1.625002550368420E+02 -1.431317286915146E-10  2.999999999997358E+00  1.461781316584823E+03 -1.694883583845271E+02  1.292292958200296E+03  2.788343196309916E+21 -3.232985027195139E+20
  0.000000000000000E+00  1.276089037888625E+00 -9.576721743151720E-01  4.335607089090876E+00  1.627876125697385E+02  5.426253752331347E+01  5.426253752331347E+01  1.627876125699404E+02 -2.019646672124509E-10  2.999999999996278E+00  1.480728563647606E+03 -1.718784622678607E+02  1.308850101379745E+03  2.876872881862332E+21 -3.339386429181389E+20
  0.000000000000000E+00  1.275916242518220E+00 -9.583748696634748E-01  4.335703562548937E+00  1.630817711285945E+02  5.436059037627565E+01  5.436059037627565E+01  1.630817711288270E+02 -2.324327397218440E-10  2.999999999995725E+00  1.501609619053242E+03 -1.774605044513423E+02  1.324149114601900E+03  2.952936754306181E+21 -3.489786156021580E+20
  0.000000000000000E+00  1.275743447147815E+00 -9.590775650117777E-01  4.335799899734057E+00  1.633869804539931E+02  5.446232681809749E+01  5.446232681809749E+01  1.633869804542925E+02 -2.993374437210150E-10  2.999999999994504E+00  1.523994879029646E+03 -1.849411155883633E+02  1.339053763441282E+03  3.025179925721074E+21 -3.671141931097618E+20
  0.000000000000000E+00  1.275570651777411E+00 -9.597802603600804E-01  4.335896100932985E+00  1.637064440087833E+02  5.456881466971648E+01  5.456881466971648E+01  1.637064440091495E+02 -3.661853043013252E-10  2.999999999993289E+00  1.549115885374924E+03 -1.943195235967282E+02  1.354796361778196E+03  3.094989851149122E+21 -3.882323840907801E+20
  0.000000000000000E+00  1.275397856407006E+00 -9.604829557083832E-01  4.335992166431672E+00  1.640433652558138E+02  5.468112175207008E+01  5.468112175207008E+01  1.640433652562103E+02 -3.964544248447055E-10  2.999999999992750E+00  1.578256835027358E+03 -2.055949563942159E+02  1.372661878633141E+03  3.163793027954698E+21 -4.121381737031384E+20
  0.000000000000000E+00  1.275225061036601E+00 -9.611856510566860E-01  4.336088096515271E+00  1.644026789360043E+02  5.480089297877907E+01  5.480089297877907E+01  1.644026789363372E+02 -3.329034825583221E-10  2.999999999993925E+00  1.609900666229406E+03 -2.202211895507799E+02  1.389679476678626E+03  3.221266476200998E+21 -4.406427987327429E+20
  0.000000000000000E+00  1.275052265666196E+00 -9.618883464049888E-01  4.336183891468144E+00  1.647852827648813E+02  5.492842758835818E+01  5.492842758835818E+01  1.647852827650746E+02 -1.932676241267473E-10  2.999999999996481E+00  1.640576040806353E+03 -2.331527011531225E+02  1.407423339653231E+03  3.257586255805096E+21 -4.629563128368853E+20
  0.000000000000000E+00  1.274879470295791E+00 -9.625910417532916E-01  4.336279551573860E+00  1.651883246672044E+02  5.506277488908594E+01  5.506277488908594E+01  1.651883246672579E+02 -5.346123543858994E-11  2.999999999999030E+00  1.668615981834427E+03 -2.443901785937542E+02  1.424225803240673E+03  3.275281421763481E+21 -4.797069069958175E+20
  0.000000000000000E+00  1.274706674925386E+00 -9.632937371015944E-01  4.336375077115202E+00  1.656089525677334E+02  5.520298418924087E+01  5.520298418924087E+01  1.656089525677226E+02  1.077182787412312E-11  3.000000000000195E+00  1.692284386051302E+03 -2.539343092652957E+02  1.438350076786007E+03  3.277458359735066E+21 -4.917962557505170E+20
  0.000000000000000E+00  1.274533879554981E+00 -9.639964324498973E-01  4.336470468374165E+00  1.660403306699483E+02  5.534677688996464E+01  5.534677688996464E+01  1.660403306698940E+02  5.434230843093246E-11  3.000000000000982E+00  1.711756448428786E+03 -2.569453953417774E+02  1.454811053087009E+03  3.274866627718083E+21 -4.915780519611832E+20
  0.000000000000000E+00  1.274361084184576E+00 -9.646991277982000E-01  4.336565725631964E+00  1.664748192683811E+02  5.549160642274393E+01  5.549160642274393E+01  1.664748192682318E+02  1.492708179284818E-10  3.000000000002690E+00  1.728657118124454E+03 -2.575513566506713E+02  1.471105761473782E+03  3.278933348149895E+21 -4.885258755648352E+20
  0.000000000000000E+00  1.274188288814172E+00 -9.654018231465027E-01  4.336660849169034E+00  1.669083604243692E+02  5.563612014137468E+01  5.563612014137468E+01  1.669083604241241E+02  2.451088221278042E-10  3.000000000004405E+00  1.743387864378722E+03 -2.557531712155101E+02  1.487634693163212E+03  3.294225815958937E+21 -4.832594721724404E+20
  0.000000000000000E+00  1.274015493443767E+00 -9.661045184948055E-01  4.336755839265033E+00  1.673368961992500E+02  5.577896539965283E+01  5.577896539965283E+01  1.673368961989585E+02  2.915214736276539E-10  3.000000000005226E+00  1.756369843912443E+03 -2.515518170599230E+02  1.504818026852520E+03  3.325333163472461E+21 -4.762627885581139E+20
  0.000000000000000E+00  1.273842698073362E+00 -9.668072138431083E-01  4.336850696198843E+00  1.677577846698238E+02  5.591926155650864E+01  5.591926155650864E+01  1.677577846695260E+02  2.978310931212036E-10  3.000000000005326E+00  1.769218322582620E+03 -2.469021125397153E+02  1.522316210042904E+03  3.372312113732835E+21 -4.706208241210588E+20
  0.000000000000000E+00  1.273669902702957E+00 -9.675099091914111E-01  4.336945420248576E+00  1.681702518031753E+02  5.605675060095663E+01  5.605675060095663E+01  1.681702518028699E+02  3.053912678296911E-10  3.000000000005448E+00  1.782020588971471E+03 -2.415098318915124E+02  1.540510757079959E+03  3.433441686116527E+21 -4.653200583400153E+20
  0.000000000000000E+00  1.273497107332552E+00 -9.682126045397138E-01  4.337040011691573E+00  1.685730414960690E+02  5.619101383191909E+01  5.619101383191909E+01  1.685730414957573E+02  3.116724656138103E-10  3.000000000005547E+00  1.792864406381779E+03 -2.353752778548268E+02  1.557489128526952E+03  3.510542475291073E+21 -4.608797562166860E+20
  0.000000000000000E+00  1.273324311962147E+00 -9.689152998880166E-01  4.337134470804410E+00  1.689648976452694E+02  5.632163254831836E+01  5.632163254831836E+01  1.689648976449551E+02  3.143441063002683E-10  3.000000000005581E+00  1.799762708394796E+03 -2.284987531692711E+02  1.571263955225525E+03  3.605087832185010E+21 -4.577037133160142E+20
  0.000000000000000E+00  1.273151516591742E+00 -9.696179952363194E-01  4.337228797862901E+00  1.693415889399178E+02  5.644719631324021E+01  5.644719631324021E+01  1.693415889397207E+02  1.971329766092822E-10  3.000000000003492E+00  1.804076742247489E+03 -2.181835488738554E+02  1.585893193373633E+03  3.723804055360343E+21 -4.503537821219342E+20
  0.000000000000000E+00  1.272978721221338E+00 -9.703206905846222E-01  4.337322993142093E+00  1.697044605328789E+02  5.656815351097988E+01  5.656815351097988E+01  1.697044605329397E+02 -6.073719305277336E-11  2.999999999998926E+00  1.811081462084064E+03 -2.120783564075301E+02  1.599003105676534E+03  3.862921386900417E+21 -4.523496241425890E+20
  0.000000000000000E+00  1.272805925850933E+00 -9.710233859329250E-01  4.337417056916280E+00  1.700606210165029E+02  5.668687367227387E+01  5.668687367227387E+01  1.700606210168216E+02 -3.187494712619809E-10  2.999999999994377E+00  1.824712845994924E+03 -2.101814624938116E+02  1.614531383501113E+03  4.008522510176514E+21 -4.617258685263885E+20
  0.000000000000000E+00  1.272633130480528E+00 -9.717260812812278E-01  4.337510989458998E+00  1.704171789831400E+02  5.680572632785866E+01  5.680572632785866E+01  1.704171789835760E+02 -4.359606009529671E-10  2.999999999992325E+00  1.849051549926678E+03 -2.124911538561694E+02  1.636560396070509E+03  4.147233048221203E+21 -4.765958719549527E+20
  0.000000000000000E+00  1.272460335110123E+00 -9.724287766295306E-01  4.337604791043028E+00  1.707896413436067E+02  5.692988044800030E+01  5.692988044800030E+01  1.707896413440009E+02 -3.942375315091340E-10  2.999999999993075E+00  1.881831774891029E+03 -2.285812271600675E+02  1.653250547730961E+03  4.256913420018433E+21 -5.170762373370595E+20
  0.000000000000000E+00  1.272287539739718E+00 -9.731314719778335E-01  4.337698461940404E+00  1.711910706168356E+02  5.706369020571264E+01  5.706369020571264E+01  1.711910706171379E+02 -3.022933015017770E-10  2.999999999994703E+00  1.917234389021632E+03 -2.467029668911319E+02  1.670531422130500E+03  4.330098236956032E+21 -5.571817864858147E+20
  0.000000000000000E+00  1.272114744369314E+00 -9.738341673261361E-01  4.337792002422407E+00  1.716249088073511E+02  5.720830293585381E+01  5.720830293585381E+01  1.716249088075614E+02 -2.103490714944201E-10  2.999999999996322E+00  1.954084824349640E+03 -2.668555434750285E+02  1.687229280874612E+03  4.375423424748247E+21 -5.975206303202150E+20
  0.000000000000000E+00  1.271941948998909E+00 -9.745368626744390E-01  4.337885412759575E+00  1.720945979196773E+02  5.736486597328194E+01  5.736486597328194E+01  1.720945979198459E+02 -1.685691586317262E-10  2.999999999997061E+00  1.991163677826104E+03 -2.890381273374898E+02  1.702125550488614E+03  4.402339873023096E+21 -6.390454421059830E+20
  0.000000000000000E+00  1.271769153628504E+00 -9.752395580227419E-01  4.337978693221703E+00  1.725979409531114E+02  5.753264698439173E+01  5.753264698439173E+01  1.725979409531752E+02 -6.383515938068740E-11  2.999999999998890E+00  2.025881318274702E+03 -3.049619020640791E+02  1.720919416210623E+03  4.421216658274330E+21 -6.655388098908893E+20
  0.000000000000000E+00  1.271596358258099E+00 -9.759422533710446E-01  4.338071844077844E+00  1.731217855684678E+02  5.770726185610042E+01  5.770726185610042E+01  1.731217855683013E+02  1.665512172621675E-10  3.000000000002886E+00  2.054294274697745E+03 -3.132009634182833E+02  1.741093311279461E+03  4.440765709848240E+21 -6.770461835824307E+20
  0.000000000000000E+00  1.271423562887694E+00 -9.766449487193473E-01  4.338164865596315E+00  1.736531407625469E+02  5.788438025405000E+01  5.788438025405000E+01  1.736531407621500E+02  3.968523287767312E-10  3.000000000006856E+00  2.073035327284007E+03 -3.137584424251029E+02  1.759276884858904E+03  4.469069854235903E+21 -6.764035219752600E+20
  0.000000000000000E+00  1.271250767517289E+00 -9.773476440676501E-01  4.338257758044693E+00  1.741790155321489E+02  5.805967184388248E+01  5.805967184388248E+01  1.741790155316475E+02  5.013873760617571E-10  3.000000000008636E+00  2.078626064547289E+03 -3.066374701095931E+02  1.771988594437696E+03  4.513893813952438E+21 -6.658864733110003E+20
  0.000000000000000E+00  1.271077972146885E+00 -9.780503394159529E-01  4.338350521689827E+00  1.746821835770498E+02  5.822739452555452E+01  5.822739452555452E+01  1.746821835766636E+02  3.862510311591905E-10  3.000000000006634E+00  2.076254546105493E+03 -2.887418922429576E+02  1.787512653862535E+03  4.598130021639230E+21 -6.394556802862287E+20
  0.000000000000000E+00  1.270905176776480E+00 -9.787530347642558E-01  4.338443156797834E+00  1.751583232255938E+02  5.838610774182020E+01  5.838610774182020E+01  1.751583232254607E+02  1.331841303908732E-10  3.000000000002281E+00  2.076051920620644E+03 -2.746127127414690E+02  1.801439207879175E+03  4.727835377533477E+21 -6.253811311382888E+20
  0.000000000000000E+00  1.270732381406075E+00 -9.794557301125585E-01  4.338535663634100E+00  1.756138004174331E+02  5.853793347251762E+01  5.853793347251762E+01  1.756138004175529E+02 -1.197690835397225E-10  2.999999999997954E+00  2.081958686584033E+03 -2.642483973189661E+02  1.817710289265067E+03  4.885562634303727E+21 -6.200901604990027E+20
  0.000000000000000E+00  1.270559586035670E+00 -9.801584254608613E-01  4.338628042463288E+00  1.760549810922198E+02  5.868499369748486E+01  5.868499369748486E+01  1.760549810924546E+02 -2.347917416045675E-10  2.999999999995999E+00  2.098045504534997E+03 -2.576474116892932E+02  1.840398092845704E+03  5.055209038780191E+21 -6.207975573335854E+20
  0.000000000000000E+00  1.270386790665265E+00 -9.808611208091641E-01  4.338720293549336E+00  1.764969828260683E+02  5.883232760876157E+01  5.883232760876157E+01  1.764969828262847E+02 -2.164881607313873E-10  2.999999999996320E+00  2.122737080608744E+03 -2.650040594753127E+02  1.857733021133431E+03  5.202356594163092E+21 -6.494660261439549E+20
  0.000000000000000E+00  1.270213995294860E+00 -9.815638161574669E-01  4.338812417155466E+00  1.769539589537368E+02  5.898465298463764E+01  5.898465298463764E+01  1.769539589539130E+02 -1.761861767590744E-10  2.999999999997013E+00  2.150868442908128E+03 -2.752640246809286E+02  1.875604418227199E+03  5.310222058766003E+21 -6.795920506737438E+20
  0.000000000000000E+00  1.270041199924456E+00 -9.822665115057696E-01  4.338904413544173E+00  1.774308290528437E+02  5.914360968432653E+01  5.914360968432653E+01  1.774308290529796E+02 -1.359126144961920E-10  2.999999999997702E+00  2.181199068783999E+03 -2.884261216147297E+02  1.892772947169269E+03  5.389774874335335E+21 -7.127051747036131E+20
  0.000000000000000E+00  1.269868404554051E+00 -9.829692068540724E-01  4.338996282977245E+00  1.779325127010073E+02  5.931083756704163E+01  5.931083756704163E+01  1.779325127011249E+02 -1.176090336230118E-10  2.999999999998017E+00  2.212445451612958E+03 -3.044891645853469E+02  1.907956287027611E+03  5.452446633461998E+21 -7.503963178656781E+20
  0.000000000000000E+00  1.269695609183646E+00 -9.836719022023752E-01  4.339088025715751E+00  1.784589946619511E+02  5.948633155400935E+01  5.948633155400935E+01  1.784589946620281E+02 -7.702283255639486E-11  2.999999999998705E+00  2.242179401875116E+03 -3.165079612517892E+02  1.925671440623326E+03  5.514927625115819E+21 -7.784918983810203E+20
  0.000000000000000E+00  1.269522813813241E+00 -9.843745975506780E-01  4.339179642020050E+00  1.790026860024565E+02  5.966756200081479E+01  5.966756200081479E+01  1.790026860024444E+02  1.207922650792170E-11  3.000000000000203E+00  2.268472309650789E+03 -3.247217377894826E+02  1.943750571861307E+03  5.586203311442817E+21 -7.996401980398503E+20
  0.000000000000000E+00  1.269350018442836E+00 -9.850772928989807E-01  4.339271132149795E+00  1.795571457547290E+02  5.985238191820928E+01  5.985238191820928E+01  1.795571457546278E+02  1.011812855722383E-10  3.000000000001691E+00  2.290746347510919E+03 -3.291320465674941E+02  1.961614300943424E+03  5.666560048658464E+21 -8.141654390670898E+20
  0.000000000000000E+00  1.269177223072431E+00 -9.857799882472835E-01  4.339362496363930E+00  1.801159329509743E+02  6.003864431694418E+01  6.003864431694418E+01  1.801159329508326E+02  1.417390649294248E-10  3.000000000002361E+00  2.308408336292872E+03 -3.297404399548619E+02  1.978667896338010E+03  5.756078999695442E+21 -8.222167594588482E+20
  0.000000000000000E+00  1.269004427702026E+00 -9.864826835955864E-01  4.339453734920695E+00  1.806729556348216E+02  6.022431854490185E+01  6.022431854490185E+01  1.806729556347056E+02  1.160458396043396E-10  3.000000000001927E+00  2.323635201662397E+03 -3.278471694947215E+02  1.995788032167676E+03  5.856170951539371E+21 -8.262609677998589E+20
  0.000000000000000E+00  1.268831632331622E+00 -9.871853789438892E-01  4.339544848077630E+00  1.812281344658638E+02  6.040937815526802E+01  6.040937815526802E+01  1.812281344658041E+02  5.968558980384842E-11  3.000000000000988E+00  2.339891861918930E+03 -3.274751950947817E+02  2.012416666824149E+03  5.968081336675538E+21 -8.352516763174508E+20
  0.000000000000000E+00  1.268658836961217E+00 -9.878880742921919E-01  4.339635836091576E+00  1.817840474002510E+02  6.059468246674922E+01  6.059468246674922E+01  1.817840474002477E+02  3.268496584496461E-12  3.000000000000054E+00  2.358536029692226E+03 -3.286238954292546E+02  2.029912134262971E+03  6.091577356655977E+21 -8.487628999732332E+20
  0.000000000000000E+00  1.268486041590812E+00 -9.885907696404947E-01  4.339726699218676E+00  1.823432723941335E+02  6.078109079805195E+01  6.078109079805195E+01  1.823432723941559E+02 -2.233946361229755E-11  2.999999999999632E+00  2.380965876512267E+03 -3.312926491723624E+02  2.049673227339904E+03  6.226605435090587E+21 -8.663831053991852E+20
  0.000000000000000E+00  1.268313246220407E+00 -9.892934649887976E-01  4.339817437714379E+00  1.829105044189731E+02  6.097016813966455E+01  6.097016813966455E+01  1.829105044189937E+02 -2.057731762761250E-11  2.999999999999662E+00  2.405895171054025E+03 -3.374298345894632E+02  2.068465336464562E+03  6.367125831054678E+21 -8.929974347310552E+20
  0.000000000000000E+00  1.268140450850002E+00 -9.899961603371004E-01  4.339908051833441E+00  1.834867230319024E+02  6.116224101063961E+01  6.116224101063961E+01  1.834867230319189E+02 -1.645616976020392E-11  2.999999999999731E+00  2.429788260085070E+03 -3.417993844406757E+02  2.087988875644394E+03  6.504453761511855E+21 -9.149843747001037E+20
  0.000000000000000E+00  1.267967655479598E+00 -9.906988556854031E-01  4.339998541829932E+00  1.840689330675777E+02  6.135631102253004E+01  6.135631102253004E+01  1.840689330675901E+02 -1.239186531165615E-11  2.999999999999798E+00  2.450656171022004E+03 -3.444020206054730E+02  2.106254150416531E+03  6.634435908327679E+21 -9.323678937191240E+20
  0.000000000000000E+00  1.267794860109193E+00 -9.914015510337059E-01  4.340088907957228E+00  1.846541393606557E+02  6.155137978688871E+01  6.155137978688871E+01  1.846541393606661E+02 -1.045918907038867E-11  2.999999999999830E+00  2.466452169963011E+03 -3.452384649631775E+02  2.121213704999833E+03  6.752572020432718E+21 -9.451825692295730E+20
  0.000000000000000E+00  1.267622064738788E+00 -9.921042463820087E-01  4.340179150468027E+00  1.852351639615532E+02  6.174505465385397E+01  6.174505465385397E+01  1.852351639615619E+02 -8.725464795134030E-12  2.999999999999859E+00  2.478509908292231E+03 -3.395377008111063E+02  2.138972207481124E+03  6.863471289312022E+21 -9.402452874444088E+20
  0.000000000000000E+00  1.267449269368383E+00 -9.928069417303115E-01  4.340269269614341E+00  1.858059052661774E+02  6.193530175539406E+01  6.193530175539406E+01  1.858059052661822E+02 -4.774847184307873E-12  2.999999999999923E+00  2.489534672191317E+03 -3.330248914651303E+02  2.156509780726187E+03  6.974027455813114E+21 -9.329151999729685E+20
  0.000000000000000E+00  1.267276473997978E+00 -9.935096370786142E-01  4.340359265647500E+00  1.863649826274195E+02  6.212166087580679E+01  6.212166087580679E+01  1.863649826274204E+02 -9.094947017729282E-13  2.999999999999985E+00  2.499493662458396E+03 -3.257003696817626E+02  2.173793292776633E+03  7.082866808630484E+21 -9.229438636418358E+20
  0.000000000000000E+00  1.266978116783852E+00 -9.948334195213232E-01  4.340552538177537E+00  1.874054657669227E+02  6.246848858897031E+01  6.246848858897031E+01  1.874054657669109E+02  1.173816599475686E-11  3.000000000000187E+00  2.651290884846665E+03 -3.302180304405123E+02  2.321072854406153E+03  7.755883168698559E+21 -9.659945194744178E+20
  0.000000000000000E+00  1.267009507244783E+00 -9.946781477477217E-01  4.340526699847607E+00  1.872825781155009E+02  6.242752603849696E+01  6.242752603849696E+01  1.872825781154909E+02  1.000444171950221E-11  3.000000000000160E+00  2.648364321574739E+03 -3.311773045146059E+02  2.317187017060134E+03  7.707929459756578E+21 -9.638746758048209E+20
  0.000000000000000E+00  1.267040897705713E+00 -9.945228759741201E-01  4.340500853846655E+00  1.871592813670188E+02  6.238642712233750E+01  6.238642712233750E+01  1.871592813670125E+02  6.281197784119286E-12  3.000000000000100E+00  2.645441815064170E+03 -3.324361158929099E+02  2.313005699171260E+03  7.660094938717116E+21 -9.625961887716991E+20
  0.000000000000000E+00  1.267072288166643E+00 -9.943676042005186E-01  4.340475000171300E+00  1.870354642263006E+02  6.234515474209935E+01  6.234515474209935E+01  1.870354642262981E+02  2.529532139305957E-12  3.000000000000041E+00  2.642808802333689E+03 -3.339944868348681E+02  2.308814315498821E+03  7.613192927029234E+21 -9.621446934006841E+20
  0.000000000000000E+00  1.266978116783852E+00 -9.948334195213232E-01  4.340552538177537E+00  1.874054657669227E+02  6.246848858897031E+01  6.246848858897031E+01  1.874054657669109E+02  1.173816599475686E-11  3.000000000000187E+00  2.488396010932729E+03 -3.080757798160688E+02  2.180320231116660E+03  7.279362988254669E+21 -9.012212764037470E+20
  0.000000000000000E+00  1.266801081584855E+00 -9.955252581278556E-01  4.340634663969276E+00  1.879202334960361E+02  6.264007783200881E+01  6.264007783200881E+01  1.879202334960265E+02  9.578116078046151E-12  3.000000000000153E+00  2.504038777302785E+03 -3.069801716031104E+02  2.197058605699674E+03  7.381116130788002E+21 -9.048806739696121E+20
  0.000000000000000E+00  1.266624169842528E+00 -9.962171283234783E-01  4.340716799317303E+00  1.884361226819261E+02  6.281204089397374E+01  6.281204089397374E+01  1.884361226819213E+02  4.803268893738277E-12  3.000000000000076E+00  2.522404760884220E+03 -3.093281212895386E+02  2.213076639594682E+03  7.488154202688558E+21 -9.182890499429778E+20
  0.000000000000000E+00  1.266447307482870E+00 -9.969090111547373E-01  4.340798872178481E+00  1.889589035227626E+02  6.298630117425419E+01  6.298630117425418E+01  1.889589035227626E+02  2.842170943040401E-14  3.000000000000000E+00  2.543917186969815E+03 -3.151181806419745E+02  2.228799006327841E+03  7.600836841626372E+21 -9.415250972626154E+20
  0.000000000000000E+00  1.266128343717800E+00 -9.981786615162279E-01  4.340954131451674E+00  1.899598537063302E+02  6.331995123543575E+01  6.331995123543575E+01  1.899598537063073E+02  2.293631951033603E-11  3.000000000000362E+00  2.622841464117956E+03 -3.383101615177266E+02  2.284531302600229E+03  7.932174606995327E+21 -1.023140479206147E+21
  0.000000000000000E+00  1.266163862896319E+00 -9.980342180542154E-01  4.340935808951784E+00  1.898421769462889E+02  6.328072564875661E+01  6.328072564875659E+01  1.898421769462698E+02  1.907096702780109E-11  3.000000000000302E+00  2.616733760578803E+03 -3.357141579975287E+02  2.281019602581274E+03  7.901435300102029E+21 -1.013715548256221E+21
  0.000000000000000E+00  1.266199382074839E+00 -9.978897745922028E-01  4.340917481328053E+00  1.897253914619564E+02  6.324179715398198E+01  6.324179715398198E+01  1.897253914619459E+02  1.043076736095827E-11  3.000000000000165E+00  2.610682180076247E+03 -3.332240478037127E+02  2.277458132272534E+03  7.870633895569013E+21 -1.004597382813565E+21
  0.000000000000000E+00  1.266234901253358E+00 -9.977453311301904E-01  4.340899148578343E+00  1.896094602274072E+02  6.320315340913512E+01  6.320315340913512E+01  1.896094602274054E+02  1.790567694115452E-12  3.000000000000028E+00  2.604744867990821E+03 -3.308398398596058E+02  2.273905028131215E+03  7.839954574865494E+21 -9.957863236163305E+20
  0.000000000000000E+00  1.265986267003723E+00 -9.987564353642777E-01  4.341027370255521E+00  1.904401219144148E+02  6.348004063813536E+01  6.348004063813536E+01  1.904401219144061E+02  8.725464795134030E-12  3.000000000000137E+00  2.647872536259801E+03 -3.494073122421433E+02  2.298465224017658E+03  8.054975890698874E+21 -1.062916525475912E+21
  0.000000000000000E+00  1.266021786182242E+00 -9.986119919022654E-01  4.341009068229648E+00  1.903185920779484E+02  6.343953069264581E+01  6.343953069264581E+01  1.903185920779375E+02  1.094235813070554E-11  3.000000000000173E+00  2.641546973818206E+03 -3.465944571646837E+02  2.294952516653523E+03  8.024345039216379E+21 -1.052865438523422E+21
  0.000000000000000E+00  1.266057305360762E+00 -9.984675484402529E-01  4.340990761088472E+00  1.901980434534823E+02  6.339934781782213E+01  6.339934781782213E+01  1.901980434534664E+02  1.585931386216544E-11  3.000000000000250E+00  2.635249535425924E+03 -3.438073122332541E+02  2.291442223192670E+03  7.993618704715609E+21 -1.042885891806655E+21
  0.000000000000000E+00  1.266092824539281E+00 -9.983231049782403E-01  4.340972448829858E+00  1.900784670074613E+02  6.335948900248017E+01  6.335948900248017E+01  1.900784670074405E+02  2.077626959362533E-11  3.000000000000328E+00  2.629005865290686E+03 -3.410458796251964E+02  2.287959985665489E+03  7.962870860212216E+21 -1.032977648592141E+21
  0.000000000000000E+00  1.265844190289646E+00 -9.993342092123276E-01  4.341100527248578E+00  1.909364593298102E+02  6.364548644326857E+01  6.364548644326857E+01  1.909364593298058E+02  4.433786671143025E-12  3.000000000000070E+00  2.673655148408778E+03 -3.610892673472564E+02  2.312565881061522E+03  8.177784224624810E+21 -1.104446890224846E+21
  0.000000000000000E+00  1.265879709468166E+00 -9.991897657503152E-01  4.341082245662621E+00  1.908108450281068E+02  6.360361500936722E+01  6.360361500936722E+01  1.908108450281017E+02  5.115907697472721E-12  3.000000000000080E+00  2.667210222609277E+03 -3.582140556716520E+02  2.308996166937624E+03  8.147227212961027E+21 -1.094196204593936E+21
  0.000000000000000E+00  1.265915228646685E+00 -9.990453222883028E-01  4.341063958969878E+00  1.906862437017316E+02  6.356208123390834E+01  6.356208123390834E+01  1.906862437017251E+02  6.565414878423326E-12  3.000000000000103E+00  2.660726177744042E+03 -3.553086609468496E+02  2.305417516797193E+03  8.116460438858998E+21 -1.083857750670235E+21
  0.000000000000000E+00  1.265950747825204E+00 -9.989008788262902E-01  4.341045667168220E+00  1.905626658355469E+02  6.352088861184627E+01  6.352088861184627E+01  1.905626658355388E+02  8.043343768804334E-12  3.000000000000127E+00  2.654261045316194E+03 -3.523730806460796E+02  2.301887964670115E+03  8.085653940187113E+21 -1.073431263654186E+21
  0.000000000000000E+00  1.265702113575569E+00 -9.999119830603774E-01  4.341173602567066E+00  1.914493130423298E+02  6.381643768077546E+01  6.381643768077546E+01  1.914493130423264E+02  3.382183422218077E-12  3.000000000000053E+00  2.699671509895421E+03 -3.728429853949498E+02  2.326828524500472E+03  8.300627200665893E+21 -1.146373036424229E+21
  0.000000000000000E+00  1.265737632754089E+00 -9.997675395983651E-01  4.341155341386997E+00  1.913195682615291E+02  6.377318942050851E+01  6.377318942050850E+01  1.913195682615255E+02  3.581135388230905E-12  3.000000000000056E+00  2.693224780939368E+03 -3.700214597164368E+02  2.323203321222932E+03  8.270075019050925E+21 -1.136223479068958E+21
  0.000000000000000E+00  1.265773151932608E+00 -9.996230961363526E-01  4.341137075108641E+00  1.911908262724571E+02  6.373027542415105E+01  6.373027542415105E+01  1.911908262724532E+02  3.893774191965349E-12  3.000000000000061E+00  2.686681440826009E+03 -3.671220025136713E+02  2.319559438312338E+03  8.239240461075721E+21 -1.125852291714874E+21
  0.000000000000000E+00  1.265808671111127E+00 -9.994786526743400E-01  4.341118803729876E+00  1.910631142401915E+02  6.368770474672908E+01  6.368770474672908E+01  1.910631142401873E+02  4.234834705130197E-12  3.000000000000067E+00  2.680129165050515E+03 -3.641446072397117E+02  2.315984557810803E+03  8.208389237176545E+21 -1.115259933670395E+21
  0.000000000000000E+00  1.265560036861493E+00 -1.000489756908427E+00  4.341246596346905E+00  1.919784735468323E+02  6.399282451561029E+01  6.399282451561029E+01  1.919784735468309E+02  1.421085471520200E-12  3.000000000000022E+00  2.725496502734396E+03 -3.842460883813922E+02  2.341250414353005E+03  8.423944774980688E+21 -1.187625016315287E+21
  0.000000000000000E+00  1.265595556040012E+00 -1.000345313446415E+00  4.341228355538771E+00  1.918447042728950E+02  6.394823475763106E+01  6.394823475763106E+01  1.918447042728932E+02  1.790567694115452E-12  3.000000000000028E+00  2.719142535175593E+03 -3.815690405872312E+02  2.337573494588362E+03  8.393256648788900E+21 -1.177800297502229E+21
  0.000000000000000E+00  1.265631075218531E+00 -1.000200869984402E+00  4.341210109640834E+00  1.917118941616973E+02  6.390396472056497E+01  6.390396472056497E+01  1.917118941616949E+02  2.387423592153937E-12  3.000000000000037E+00  2.712645661940503E+03 -3.787761806499590E+02  2.333869481290544E+03  8.362241091845080E+21 -1.167648907073766E+21
  0.000000000000000E+00  1.265666594397050E+00 -1.000056426522390E+00  4.341191858650971E+00  1.915800836169416E+02  6.386002787231283E+01  6.386002787231283E+01  1.915800836169385E+02  3.097966327914037E-12  3.000000000000048E+00  2.706118113733504E+03 -3.758674988318515E+02  2.330250614901653E+03  8.331248915635423E+21 -1.157172584660450E+21
  0.000000000000000E+00  1.265417960147416E+00 -1.001067530756477E+00  4.341319508723716E+00  1.925231938823224E+02  6.417439796077714E+01  6.417439796077714E+01  1.925231938823314E+02 -9.066525308298878E-12  2.999999999999859E+00  2.750779789506990E+03 -3.949555750135694E+02  2.355824214493421E+03  8.548248147267169E+21 -1.227353158272143E+21
  0.000000000000000E+00  1.265453479325935E+00 -1.000923087294465E+00  4.341301288253641E+00  1.923856298465261E+02  6.412854328217784E+01  6.412854328217783E+01  1.923856298465335E+02 -7.389644451905042E-12  2.999999999999885E+00  2.744594011547103E+03 -3.924918680845404E+02  2.352102143462562E+03  8.517284726050058E+21 -1.218018030743612E+21
  0.000000000000000E+00  1.265488998504454E+00 -1.000778643832452E+00  4.341283062702225E+00  1.922489553029343E+02  6.408298510097936E+01  6.408298510097936E+01  1.922489553029381E+02 -3.780087354243733E-12  2.999999999999941E+00  2.738232663086257E+03 -3.898857259906677E+02  2.348346937095590E+03  8.485971809847361E+21 -1.208282745444139E+21
  0.000000000000000E+00  1.265524517682973E+00 -1.000634200370440E+00  4.341264832067351E+00  1.921132199651640E+02  6.403773998838805E+01  6.403773998838805E+01  1.921132199651642E+02 -2.273736754432321E-13  2.999999999999996E+00  2.731824230052187E+03 -3.871371367501600E+02  2.344687093302028E+03  8.454722332642519E+21 -1.198150656938251E+21
  0.000000000000000E+00  1.265275883433339E+00 -1.001645304604527E+00  4.341392339832820E+00  1.930822969433744E+02  6.436076564762044E+01  6.436076564762044E+01  1.930822969428614E+02  5.130402769282227E-10  3.000000000007971E+00  2.775238572958200E+03 -4.047004308266149E+02  2.370538142131585E+03  8.673917798789649E+21 -1.264878019615825E+21
  0.000000000000000E+00  1.265311402611858E+00 -1.001500861142514E+00  4.341374139667002E+00  1.929412659235761E+02  6.431375530771484E+01  6.431375530771486E+01  1.929412659231446E+02  4.314699708629632E-10  3.000000000006709E+00  2.769279803534035E+03 -4.025002775796955E+02  2.366779525954339E+03  8.642584063311176E+21 -1.256154210220762E+21
  0.000000000000000E+00  1.265346921790377E+00 -1.001356417680502E+00  4.341355934428285E+00  1.928010351128491E+02  6.426701170419904E+01  6.426701170419904E+01  1.928010351125972E+02  2.519584541005315E-10  3.000000000003921E+00  2.763127639616118E+03 -4.001427593563652E+02  2.362984880259753E+03  8.610899892592862E+21 -1.246988808682842E+21
  0.000000000000000E+00  1.265382440968896E+00 -1.001211974218490E+00  4.341337724114560E+00  1.926616594521218E+02  6.422055315068310E+01  6.422055315068310E+01  1.926616594520493E+02  7.250378075696062E-11  3.000000000001129E+00  2.756916427253391E+03 -3.976278629147303E+02  2.359288564338661E+03  8.579308485314953E+21 -1.237386837184837E+21
  0.000000000000000E+00  1.265133806719262E+00 -1.002223078452577E+00  4.341465089809241E+00  1.936542813218655E+02  6.455142710732098E+01  6.455142710732098E+01  1.936542813219629E+02 -9.737277650856413E-11  2.999999999998491E+00  2.798664157187996E+03 -4.132875487450995E+02  2.385376608442896E+03  8.801152697500908E+21 -1.299693932599693E+21
  0.000000000000000E+00  1.265169325897781E+00 -1.002078634990564E+00  4.341446909913952E+00  1.935101820203918E+02  6.450339400679792E+01  6.450339400679792E+01  1.935101820203938E+02 -2.017941369558685E-12  2.999999999999969E+00  2.792972734282875E+03 -4.113820579583045E+02  2.381590676324570E+03  8.769399710066414E+21 -1.291660908645555E+21
  0.000000000000000E+00  1.265204845076300E+00 -1.001934191528552E+00  4.341428724954189E+00  1.933667807429975E+02  6.445559358092987E+01  6.445559358092987E+01  1.933667807427897E+02  2.078479610645445E-10  3.000000000003225E+00  2.787084680273405E+03 -4.093157170684406E+02  2.377768963204964E+03  8.737316741628603E+21 -1.283176321360633E+21
  0.000000000000000E+00  1.265240364254819E+00 -1.001789748066539E+00  4.341410534927847E+00  1.932241336604145E+02  6.440804455333226E+01  6.440804455333226E+01  1.932241336599968E+02  4.176570200797869E-10  3.000000000006485E+00  2.781130142717668E+03 -4.070885125370346E+02  2.374041630180634E+03  8.705344275288332E+21 -1.274246608498133E+21
  0.000000000000000E+00  1.264991730005185E+00 -1.002800852300627E+00  4.341537758787707E+00  1.942374389900302E+02  6.474581299667962E+01  6.474581299667962E+01  1.942374389900389E+02 -8.697043085703626E-12  2.999999999999866E+00  2.820933501412685E+03 -4.206123453846773E+02  2.400321156028007E+03  8.930033136263342E+21 -1.331503270079077E+21
  0.000000000000000E+00  1.265027249183704E+00 -1.002656408838614E+00  4.341519599129292E+00  1.940907103562361E+02  6.469690345208623E+01  6.469690345208623E+01  1.940907103562587E+02 -2.253841557831038E-11  2.999999999999651E+00  2.815528807493493E+03 -4.190120734948655E+02  2.396516733998628E+03  8.897837158526508E+21 -1.324192168622473E+21
  0.000000000000000E+00  1.265062768362223E+00 -1.002511965376602E+00  4.341501434414810E+00  1.939445720209103E+02  6.464819067365445E+01  6.464819067365445E+01  1.939445720209634E+02 -5.306333150656428E-11  2.999999999999179E+00  2.809937262883608E+03 -4.172578587311988E+02  2.392679404152409E+03  8.865352716229314E+21 -1.316448641089780E+21
  0.000000000000000E+00  1.265098287540743E+00 -1.002367521914589E+00  4.341483264642160E+00  1.937990777531033E+02  6.459969258439558E+01  6.459969258439558E+01  1.937990777531867E+02 -8.341771717823576E-11  2.999999999998709E+00  2.804276658070537E+03 -4.153496881342438E+02  2.388926969936293E+03  8.832989566050127E+21 -1.308280140974474E+21
  0.000000000000000E+00  1.264849653291108E+00 -1.003378626148677E+00  4.341610346902646E+00  1.948299841067704E+02  6.494332803558758E+01  6.494332803558758E+01  1.948299841067628E+02  7.617018127348274E-12  3.000000000000117E+00  2.842015855359709E+03 -4.266641303286648E+02  2.415351725031045E+03  9.060604322694033E+21 -1.360243946670416E+21
  0.000000000000000E+00  1.264885172469627E+00 -1.003234182686664E+00  4.341592207447526E+00  1.946810725546972E+02  6.489369085156402E+01  6.489369085156402E+01  1.946810725546921E+02  5.059064278611913E-12  3.000000000000078E+00  2.836895459925601E+03 -4.253588503744156E+02  2.411536609551185E+03  9.027949595878688E+21 -1.353634039599696E+21
  0.000000000000000E+00  1.264920691648146E+00 -1.003089739224652E+00  4.341574062944726E+00  1.945326456105529E+02  6.484421520351781E+01  6.484421520351781E+01  1.945326456105535E+02 -5.968558980384842E-13  2.999999999999991E+00  2.831608427315274E+03 -4.239151340029366E+02  2.407693293312337E+03  8.995063759759693E+21 -1.346635227632387E+21
  0.000000000000000E+00  1.264956210826666E+00 -1.002945295762639E+00  4.341555913392153E+00  1.943847516353323E+02  6.479491721177948E+01  6.479491721177948E+01  1.943847516353385E+02 -6.139089236967266E-12  2.999999999999905E+00  2.826254652247076E+03 -4.223329695581404E+02  2.403921682688936E+03  8.962306475144499E+21 -1.339255648718178E+21
  0.000000000000000E+00  1.264707576577031E+00 -1.003956399996726E+00  4.341682854288194E+00  1.954301837090688E+02  6.514339456968887E+01  6.514339456968887E+01  1.954301837090666E+02  2.188471626141109E-12  3.000000000000033E+00  2.861972371499046E+03 -4.315243347549603E+02  2.430448036744086E+03  9.192910999200712E+21 -1.386094723658644E+21
  0.000000000000000E+00  1.264743095755550E+00 -1.003811956534714E+00  4.341664735002862E+00  1.952795107336671E+02  6.509317024455468E+01  6.509317024455468E+01  1.952795107336641E+02  2.984279490192421E-12  3.000000000000046E+00  2.857112594033335E+03 -4.304840252546122E+02  2.426628568778723E+03  9.159785781838843E+21 -1.380114127133326E+21
  0.000000000000000E+00  1.264778614934070E+00 -1.003667513072702E+00  4.341646610678222E+00  1.951292260086727E+02  6.504307533622260E+01  6.504307533622260E+01  1.951292260086678E+02  4.916955731459893E-12  3.000000000000075E+00  2.852113792923366E+03 -4.293272278895736E+02  2.422786565033793E+03  9.126493828931417E+21 -1.373806439858168E+21
  0.000000000000000E+00  1.264814134112589E+00 -1.003523069610689E+00  4.341628481312179E+00  1.949793702333017E+02  6.499312341109831E+01  6.499312341109831E+01  1.949793702332950E+02  6.764366844436154E-12  3.000000000000104E+00  2.847055256219102E+03 -4.280539328505607E+02  2.419001323368542E+03  9.093334687421416E+21 -1.367180235499303E+21
  0.000000000000000E+00  1.264565499862954E+00 -1.004534173844776E+00  4.341755281078189E+00  1.960364819197079E+02  6.534549397323558E+01  6.534549397323558E+01  1.960364819197068E+02  1.080024958355352E-12  3.000000000000017E+00  2.880950685226994E+03 -4.353595573293123E+02  2.445591127897682E+03  9.327002185290957E+21 -1.409465133651831E+21
  0.000000000000000E+00  1.264601019041473E+00 -1.004389730382764E+00  4.341737181929215E+00  1.958844139709222E+02  6.529480465697362E+01  6.529480465697362E+01  1.958844139709209E+02  1.250555214937776E-12  3.000000000000019E+00  2.876308151424618E+03 -4.345363198926312E+02  2.441771831531987E+03  9.293396207914185E+21 -1.403993583055769E+21
  0.000000000000000E+00  1.264636538219992E+00 -1.004245286920751E+00  4.341719077749282E+00  1.957326539005676E+02  6.524421796685530E+01  6.524421796685530E+01  1.957326539005659E+02  1.620037437533028E-12  3.000000000000025E+00  2.871558517080891E+03 -4.336227087254246E+02  2.437935808355466E+03  9.259687817722794E+21 -1.398268880675457E+21
  0.000000000000000E+00  1.264672057398512E+00 -1.004100843458739E+00  4.341700968536303E+00  1.955812332871234E+02  6.519374442904044E+01  6.519374442904044E+01  1.955812332871213E+02  2.017941369558685E-12  3.000000000000031E+00  2.866760465014399E+03 -4.326187162163112E+02  2.434141748798088E+03  9.226114518289486E+21 -1.392299729006839E+21
  0.000000000000000E+00  1.264423423148877E+00 -1.005111947692826E+00  4.341827627406178E+00  1.966476091502130E+02  6.554920305007052E+01  6.554920305007052E+01  1.966476091502116E+02  1.364242052659392E-12  3.000000000000021E+00  2.899171553993153E+03 -4.384063790313398E+02  2.460765174961813E+03  9.462964077336723E+21 -1.430968722887322E+21
  0.000000000000000E+00  1.264458942327396E+00 -1.004967504230813E+00  4.341809548360201E+00  1.964944323763583E+02  6.549814412545233E+01  6.549814412545233E+01  1.964944323763570E+02  1.307398633798584E-12  3.000000000000020E+00  2.894687220274439E+03 -4.377387412730016E+02  2.456948479001438E+03  9.428853878467233E+21 -1.425844768132150E+21
  0.000000000000000E+00  1.264494461505916E+00 -1.004823060768801E+00  4.341791464291600E+00  1.963415043052736E+02  6.544716810175746E+01  6.544716810175746E+01  1.963415043052724E+02  1.222133505507372E-12  3.000000000000019E+00  2.890128766869605E+03 -4.370083952572485E+02  2.453120371612356E+03  9.394704161093420E+21 -1.420547290632626E+21
  0.000000000000000E+00  1.264529980684435E+00 -1.004678617306789E+00  4.341773375198289E+00  1.961888468490322E+02  6.539628228301038E+01  6.539628228301038E+01  1.961888468490311E+02  1.108446667785756E-12  3.000000000000017E+00  2.885536542235126E+03 -4.362153357031776E+02  2.449321206531948E+03  9.360694445408955E+21 -1.415084650688931E+21
  0.000000000000000E+00  1.264281346434800E+00 -1.005689721540876E+00  4.341899893405413E+00  1.972626594194823E+02  6.575421980649378E+01  6.575421980649378E+01  1.972626594194814E+02  8.810729923425242E-13  3.000000000000014E+00  2.916899374182002E+03 -4.409401144206847E+02  2.475959259761317E+03  9.600993662032367E+21 -1.451357315017433E+21
  0.000000000000000E+00  1.264316865613319E+00 -1.005545278078863E+00  4.341881834429149E+00  1.971085645392126E+02  6.570285484640385E+01  6.570285484640385E+01  1.971085645392116E+02  1.051603248924948E-12  3.000000000000016E+00  2.912507271674542E+03 -4.403617739543758E+02  2.472145497720167E+03  9.566322178550164E+21 -1.446397283102193E+21
  0.000000000000000E+00  1.264352384791839E+00 -1.005400834616851E+00  4.341863770438573E+00  1.969546826468559E+02  6.565156088228491E+01  6.565156088228491E+01  1.969546826468547E+02  1.193711796076968E-12  3.000000000000018E+00  2.908071449847905E+03 -4.397467066292110E+02  2.468324743218694E+03  9.531673433677561E+21 -1.441340790077242E+21
  0.000000000000000E+00  1.264387903970358E+00 -1.005256391154838E+00  4.341845701431609E+00  1.968010265734951E+02  6.560034219116459E+01  6.560034219116459E+01  1.968010265734937E+02  1.335820343228988E-12  3.000000000000020E+00  2.903617668427028E+03 -4.390949093521597E+02  2.464522759074868E+03  9.497177763731454E+21 -1.436195424284667E+21
  0.000000000000000E+00  1.264139269720723E+00 -1.006267495388926E+00  4.341972079208855E+00  1.978811108343557E+02  6.596037027813009E+01  6.596037027813009E+01  1.978811108343903E+02 -3.458922037680168E-11  2.999999999999476E+00  2.934393812557856E+03 -4.432256560548131E+02  2.491168156503043E+03  9.741435920534691E+21 -1.471395662135510E+21
  0.000000000000000E+00  1.264174788899242E+00 -1.006123051926913E+00  4.341954040269090E+00  1.977261945092397E+02  6.590873150308957E+01  6.590873150308957E+01  1.977261945092687E+02 -2.901856532844249E-11  2.999999999999560E+00  2.930034206969780E+03 -4.426781839385283E+02  2.487356023031252E+03  9.706110155498396E+21 -1.466427663718962E+21
  0.000000000000000E+00  1.264210308077762E+00 -1.005978608464901E+00  4.341935996323310E+00  1.975714767890589E+02  6.585715892969192E+01  6.585715892969192E+01  1.975714767890757E+02 -1.682565198279917E-11  2.999999999999744E+00  2.925655019434966E+03 -4.421147705216149E+02  2.483540248913351E+03  9.670866013971013E+21 -1.461427502596610E+21
  0.000000000000000E+00  1.264245827256281E+00 -1.005834165002888E+00  4.341917947369442E+00  1.974169632378081E+02  6.580565441260427E+01  6.580565441260427E+01  1.974169632378128E+02 -4.661160346586257E-12  2.999999999999929E+00  2.921271638673775E+03 -4.415354144624527E+02  2.479736224211322E+03  9.635796498496751E+21 -1.456401843743340E+21
  0.000000000000000E+00  1.263997193006646E+00 -1.006845269236976E+00  4.342044184949172E+00  1.985027715152548E+02  6.616759050508466E+01  6.616759050508466E+01  1.985027715152540E+02  7.673861546209082E-13  3.000000000000012E+00  2.951854394326550E+03 -4.454629758732781E+02  2.506391418453272E+03  9.884713391612949E+21 -1.491697507690562E+21
  0.000000000000000E+00  1.264032712185166E+00 -1.006700825774963E+00  4.342026166012766E+00  1.983470568733420E+02  6.611568562444887E+01  6.611568562444887E+01  1.983470568733467E+02 -4.689582056016661E-12  2.999999999999929E+00  2.947487024464238E+03 -4.449082007784772E+02  2.502578823685761E+03  9.848634601364219E+21 -1.486601387639382E+21
  0.000000000000000E+00  1.264068231363685E+00 -1.006556382312951E+00  4.342008142078623E+00  1.981915411786471E+02  6.606384705955466E+01  6.606384705955466E+01  1.981915411786640E+02 -1.685407369222958E-11  2.999999999999745E+00  2.943115284401574E+03 -4.443503892793892E+02  2.498764895122184E+03  9.812682500515767E+21 -1.481514948493025E+21
  0.000000000000000E+00  1.264103750542204E+00 -1.006411938850938E+00  4.341990113144677E+00  1.980362254820313E+02  6.601207516068679E+01  6.601207516068681E+01  1.980362254820604E+02 -2.907540874730330E-11  2.999999999999559E+00  2.938747965144590E+03 -4.437895411225712E+02  2.494958424022018E+03  9.776926638460602E+21 -1.476444335456306E+21
  0.000000000000000E+00  1.263855116292570E+00 -1.007423043085026E+00  4.342116210758741E+00  1.991276588372059E+02  6.637588627906932E+01  6.637588627906932E+01  1.991276588372079E+02 -2.046363078989089E-12  2.999999999999969E+00  2.969380489156129E+03 -4.477494406522304E+02  2.521631048503898E+03  1.003113951900270E+22 -1.512583895913713E+21
  0.000000000000000E+00  1.263890635471089E+00 -1.007278599623013E+00  4.342098211792628E+00  1.989711302639348E+02  6.632371008797880E+01  6.632371008797881E+01  1.989711302639365E+02 -1.648459146963432E-12  2.999999999999975E+00  2.964991933674813E+03 -4.471758902129325E+02  2.517816043461880E+03  9.994252661647332E+21 -1.507319052111552E+21
  0.000000000000000E+00  1.263926154649608E+00 -1.007134156161001E+00  4.342080207837038E+00  1.988148064942276E+02  6.627160216474275E+01  6.627160216474275E+01  1.988148064942282E+02 -6.536993168992922E-13  2.999999999999990E+00  2.960604755940734E+03 -4.466036291957743E+02  2.514001126744959E+03  9.957514538692383E+21 -1.502078966071460E+21
  0.000000000000000E+00  1.263961673828127E+00 -1.006989712698988E+00  4.342062198889908E+00  1.986586870655218E+02  6.621956235517379E+01  6.621956235517379E+01  1.986586870655214E+02  3.979039320256561E-13  3.000000000000006E+00  2.956223927470540E+03 -4.460326577119409E+02  2.510191269758599E+03  9.920982492552723E+21 -1.496869755753989E+21
  0.000000000000000E+00  1.263713039578493E+00 -1.008000816933075E+00  4.342188156769651E+00  1.997558482106610E+02  6.658528273688097E+01  6.658528273688097E+01  1.997558482106430E+02  1.804778548830654E-11  3.000000000000271E+00  2.986963791477882E+03 -4.500748601876653E+02  2.536888931290217E+03  1.018079462384297E+22 -1.534039257522546E+21
  0.000000000000000E+00  1.263748558757012E+00 -1.007856373471063E+00  4.342170177740835E+00  1.995984894108521E+02  6.653282980361237E+01  6.653282980361237E+01  1.995984894108371E+02  1.494981916039251E-11  3.000000000000225E+00  2.982565936967302E+03 -4.494955681075492E+02  2.533070368859752E+03  1.014310554584896E+22 -1.528643820810925E+21
  0.000000000000000E+00  1.263784077935531E+00 -1.007711930009050E+00  4.342152193730785E+00  1.994413379357189E+02  6.648044597857029E+01  6.648044597857029E+01  1.994413379357109E+02  7.929656931082718E-12  3.000000000000119E+00  2.978167583867705E+03 -4.489149009004607E+02  2.529252682967245E+03  1.010556496758079E+22 -1.523265084388957E+21
  0.000000000000000E+00  1.263819597114050E+00 -1.007567486547038E+00  4.342134204737439E+00  1.992843942546930E+02  6.642813141823062E+01  6.642813141823062E+01  1.992843942546919E+02  1.051603248924948E-12  3.000000000000016E+00  2.973771512522252E+03 -4.483328584529692E+02  2.525438654069283E+03  1.006822553847450E+22 -1.517909602740429E+21
  0.000000000000000E+00  1.263570962864416E+00 -1.008578590781125E+00  4.342260023113699E+00  2.003873397416332E+02  6.679577991387141E+01  6.679577991387141E+01  2.003873397416143E+02  1.898570189950988E-11  3.000000000000284E+00  3.004515806095857E+03 -4.523506886988390E+02  2.552165117397019E+03  1.033354381875795E+22 -1.555786677384401E+21
  0.000000000000000E+00  1.263606482042935E+00 -1.008434147319113E+00  4.342242063989258E+00  2.002291629437811E+02  6.674305431458743E+01  6.674305431458743E+01  2.002291629437623E+02  1.884359335235786E-11  3.000000000000282E+00  3.000136147620993E+03 -4.517932634391006E+02  2.548342884181893E+03  1.029509984083283E+22 -1.550348559417718E+21
  0.000000000000000E+00  1.263642001221454E+00 -1.008289703857100E+00  4.342224099891807E+00  2.000711869703590E+02  6.669039565678015E+01  6.669039565678015E+01  2.000711869703405E+02  1.853095454862341E-11  3.000000000000278E+00  2.995750105128922E+03 -4.512281506979204E+02  2.544521954431002E+03  1.025679374594905E+22 -1.544906588220052E+21
  0.000000000000000E+00  1.263677520399973E+00 -1.008145260395088E+00  4.342206130819289E+00  1.999134144998310E+02  6.663780483327093E+01  6.663780483327093E+01  1.999134144998128E+02  1.824673745431937E-11  3.000000000000274E+00  2.991358910987183E+03 -4.506553498290507E+02  2.540703561158132E+03  1.021867547126775E+22 -1.539467815907778E+21
  0.000000000000000E+00  1.263428886150339E+00 -1.009156364629175E+00  4.342331809922396E+00  2.010219863944055E+02  6.700732879813511E+01  6.700732879813511E+01  2.010219863944054E+02  1.705302565824240E-13  3.000000000000003E+00  3.021924297673466E+03 -4.544669633160685E+02  2.567457334357398E+03  1.048923040477806E+22 -1.577474555948377E+21
  0.000000000000000E+00  1.263464405328858E+00 -1.009011921167162E+00  4.342313870669479E+00  2.008630426579440E+02  6.695434755264696E+01  6.695434755264696E+01  2.008630426579409E+02  3.126388037344441E-12  3.000000000000047E+00  3.017589877491417E+03 -4.539577621882974E+02  2.563632115303119E+03  1.045006457747042E+22 -1.572078421158862E+21
  0.000000000000000E+00  1.263499924507377E+00 -1.008867477705150E+00  4.342295926451758E+00  2.007042838875762E+02  6.690142796252218E+01  6.690142796252218E+01  2.007042838875666E+02  9.578116078046151E-12  3.000000000000143E+00  3.013243765079032E+03 -4.534353167857856E+02  2.559808448293246E+03  1.041102814726652E+22 -1.566659790598690E+21
  0.000000000000000E+00  1.263535443685897E+00 -1.008723034243138E+00  4.342277977267182E+00  2.005457147074299E+02  6.684857156913793E+01  6.684857156913793E+01  2.005457147074138E+02  1.605826582817826E-11  3.000000000000240E+00  3.008885795799722E+03 -4.528996259942264E+02  2.555986169805496E+03  1.037217127156807E+22 -1.561226583009174E+21
  0.000000000000000E+00  1.263286809436262E+00 -1.009734138477225E+00  4.342403517326964E+00  2.016595160017981E+02  6.721983866726890E+01  6.721983866726890E+01  2.016595160018067E+02 -8.611777957412414E-12  2.999999999999872E+00  3.039128322425640E+03 -4.563665947682022E+02  2.582761727657438E+03  1.064778109835137E+22 -1.598909649795065E+21
  0.000000000000000E+00  1.263322328614781E+00 -1.009589695015212E+00  4.342385597912794E+00  2.014998799711013E+02  6.716662665703619E+01  6.716662665703619E+01  2.014998799711086E+02 -7.275957614183426E-12  2.999999999999892E+00  3.034846471048147E+03 -4.559121984108606E+02  2.578934272637286E+03  1.060791074263188E+22 -1.593581735800025E+21
  0.000000000000000E+00  1.263357847793300E+00 -1.009445251553200E+00  4.342367673542006E+00  2.013404098423311E+02  6.711346994744511E+01  6.711346994744511E+01  2.013404098423354E+02 -4.234834705130197E-12  2.999999999999936E+00  3.030552546045588E+03 -4.554441284839560E+02  2.575108417561632E+03  1.056815751094045E+22 -1.588226969874504E+21
  0.000000000000000E+00  1.263393366971819E+00 -1.009300808091187E+00  4.342349744212556E+00  2.011811103914462E+02  6.706037013048247E+01  6.706037013048247E+01  2.011811103914474E+02 -1.222133505507372E-12  2.999999999999982E+00  3.026245501669848E+03 -4.549623838358456E+02  2.571283117834002E+03  1.052857847364773E+22 -1.582854780991962E+21
  0.000000000000000E+00  1.263144732722185E+00 -1.010311912325275E+00  4.342475145458341E+00  2.022996504919036E+02  6.743321683063435E+01  6.743321683063435E+01  2.022996504919031E+02  4.831690603168681E-13  3.000000000000007E+00  3.056177246965107E+03 -4.581023961871264E+02  2.598074850777981E+03  1.080917144939984E+22 -1.620229110299399E+21
  0.000000000000000E+00  1.263180251900704E+00 -1.010167468863262E+00  4.342457245850208E+00  2.021393836005264E+02  6.737979453350910E+01  6.737979453350908E+01  2.021393836005273E+02 -9.379164112033322E-13  2.999999999999986E+00  3.051924747709974E+03 -4.576796427400234E+02  2.594245104969950E+03  1.076859725637264E+22 -1.614904741280400E+21
  0.000000000000000E+00  1.263215771079223E+00 -1.010023025401250E+00  4.342439341293630E+00  2.019792704858103E+02  6.732642349527146E+01  6.732642349527146E+01  2.019792704858144E+02 -4.092726157978177E-12  2.999999999999940E+00  3.047666080567299E+03 -4.572494251061902E+02  2.590416655461109E+03  1.072812880185204E+22 -1.609569617350894E+21
  0.000000000000000E+00  1.263251290257742E+00 -1.009878581939237E+00  4.342421431786562E+00  2.018193137516145E+02  6.727310458387390E+01  6.727310458387390E+01  2.018193137516217E+02 -7.219114195322618E-12  2.999999999999893E+00  3.043400764855095E+03 -4.568117426581019E+02  2.586589022196993E+03  1.068783417537033E+22 -1.604234385189227E+21
  0.000000000000000E+00  1.263002656008108E+00 -1.010889686173325E+00  4.342546694447172E+00  2.029422569911025E+02  6.764741899703414E+01  6.764741899703414E+01  2.029422569911025E+02  5.684341886080801E-14  3.000000000000001E+00  3.073214594389909E+03 -4.598185707880043E+02  2.613396023601905E+03  1.097347710813645E+22 -1.641866653129010E+21
  0.000000000000000E+00  1.263038175186627E+00 -1.010745242711312E+00  4.342528814612443E+00  2.027813730629976E+02  6.759379102099912E+01  6.759379102099913E+01  2.027813730629974E+02  1.421085471520200E-13  3.000000000000002E+00  3.068950397739749E+03 -4.593873689285140E+02  2.609563028811236E+03  1.093216136869726E+22 -1.636421641603103E+21
  0.000000000000000E+00  1.263073694365147E+00 -1.010600799249300E+00  4.342510929837420E+00  2.026206443453279E+02  6.754021478177586E+01  6.754021478177586E+01  2.026206443453276E+02  2.842170943040401E-13  3.000000000000004E+00  3.064688344574379E+03 -4.589576057931878E+02  2.605730738781191E+03  1.089095400543880E+22 -1.630993306053149E+21
  0.000000000000000E+00  1.263109213543666E+00 -1.010456355787287E+00  4.342493040120065E+00  2.024600703257457E+02  6.748669010858177E+01  6.748669010858177E+01  2.024600703257453E+02  3.979039320256561E-13  3.000000000000006E+00  3.060430081505116E+03 -4.585292815045636E+02  2.601900800000552E+03  1.084993189896143E+22 -1.625592268246665E+21
  0.000000000000000E+00  1.262860579294031E+00 -1.011467460021374E+00  4.342618164423825E+00  2.035874065861638E+02  6.786246886205251E+01  6.786246886205251E+01  2.035874065861576E+02  6.224354365258478E-12  3.000000000000091E+00  3.090371483819256E+03 -4.616435455051736E+02  2.628727938314082E+03  1.114100279498617E+22 -1.664256888755730E+21
  0.000000000000000E+00  1.262896098472550E+00 -1.011323016559362E+00  4.342600304329935E+00  2.034258717480926E+02  6.780862391602911E+01  6.780862391602911E+01  2.034258717480874E+02  5.201172825763933E-12  3.000000000000076E+00  3.086069201666391E+03 -4.611782912786502E+02  2.624890910387740E+03  1.109883466146490E+22 -1.658595860907711E+21
  0.000000000000000E+00  1.262931617651069E+00 -1.011178573097349E+00  4.342582439303884E+00  2.032645032776967E+02  6.775483442589787E+01  6.775483442589787E+01  2.032645032776936E+02  3.097966327914037E-12  3.000000000000046E+00  3.081773256226998E+03 -4.607190437441133E+02  2.621054212482885E+03  1.105680583359461E+22 -1.652970736969371E+21
  0.000000000000000E+00  1.262967136829589E+00 -1.011034129635337E+00  4.342564569343641E+00  2.031032990627691E+02  6.770109968758936E+01  6.770109968758936E+01  2.031032990627681E+02  1.023181539494544E-12  3.000000000000015E+00  3.077487206642033E+03 -4.602658034110729E+02  2.617221403230961E+03  1.101499420186787E+22 -1.647391139416923E+21
  0.000000000000000E+00  1.262718502579954E+00 -1.012045233869424E+00  4.342689555518376E+00  2.042352775842143E+02  6.807842586140453E+01  6.807842586140453E+01  2.042352775842136E+02  6.536993168992922E-13  3.000000000000010E+00  3.107671998962922E+03 -4.635975711434976E+02  2.644074427819424E+03  1.131222213818385E+22 -1.687539325014946E+21
  0.000000000000000E+00  1.262754021758473E+00 -1.011900790407412E+00  4.342671715132832E+00  2.040730456439598E+02  6.802434854798608E+01  6.802434854798608E+01  2.040730456439582E+02  1.591615728102624E-12  3.000000000000024E+00  3.103335858978466E+03 -4.631021863835875E+02  2.640233672594878E+03  1.126909535950917E+22 -1.681655784840415E+21
  0.000000000000000E+00  1.262789540936993E+00 -1.011756346945399E+00  4.342653869823244E+00  2.039109909077958E+02  6.797033030259745E+01  6.797033030259745E+01  2.039109909077924E+02  3.439026841078885E-12  3.000000000000051E+00  3.099004992204955E+03 -4.626113869310647E+02  2.636393605273890E+03  1.122612839121100E+22 -1.675807182623879E+21
  0.000000000000000E+00  1.262825060115512E+00 -1.011611903483387E+00  4.342636019587584E+00  2.037491117603284E+02  6.791637058677435E+01  6.791637058677435E+01  2.037491117603231E+02  5.314859663485549E-12  3.000000000000079E+00  3.094682503854108E+03 -4.621251731750584E+02  2.632557330679050E+03  1.118340360108652E+22 -1.670004053534507E+21
  0.000000000000000E+00  1.262576425865877E+00 -1.012623007717474E+00  4.342760867860625E+00  2.048860239294599E+02  6.829534130981992E+01  6.829534130981992E+01  2.048860239294598E+02  1.136868377216160E-13  3.000000000000001E+00  3.125081567047945E+03 -4.656435241959785E+02  2.659438042851966E+03  1.148740512795879E+22 -1.711646781975858E+21
  0.000000000000000E+00  1.262611945044396E+00 -1.012478564255462E+00  4.342743047151004E+00  2.047230611370917E+02  6.824102037903050E+01  6.824102037903050E+01  2.047230611370915E+02  1.989519660128281E-13  3.000000000000003E+00  3.120719946748125E+03 -4.651261489760632E+02  2.655593797772061E+03  1.144327487910546E+22 -1.705557200587354E+21
  0.000000000000000E+00  1.262647464222916E+00 -1.012334120793449E+00  4.342725221525438E+00  2.045602834051599E+02  6.818676113505313E+01  6.818676113505313E+01  2.045602834051594E+02  4.263256414560601E-13  3.000000000000006E+00  3.116363693369245E+03 -4.646126981717824E+02  2.651750995197463E+03  1.139931057194612E+22 -1.699501394333078E+21
  0.000000000000000E+00  1.262682983401435E+00 -1.012189677331437E+00  4.342707390981904E+00  2.043976893490666E+02  6.813256311635531E+01  6.813256311635531E+01  2.043976893490660E+02  5.968558980384842E-13  3.000000000000009E+00  3.112013986265993E+03 -4.641031721161035E+02  2.647910814149890E+03  1.135559792521289E+22 -1.693491430830570E+21
  0.000000000000000E+00  1.262434349151800E+00 -1.013200781565524E+00  4.342832101580083E+00  2.055397900795360E+02  6.851326335984535E+01  6.851326335984535E+01  2.055397900795361E+02 -8.526512829121202E-14  2.999999999999999E+00  3.142642426173400E+03 -4.678216971124905E+02  2.674820729060909E+03  1.166683609642278E+22 -1.736754718610362E+21
  0.000000000000000E+00  1.262469868330319E+00 -1.013056338103512E+00  4.342814300514032E+00  2.053760537893022E+02  6.845868459643407E+01  6.845868459643407E+01  2.053760537893023E+02 -8.526512829121202E-14  2.999999999999999E+00  3.138233396898687E+03 -4.672616737527394E+02  2.670971723145947E+03  1.162161084277969E+22 -1.730379053217223E+21
  0.000000000000000E+00  1.262505387508839E+00 -1.012911894641499E+00  4.342796494540119E+00  2.052125164176180E+02  6.840417213920600E+01  6.840417213920600E+01  2.052125164176180E+02  0.000000000000000E+00  3.000000000000000E+00  3.133836503038428E+03 -4.667119698977229E+02  2.667124533140705E+03  1.157656934793736E+22 -1.724060422359306E+21
  0.000000000000000E+00  1.262540906687358E+00 -1.012767451179487E+00  4.342778683656323E+00  2.050491743393739E+02  6.834972477979127E+01  6.834972477979127E+01  2.050491743393738E+02  2.842170943040401E-14  3.000000000000000E+00  3.129452356755990E+03 -4.661725864207446E+02  2.663279770335245E+03  1.153180361955078E+22 -1.717811970460765E+21
  0.000000000000000E+00  1.262292272437723E+00 -1.013778555413574E+00  4.342903256805979E+00  2.061968636631190E+02  6.873228788770768E+01  6.873228788770768E+01  2.061968636631231E+02 -4.121147867408581E-12  2.999999999999940E+00  3.160519338985149E+03 -4.702929426441855E+02  2.690226396340963E+03  1.185117678402981E+22 -1.763483847356399E+21
  0.000000000000000E+00  1.262327791616243E+00 -1.013634111951561E+00  4.342885475351219E+00  2.060322598071409E+02  6.867741993571478E+01  6.867741993571478E+01  2.060322598071444E+02 -3.495870259939693E-12  2.999999999999949E+00  3.156011812167959E+03 -4.696412606363157E+02  2.686370551531644E+03  1.180463697526548E+22 -1.756629860839919E+21
  0.000000000000000E+00  1.262363310794762E+00 -1.013489668489549E+00  4.342867688996660E+00  2.058678848719153E+02  6.862262829063911E+01  6.862262829063911E+01  2.058678848719174E+02 -2.160049916710705E-12  2.999999999999968E+00  3.151528724531730E+03 -4.690121577722627E+02  2.682516566759468E+03  1.175833583626779E+22 -1.749881706440196E+21
  0.000000000000000E+00  1.262398829973281E+00 -1.013345225027537E+00  4.342849897740286E+00  2.057037309363957E+02  6.856791031213214E+01  6.856791031213214E+01  2.057037309363965E+02 -7.673861546209082E-13  2.999999999999989E+00  3.147071718007583E+03 -4.684056359614322E+02  2.678666082046151E+03  1.171237015055220E+22 -1.743252356656933E+21
  0.000000000000000E+00  1.262150195723647E+00 -1.014356329261624E+00  4.342974333667264E+00  2.068577958911150E+02  6.895259863037232E+01  6.895259863037232E+01  2.068577958911170E+02 -2.017941369558685E-12  2.999999999999971E+00  3.178926207908184E+03 -4.732641869356818E+02  2.705662020972502E+03  1.204159006077344E+22 -1.792697583022767E+21
  0.000000000000000E+00  1.262185714902166E+00 -1.014211885799611E+00  4.342956571791584E+00  2.066921589912729E+02  6.889738633042514E+01  6.889738633042514E+01  2.066921589912754E+02 -2.557953848736361E-12  2.999999999999963E+00  3.174263397114437E+03 -4.724650061445602E+02  2.701798390969876E+03  1.199339873541358E+22 -1.785126342184594E+21
  0.000000000000000E+00  1.262221234080685E+00 -1.014067442337599E+00  4.342938805024150E+00  2.065268001056023E+02  6.884226670186850E+01  6.884226670186850E+01  2.065268001056055E+02 -3.268496584496461E-12  2.999999999999952E+00  3.169640956526400E+03 -4.717034030482967E+02  2.697937553478103E+03  1.194553501448521E+22 -1.777724857436333E+21
  0.000000000000000E+00  1.262256753259204E+00 -1.013922998875586E+00  4.342921033362952E+00  2.063617060556890E+02  6.878723535189761E+01  6.878723535189761E+01  2.063617060556928E+02 -3.865352482534945E-12  2.999999999999944E+00  3.165059425214546E+03 -4.709793808226117E+02  2.694080044391934E+03  1.189809564214833E+22 -1.770506320944473E+21
  0.000000000000000E+00  1.262008119009570E+00 -1.014934103109674E+00  4.343045332292606E+00  2.075234398564506E+02  6.917447995215026E+01  6.917447995215026E+01  2.075234398564508E+02 -2.557953848736361E-13  2.999999999999996E+00  3.198101736427193E+03 -4.769642078761716E+02  2.721137528551022E+03  1.223949338113500E+22 -1.825395420928817E+21
  0.000000000000000E+00  1.262043638188089E+00 -1.014789659647661E+00  4.343027589963864E+00  2.073565257463851E+02  6.911884191546186E+01  6.911884191546186E+01  2.073565257463856E+02 -4.547473508864641E-13  2.999999999999993E+00  3.193218515405133E+03 -4.759533605384301E+02  2.717265154866703E+03  1.218928550206757E+22 -1.816828810581843E+21
  0.000000000000000E+00  1.262079157366608E+00 -1.014645216185649E+00  4.343009842751398E+00  2.071899604265988E+02  6.906332014219988E+01  6.906332014219988E+01  2.071899604265997E+02 -9.663381206337363E-13  2.999999999999986E+00  3.188397571174505E+03 -4.749997380451161E+02  2.713397833129389E+03  1.213950662020761E+22 -1.808514257044631E+21
  0.000000000000000E+00  1.262114676545127E+00 -1.014500772723636E+00  4.342992090653199E+00  2.070237238304043E+02  6.900790794346861E+01  6.900790794346861E+01  2.070237238304059E+02 -1.534772309241816E-12  2.999999999999977E+00  3.183634822821761E+03 -4.741033452318017E+02  2.709531477589960E+03  1.209024538590917E+22 -1.800465851498762E+21
  0.000000000000000E+00  1.261866042295493E+00 -1.015511876957723E+00  4.343116252810394E+00  2.081949906353603E+02  6.939833021178758E+01  6.939833021178758E+01  2.081949906353627E+02 -2.415845301584341E-12  2.999999999999965E+00  3.218308781283421E+03 -4.816439958841175E+02  2.736664785399304E+03  1.244645248043117E+22 -1.862704766590489E+21
  0.000000000000000E+00  1.261901561474012E+00 -1.015367433495711E+00  4.343098529996519E+00  2.080264672381099E+02  6.934215574603731E+01  6.934215574603731E+01  2.080264672381120E+02 -2.017941369558685E-12  2.999999999999971E+00  3.213138005024911E+03 -4.803561929313645E+02  2.732781812093546E+03  1.239378659196821E+22 -1.852840473708655E+21
  0.000000000000000E+00  1.261937080652531E+00 -1.015222990033698E+00  4.343080802306931E+00  2.078583860101205E+02  6.928612867004060E+01  6.928612867004060E+01  2.078583860101218E+02 -1.278976924368180E-12  2.999999999999981E+00  3.208054139573373E+03 -4.791469561854419E+02  2.728907183387931E+03  1.234170071808078E+22 -1.843325603602968E+21
  0.000000000000000E+00  1.261972599831050E+00 -1.015078546571686E+00  4.343063069739627E+00  2.076907194000236E+02  6.923023980000804E+01  6.923023980000804E+01  2.076907194000241E+02 -5.115907697472721E-13  2.999999999999992E+00  3.203045820609811E+03 -4.780162922871617E+02  2.725029528322649E+03  1.229025093942445E+22 -1.834173007310893E+21
  0.000000000000000E+00  1.261723965581416E+00 -1.016089650805773E+00  4.343187095348737E+00  2.088739455790527E+02  6.962464852635070E+01  6.962464852635070E+01  2.088739455790521E+02  5.684341886080801E-13  3.000000000000008E+00  3.239721822759625E+03 -4.874644830462563E+02  2.752257339713369E+03  1.266438783771571E+22 -1.905546095667803E+21
  0.000000000000000E+00  1.261759484759935E+00 -1.015945207343761E+00  4.343169392017728E+00  2.087034183061723E+02  6.956780610205739E+01  6.956780610205739E+01  2.087034183061722E+02  1.136868377216160E-13  3.000000000000002E+00  3.234230822590758E+03 -4.858675494788046E+02  2.748363273111953E+03  1.260875250435589E+22 -1.894170211502963E+21
  0.000000000000000E+00  1.261795003938454E+00 -1.015800763881748E+00  4.343151683819000E+00  2.085334388287158E+02  6.951114627623892E+01  6.951114627623892E+01  2.085334388287168E+02 -9.947598300641403E-13  2.999999999999986E+00  3.228847828584406E+03 -4.843651517686410E+02  2.744482676815765E+03  1.255388133691427E+22 -1.883229858406141E+21
  0.000000000000000E+00  1.261830523116973E+00 -1.015656320419736E+00  4.343133970750555E+00  2.083639739905046E+02  6.945465799683554E+01  6.945465799683554E+01  2.083639739905067E+02 -2.046363078989089E-12  2.999999999999970E+00  3.223548542982172E+03 -4.829572979065689E+02  2.740591245075602E+03  1.249977937676618E+22 -1.872737324019457E+21
  0.000000000000000E+00  1.261581888867339E+00 -1.016667424653823E+00  4.343257860035465E+00  2.095619562028270E+02  6.985398540094360E+01  6.985398540094360E+01  2.095619562028309E+02 -3.893774191965349E-12  2.999999999999944E+00  3.262421985343168E+03 -4.944948318205790E+02  2.767927153522589E+03  1.289544752650848E+22 -1.954600656972080E+21
  0.000000000000000E+00  1.261617408045858E+00 -1.016522981191811E+00  4.343240176155391E+00  2.093890032631601E+02  6.979633442105441E+01  6.979633442105441E+01  2.093890032631632E+02 -3.154809746774845E-12  2.999999999999955E+00  3.256594503499119E+03 -4.925734321032335E+02  2.764021071395885E+03  1.283629306243945E+22 -1.941542590720164E+21
  0.000000000000000E+00  1.261652927224377E+00 -1.016378537729798E+00  4.343222487415574E+00  2.092167093831997E+02  6.973890312773375E+01  6.973890312773375E+01  2.092167093832013E+02 -1.648459146963432E-12  2.999999999999976E+00  3.250895827495972E+03 -4.907612345804676E+02  2.760134592915504E+03  1.277810013957568E+22 -1.929005582723114E+21
  0.000000000000000E+00  1.261688446402896E+00 -1.016234094267786E+00  4.343204793814021E+00  2.090450362571093E+02  6.968167875236979E+01  6.968167875236979E+01  2.090450362571094E+02 -1.421085471520200E-13  2.999999999999998E+00  3.245285142220958E+03 -4.890582484837778E+02  2.756226893737180E+03  1.272081553556028E+22 -1.917002510555592E+21
  0.000000000000000E+00  1.261439812153262E+00 -1.017245198501873E+00  4.343328546998133E+00  2.102608079429861E+02  7.008693598099595E+01  7.008693598099595E+01  2.102608079429878E+02 -1.762145984685048E-12  2.999999999999975E+00  3.286572895580980E+03 -5.028889821249213E+02  2.783683913456059E+03  1.314221143294905E+22 -2.010931611853976E+21
  0.000000000000000E+00  1.261475331331781E+00 -1.017100755039861E+00  4.343310882537131E+00  2.100849607602769E+02  7.002832025342634E+01  7.002832025342633E+01  2.100849607602790E+02 -2.160049916710705E-12  2.999999999999969E+00  3.280351266719581E+03 -5.005881142520470E+02  2.779763152467533E+03  1.307884324426583E+22 -1.995857438399396E+21
  0.000000000000000E+00  1.261510850510300E+00 -1.016956311577848E+00  4.343293213224346E+00  2.099099012871202E+02  6.996996709570764E+01  6.996996709570764E+01  2.099099012871230E+02 -2.813749233609997E-12  2.999999999999960E+00  3.274289997005620E+03 -4.984221256411384E+02  2.775867871364482E+03  1.301666036731552E+22 -1.981434611766011E+21
  0.000000000000000E+00  1.261546369688819E+00 -1.016811868115836E+00  4.343275539057786E+00  2.097355822068566E+02  6.991186073562002E+01  6.991186073562002E+01  2.097355822068601E+02 -3.495870259939693E-12  2.999999999999950E+00  3.268332383214946E+03 -4.963910276958232E+02  2.771941355519123E+03  1.295556134965078E+22 -1.967677597834606E+21
  0.000000000000000E+00  1.261297735439185E+00 -1.017822972349923E+00  4.343399156364016E+00  2.109726390041607E+02  7.032421300138950E+01  7.032421300138950E+01  2.109726390041685E+02 -7.787548383930698E-12  2.999999999999889E+00  3.312515119007046E+03 -5.129776524615670E+02  2.799537466545480E+03  1.340774959466450E+22 -2.076330421074491E+21
  0.000000000000000E+00  1.261333254617704E+00 -1.017678528887910E+00  4.343381511290294E+00  2.107933187260081E+02  7.026443957533832E+01  7.026443957533830E+01  2.107933187260149E+02 -6.878053682157770E-12  2.999999999999902E+00  3.305804998077655E+03 -5.102080766680099E+02  2.795596921409646E+03  1.333937031671557E+22 -2.058758601070370E+21
  0.000000000000000E+00  1.261368773796223E+00 -1.017534085425898E+00  4.343363861372728E+00  2.106149453658359E+02  7.020498178861354E+01  7.020498178861354E+01  2.106149453658406E+02 -4.774847184307873E-12  2.999999999999932E+00  3.299289571110116E+03 -5.076034303831617E+02  2.791686140726955E+03  1.327241220583294E+22 -2.041991713650431E+21
  0.000000000000000E+00  1.261404292974742E+00 -1.017389641963885E+00  4.343346206609336E+00  2.104374610595324E+02  7.014582035317837E+01  7.014582035317837E+01  2.104374610595351E+02 -2.756905814749189E-12  2.999999999999960E+00  3.292901284236045E+03 -5.051637275536357E+02  2.787737556682409E+03  1.320673735684099E+22 -2.026044541311372E+21
  0.000000000000000E+00  1.261155658725108E+00 -1.018400746197973E+00  4.343469688260114E+00  2.116999240989095E+02  7.056664136630414E+01  7.056664136630414E+01  2.116999240989124E+02 -2.927436071331613E-12  2.999999999999958E+00  3.340267368539785E+03 -5.247707276426706E+02  2.815496640897115E+03  1.369438293868168E+22 -2.151447925107545E+21
  0.000000000000000E+00  1.261191177903627E+00 -1.018256302735960E+00  4.343452062541947E+00  2.115165189977390E+02  7.050550633258088E+01  7.050550633258088E+01  2.115165189977427E+02 -3.694822225952521E-12  2.999999999999948E+00  3.333134862738429E+03 -5.216012303008373E+02  2.811533632437592E+03  1.362054080970347E+22 -2.131474163594810E+21
  0.000000000000000E+00  1.261226697082146E+00 -1.018111859273948E+00  4.343434431987861E+00  2.113342042887142E+02  7.044473476290653E+01  7.044473476290653E+01  2.113342042887196E+02 -5.371703082346357E-12  2.999999999999924E+00  3.326182522142969E+03 -5.185792103401623E+02  2.807603311802806E+03  1.354828607723821E+22 -2.112289223043068E+21
  0.000000000000000E+00  1.261262216260666E+00 -1.017967415811935E+00  4.343416796595878E+00  2.111529282110999E+02  7.038430940370230E+01  7.038430940370230E+01  2.111529282111069E+02 -7.020162229309790E-12  2.999999999999900E+00  3.319334455001193E+03 -5.157046802351612E+02  2.803629774766032E+03  1.347742031047700E+22 -2.093904312997861E+21
  0.000000000000000E+00  1.261013582011031E+00 -1.018978520046023E+00  4.343540142813152E+00  2.124445138063064E+02  7.081483793543539E+01  7.081483793543539E+01  2.124445138063062E+02  1.705302565824240E-13  3.000000000000003E+00  3.368803960636196E+03 -5.372498180885995E+02  2.831554142547597E+03  1.400283170458565E+22 -2.233142347824002E+21
  0.000000000000000E+00  1.261049101189550E+00 -1.018834076584010E+00  4.343522536418885E+00  2.122567110922210E+02  7.075223703074040E+01  7.075223703074040E+01  2.122567110922213E+02 -2.842170943040401E-13  2.999999999999996E+00  3.361641768359786E+03 -5.340721803337451E+02  2.827569588026041E+03  1.392355755276140E+22 -2.212069355573819E+21
  0.000000000000000E+00  1.261084620368070E+00 -1.018689633121998E+00  4.343504925196606E+00  2.120700209608333E+02  7.069000698694489E+01  7.069000698694489E+01  2.120700209608347E+02 -1.421085471520200E-12  2.999999999999980E+00  3.354548794530512E+03 -5.309331171583949E+02  2.823615677372117E+03  1.384588421755223E+22 -2.191423919492599E+21
  0.000000000000000E+00  1.261120139546589E+00 -1.018545189659985E+00  4.343487309144341E+00  2.118844298253329E+02  7.062814327511181E+01  7.062814327511181E+01  2.118844298253354E+02 -2.501110429875553E-12  2.999999999999964E+00  3.347449168358765E+03 -5.278326318361230E+02  2.819616536522642E+03  1.376957117463878E+22 -2.171214147496039E+21
  0.000000000000000E+00  1.260871505296954E+00 -1.019556293894073E+00  4.343610520149580E+00  2.132057974992457E+02  7.106859916641538E+01  7.106859916641538E+01  2.132057974992462E+02 -4.831690603168681E-13  2.999999999999993E+00  3.395530754548056E+03 -5.478727430654716E+02  2.847658011482585E+03  1.433068050649607E+22 -2.312271573029502E+21
  0.000000000000000E+00  1.260907024475473E+00 -1.019411850432060E+00  4.343592933047625E+00  2.130141034063903E+02  7.100470113546355E+01  7.100470113546355E+01  2.130141034063906E+02 -3.410605131648481E-13  2.999999999999995E+00  3.389154372110343E+03 -5.454878083393571E+02  2.843666563770985E+03  1.424711292196847E+22 -2.293087168563737E+21
  0.000000000000000E+00  1.260942543653992E+00 -1.019267406970048E+00  4.343575341125550E+00  2.128232825946032E+02  7.094109419820111E+01  7.094109419820111E+01  2.128232825946034E+02 -1.989519660128281E-13  2.999999999999997E+00  3.382619013296896E+03 -5.429223527637246E+02  2.839696660533172E+03  1.416472834709424E+22 -2.273489154478550E+21
  0.000000000000000E+00  1.260978062832512E+00 -1.019122963508035E+00  4.343557744381383E+00  2.126333983119025E+02  7.087779943730078E+01  7.087779943730078E+01  2.126333983119024E+02  5.684341886080801E-14  3.000000000000001E+00  3.375857749039882E+03 -5.401763610946144E+02  2.835681387945267E+03  1.408335665401741E+22 -2.253500270124941E+21
  0.000000000000000E+00  1.260729428582877E+00 -1.020134067742122E+00  4.343680820395574E+00  2.139789404431310E+02  7.132631348104523E+01  7.132631348104523E+01  2.139789404431357E+02 -4.718003765447065E-12  2.999999999999934E+00  3.417130304795374E+03 -5.534435951892069E+02  2.863686709606167E+03  1.467188707135305E+22 -2.376281032533210E+21
  0.000000000000000E+00  1.260764947761396E+00 -1.019989624280110E+00  4.343663252554413E+00  2.137849846500593E+02  7.126166155002110E+01  7.126166155002112E+01  2.137849846500634E+02 -4.092726157978177E-12  2.999999999999943E+00  3.412369345931420E+03 -5.526555671235799E+02  2.859713778807840E+03  1.458595733225195E+22 -2.362291330247474E+21
  0.000000000000000E+00  1.260800466939916E+00 -1.019845180818097E+00  4.343645679901006E+00  2.135913813364587E+02  7.119712711215375E+01  7.119712711215375E+01  2.135913813364613E+02 -2.529532139305957E-12  2.999999999999965E+00  3.407204984776204E+03 -5.514644384574786E+02  2.855740546318725E+03  1.450036382932151E+22 -2.346919258540340E+21
  0.000000000000000E+00  1.260835986118435E+00 -1.019700737356085E+00  4.343628102433383E+00  2.133982718402229E+02  7.113275728007469E+01  7.113275728007469E+01  2.133982718402241E+02 -1.136868377216160E-12  2.999999999999984E+00  3.401603355703619E+03 -5.498701751263159E+02  2.851733180577303E+03  1.441523032584613E+22 -2.330226188914257E+21
  0.000000000000000E+00  1.260587351868800E+00 -1.020711841590172E+00  4.343751043677036E+00  2.147542313996038E+02  7.158474379987045E+01  7.158474379987045E+01  2.147542313996114E+02 -7.645439836778678E-12  2.999999999999893E+00  3.429270446547313E+03 -5.498302471801309E+02  2.879440199367182E+03  1.500939119393963E+22 -2.406522728032744E+21
  0.000000000000000E+00  1.260622871047319E+00 -1.020567398128160E+00  4.343733495065220E+00  2.145610108906026E+02  7.152033696353661E+01  7.152033696353661E+01  2.145610108906099E+02 -7.219114195322618E-12  2.999999999999899E+00  3.427421906580707E+03 -5.518899854290974E+02  2.875531921151610E+03  1.492714837312994E+22 -2.403597783607348E+21
  0.000000000000000E+00  1.260658390225839E+00 -1.020422954666147E+00  4.343715941649013E+00  2.143672086307130E+02  7.145573621023972E+01  7.145573621023972E+01  2.143672086307192E+02 -6.224354365258478E-12  2.999999999999913E+00  3.424766857644137E+03 -5.531788329602418E+02  2.871588024683895E+03  1.484309324842026E+22 -2.397501886107760E+21
  0.000000000000000E+00  1.260693909404358E+00 -1.020278511204135E+00  4.343698383426452E+00  2.141730950161505E+02  7.139103167205188E+01  7.139103167205188E+01  2.141730950161557E+02 -5.201172825763933E-12  2.999999999999927E+00  3.421328591027976E+03 -5.536967246031220E+02  2.867631866424854E+03  1.475781274191186E+22 -2.388356558014103E+21
  0.000000000000000E+00  1.260445275154723E+00 -1.021289615438222E+00  4.343821190119598E+00  2.155136653758211E+02  7.183788845860427E+01  7.183788845860427E+01  2.155136653758128E+02  8.242295734817162E-12  3.000000000000115E+00  3.423495561746133E+03 -5.288878047341852E+02  2.894607757011948E+03  1.530151653728656E+22 -2.363895423419695E+21
  0.000000000000000E+00  1.260480794333243E+00 -1.021145171976209E+00  4.343803660705744E+00  2.153268088328783E+02  7.177560294429084E+01  7.177560294429085E+01  2.153268088328726E+02  5.684341886080801E-12  3.000000000000079E+00  3.427178811504932E+03 -5.363073909687388E+02  2.890871420536193E+03  1.523548580135441E+22 -2.384148621844936E+21
  0.000000000000000E+00  1.260516313511762E+00 -1.021000728514197E+00  4.343786126495338E+00  2.151376104578439E+02  7.171253681928123E+01  7.171253681928123E+01  2.151376104578437E+02  2.273736754432321E-13  3.000000000000003E+00  3.429334031359333E+03 -5.422710755276540E+02  2.887062955831678E+03  1.516437567839133E+22 -2.397900651738822E+21
  0.000000000000000E+00  1.260551832690281E+00 -1.020856285052185E+00  4.343768587486422E+00  2.149465810477439E+02  7.164886034924969E+01  7.164886034924969E+01  2.149465810477491E+02 -5.229594535194337E-12  2.999999999999927E+00  3.430013791179847E+03 -5.467787353013435E+02  2.883235055878503E+03  1.508880736312380E+22 -2.405307823668120E+21
  0.000000000000000E+00  1.260303198440647E+00 -1.021867389286272E+00  4.343891259848617E+00  2.162209546855740E+02  7.207365156184083E+01  7.207365156184083E+01  2.162209546855225E+02  5.150013748789206E-11  3.000000000000715E+00  3.379349306542413E+03 -4.706952053549138E+02  2.908654101187499E+03  1.547251493604677E+22 -2.155100859529361E+21
  0.000000000000000E+00  1.260338717619166E+00 -1.021722945824259E+00  4.343873749601411E+00  2.160523437118405E+02  7.201744790393192E+01  7.201744790393192E+01  2.160523437117958E+02  4.473577064345591E-11  3.000000000000621E+00  3.395349515163377E+03 -4.900642582943287E+02  2.905285256869048E+03  1.544439194445368E+22 -2.229150327312153E+21
  0.000000000000000E+00  1.260374236797685E+00 -1.021578502362247E+00  4.343856234565476E+00  2.158775066896963E+02  7.195916889655547E+01  7.195916889655547E+01  2.158775066896664E+02  2.989963832078502E-11  3.000000000000416E+00  3.408025119113073E+03 -5.062195570354625E+02  2.901805562077610E+03  1.540684589331504E+22 -2.288494488989360E+21
  0.000000000000000E+00  1.260409755976204E+00 -1.021434058900234E+00  4.343838714738856E+00  2.156975713380527E+02  7.189919044601253E+01  7.189919044601253E+01  2.156975713380376E+02  1.509192770754453E-11  3.000000000000210E+00  3.417399393962814E+03 -5.191608297809772E+02  2.898238564181837E+03  1.535939664790479E+22 -2.333352409071147E+21
  0.000000000000000E+00  1.260161121726570E+00 -1.022445163134322E+00  4.343961252989180E+00  2.168111962515065E+02  7.227039875048501E+01  7.227039875048501E+01  2.168111962514551E+02  5.141487235960085E-11  3.000000000000711E+00  3.282990717285490E+03 -3.622524972551150E+02  2.920738220030375E+03  1.553040171783889E+22 -1.713659065814847E+21
  0.000000000000000E+00  1.260196640905089E+00 -1.022300719672309E+00  4.343943761877377E+00  2.166784409193143E+02  7.222614697308762E+01  7.222614697308762E+01  2.166784409192629E+02  5.138645065017045E-11  3.000000000000711E+00  3.311950618352372E+03 -3.940178411265993E+02  2.917932777225772E+03  1.552437117467038E+22 -1.846911358278239E+21
  0.000000000000000E+00  1.260232160083608E+00 -1.022156276210297E+00  4.343926265984648E+00  2.165350894051571E+02  7.217836313503518E+01  7.217836313503518E+01  2.165350894051056E+02  5.147171577846166E-11  3.000000000000713E+00  3.337638875312395E+03 -4.226802487782194E+02  2.914958626534176E+03  1.551196848921185E+22 -1.964443411945303E+21
  0.000000000000000E+00  1.260267679262127E+00 -1.022011832748284E+00  4.343908765309045E+00  2.163822309226913E+02  7.212741030754661E+01  7.212741030754661E+01  2.163822309226398E+02  5.147171577846166E-11  3.000000000000714E+00  3.360092729942885E+03 -4.482394576932363E+02  2.911853272249649E+03  1.549432696135069E+22 -2.066957454056804E+21
  0.000000000000000E+00  1.260019045012493E+00 -1.023022936982372E+00  4.344031169666106E+00  2.172410358598106E+02  7.241367861987634E+01  7.241367861987634E+01  2.172410358596291E+02  1.815294581319904E-10  3.000000000002507E+00  3.174343335360143E+03 -2.440478286079625E+02  2.930295506752181E+03  1.554417886412911E+22 -1.195057590975459E+21
  0.000000000000000E+00  1.260054564191012E+00 -1.022878493520359E+00  4.344013697658525E+00  2.171495353484180E+02  7.238317844941889E+01  7.238317844941889E+01  2.171495353482567E+02  1.613500444364036E-10  3.000000000002229E+00  3.203649532741998E+03 -2.771125471160256E+02  2.926536985625972E+03  1.558201730305719E+22 -1.347829236602050E+21
  0.000000000000000E+00  1.260090083369531E+00 -1.022734050058347E+00  4.343996220877807E+00  2.170468469366821E+02  7.234894897885516E+01  7.234894897885516E+01  2.170468469365655E+02  1.166426955023780E-10  3.000000000001612E+00  3.229419650931537E+03 -3.078350302100787E+02  2.921584620721458E+03  1.557359539270765E+22 -1.484507659700042E+21
  0.000000000000000E+00  1.260125602548050E+00 -1.022589606596334E+00  4.343978739322008E+00  2.169337930844344E+02  7.231126436145421E+01  7.231126436145421E+01  2.169337930843626E+02  7.179323802120052E-11  3.000000000000993E+00  3.254816975810368E+03 -3.362150796646295E+02  2.918601896145738E+03  1.554706234826686E+22 -1.605975649267367E+21
  0.000000000000000E+00  1.259534228874564E+00 -1.024994506267511E+00  4.344269176215986E+00  2.185548989346640E+02  7.285163297840597E+01  7.285163297840597E+01  2.185548989352180E+02 -5.539959602174349E-10  2.999999999992396E+00  3.380530453261428E+03 -4.184635774933628E+02  2.962066875768066E+03  1.651484439759536E+22 -2.044312560975925E+21
  0.000000000000000E+00  1.259655432909046E+00 -1.024501613946226E+00  4.344209757643641E+00  2.181224516619028E+02  7.270748388744731E+01  7.270748388744731E+01  2.181224516623420E+02 -4.392006758280331E-10  2.999999999993959E+00  3.248904573915742E+03 -3.107583247020269E+02  2.938146249213715E+03  1.609822017059689E+22 -1.539797743234304E+21
  0.000000000000000E+00  1.259776636943528E+00 -1.024008721624941E+00  4.344150283745827E+00  2.177934535196139E+02  7.259781783993348E+01  7.259781783993348E+01  2.177934535198005E+02 -1.865601007011719E-10  2.999999999997430E+00  3.152383575194182E+03 -2.457790569041450E+02  2.906604518290037E+03  1.570695728832738E+22 -1.224610221781464E+21
  0.000000000000000E+00  1.259897840978010E+00 -1.023515829303656E+00  4.344090754445658E+00  2.175167123161367E+02  7.250557077202350E+01  7.250557077202350E+01  2.175167123160705E+02  6.619416126341093E-11  3.000000000000913E+00  3.118494851337439E+03 -2.235381121795812E+02  2.894956739157858E+03  1.548146908254231E+22 -1.109733553349899E+21
  0.000000000000000E+00  1.259056564055448E+00 -1.026936993763872E+00  4.344502807488166E+00  2.211827539714825E+02  7.372758465706426E+01  7.372758465706426E+01  2.211827539711928E+02  2.896740625146776E-10  3.000000000003929E+00  3.609577863485932E+03 -5.951135326042632E+02  3.014464330881669E+03  1.709780427183508E+22 -2.818926501882260E+21
  0.000000000000000E+00  1.259175980260227E+00 -1.026451371889782E+00  4.344444479860325E+00  2.204695462998013E+02  7.348984876654779E+01  7.348984876654779E+01  2.204695462996434E+02  1.578825958858943E-10  3.000000000002149E+00  3.609090435001170E+03 -6.069559200869178E+02  3.002134514914253E+03  1.702121258621579E+22 -2.862528920325678E+21
  0.000000000000000E+00  1.259295396465006E+00 -1.025965750015692E+00  4.344386098821037E+00  2.197644580718182E+02  7.325481935731673E+01  7.325481935731673E+01  2.197644580719502E+02 -1.320472620136570E-10  2.999999999998197E+00  3.572391560058581E+03 -5.814688035691158E+02  2.990922756489465E+03  1.694285010908861E+22 -2.757743269839399E+21
  0.000000000000000E+00  1.259414812669785E+00 -1.025480128141601E+00  4.344327664297301E+00  2.191115540344626E+02  7.303718467829491E+01  7.303718467829491E+01  2.191115540348847E+02 -4.221192284603603E-10  2.999999999994221E+00  3.497013436218576E+03 -5.186415627910217E+02  2.978371873427555E+03  1.679752160410077E+22 -2.491238027723221E+21
  0.000000000000000E+00  1.258585736446795E+00 -1.028851676834825E+00  4.344732259397783E+00  2.238242494941387E+02  7.460808316471231E+01  7.460808316471231E+01  2.238242494941370E+02  1.762145984685048E-12  3.000000000000024E+00  3.652236215409354E+03 -5.854842144413859E+02  3.066752000967969E+03  1.791105867627917E+22 -2.871293503593799E+21
  0.000000000000000E+00  1.258703443348959E+00 -1.028373006067087E+00  4.344674973910743E+00  2.231579795653325E+02  7.438599318842859E+01  7.438599318842859E+01  2.231579795652858E+02  4.672529030358419E-11  3.000000000000628E+00  3.617002741218982E+03 -5.621113761779515E+02  3.054891365041030E+03  1.761024710735058E+22 -2.736774325200136E+21
  0.000000000000000E+00  1.258821150251122E+00 -1.027894335299348E+00  4.344617636809753E+00  2.225089770241993E+02  7.416965900801785E+01  7.416965900801785E+01  2.225089770240536E+02  1.457465259591118E-10  3.000000000001966E+00  3.600010563564522E+03 -5.559221021101354E+02  3.044088461454387E+03  1.738142195996242E+22 -2.684080077831248E+21
  0.000000000000000E+00  1.258938857153285E+00 -1.027415664531610E+00  4.344560248025406E+00  2.218572368373717E+02  7.395241227904233E+01  7.395241227904233E+01  2.218572368371270E+02  2.447393399052089E-10  3.000000000003309E+00  3.598457355283846E+03 -5.669212137487358E+02  3.031536141535110E+03  1.721404196761932E+22 -2.711997003792374E+21
  0.000000000000000E+00  1.258160880064844E+00 -1.030717618751664E+00  4.344984220278776E+00  2.268687146887242E+02  7.562290489625326E+01  7.562290489625326E+01  2.268687146887598E+02 -3.561240191629622E-11  2.999999999999529E+00  3.989061952197840E+03 -7.567362589907045E+02  3.232325693207135E+03  2.032725198110256E+22 -3.856136807117214E+21
  0.000000000000000E+00  1.258260031922352E+00 -1.030249573188644E+00  4.344914738493019E+00  2.260359481192815E+02  7.534531603977047E+01  7.534531603977047E+01  2.260359481193115E+02 -2.998490344907623E-11  2.999999999999602E+00  3.898804276933734E+03 -7.165950893591541E+02  3.182209187574580E+03  1.963113406128899E+22 -3.608176576110289E+21
  0.000000000000000E+00  1.258364354404788E+00 -1.029782627360958E+00  4.344849997361576E+00  2.252495923997433E+02  7.508319746658680E+01  7.508319746658680E+01  2.252495923997604E+02 -1.716671249596402E-11  2.999999999999772E+00  3.809508106747138E+03 -6.746567008854880E+02  3.134851405861649E+03  1.898343792641906E+22 -3.361931053570648E+21
  0.000000000000000E+00  1.258473153812740E+00 -1.029316691749415E+00  4.344789377725034E+00  2.245116815260492E+02  7.483722717535112E+01  7.483722717535112E+01  2.245116815260534E+02 -4.177991286269389E-12  2.999999999999944E+00  3.725846438879349E+03 -6.309480633335218E+02  3.094898375545827E+03  1.840405007104233E+22 -3.116607176464834E+21
  0.000000000000000E+00  1.257822171258558E+00 -1.032514576413653E+00  4.345286349785662E+00  2.303381456551282E+02  7.677938188504662E+01  7.677938188504662E+01  2.303381456551399E+02 -1.165290086646564E-11  2.999999999999848E+00  4.213319504273850E+03 -8.375648333187903E+02  3.375754670955060E+03  2.274052503105228E+22 -4.520583838442534E+21
  0.000000000000000E+00  1.257901708318137E+00 -1.032064385192116E+00  4.345206194574796E+00  2.294403346710587E+02  7.648011155702466E+01  7.648011155702464E+01  2.294403346710740E+02 -1.529087967355736E-11  2.999999999999800E+00  4.167797027370711E+03 -8.239055387053468E+02  3.343891488665365E+03  2.215062114745120E+22 -4.378816753622476E+21
  0.000000000000000E+00  1.257984498547987E+00 -1.031614767247461E+00  4.345128949857906E+00  2.285596617081005E+02  7.618655390270796E+01  7.618655390270796E+01  2.285596617081239E+02 -2.341948857065290E-11  2.999999999999693E+00  4.116908793724115E+03 -8.058902421815980E+02  3.311018551542517E+03  2.155479785087291E+22 -4.219379668234501E+21
  0.000000000000000E+00  1.258070802334694E+00 -1.031165814470405E+00  4.345054872619780E+00  2.277008729770551E+02  7.590029099236223E+01  7.590029099236223E+01  2.277008729770867E+02 -3.163336259603966E-11  2.999999999999583E+00  4.058132209322473E+03 -7.835052579404706E+02  3.274626951382003E+03  2.094834688960910E+22 -4.044505966430773E+21
  0.000000000000000E+00  1.257541294509892E+00 -1.034260553980466E+00  4.345620182830678E+00  2.343371299649521E+02  7.811237665498462E+01  7.811237665498462E+01  2.343371299649538E+02 -1.733724275254644E-12  2.999999999999978E+00  4.650672378460456E+03 -1.154138570323336E+03  3.496533808137120E+03  2.671077437143930E+22 -6.628704934809306E+21
  0.000000000000000E+00  1.257607832566979E+00 -1.033823476655122E+00  4.345533483830915E+00  2.331979668601732E+02  7.773265562005879E+01  7.773265562005881E+01  2.331979668601764E+02 -3.268496584496461E-12  2.999999999999958E+00  4.495918038106332E+03 -1.031073115524707E+03  3.464844922581625E+03  2.542063627264963E+22 -5.829851527120150E+21
  0.000000000000000E+00  1.257676723644052E+00 -1.033386756922138E+00  4.345448847013227E+00  2.321721372457812E+02  7.739071241526261E+01  7.739071241526261E+01  2.321721372457879E+02 -6.707523425575346E-12  2.999999999999913E+00  4.369252790044698E+03 -9.372932644210454E+02  3.431959525623654E+03  2.431961956850675E+22 -5.217051223673976E+21
  0.000000000000000E+00  1.257748119341212E+00 -1.032950441326616E+00  4.345366419783811E+00  2.312290579135188E+02  7.707635263784296E+01  7.707635263784296E+01  2.312290579135289E+02 -1.011812855722383E-11  2.999999999999869E+00  4.274002151205155E+03 -8.727914367749548E+02  3.401210714430201E+03  2.342214287409649E+22 -4.783021862931600E+21
  0.000000000000000E+00  1.257341907603089E+00 -1.035667139012781E+00  4.345911319664120E+00  2.389039179963152E+02  7.963463933208307E+01  7.963463933208307E+01  2.389039179962492E+02  6.593836587853730E-11  3.000000000000828E+00  4.988474808777189E+03 -1.395664412997360E+03  3.592810395779829E+03  3.044347642424849E+22 -8.517408282485225E+21
  0.000000000000000E+00  1.257389812375091E+00 -1.035315220798772E+00  4.345836856549730E+00  2.377128882907402E+02  7.923762943022825E+01  7.923762943022825E+01  2.377128882906848E+02  5.533706826099660E-11  3.000000000000699E+00  4.986512102378260E+03 -1.430923198606573E+03  3.555588903771688E+03  2.976504997166816E+22 -8.541341049153443E+21
  0.000000000000000E+00  1.257438974409999E+00 -1.034963473582801E+00  4.345763476719519E+00  2.365190560734692E+02  7.883968535781234E+01  7.883968535781234E+01  2.365190560734371E+02  3.208810994692612E-11  3.000000000000407E+00  4.909480428292308E+03 -1.402429007630517E+03  3.507051420661791E+03  2.885879473658534E+22 -8.243725879954246E+21
  0.000000000000000E+00  1.257489449768152E+00 -1.034611912823741E+00  4.345691234136072E+00  2.353759578097804E+02  7.845865260325718E+01  7.845865260325718E+01  2.353759578097716E+02  8.839151632855646E-12  3.000000000000113E+00  4.787630143296044E+03 -1.310171746866478E+03  3.477458396429566E+03  2.781469198845007E+22 -7.611704016461919E+21
  0.000000000000000E+00  1.257270426637545E+00 -1.036209769338651E+00  4.346028079082816E+00  2.405222417752593E+02  8.017408059174470E+01  8.017408059174470E+01  2.405222417752341E+02  2.512479113647714E-11  3.000000000000314E+00  4.681859089647872E+03 -1.061384491952969E+03  3.620474597694903E+03  3.162889432065631E+22 -7.170317877313305E+21
  0.000000000000000E+00  1.257288037911242E+00 -1.036074077805645E+00  4.345998667679023E+00  2.401608982207057E+02  8.005363274022470E+01  8.005363274022470E+01  2.401608982206741E+02  3.149125404888764E-11  3.000000000000393E+00  4.789253071441463E+03 -1.169966183115867E+03  3.619286888325596E+03  3.129371104279969E+22 -7.644737732194132E+21
  0.000000000000000E+00  1.257305820073305E+00 -1.035938408449742E+00  4.345969402291112E+00  2.397671331475528E+02  7.992237771583572E+01  7.992237771583572E+01  2.397671331475072E+02  4.556000021693762E-11  3.000000000000570E+00  4.882191273552462E+03 -1.261873755920250E+03  3.620317517632212E+03  3.097153529218670E+22 -8.005046376917262E+21
  0.000000000000000E+00  1.257323775758875E+00 -1.035802761956827E+00  4.345940285444073E+00  2.393463414435171E+02  7.978211381448585E+01  7.978211381448585E+01  2.393463414434576E+02  5.951505954726599E-11  3.000000000000747E+00  4.951600837545795E+03 -1.337106707449169E+03  3.614494130096627E+03  3.068066812763655E+22 -8.284861500027027E+21
  0.000000000000000E+00  1.257228881796931E+00 -1.036535196583729E+00  4.346099177515382E+00  2.412465916913367E+02  8.041553056377721E+01  8.041553056377721E+01  2.412465916913317E+02  5.059064278611913E-12  3.000000000000063E+00  4.443814731854737E+03 -8.131000966994943E+02  3.630714635155243E+03  3.244712409367999E+22 -5.936962121546455E+21
  0.000000000000000E+00  1.257239179183264E+00 -1.036453828465247E+00  4.346081327283292E+00  2.410833142273519E+02  8.036110474244791E+01  8.036110474244791E+01  2.410833142273437E+02  8.157030606525950E-12  3.000000000000102E+00  4.499484302303477E+03 -8.714397156873465E+02  3.628044586616131E+03  3.228018017511268E+22 -6.251878914153661E+21
  0.000000000000000E+00  1.257249535433955E+00 -1.036372467795965E+00  4.346063527131132E+00  2.409084848238338E+02  8.030282827460624E+01  8.030282827460624E+01  2.409084848238188E+02  1.506350599811412E-11  3.000000000000187E+00  4.556963473167233E+03 -9.322669167613428E+02  3.624696556405890E+03  3.207086262030196E+22 -6.561080506560445E+21
  0.000000000000000E+00  1.257259951076287E+00 -1.036291114709296E+00  4.346045777562918E+00  2.407216213750478E+02  8.024054045834194E+01  8.024054045834194E+01  2.407216213750258E+02  2.194155968027189E-11  3.000000000000273E+00  4.617380531469081E+03 -9.955818063465382E+02  3.621798725122543E+03  3.184504019636682E+22 -6.866304915915137E+21
  0.000000000000000E+00  1.257194882285160E+00 -1.036807230593042E+00  4.346159200958303E+00  2.417314471157603E+02  8.057714903863679E+01  8.057714903863679E+01  2.417314471159104E+02 -1.500382040831028E-10  2.999999999998138E+00  4.241264653656955E+03 -6.054658904308612E+02  3.635798763226093E+03  3.233533910968512E+22 -4.616063010722195E+21
  0.000000000000000E+00  1.257203322084708E+00 -1.036739214599661E+00  4.346144144122118E+00  2.416252052639806E+02  8.054173508803545E+01  8.054173508803545E+01  2.416252052641064E+02 -1.257944859389681E-10  2.999999999998438E+00  4.325659134809016E+03 -7.010021170301961E+02  3.624657017778820E+03  3.270081736282717E+22 -5.299387095828516E+21
  0.000000000000000E+00  1.257211801742011E+00 -1.036671203551932E+00  4.346129121083890E+00  2.415058400544001E+02  8.050194668482420E+01  8.050194668482420E+01  2.415058400544726E+02 -7.250378075696062E-11  2.999999999999099E+00  4.374043236567226E+03 -7.674535963227040E+02  3.606589640244522E+03  3.273667162145929E+22 -5.743856429558683E+21
  0.000000000000000E+00  1.257220321548831E+00 -1.036603197522429E+00  4.346114132122121E+00  2.413780645193939E+02  8.045935483980436E+01  8.045935483980436E+01  2.413780645194131E+02 -1.918465386552271E-11  2.999999999999762E+00  4.406692059418348E+03 -8.048197836327508E+02  3.601872275785598E+03  3.260128934750312E+22 -5.954162960565349E+21
  0.000000000000000E+00  1.256942970246164E+00 -1.038998237461344E+00  4.346660250974033E+00  2.440296382773207E+02  8.134321275905289E+01  8.134321275905289E+01  2.440296382771587E+02  1.620321654627332E-10  3.000000000001992E+00  3.956010210002647E+03 -3.271397482268959E+02  3.628870461775752E+03  3.399240263564893E+22 -2.810980116213102E+21
  0.000000000000000E+00  1.257002565949093E+00 -1.038450103120065E+00  4.346532164718318E+00  2.435786092333214E+02  8.119286974440267E+01  8.119286974440267E+01  2.435786092332081E+02  1.133741989178816E-10  3.000000000001396E+00  3.854488672995665E+03 -3.679334708684509E+02  3.486555202127214E+03  3.250755234914081E+22 -3.103035857661916E+21
  0.000000000000000E+00  1.257064333908815E+00 -1.037902204596295E+00  4.346405882538697E+00  2.430619054446997E+02  8.102063514823118E+01  8.102063514823118E+01  2.430619054446936E+02  6.110667527536862E-12  3.000000000000075E+00  3.673500937832694E+03 -4.279165447951539E+02  3.245584393037540E+03  3.033765052165634E+22 -3.533953797243139E+21
  0.000000000000000E+00  1.257128398046960E+00 -1.037354570787974E+00  4.346281522016001E+00  2.424545202819984E+02  8.081817342736652E+01  8.081817342736652E+01  2.424545202820996E+02 -1.012381289910991E-10  2.999999999998747E+00  3.706922350476081E+03 -5.070926611752453E+02  3.199829689300836E+03  2.968587141339463E+22 -4.060912560628927E+21
  0.000000000000000E+00  1.256728504915683E+00 -1.041146880479662E+00  4.347177417923323E+00  2.457696657075683E+02  8.192322190254043E+01  8.192322190254043E+01  2.457696657076214E+02 -5.306333150656428E-11  2.999999999999353E+00  4.472064254544258E+03 -9.038002516213395E+02  3.568264002922918E+03  4.792004230680934E+22 -9.684598393368390E+21
  0.000000000000000E+00  1.256779463987926E+00 -1.040609458491333E+00  4.347045964883540E+00  2.449269991593057E+02  8.164233305310837E+01  8.164233305310837E+01  2.449269991593252E+02 -1.946887095982675E-11  2.999999999999762E+00  4.081375515342944E+03 -4.505636179030970E+02  3.630811897439848E+03  4.063837327166049E+22 -4.486274888978777E+21
  0.000000000000000E+00  1.256832138870778E+00 -1.040072199005823E+00  4.346915900262444E+00  2.445314880226961E+02  8.151049600754722E+01  8.151049600754722E+01  2.445314880226417E+02  5.439915184979327E-11  3.000000000000667E+00  3.926664486535056E+03 -2.033610095873184E+02  3.723303476947738E+03  3.663707292569155E+22 -1.897425197401399E+21
  0.000000000000000E+00  1.256886613108702E+00 -1.039535119502652E+00  4.346787302697829E+00  2.443200588709607E+02  8.144001962361078E+01  8.144001962361078E+01  2.443200588708324E+02  1.283240180782741E-10  3.000000000001576E+00  3.915199781251917E+03 -1.622105047579225E+02  3.752989276493994E+03  3.471008376191022E+22 -1.438072262409271E+21
  0.000000000000000E+00  1.256543310566115E+00 -1.043262399469302E+00  4.347706738880289E+00  2.454984942264691E+02  8.183283140885811E+01  8.183283140885811E+01  2.454984942265744E+02 -1.052740117302164E-10  2.999999999998713E+00  1.235917098121956E-11  5.554568490444227E+03  5.554568490444240E+03  1.655411089180211E+08  7.439895676388663E+22
  0.000000000000000E+00  1.256587447488040E+00 -1.042733333205554E+00  4.347572696730799E+00  2.496774199153345E+02  8.322580663847749E+01  8.322580663847748E+01  2.496774199154325E+02 -9.802647582546342E-11  2.999999999998823E+00  8.054821023550795E+02  1.384647959536666E+03  2.190130061891746E+03  1.022685775773838E+22  1.758027606736540E+22
  0.000000000000000E+00  1.256632985791617E+00 -1.042204383738234E+00  4.347439758686930E+00  2.496893018408473E+02  8.322976728030909E+01  8.322976728030909E+01  2.496893018409273E+02 -8.006395546544809E-11  2.999999999999038E+00  2.514395004869623E+03 -1.081820487684852E+03  1.432574517184772E+03  3.035793441377473E+22 -1.306152587362360E+22
  0.000000000000000E+00  1.256679985069836E+00 -1.041675562389038E+00  4.347307980475315E+00  2.476735728294458E+02  8.255785760983578E+01  8.255785760983578E+01  2.476735728295074E+02 -6.153300091682468E-11  2.999999999999255E+00  4.079320170090514E+03 -1.844700810568661E+03  2.234619359521852E+03  4.667279059879701E+22 -2.110580465842471E+22
  0.000000000000000E+00  1.256381728334212E+00 -1.045352264868897E+00  4.348245822873813E+00  1.602521899700737E+02  5.341739665664682E+01  5.341739665664682E+01  1.602521899699405E+02  1.332125521003036E-10  3.000000000002494E+00  2.833731500733624E-13  2.503416347004600E+04  2.503416347004600E+04  4.216857591436566E+06  3.725317739051762E+23
  0.000000000000000E+00  1.256420317261260E+00 -1.044829660773540E+00  4.348109660029079E+00  1.897383632219710E+02  6.324612107395824E+01  6.324612107395824E+01  1.897383632218747E+02  9.623590813134797E-11  3.000000000001522E+00  4.917162304411257E-11  2.229834171854995E+04  2.229834171855000E+04  7.268023517164861E+08  3.295902432563771E+23
  0.000000000000000E+00  1.256460081004545E+00 -1.044307143355611E+00  4.347974397540106E+00  2.149504301963259E+02  7.165014339877035E+01  7.165014339877035E+01  2.149504301963111E+02  1.480771061324049E-11  3.000000000000207E+00  1.357765506179598E-10  1.813993248248956E+04  1.813993248248969E+04  1.969603148925935E+09  2.631416689863185E+23
  0.000000000000000E+00  1.256501063970639E+00 -1.043784720344425E+00  4.347840076701413E+00  2.341249531216535E+02  7.804165104057351E+01  7.804165104057351E+01  2.341249531217206E+02 -6.710365596518386E-11  2.999999999999140E+00  1.572181768100991E-10  1.255874523168799E+04  1.255874523168815E+04  2.208469848030616E+09  1.764147806317747E+23
  0.000000000000000E+00  1.256239666378362E+00 -1.047422831420801E+00  4.348793247473354E+00  6.831890449209932E+01  2.277296816405729E+01  2.277296816405729E+01  6.831890449217190E+01 -7.257483503053663E-11  2.999999999996814E+00 -1.555429675991371E-13  9.179923818097795E+03  9.179923818097795E+03 -2.249002620608136E+06  1.327329228865730E+23
  0.000000000000000E+00  1.256273638792901E+00 -1.046905085348655E+00  4.348655236112076E+00  8.326087767168761E+01  2.775362589057600E+01  2.775362589057600E+01  8.326087767172801E+01 -4.040145995531930E-11  2.999999999998544E+00 -1.156531537892710E-12  1.496109164293216E+04  1.496109164293216E+04 -1.706271151675262E+07  2.207261819631690E+23
  0.000000000000000E+00  1.256308617075503E+00 -1.046387405230729E+00  4.348517973739538E+00  1.045556582354720E+02  3.485188607848056E+01  3.485188607848056E+01  1.045556582354417E+02  3.035438567167148E-11  3.000000000000871E+00  6.759572119102197E-13  1.953056705874224E+04  1.953056705874224E+04  1.005704534999775E+07  2.905802248427394E+23
  0.000000000000000E+00  1.256344635498497E+00 -1.045869796569863E+00  4.348381492070344E+00  1.307153832970637E+02  4.357179443232086E+01  4.357179443232086E+01  1.307153832969626E+02  1.010960204439471E-10  3.000000000002320E+00  2.190353577573598E-12  2.288828749189259E+04  2.288828749189259E+04  3.263405423705455E+07  3.410123475275409E+23
  0.000000000000000E+00  1.256114067844802E+00 -1.049479705680794E+00  4.349348221361768E+00  4.223065375884412E+01  1.407688458628626E+01  1.407688458628626E+01  4.223065375885879E+01 -1.466560206608847E-11  2.999999999998958E+00 -1.356542214940786E-13  2.946921386470923E+03  2.946921386470923E+03 -1.707350387117382E+06  3.709009063322992E+22
  0.000000000000000E+00  1.256144125574308E+00 -1.048965406274814E+00  4.349208502922586E+00  4.622963056877853E+01  1.540987685626742E+01  1.540987685626742E+01  4.622963056880226E+01 -2.372502194702975E-11  2.999999999998460E+00  7.695908485665782E-13  3.703088006920890E+03  3.703088006920891E+03  1.002298059788687E+07  4.822819724892385E+22
  0.000000000000000E+00  1.256175059753184E+00 -1.048451158059635E+00  4.349069417730184E+00  5.147617792542459E+01  1.715872597515607E+01  1.715872597515607E+01  5.147617792546824E+01 -4.364153483038535E-11  2.999999999997457E+00  1.819131790077672E-12  4.993945345088438E+03  4.993945345088440E+03  2.459257964810175E+07  6.751242506300799E+22
  0.000000000000000E+00  1.256206897611259E+00 -1.047936965090036E+00  4.348930990870840E+00  5.862202588209422E+01  1.954067529405259E+01  1.954067529405259E+01  5.862202588215777E+01 -6.355094228638336E-11  2.999999999996747E+00  1.882180261078956E-12  6.819539910379420E+03  6.819539910379423E+03  2.638021982963342E+07  9.558115430965146E+22
  0.000000000000000E+00  1.256002590567439E+00 -1.051527980601518E+00  4.349910385560706E+00  3.240711599525078E+01  1.080237199841645E+01  1.080237199841645E+01  3.240711599524934E+01  1.435296326235402E-12  3.000000000000133E+00  1.537826929191525E+02  1.483013215280033E+03  1.636795908199186E+03  1.646290440700159E+21  1.587610694937608E+22
  0.000000000000000E+00  1.256029274939992E+00 -1.051015848245539E+00  4.349769010202494E+00  3.428390866090427E+01  1.142796955363511E+01  1.142796955363511E+01  3.428390866090534E+01 -1.072919530997751E-12  2.999999999999906E+00  9.844308389964141E+01  1.633866520025831E+03  1.732309603925472E+03  1.101008459110426E+21  1.827351184405863E+22
  0.000000000000000E+00  1.256056734545976E+00 -1.050503756259399E+00  4.349628177525529E+00  3.643074833543000E+01  1.214358277847887E+01  1.214358277847887E+01  3.643074833543662E+01 -6.615152869926533E-12  2.999999999999455E+00  4.902157581045392E+01  1.928128399168915E+03  1.977149974979369E+03  5.725997570708750E+20  2.252163123508030E+22
  0.000000000000000E+00  1.256084991482032E+00 -1.049991707714137E+00  4.349487907807945E+00  3.902165628076447E+01  1.300721876025887E+01  1.300721876025887E+01  3.902165628077661E+01 -1.214317535414011E-11  2.999999999999066E+00  1.356310913574090E+01  2.365809402204731E+03  2.379372511340472E+03  1.649202648531391E+20  2.876699651228881E+22
  0.000000000000000E+00  1.255903408035790E+00 -1.053572363251895E+00  4.350479684101058E+00  2.662754593059566E+01  8.875848643534498E+00  8.875848643534498E+00  2.662754593060350E+01 -7.840839089112706E-12  2.999999999999117E+00  6.717154624718638E+02  8.749253622149153E+02  1.546640824686779E+03  5.317064181305128E+21  6.925602527637512E+21
  0.000000000000000E+00  1.255927143545744E+00 -1.053061216853623E+00  4.350336637337509E+00  2.778988535341553E+01  9.263295117807306E+00  9.263295117807306E+00  2.778988535342192E+01 -6.394884621840902E-12  2.999999999999309E+00  5.139719504146503E+02  1.042926057306103E+03  1.556898007720754E+03  4.508254180158598E+21  9.147922865544272E+21
  0.000000000000000E+00  1.255951573456954E+00 -1.052550102683010E+00  4.350194060706328E+00  2.914919974030499E+01  9.716399913436060E+00  9.716399913436060E+00  2.914919974030818E+01 -3.200995024599251E-12  2.999999999999670E+00  3.628758865994786E+02  1.200274295431634E+03  1.563150182031113E+03  3.458634187017137E+21  1.144002637066853E+22
  0.000000000000000E+00  1.255976716290495E+00 -1.052039023134246E+00  4.350051971130436E+00  3.069257973850355E+01  1.023085991283452E+01  1.023085991283452E+01  3.069257973850356E+01 -1.421085471520200E-14  2.999999999999999E+00  2.367767923727360E+02  1.346970076939091E+03  1.583746869311827E+03  2.410530319492534E+21  1.371296644985187E+22
  0.000000000000000E+00  1.255814754872832E+00 -1.055617470576308E+00  4.351056074179890E+00  2.375174680935553E+01  7.917248936450080E+00  7.917248936450080E+00  2.375174680935024E+01  5.286437954055145E-12  3.000000000000668E+00  1.126084668105946E+03  3.773632617404983E+02  1.503447929846444E+03  6.480480732301817E+21  2.171679817736215E+21
  0.000000000000000E+00  1.255835584869589E+00 -1.055106137783298E+00  4.350911026232616E+00  2.425950862050774E+01  8.086502873501500E+00  8.086502873501500E+00  2.425950862050450E+01  3.232969447708456E-12  3.000000000000400E+00  1.043679886396785E+03  4.651265691285910E+02  1.508806455525376E+03  6.361206688853641E+21  2.834936536833361E+21
  0.000000000000000E+00  1.255857484989274E+00 -1.054594848842806E+00  4.350766766040085E+00  2.488834916669736E+01  8.296116388899545E+00  8.296116388899545E+00  2.488834916669864E+01 -1.275424210689380E-12  2.999999999999846E+00  9.402874594333514E+02  5.773059521358737E+02  1.517593411569225E+03  6.147395755542007E+21  3.774301277981427E+21
  0.000000000000000E+00  1.255880183341478E+00 -1.054083593937962E+00  4.350623062487474E+00  2.566783831452610E+01  8.555946104843960E+00  8.555946104843960E+00  2.566783831453188E+01 -5.787370582766016E-12  2.999999999999324E+00  8.162108459986670E+02  7.139042858722227E+02  1.530115131870890E+03  5.819035228320129E+21  5.089658155738319E+21
  0.000000000000000E+00  1.255733722293830E+00 -1.057668353124756E+00  4.351638680536736E+00  2.252048415674199E+01  7.506828052247857E+00  7.506828052247857E+00  2.252048415674357E+01 -1.584510300745023E-12  2.999999999999789E+00  1.329611892006908E+03  1.656239633185793E+02  1.495235855325487E+03  6.480391697845681E+21  8.072341736008202E+20
  0.000000000000000E+00  1.255753980438580E+00 -1.057155632487644E+00  4.351493219923624E+00  2.274008997282515E+01  7.580029990941886E+00  7.580029990941886E+00  2.274008997282566E+01 -5.115907697472721E-13  2.999999999999932E+00  1.296126438658723E+03  1.982593249983252E+02  1.494385763657048E+03  6.513579937433969E+21  9.963364091659565E+20
  0.000000000000000E+00  1.255774238583331E+00 -1.056642911850532E+00  4.351347632100334E+00  2.300754626076281E+01  7.669182086920316E+00  7.669182086920316E+00  2.300754626076095E+01  1.858069254012662E-12  3.000000000000242E+00  1.249847394816578E+03  2.444272253821384E+02  1.494274620198716E+03  6.530555284028682E+21  1.277152326675891E+21
  0.000000000000000E+00  1.255794496728081E+00 -1.056130191213420E+00  4.351201916906099E+00  2.333928715984344E+01  7.779762386613071E+00  7.779762386613071E+00  2.333928715983922E+01  4.217071136736195E-12  3.000000000000542E+00  1.192572875876512E+03  3.041283193396649E+02  1.496701195216177E+03  6.522654534350415E+21  1.663398523723130E+21
  0.000000000000000E+00  1.255652175739458E+00 -1.059732244059818E+00  4.352222930103590E+00  2.198071504259983E+01  7.326905014202790E+00  7.326905014202790E+00  2.198071504260837E+01 -8.547829111194005E-12  2.999999999998833E+00  1.446766432222714E+03  5.614157977334079E+01  1.502908011996055E+03  6.202519283429117E+21  2.406879392490050E+20
  0.000000000000000E+00  1.255672562378051E+00 -1.059216271326052E+00  4.352077060140727E+00  2.206569833455125E+01  7.355232778186234E+00  7.355232778186234E+00  2.206569833455870E+01 -7.450040584444650E-12  2.999999999998987E+00  1.416735356829555E+03  8.297071134480242E+01  1.499706068174358E+03  6.323401919771292E+21  3.703282711717020E+20
  0.000000000000000E+00  1.255692949016644E+00 -1.058700298592287E+00  4.351931062000533E+00  2.218369419100558E+01  7.394564730336879E+00  7.394564730336879E+00  2.218369419101064E+01 -5.059064278611913E-12  2.999999999999316E+00  1.386648178946348E+03  1.101608074336662E+02  1.496808986380014E+03  6.397019376748943E+21  5.082044821541849E+20
  0.000000000000000E+00  1.255713335655237E+00 -1.058184325858522E+00  4.351784935520220E+00  2.233514275179257E+01  7.445047583931747E+00  7.445047583931747E+00  2.233514275179525E+01 -2.675193400136777E-12  2.999999999999641E+00  1.357333476768568E+03  1.377118855786711E+02  1.495045362347239E+03  6.443055514210107E+21  6.536973698330252E+20
  0.000000000000000E+00  1.255569975042303E+00 -1.061812690928736E+00  4.352809793425232E+00  2.178945129747902E+01  7.263150432489345E+00  7.263150432489345E+00  2.178945129746804E+01  1.097788526749355E-11  3.000000000001511E+00  1.461517316343551E+03  5.337718404576987E+01  1.514894500389320E+03  5.512749873574802E+21  2.013353254932820E+20
  0.000000000000000E+00  1.255590525216592E+00 -1.061292579211507E+00  4.352663272129142E+00  2.184336306398178E+01  7.281121021324623E+00  7.281121021324623E+00  2.184336306397387E+01  7.911893362688716E-12  3.000000000001087E+00  1.476861340532940E+03  3.612104272422729E+01  1.512982383257167E+03  5.654511459538803E+21  1.382979189779112E+20
  0.000000000000000E+00  1.255611075390881E+00 -1.060772467494277E+00  4.352516621253987E+00  2.188338226370013E+01  7.294460754566309E+00  7.294460754566309E+00  2.188338226369893E+01  1.197264509755769E-12  3.000000000000164E+00  1.479819272962874E+03  3.082933658384933E+01  1.510648609546723E+03  5.836041739703688E+21  1.215832895259450E+20
  0.000000000000000E+00  1.255631625565170E+00 -1.060252355777048E+00  4.352369840634110E+00  2.192425191658813E+01  7.308083972197875E+00  7.308083972197875E+00  2.192425191659363E+01 -5.499600774783175E-12  2.999999999999247E+00  1.469937180251746E+03  3.750265310632412E+01  1.507439833358070E+03  6.029194391567876E+21  1.538234346442210E+20
  0.000000000000000E+00  1.255486980173651E+00 -1.063913237768352E+00  4.353400225957544E+00  2.144050142352425E+01  7.146833807844534E+00  7.146833807844534E+00  2.144050142353360E+01 -9.357847829960519E-12  2.999999999998691E+00  1.450218421264033E+03  6.601588183085634E+01  1.516234303094890E+03  5.178981631293960E+21  2.357541694151675E+20
  0.000000000000000E+00  1.255507728890815E+00 -1.063388101058448E+00  4.353252815120017E+00  2.152877564696368E+01  7.176258548989952E+00  7.176258548989952E+00  2.152877564696986E+01 -6.174616373755271E-12  2.999999999999139E+00  1.441221671171920E+03  7.457926392041377E+01  1.515800935092333E+03  5.285761792491995E+21  2.735236581768522E+20
  0.000000000000000E+00  1.255528477607978E+00 -1.062862964348544E+00  4.353105272865093E+00  2.162284112949006E+01  7.207613709829746E+00  7.207613709829746E+00  2.162284112948924E+01  8.206768598029157E-13  3.000000000000114E+00  1.439099463912868E+03  7.532753329871525E+01  1.514426997211583E+03  5.355960096655766E+21  2.803498108674542E+20
  0.000000000000000E+00  1.255549226325140E+00 -1.062337827638640E+00  4.352957599023386E+00  2.171297422752223E+01  7.237658075838137E+00  7.237658075838137E+00  2.171297422751442E+01  7.815970093361102E-12  3.000000000001080E+00  1.445365199606612E+03  6.826030249681662E+01  1.513625502103429E+03  5.421329690621239E+21  2.560332881388728E+20
  0.000000000000000E+00  1.255403051773065E+00 -1.066037411703030E+00  4.353995164214600E+00  2.108952969912590E+01  7.029843233038071E+00  7.029843233038071E+00  2.108952969911422E+01  1.168487528957485E-11  3.000000000001662E+00  1.420499454269274E+03  8.936699908094616E+01  1.509866453350221E+03  4.553582752819269E+21  2.864767208907854E+20
  0.000000000000000E+00  1.255424033873216E+00 -1.065506368219361E+00  4.353846630366296E+00  2.119204771230723E+01  7.064015904099609E+00  7.064015904099609E+00  2.119204771229883E+01  8.395062423005584E-12  3.000000000001188E+00  1.439137950905723E+03  7.457763098929924E+01  1.513715581895022E+03  4.695684541152994E+21  2.433352749344638E+20
  0.000000000000000E+00  1.255445015973359E+00 -1.064975324735691E+00  4.353697962823401E+00  2.127970952256948E+01  7.093236507522771E+00  7.093236507522771E+00  2.127970952256831E+01  1.161737372967764E-12  3.000000000000164E+00  1.451826260783918E+03  6.575578926478396E+01  1.517582050048702E+03  4.859219128943441E+21  2.200826625506038E+20
  0.000000000000000E+00  1.255465998073501E+00 -1.064444281252021E+00  4.353549161411913E+00  2.136002435220953E+01  7.120008117405199E+00  7.120008117405198E+00  2.136002435221560E+01 -6.068034963391256E-12  2.999999999999148E+00  1.456275347986335E+03  6.290177313583308E+01  1.519177121122168E+03  5.026783587559651E+21  2.171248735789032E+20
  0.000000000000000E+00  1.255318052116857E+00 -1.068188698429890E+00  4.354595518849987E+00  2.049263750121721E+01  6.830879167073035E+00  6.830879167073035E+00  2.049263750121911E+01 -1.897149104479467E-12  2.999999999999722E+00  1.357138874273642E+03  1.335298203613643E+02  1.490668694635006E+03  4.222738036049546E+21  4.154780782391058E+20
  0.000000000000000E+00  1.255339302030914E+00 -1.067650876748175E+00  4.354445634988119E+00  2.066027184686473E+01  6.886757282288169E+00  6.886757282288169E+00  2.066027184686451E+01  2.202682480856311E-13  3.000000000000032E+00  1.367957011387700E+03  1.288397711479932E+02  1.496796782535693E+03  4.295151507536700E+21  4.045348886480091E+20
  0.000000000000000E+00  1.255360551944962E+00 -1.067113055066460E+00  4.354295614714675E+00  2.081922871942404E+01  6.939742906473050E+00  6.939742906473050E+00  2.081922871941915E+01  4.888534022029489E-12  3.000000000000704E+00  1.382600346739506E+03  1.199160945195182E+02  1.502516441259024E+03  4.364299906792096E+21  3.785257260846103E+20
  0.000000000000000E+00  1.255381801859008E+00 -1.066575233384745E+00  4.354145457850116E+00  2.096411303235712E+01  6.988037677449183E+00  6.988037677449183E+00  2.096411303234755E+01  9.563905223330949E-12  3.000000000001369E+00  1.400351462694629E+03  1.067585754918627E+02  1.507110038186491E+03  4.445182236415101E+21  3.388872979417847E+20
  0.000000000000000E+00  1.255231846508505E+00 -1.070370507033524E+00  4.355202164880088E+00  1.977609865751499E+01  6.592032885839208E+00  6.592032885839208E+00  1.977609865751763E+01 -2.632560835991171E-12  2.999999999999600E+00  1.316747585274182E+03  1.461750389830823E+02  1.462922624257264E+03  3.814750863999523E+21  4.234838647072708E+20
  0.000000000000000E+00  1.255253397910607E+00 -1.069825054882616E+00  4.355050712908210E+00  1.996197963397541E+01  6.653993211325976E+00  6.653993211325976E+00  1.996197963397793E+01 -2.518873998269555E-12  2.999999999999622E+00  1.328602362475920E+03  1.415926569022084E+02  1.470195019378128E+03  3.928017885312952E+21  4.186192230641433E+20
  0.000000000000000E+00  1.255274949312682E+00 -1.069279602731707E+00  4.354899121369960E+00  2.014254662577864E+01  6.714182208593634E+00  6.714182208593634E+00  2.014254662578091E+01 -2.266631327074720E-12  2.999999999999662E+00  1.338940059574667E+03  1.379576272366755E+02  1.476897686811343E+03  4.036071174027944E+21  4.158564071225978E+20
  0.000000000000000E+00  1.255296500714756E+00 -1.068734150580798E+00  4.354747390079327E+00  2.031902434437560E+01  6.773008114792537E+00  6.773008114792537E+00  2.031902434437761E+01 -2.010835942201084E-12  2.999999999999703E+00  1.348280550616816E+03  1.352699987888974E+02  1.483550549405714E+03  4.135463994364856E+21  4.149019351004837E+20
  0.000000000000000E+00  1.255144301908511E+00 -1.072586204646454E+00  4.355815951396792E+00  1.893990808294586E+01  6.313302694315069E+00  6.313302694315069E+00  1.893990808294521E+01  6.465938895416912E-13  3.000000000000102E+00  1.254840137785402E+03  1.727323798837536E+02  1.427572517669155E+03  3.361579266141645E+21  4.627311235304378E+20
  0.000000000000000E+00  1.255166188058488E+00 -1.072032280243221E+00  4.355662719705116E+00  1.916213661070454E+01  6.387378870234802E+00  6.387378870234802E+00  1.916213661070441E+01  1.314504061156185E-13  3.000000000000021E+00  1.271495821478126E+03  1.658603578102541E+02  1.437356179288380E+03  3.470762533215919E+21  4.527438516977617E+20
  0.000000000000000E+00  1.255188074208508E+00 -1.071478355839989E+00  4.355509344850854E+00  1.937544191998115E+01  6.458480639994050E+00  6.458480639994050E+00  1.937544191998215E+01 -9.983125437429408E-13  2.999999999999845E+00  1.287673325362450E+03  1.591434548844759E+02  1.446816780246926E+03  3.583406802663169E+21  4.428729923964455E+20
  0.000000000000000E+00  1.255209960358529E+00 -1.070924431436758E+00  4.355355826640469E+00  1.958002795438241E+01  6.526675984794841E+00  6.526675984794842E+00  1.958002795438453E+01 -2.124522779922700E-12  2.999999999999674E+00  1.302909985773763E+03  1.525816792331489E+02  1.455491665006912E+03  3.698453271717797E+21  4.331198754524113E+20
  0.000000000000000E+00  1.255055299598516E+00 -1.074838796056359E+00  4.356437613236213E+00  1.795310850876822E+01  5.984369502923184E+00  5.984369502923184E+00  1.795310850876955E+01 -1.335820343228988E-12  2.999999999999776E+00  1.189164775994984E+03  1.953096141891326E+02  1.384474390184117E+03  2.953041596219010E+21  4.850105103049469E+20
  0.000000000000000E+00  1.255077550176336E+00 -1.074275648203896E+00  4.356282418723863E+00  1.821070594718520E+01  6.070235315728743E+00  6.070235315728743E+00  1.821070594718623E+01 -1.030286966852145E-12  2.999999999999830E+00  1.205175790579788E+03  1.905848812432128E+02  1.395760671823001E+03  3.051874963547002E+21  4.826194087560643E+20
  0.000000000000000E+00  1.255099800753513E+00 -1.073712500351407E+00  4.356127077047484E+00  1.846158367035146E+01  6.153861223450597E+00  6.153861223450597E+00  1.846158367035179E+01 -3.375077994860476E-13  2.999999999999945E+00  1.221440068011515E+03  1.852471196067066E+02  1.406687187618222E+03  3.152140120962064E+21  4.780626518627139E+20
  0.000000000000000E+00  1.255122051330690E+00 -1.073149352498918E+00  4.355971588005702E+00  1.870492370627049E+01  6.234974568756715E+00  6.234974568756715E+00  1.870492370627015E+01  3.446132268436486E-13  3.000000000000056E+00  1.237985614454601E+03  1.792962966850674E+02  1.417281911139669E+03  3.254975138663599E+21  4.714149997788595E+20
  0.000000000000000E+00  1.254964731017872E+00 -1.077131028612079E+00  4.357067801332617E+00  1.684853338773754E+01  5.616177795912570E+00  5.616177795912570E+00  1.684853338773771E+01 -1.705302565824240E-13  2.999999999999970E+00  1.125540806539147E+03  2.100956442384434E+02  1.335636450777591E+03  2.558957282932499E+21  4.776599620492400E+20
  0.000000000000000E+00  1.254987373162767E+00 -1.076557970473139E+00  4.356910481837162E+00  1.713190835387580E+01  5.710636117958716E+00  5.710636117958716E+00  1.713190835387615E+01 -3.517186542012496E-13  2.999999999999939E+00  1.141135229619120E+03  2.070785162284000E+02  1.348213745847520E+03  2.656443600865248E+21  4.820571524158531E+20
  0.000000000000000E+00  1.255010015308194E+00 -1.075984912334219E+00  4.356753010797143E+00  1.741087253849058E+01  5.803624179497108E+00  5.803624179497108E+00  1.741087253849133E+01 -7.496225862269057E-13  2.999999999999871E+00  1.156986902385446E+03  2.036084848883184E+02  1.360595387273764E+03  2.754516624120952E+21  4.847444299331488E+20
  0.000000000000000E+00  1.255032657453620E+00 -1.075411854195300E+00  4.356595388000854E+00  1.768481092798650E+01  5.894936975995884E+00  5.894936975995884E+00  1.768481092798766E+01 -1.154631945610163E-12  2.999999999999805E+00  1.173021348373225E+03  1.996855257109690E+02  1.372706874084193E+03  2.853329902045070E+21  4.857274612323696E+20
  0.000000000000000E+00  1.254872502390624E+00 -1.079465275937934E+00  4.357707052021391E+00  1.566483217926922E+01  5.221610726423124E+00  5.221610726423124E+00  1.566483217926937E+01 -1.563194018672220E-13  2.999999999999970E+00  1.067685358017078E+03  2.152960300863157E+02  1.282981388103394E+03  2.171364747431360E+21  4.378501648271831E+20
  0.000000000000000E+00  1.254895559547379E+00 -1.078881714106468E+00  4.357547473971194E+00  1.596282125877019E+01  5.320940419590117E+00  5.320940419590117E+00  1.596282125877035E+01 -1.634248292248230E-13  2.999999999999969E+00  1.080955465308176E+03  2.153880981003753E+02  1.296343563408551E+03  2.266968937565765E+21  4.517097545510002E+20
  0.000000000000000E+00  1.254918616704248E+00 -1.078298152275006E+00  4.357387739654121E+00  1.626029033568746E+01  5.420096778562542E+00  5.420096778562542E+00  1.626029033568763E+01 -1.669775429036235E-13  2.999999999999969E+00  1.095132325610163E+03  2.145520905677122E+02  1.309684416177875E+03  2.363295628716865E+21  4.630034251689459E+20
  0.000000000000000E+00  1.254941673861117E+00 -1.077714590443545E+00  4.357227848848590E+00  1.655595563651269E+01  5.518651878837618E+00  5.518651878837618E+00  1.655595563651286E+01 -1.669775429036235E-13  2.999999999999970E+00  1.110049184340134E+03  2.127879563324042E+02  1.322837140672539E+03  2.460559599498224E+21  4.716704953236330E+20
  0.000000000000000E+00  1.254778541328677E+00 -1.081843370089135E+00  4.358355743043669E+00  1.448118166713406E+01  4.827060555711352E+00  4.827060555711352E+00  1.448118166713406E+01  3.552713678800501E-15  3.000000000000001E+00  1.029968281000619E+03  1.994179367770872E+02  1.229386217777706E+03  1.794871305992808E+21  3.475151023813585E+20
  0.000000000000000E+00  1.254802031594164E+00 -1.081248846551335E+00  4.358193812417538E+00  1.476733268878548E+01  4.922444229595166E+00  4.922444229595165E+00  1.476733268878550E+01 -1.953992523340276E-14  2.999999999999996E+00  1.036280589249086E+03  2.063207925555887E+02  1.242601381804674E+03  1.887476168297371E+21  3.757916369494931E+20
  0.000000000000000E+00  1.254825521859651E+00 -1.080654323013534E+00  4.358031720526848E+00  1.506182899237148E+01  5.020609664123848E+00  5.020609664123848E+00  1.506182899237155E+01 -6.927791673660977E-14  2.999999999999986E+00  1.044867145525930E+03  2.112681665893241E+02  1.256135312115254E+03  1.980742122710143E+21  4.004985308831621E+20
  0.000000000000000E+00  1.254849012125137E+00 -1.080059799475734E+00  4.357869467139105E+00  1.536191426137256E+01  5.120638087124227E+00  5.120638087124227E+00  1.536191426137269E+01 -1.278976924368180E-13  2.999999999999976E+00  1.055432871732866E+03  2.142599490442334E+02  1.269692820777099E+03  2.075220581963394E+21  4.212836913227774E+20
  0.000000000000000E+00  1.254682804242141E+00 -1.084266414289302E+00  4.359014045492581E+00  1.346494873202674E+01  4.488316244008958E+00  4.488316244008958E+00  1.346494873202688E+01 -1.403321903126198E-13  2.999999999999968E+00  1.033027976667244E+03  1.484507751344904E+02  1.181478751801735E+03  1.423596547439716E+21  2.045772386804240E+20
  0.000000000000000E+00  1.254706738513800E+00 -1.083660653239262E+00  4.358849719790499E+00  1.368996395258373E+01  4.563321317527945E+00  4.563321317527945E+00  1.368996395258384E+01 -1.101341240428155E-13  2.999999999999976E+00  1.027645157306620E+03  1.645394638646510E+02  1.192184621171271E+03  1.512860074179304E+21  2.422287340506844E+20
  0.000000000000000E+00  1.254730672785409E+00 -1.083054892189219E+00  4.358685227644432E+00  1.393647789373066E+01  4.645492631243571E+00  4.645492631243571E+00  1.393647789373072E+01 -5.861977570020827E-14  2.999999999999987E+00  1.025414595115318E+03  1.783969721924157E+02  1.203811567307733E+03  1.605569712592004E+21  2.793297235427482E+20
  0.000000000000000E+00  1.254754607057018E+00 -1.082449131139176E+00  4.358520568810326E+00  1.420128548780245E+01  4.733761829267490E+00  4.733761829267489E+00  1.420128548780247E+01 -1.421085471520200E-14  2.999999999999997E+00  1.026225595477346E+03  1.900231724018728E+02  1.216248767879219E+03  1.700131946799769E+21  3.148084275586516E+20
  0.000000000000000E+00  1.254585280012442E+00 -1.086734690099240E+00  4.359681902615310E+00  1.272026186135697E+01  4.240087287118925E+00  4.240087287118925E+00  1.272026186135678E+01  1.882938249764265E-13  3.000000000000044E+00  1.006607430083800E+03  1.409950866757328E+02  1.147602516759533E+03  1.019677165139630E+21  1.428257590629534E+20
  0.000000000000000E+00  1.254609661070498E+00 -1.086117621146781E+00  4.359515196131664E+00  1.291193430725864E+01  4.303978102419501E+00  4.303978102419501E+00  1.291193430725851E+01  1.367794766338193E-13  3.000000000000032E+00  1.030451068841299E+03  1.232047177689230E+02  1.153655786610222E+03  1.087092136576378E+21  1.299769430355510E+20
  0.000000000000000E+00  1.254634042127291E+00 -1.085500552194271E+00  4.359348317953421E+00  1.308715963252198E+01  4.362386544173988E+00  4.362386544173988E+00  1.308715963252197E+01  1.421085471520200E-14  3.000000000000003E+00  1.039703259604040E+03  1.185167002853053E+02  1.158219959889345E+03  1.196045357448502E+21  1.363382752212776E+20
  0.000000000000000E+00  1.254658423184085E+00 -1.084883483241762E+00  4.359181267825563E+00  1.326510778987025E+01  4.421702596623450E+00  4.421702596623450E+00  1.326510778987035E+01 -9.947598300641403E-14  2.999999999999977E+00  1.039023781426086E+03  1.269317981115792E+02  1.165955579537665E+03  1.317852905302516E+21  1.609948125412727E+20
  0.000000000000000E+00  1.254485991868360E+00 -1.089247609101827E+00  4.360359021336617E+00  1.170694963805476E+01  3.902316546018191E+00  3.902316546018191E+00  1.170694963805457E+01  1.882938249764265E-13  3.000000000000048E+00  9.173460698603863E+02  1.893334238347959E+02  1.106679493695182E+03  9.206625134308650E+20  1.900179131859621E+20
  0.000000000000000E+00  1.254510813903725E+00 -1.088619379351155E+00  4.360190007258381E+00  1.198454953036335E+01  3.994849843454387E+00  3.994849843454387E+00  1.198454953036316E+01  1.882938249764265E-13  3.000000000000047E+00  9.341354251771564E+02  1.827619747264386E+02  1.116897399903595E+03  9.398438635041153E+20  1.838788207780068E+20
  0.000000000000000E+00  1.254535635940401E+00 -1.087991149600534E+00  4.360020816291660E+00  1.224961771993274E+01  4.083205906644184E+00  4.083205906644184E+00  1.224961771993255E+01  1.918465386552271E-13  3.000000000000047E+00  9.533987577006202E+02  1.725152475905328E+02  1.125914005291153E+03  9.605707450420028E+20  1.738130017169372E+20
  0.000000000000000E+00  1.254560457977077E+00 -1.087362919849913E+00  4.359851448167221E+00  1.249667992438870E+01  4.165559974796168E+00  4.165559974796168E+00  1.249667992438851E+01  1.882938249764265E-13  3.000000000000045E+00  9.769556194658498E+02  1.585930242869770E+02  1.135548643752827E+03  9.860634735364479E+20  1.600715378376850E+20
  0.000000000000000E+00  1.254385010944955E+00 -1.091803433954325E+00  4.361044804633997E+00  1.050943407413734E+01  3.503144691379176E+00  3.503144691379176E+00  1.050943407413753E+01 -1.882938249764265E-13  2.999999999999946E+00  8.570884678405407E+02  2.023913817423366E+02  1.059479849582877E+03  8.530896169389017E+20  2.014471000377846E+20
  0.000000000000000E+00  1.254410256407011E+00 -1.091164477750336E+00  4.360873632077610E+00  1.081525944625381E+01  3.605086482084646E+00  3.605086482084646E+00  1.081525944625394E+01 -1.296740492762183E-13  2.999999999999964E+00  8.703403850602350E+02  2.010709266138650E+02  1.071411311674100E+03  8.679843172632111E+20  2.005266145915293E+20
  0.000000000000000E+00  1.254435501406657E+00 -1.090525521528076E+00  4.360702277273121E+00  1.111809616852400E+01  3.706032056174666E+00  3.706032056174666E+00  1.111809616852400E+01  0.000000000000000E+00  3.000000000000000E+00  8.851496942372631E+02  1.984545006970947E+02  1.083604194934358E+03  8.841489134437665E+20  1.982301211893418E+20
  0.000000000000000E+00  1.254460746406304E+00 -1.089886565305817E+00  4.360530740324680E+00  1.141598073458022E+01  3.805326911526695E+00  3.805326911526695E+00  1.141598073458008E+01  1.314504061156185E-13  3.000000000000035E+00  9.009915305332129E+02  1.945420258273175E+02  1.095533556360530E+03  9.016659427045375E+20  1.946876448543625E+20
  0.000000000000000E+00  1.254282447111457E+00 -1.094399196216340E+00  4.361738326215493E+00  9.262879606347227E+00  3.087626535449081E+00  3.087626535449081E+00  9.262879606347244E+00 -1.776356839400250E-14  2.999999999999994E+00  8.123557615362712E+02  2.006846152887989E+02  1.013040376825070E+03  8.022112868327121E+20  1.981785211615896E+20
  0.000000000000000E+00  1.254308087838631E+00 -1.093750255641702E+00  4.361565225561847E+00  9.572986972794041E+00  3.190995657598028E+00  3.190995657598028E+00  9.572986972794084E+00 -4.263256414560601E-14  2.999999999999987E+00  8.225453734099924E+02  2.021946793760951E+02  1.024740052786088E+03  8.138118622058101E+20  2.000478440101183E+20
  0.000000000000000E+00  1.254333729028206E+00 -1.093101315085333E+00  4.361391938863420E+00  9.884856207781223E+00  3.294952069260441E+00  3.294952069260441E+00  9.884856207781326E+00 -1.030286966852145E-13  2.999999999999969E+00  8.334036345032190E+02  2.029825247266250E+02  1.036386159229844E+03  8.260648302027870E+20  2.011950966861123E+20
  0.000000000000000E+00  1.254359370217781E+00 -1.092452374528964E+00  4.361218465445986E+00  1.019737575899894E+01  3.399125252999699E+00  3.399125252999699E+00  1.019737575899910E+01 -1.616484723854228E-13  2.999999999999952E+00  8.449211281676390E+02  2.030481069718907E+02  1.047969235139530E+03  8.391085735068697E+20  2.016512568030479E+20
  0.000000000000000E+00  1.254178462668293E+00 -1.097030975728404E+00  4.362438432328131E+00  8.039831445802173E+00  2.679943815267361E+00  2.679943815267361E+00  8.039831445802085E+00  8.881784197001252E-14  3.000000000000033E+00  7.708502002459287E+02  1.902464296057367E+02  9.610966298516655E+02  7.556332656891106E+20  1.864908783091876E+20
  0.000000000000000E+00  1.254204458779150E+00 -1.096373030850391E+00  4.362263691754421E+00  8.339212936110808E+00  2.779737645370244E+00  2.779737645370244E+00  8.339212936110734E+00  7.460698725481052E-14  3.000000000000027E+00  7.818005966273976E+02  1.933979783367434E+02  9.751985749641410E+02  7.677309720396503E+20  1.899175039511194E+20
  0.000000000000000E+00  1.254230454889875E+00 -1.095715085972372E+00  4.362088760744946E+00  8.643224138415443E+00  2.881074712805135E+00  2.881074712805135E+00  8.643224138415407E+00  3.552713678800501E-14  3.000000000000012E+00  7.922416297297156E+02  1.961882071776292E+02  9.884298369073447E+02  7.793815839080040E+20  1.930035861740037E+20
  0.000000000000000E+00  1.254256451000600E+00 -1.095057141094354E+00  4.361913638999056E+00  8.951301034549706E+00  2.983767011516568E+00  2.983767011516569E+00  8.951301034549708E+00 -1.776356839400250E-15  3.000000000000000E+00  8.023638004223885E+02  1.986170936533176E+02  1.000980894075706E+03  7.908022774629445E+20  1.957551548579706E+20
  0.000000000000000E+00  1.254073247222177E+00 -1.099693911098174E+00  4.363143730184349E+00  6.885691812030998E+00  2.295230604010385E+00  2.295230604010385E+00  6.885691812031157E+00 -1.589839371263224E-13  2.999999999999931E+00  7.194706563005701E+02  1.742499891699678E+02  8.937206454705380E+02  7.004615029050613E+20  1.696461255595611E+20
  0.000000000000000E+00  1.254099551083636E+00 -1.099028177255729E+00  4.362967696631809E+00  7.164478996841675E+00  2.388159665613927E+00  2.388159665613927E+00  7.164478996841781E+00 -1.065814103640150E-13  2.999999999999956E+00  7.332904208845337E+02  1.787896888937740E+02  9.120801097783077E+02  7.150984187175309E+20  1.743541442375791E+20
  0.000000000000000E+00  1.254125854945235E+00 -1.098362443413289E+00  4.362791469344468E+00  7.450144230650522E+00  2.483381410216847E+00  2.483381410216847E+00  7.450144230650543E+00 -2.131628207280301E-14  2.999999999999991E+00  7.465080524757321E+02  1.829690106660384E+02  9.294770631417705E+02  7.292154047249343E+20  1.787305853198327E+20
  0.000000000000000E+00  1.254152158806835E+00 -1.097696709570849E+00  4.362615048013170E+00  7.742118163592400E+00  2.580706054530781E+00  2.580706054530781E+00  7.742118163592345E+00  5.506706202140776E-14  3.000000000000022E+00  7.590516832501187E+02  1.867879317992052E+02  9.458396150493239E+02  7.427482256383776E+20  1.827759663485342E+20
  0.000000000000000E+00  1.253967022712652E+00 -1.102382385268800E+00  4.363852652743262E+00  5.841585676425503E+00  1.947195225475297E+00  1.947195225475297E+00  5.841585676425892E+00 -3.881339694089547E-13  2.999999999999801E+00  6.613746840790437E+02  1.521329352532076E+02  8.135076193322514E+02  6.397915881416440E+20  1.471682763150136E+20
  0.000000000000000E+00  1.253993578840162E+00 -1.101710266726148E+00  4.363675716728548E+00  6.089079036429824E+00  2.029693012143394E+00  2.029693012143394E+00  6.089079036430183E+00 -3.588240815588506E-13  2.999999999999823E+00  6.755996919194200E+02  1.582609130574471E+02  8.338606049768672E+02  6.545757399043827E+20  1.533359998554846E+20
  0.000000000000000E+00  1.254020134967414E+00 -1.101038148183487E+00  4.363498584507399E+00  6.346019009260388E+00  2.115339669753558E+00  2.115339669753558E+00  6.346019009260674E+00 -2.859934511434403E-13  2.999999999999865E+00  6.902555499510275E+02  1.639897648936887E+02  8.542453148447162E+02  6.698362751521549E+20  1.591385875669662E+20
  0.000000000000000E+00  1.254046691094667E+00 -1.100366029640825E+00  4.363321255764616E+00  6.611768849574882E+00  2.203922949858364E+00  2.203922949858364E+00  6.611768849575092E+00 -2.096101070492296E-13  2.999999999999905E+00  7.049941236752327E+02  1.693194653888970E+02  8.743135890641298E+02  6.852415813110253E+20  1.645754685230170E+20
  0.000000000000000E+00  1.253860031783723E+00 -1.105090257030345E+00  4.364563522014278E+00  4.954450912203797E+00  1.651483637401692E+00  1.651483637401692E+00  4.954450912205077E+00 -1.280753281207581E-12  2.999999999999224E+00  6.163349104936154E+02  1.227235143225081E+02  7.390584248161235E+02  5.925559855132306E+20  1.179886969517592E+20
  0.000000000000000E+00  1.253886779516113E+00 -1.104413289089965E+00  4.364386101667742E+00  5.158124813784609E+00  1.719374937928583E+00  1.719374937928583E+00  5.158124813785750E+00 -1.141309269314661E-12  2.999999999999337E+00  6.250204914926572E+02  1.308329683069736E+02  7.558534597996309E+02  6.018249709888573E+20  1.259775454204536E+20
  0.000000000000000E+00  1.253913527248187E+00 -1.103736321149572E+00  4.364208483553419E+00  5.374412639941632E+00  1.791470879980822E+00  1.791470879980822E+00  5.374412639942467E+00 -8.357758929378178E-13  2.999999999999534E+00  6.356568311881255E+02  1.384377113373628E+02  7.740945425254882E+02  6.130066850328685E+20  1.335048069126127E+20
  0.000000000000000E+00  1.253940274980261E+00 -1.103059353209179E+00  4.364030667351937E+00  5.602503293285163E+00  1.867501097761897E+00  1.867501097761897E+00  5.602503293285692E+00 -5.293543381412746E-13  2.999999999999717E+00  6.478913303573783E+02  1.455377110929981E+02  7.934290414503763E+02  6.257716104515601E+20  1.405688941722110E+20
  0.000000000000000E+00  1.253752519101024E+00 -1.107811334055056E+00  4.365274675621694E+00  4.276182567879522E+00  1.425394189293164E+00  1.425394189293164E+00  4.276182567879491E+00  3.108624468950438E-14  3.000000000000022E+00  6.012085511861598E+02  8.696143421441717E+01  6.881699854005768E+02  5.745056148914649E+20  8.309900472411565E+19
  0.000000000000000E+00  1.253779397271895E+00 -1.107131064798886E+00  4.365097185159917E+00  4.423975872446885E+00  1.474658624149019E+00  1.474658624149019E+00  4.423975872447058E+00 -1.731947918415244E-13  2.999999999999882E+00  6.022829344534223E+02  9.615280620603859E+01  6.984357406594609E+02  5.764043465569877E+20  9.202136115828880E+19
  0.000000000000000E+00  1.253806275442374E+00 -1.106450795542700E+00  4.364919496285751E+00  4.586465383378063E+00  1.528821794459563E+00  1.528821794459563E+00  4.586465383378688E+00 -6.252776074688882E-13  2.999999999999591E+00  6.050824683467395E+02  1.051769507412693E+02  7.102594190880087E+02  5.799639284559876E+20  1.008107832005031E+20
  0.000000000000000E+00  1.253833153612852E+00 -1.105770526286515E+00  4.364741608677869E+00  4.763380572641039E+00  1.587793524214038E+00  1.587793524214038E+00  4.763380572642116E+00 -1.076472244676552E-12  2.999999999999322E+00  6.097269569599058E+02  1.140338570400853E+02  7.237608139999911E+02  5.853070620557640E+20  1.094667392955833E+20
  0.000000000000000E+00  1.253644735287144E+00 -1.110539273053079E+00  4.365984441147663E+00  3.824225949039663E+00  1.274741983013226E+00  1.274741983013226E+00  3.824225949039678E+00 -1.509903313490213E-14  2.999999999999988E+00  6.055112156671322E+02  5.411418302387158E+01  6.596253986910037E+02  5.751584713821566E+20  5.140157602830293E+19
  0.000000000000000E+00  1.253671681240134E+00 -1.109857288303554E+00  4.365807297275182E+00  3.917718023823741E+00  1.305906007941250E+00  1.305906007941249E+00  3.917718023823749E+00 -7.993605777301127E-15  2.999999999999994E+00  6.037185264305451E+02  6.152654839552432E+01  6.652450748260695E+02  5.743076782510602E+20  5.852921123483229E+19
  0.000000000000000E+00  1.253698627194085E+00 -1.109175303554068E+00  4.365629955278264E+00  4.023633582086074E+00  1.341211194028688E+00  1.341211194028688E+00  4.023633582086065E+00  8.881784197001252E-15  3.000000000000007E+00  6.022791298470842E+02  6.947185582233392E+01  6.717509856694180E+02  5.737955372629897E+20  6.618632268787728E+19
  0.000000000000000E+00  1.253725573148035E+00 -1.108493318804581E+00  4.365452414834720E+00  4.142834478535165E+00  1.380944826178380E+00  1.380944826178380E+00  4.142834478535140E+00  2.486899575160351E-14  3.000000000000018E+00  6.013805682359597E+02  7.795013964755424E+01  6.793307078835139E+02  5.738018092454044E+20  7.437541803503860E+19
  0.000000000000000E+00  1.253536910446110E+00 -1.113268250564806E+00  4.366691310192485E+00  3.552424281119058E+00  1.184141427039694E+00  1.184141427039694E+00  3.552424281119082E+00 -2.398081733190338E-14  2.999999999999980E+00  6.119244655529691E+02  3.161230262070849E+01  6.435367681736775E+02  5.778784793617697E+20  2.985347113237426E+19
  0.000000000000000E+00  1.253563866656417E+00 -1.112586006186876E+00  4.366514888744334E+00  3.607256261943772E+00  1.202418753981265E+00  1.202418753981265E+00  3.607256261943794E+00 -2.220446049250313E-14  2.999999999999982E+00  6.105750264384112E+02  3.623707283080715E+01  6.468120992692184E+02  5.774320299283123E+20  3.427006611359287E+19
  0.000000000000000E+00  1.253590822866627E+00 -1.111903761808943E+00  4.366338270300273E+00  3.670114103759254E+00  1.223371367919758E+00  1.223371367919758E+00  3.670114103759274E+00 -1.953992523340276E-14  2.999999999999984E+00  6.090447140261899E+02  4.152894762015664E+01  6.505736616463465E+02  5.768195251649711E+20  3.933160783631661E+19
  0.000000000000000E+00  1.253617779076838E+00 -1.111221517431009E+00  4.366161454541278E+00  3.742077451234790E+00  1.247359150411602E+00  1.247359150411602E+00  3.742077451234807E+00 -1.687538997430238E-14  2.999999999999986E+00  6.073510033212461E+02  4.748797001057368E+01  6.548389733318198E+02  5.760565108394943E+20  4.504109511888358E+19
  0.000000000000000E+00  1.253429251239236E+00 -1.115993035967808E+00  4.367393953768021E+00  3.395899906459955E+00  1.131966635486664E+00  1.131966635486664E+00  3.395899906459992E+00 -3.685940441755520E-14  2.999999999999968E+00  6.167105787734241E+02  1.785369738311961E+01  6.345642761565438E+02  5.791479372456191E+20  1.676626341031205E+19
  0.000000000000000E+00  1.253456166040949E+00 -1.115311839617057E+00  4.367218585879234E+00  3.427010648519038E+00  1.142336882839688E+00  1.142336882839688E+00  3.427010648519065E+00 -2.753353101070388E-14  2.999999999999976E+00  6.155411341070418E+02  2.070140434697663E+01  6.362425384540184E+02  5.788475778655748E+20  1.946735498358991E+19
  0.000000000000000E+00  1.253483080842673E+00 -1.114630643266307E+00  4.367043022863836E+00  3.463043152397481E+00  1.154347717465835E+00  1.154347717465835E+00  3.463043152397505E+00 -2.398081733190338E-14  2.999999999999980E+00  6.143597382796420E+02  2.394372393352610E+01  6.383034622131681E+02  5.785416614311078E+20  2.254776959203122E+19
  0.000000000000000E+00  1.253509995644398E+00 -1.113949446915557E+00  4.366867264406810E+00  3.504635126971937E+00  1.168211708990653E+00  1.168211708990653E+00  3.504635126971961E+00 -2.398081733190338E-14  2.999999999999980E+00  6.131572126041174E+02  2.758068155426785E+01  6.407378941583852E+02  5.782215105507283E+20  2.600922409865537E+19
  0.000000000000000E+00  1.253321936320754E+00 -1.118709107642662E+00  4.368091248229665E+00  3.311819187459960E+00  1.103939729153356E+00  1.103939729153356E+00  3.311819187460069E+00 -1.092459456231154E-13  2.999999999999901E+00  6.226254078936568E+02  8.722614484204081E+00  6.313480223778607E+02  5.815697747407521E+20  8.147449295219599E+18
  0.000000000000000E+00  1.253348765050332E+00 -1.118030089723947E+00  4.367917213880888E+00  3.327469551664830E+00  1.109156517221643E+00  1.109156517221643E+00  3.327469551664930E+00 -9.992007221626409E-14  2.999999999999909E+00  6.209405943855271E+02  1.073056547067506E+01  6.316711598562022E+02  5.807645419740152E+20  1.003627721725265E+19
  0.000000000000000E+00  1.253375593779995E+00 -1.117351071805235E+00  4.367742986894127E+00  3.346503060783997E+00  1.115501020261358E+00  1.115501020261358E+00  3.346503060784075E+00 -7.860379014346108E-14  2.999999999999929E+00  6.193794997755602E+02  1.292172177657923E+01  6.323012215521395E+02  5.800793457047543E+20  1.210182758107604E+19
  0.000000000000000E+00  1.253402422509658E+00 -1.116672053886523E+00  4.367568566959883E+00  3.369214812991144E+00  1.123071604330399E+00  1.123071604330399E+00  3.369214812991197E+00 -5.373479439185758E-14  2.999999999999952E+00  6.179627018214604E+02  1.529609516102508E+01  6.332587969824855E+02  5.795339226971441E+20  1.434488846088773E+19
  0.000000000000000E+00  1.253215114496512E+00 -1.121412700121809E+00  4.368782282806499E+00  3.278974872614576E+00  1.092991624204859E+00  1.092991624204859E+00  3.278974872614576E+00  4.440892098500626E-16  3.000000000000000E+00  6.307503247967194E+02  1.744434446173917E+00  6.324947592428933E+02  5.861355812796326E+20  1.621045694176837E+18
  0.000000000000000E+00  1.253241819955130E+00 -1.120736802002123E+00  4.368609808951311E+00  3.283057408333375E+00  1.094352469444464E+00  1.094352469444464E+00  3.283057408333392E+00 -1.731947918415244E-14  2.999999999999984E+00  6.285604255735628E+02  3.359478390441125E+00  6.319199039640040E+02  5.848408225786557E+20  3.125809429551595E+18
  0.000000000000000E+00  1.253268525408633E+00 -1.120060903882235E+00  4.368437145435896E+00  3.289800049904158E+00  1.096600016634738E+00  1.096600016634738E+00  3.289800049904215E+00 -5.639932965095795E-14  2.999999999999948E+00  6.264468718784806E+02  5.060852701959148E+00  6.315077245804398E+02  5.836207730809261E+20  4.714875113845314E+18
  0.000000000000000E+00  1.253295230862137E+00 -1.119385005762347E+00  4.368264291961728E+00  3.299341181541497E+00  1.099780393847197E+00  1.099780393847197E+00  3.299341181541591E+00 -9.370282327836321E-14  2.999999999999915E+00  6.244539178608039E+02  6.848562895085660E+00  6.313024807558896E+02  5.825167156309036E+20  6.388625726144043E+18
  0.000000000000000E+00  1.253108899079606E+00 -1.124100943472520E+00  4.369466390163657E+00  3.286926728922317E+00  1.095642242974103E+00  1.095642242974103E+00  3.286926728922310E+00  7.105427357601002E-15  3.000000000000006E+00  6.398197259586487E+02 -4.172036893104949E+00  6.356476890655438E+02  5.916591832129130E+20 -3.857999121252705E+18
  0.000000000000000E+00  1.253135452931403E+00 -1.123428882634746E+00  4.369295643101926E+00  3.281418604310193E+00  1.093806201436729E+00  1.093806201436729E+00  3.281418604310187E+00  6.217248937900877E-15  3.000000000000006E+00  6.375713580741043E+02 -2.729278476573906E+00  6.348420795975304E+02  5.902884757832871E+20 -2.526872657503681E+18
  0.000000000000000E+00  1.253162006788059E+00 -1.122756821797164E+00  4.369124709721310E+00  3.278231540392841E+00  1.092743846797612E+00  1.092743846797612E+00  3.278231540392836E+00  4.884981308350689E-15  3.000000000000004E+00  6.352795290834216E+02 -1.262281472472386E+00  6.340172476109492E+02  5.888830318608722E+20 -1.170093016602985E+18
  0.000000000000000E+00  1.253188560644715E+00 -1.122084760959583E+00  4.368953589722732E+00  3.277404106663291E+00  1.092468035554429E+00  1.092468035554429E+00  3.277404106663289E+00  2.664535259100376E-15  3.000000000000002E+00  6.329905517366988E+02  2.289556561383385E-01  6.332195073928370E+02  5.874848039001451E+20  2.124960133752696E+17
  0.000000000000000E+00  1.253003386036109E+00 -1.126771410824739E+00  4.370143026835282E+00  3.332871596991017E+00  1.110957198997006E+00  1.110957198997006E+00  3.332871596991018E+00 -1.776356839400250E-15  2.999999999999998E+00  6.519692010291822E+02 -1.297000316817275E+01  6.389991978610094E+02  6.001278299956500E+20 -1.193869257023971E+19
  0.000000000000000E+00  1.253029764296853E+00 -1.126103793986679E+00  4.369974142024635E+00  3.315369438244601E+00  1.105123146081534E+00  1.105123146081534E+00  3.315369438244602E+00 -8.881784197001252E-16  2.999999999999999E+00  6.474812646529540E+02 -9.281509583683739E+00  6.381997550692703E+02  5.966618620045585E+20 -8.553023991176313E+18
  0.000000000000000E+00  1.253056142557857E+00 -1.125436177148630E+00  4.369805074500714E+00  3.302926849197793E+00  1.100975616399263E+00  1.100975616399263E+00  3.302926849197791E+00  2.220446049250313E-15  3.000000000000002E+00  6.443263575453898E+02 -6.585642211310554E+00  6.377407153340791E+02  5.944330646787892E+20 -6.075684219190984E+18
  0.000000000000000E+00  1.253082520818862E+00 -1.124768560310580E+00  4.369635823976314E+00  3.293970417030423E+00  1.097990139010139E+00  1.097990139010139E+00  3.293970417030417E+00  5.773159728050814E-15  3.000000000000006E+00  6.419543079856657E+02 -4.882463748601555E+00  6.370718442370642E+02  5.929339279751280E+20 -4.509633119743984E+18
  0.000000000000000E+00  1.252898640675212E+00 -1.129422448658379E+00  4.370811853391923E+00  3.516017332548958E+00  1.172005777516339E+00  1.172005777516339E+00  3.516017332549018E+00 -5.995204332975845E-14  2.999999999999949E+00  7.335952124421276E+02 -8.104545109066899E+01  6.525497613514586E+02  6.725128721842387E+20 -7.429725298916508E+19
  0.000000000000000E+00  1.252924827015436E+00 -1.128759689199969E+00  4.370644915448783E+00  3.419493365994126E+00  1.139831121998059E+00  1.139831121998059E+00  3.419493365994177E+00 -5.151434834260726E-14  2.999999999999955E+00  6.911049402570503E+02 -4.387951022265892E+01  6.472254300343914E+02  6.341435805514494E+20 -4.026292984548954E+19
  0.000000000000000E+00  1.252951013355660E+00 -1.128096929741559E+00  4.370477798560741E+00  3.370884575183053E+00  1.123628191727695E+00  1.123628191727695E+00  3.370884575183084E+00 -3.108624468950438E-14  2.999999999999972E+00  6.681379063361119E+02 -2.014439381337544E+01  6.479935125227364E+02  6.136875971762107E+20 -1.850271406346868E+19
  0.000000000000000E+00  1.252977199695885E+00 -1.127434170283149E+00  4.370310502449270E+00  3.349055729165447E+00  1.116351909721820E+00  1.116351909721820E+00  3.349055729165459E+00 -1.243449787580175E-14  2.999999999999989E+00  6.574775504620353E+02 -9.840944062111541E+00  6.476366063999238E+02  6.045390566776984E+20 -9.048575173321350E+18
  0.000000000000000E+00  1.252794711778856E+00 -1.132052822298733E+00  4.371472641218411E+00  4.422417391355533E+00  1.474139130452012E+00  1.474139130452012E+00  4.422417391356037E+00 -5.035971639699710E-13  2.999999999999658E+00  1.476921427789656E-11 -1.022550465422836E+02 -1.022550465422688E+02  1.350390703389660E+07 -9.349465829880483E+19
  0.000000000000000E+00  1.252820694002945E+00 -1.131395228888644E+00  4.371307707153508E+00  4.214708821106108E+00  1.404902940368847E+00  1.404902940368847E+00  4.214708821106542E+00 -4.334310688136611E-13  2.999999999999691E+00  1.253036850542967E+02 -1.571200766268937E+02 -3.181639157259701E+01  1.146517708595324E+20 -1.437634895977154E+20
  0.000000000000000E+00  1.252846676227034E+00 -1.130737635478556E+00  4.371142598007489E+00  3.952653949594969E+00  1.317551316531750E+00  1.317551316531750E+00  3.952653949595250E+00 -2.811084698350896E-13  2.999999999999787E+00  3.948240823824489E+02 -1.718751511522199E+02  2.229489312302290E+02  3.614711257980944E+20 -1.573559140790454E+20
  0.000000000000000E+00  1.252872658451123E+00 -1.130080042068468E+00  4.370977313510442E+00  3.698880784262469E+00  1.232960261420866E+00  1.232960261420866E+00  3.698880784262598E+00 -1.296740492762183E-13  2.999999999999895E+00  6.499925780735017E+02 -1.465177745096902E+02  5.034748035638115E+02  5.954331627381912E+20 -1.342192892913319E+20
  0.000000000000000E+00  1.254330452440217E+00 -1.131708548164948E+00  4.372597484765671E+00 -4.367855542390711E-01  1.503040203948628E+00  1.503040203948628E+00  4.509120611845884E+00 -4.945906166084955E+00 -2.906013778550929E-01 -2.016938693448949E-29  7.381595418892453E-01  7.381595418892453E-01 -1.847593594850113E-11  6.761825959320284E+17
  0.000000000000000E+00  1.253946439120947E+00 -1.131794267576456E+00  4.372315964344264E+00  3.254582905399747E-01  1.494780700923680E+00  1.494780700923680E+00  4.484342102771041E+00 -4.158883812231067E+00  2.177297916268667E-01  6.327615397031364E-18  1.470133726458083E+03  1.470133726458083E+03  5.793410762608691E+00  1.346018684595167E+21
  0.000000000000000E+00  1.253562477643303E+00 -1.131880219234142E+00  4.372034649877527E+00  2.000110042056813E+00  1.486806370469272E+00  1.486806370469272E+00  4.460419111407815E+00 -2.460309069351002E+00  1.345239085453696E+00  3.462878093378670E-17  1.956725863579783E+03  1.956725863579783E+03  3.169043282570563E+01  1.790692246910557E+21
  0.000000000000000E+00  1.253178568398776E+00 -1.131966403890676E+00  4.371753541968111E+00  3.671114731824360E+00  1.479723688380387E+00  1.479723688380387E+00  4.439171065141161E+00 -7.680563333168005E-01  2.480946112204592E+00  4.609792995975573E-17  1.461417426448722E+03  1.461417426448722E+03  4.216747353892823E+01  1.336812319184486E+21
  0.000000000000000E+00  1.255880515985744E+00 -1.131365042346247E+00  4.373735548164007E+00 -4.395567257414811E-01  1.542422721934600E+00  1.542422721934600E+00  4.627268165803800E+00 -5.066824891545281E+00 -2.849781188325354E-01  1.342188080719598E-28  7.359341598612029E-01  7.359341598612029E-01  1.232442235454315E-10  6.757594961208856E+17
  0.000000000000000E+00  1.255492921406404E+00 -1.131450563194958E+00  4.373450718391538E+00 -4.388650348218084E-01  1.531435071067424E+00  1.531435071067424E+00  4.594305213202273E+00 -5.033170248024081E+00 -2.865711012585832E-01 -1.442635154140357E-16  7.364803727268706E-01  7.364803727268705E-01 -1.323829448985386E+02  6.758288145255523E+17
  0.000000000000000E+00  1.255105378823589E+00 -1.131536319704703E+00  4.373166097078485E+00 -4.381726136921269E-01  1.521191755023582E+00  1.521191755023582E+00  4.563575265070746E+00 -5.001747878762873E+00 -2.880456143974657E-01 -1.175609554261440E-16  7.370333495358279E-01  7.370333495358278E-01 -1.078131008001022E+02  6.759204237368077E+17
  0.000000000000000E+00  1.254717888935469E+00 -1.131622313989895E+00  4.372881685458501E+00 -4.374794557115200E-01  1.511718292938756E+00  1.511718292938756E+00  4.535154878816270E+00 -4.972634334527790E+00 -2.893921822306369E-01 -3.204328182309498E-17  7.375930770346687E-01  7.375930770346686E-01 -2.936911385593243E+01  6.760373415673563E+17
  0.000000000000000E+00  1.257461445535034E+00 -1.131018812139817E+00  4.374899088928139E+00 -4.423690669383555E-01  1.592828313934688E+00  1.592828313934688E+00  4.778484941804066E+00 -5.220854008742421E+00 -2.777255169740121E-01  6.974890562448414E-27  7.334862600760464E-01  7.334862600760464E-01  6.422395346147729E-09  6.753853269809700E+17
  0.000000000000000E+00  1.257066131997368E+00 -1.131104998603422E+00  4.374607878128844E+00 -4.416671880996274E-01  1.579567238264150E+00  1.579567238264150E+00  4.738701714792452E+00 -5.180368902892079E+00 -2.796127808937042E-01  1.823292218040823E-16  7.340871809205551E-01  7.340871809205554E-01  1.677667067578561E+02  6.754561205144279E+17
  0.000000000000000E+00  1.256670872077169E+00 -1.131191431000072E+00  4.374316883547023E+00 -4.409645098780789E-01  1.566695677315885E+00  1.566695677315885E+00  4.700087031947655E+00 -5.141051541825734E+00 -2.814614964876612E-01  4.782986271886387E-17  7.346954806378743E-01  7.346954806378743E-01  4.397879839978492E+01  6.755408147024191E+17
  0.000000000000000E+00  1.256275666498579E+00 -1.131278111518202E+00  4.374026106464614E+00 -4.402610248874503E-01  1.554289036676999E+00  1.554289036676999E+00  4.662867110030998E+00 -5.103128134918448E+00 -2.832555686223643E-01 -1.106765759092668E-16  7.353111450419813E-01  7.353111450419810E-01 -1.016952711109362E+02  6.756413055933376E+17
  0.000000000000000E+00  1.259091599663945E+00 -1.130666160514833E+00  4.376101828371344E+00 -4.452535153075439E-01  1.649919974078978E+00  1.649919974078978E+00  4.949759922236933E+00 -5.395013437544478E+00 -2.698637038781802E-01  3.683355340936814E-28  7.307624483303218E-01  7.307624483303218E-01  3.401859949835080E-10  6.749149282963502E+17
  0.000000000000000E+00  1.258683975438195E+00 -1.130753926681335E+00  4.375800797956476E+00 -4.445337593162926E-01  1.635403745671792E+00  1.635403745671792E+00  4.906211237015376E+00 -5.350744996331668E+00 -2.718189685530449E-01  1.261138207458554E-16  7.314430893494837E-01  7.314430893494838E-01  1.163866602259946E+02  6.750268750189134E+17
  0.000000000000000E+00  1.258276407961448E+00 -1.130841956417912E+00  4.375499997280764E+00 -4.438130996601907E-01  1.621013956686227E+00  1.621013956686227E+00  4.863041870058681E+00 -5.306854969718872E+00 -2.737873402197349E-01  1.873136847452233E-16  7.321239414753815E-01  7.321239414753816E-01  1.727348561090539E+02  6.751419356079287E+17
  0.000000000000000E+00  1.257868897803721E+00 -1.130930251109195E+00  4.375199427289551E+00 -4.430915357354683E-01  1.606804261360965E+00  1.606804261360965E+00  4.820412784082894E+00 -5.263504319818362E+00 -2.757594975259584E-01  1.548660408940164E-16  7.328049999765076E-01  7.328049999765077E-01  1.427051013359429E+02  6.752610913111658E+17
  0.000000000000000E+00  1.260792427684399E+00 -1.130302926988809E+00  4.377359912868169E+00 -4.482456992635320E-01  1.710849710814115E+00  1.710849710814115E+00  5.132549132442346E+00 -5.580794831705878E+00 -2.620017973701690E-01 -6.465094212336860E-28  7.277764519973715E-01  7.277764519973715E-01 -5.990301567004009E-10  6.743289854166966E+17
  0.000000000000000E+00  1.260367128673439E+00 -1.130393303838028E+00  4.377045017602749E+00 -4.474991878786697E-01  1.695630237209550E+00  1.695630237209550E+00  5.086890711628650E+00 -5.534389899507319E+00 -2.639131917198565E-01 -7.997717429928583E-17  7.285452764610137E-01  7.285452764610137E-01 -7.404369175584981E+01  6.744947211887352E+17
  0.000000000000000E+00  1.259941890907416E+00 -1.130483968894543E+00  4.376730371755668E+00 -4.467516435707732E-01  1.680380295251787E+00  1.680380295251787E+00  5.041140885755363E+00 -5.487892529326136E+00 -2.658634148669495E-01 -8.836947239638204E-17  7.292992054555674E-01  7.292992054555674E-01 -8.174726948710511E+01  6.746472177370243E+17
  0.000000000000000E+00  1.259516714524771E+00 -1.130574921379697E+00  4.376415975340984E+00 -4.460030811202591E-01  1.665132626891405E+00  1.665132626891405E+00  4.995397880674217E+00 -5.441400961794476E+00 -2.678483827158508E-01 -5.256807215435864E-17  7.300382568096759E-01  7.300382568096759E-01 -4.858958521195206E+01  6.747870833664867E+17
  0.000000000000000E+00  1.262590098918005E+00 -1.129924235489425E+00  4.378693172741926E+00 -4.513883004803765E-01  1.774232580211864E+00  1.774232580211864E+00  5.322697740635593E+00 -5.774086041115969E+00 -2.544132632410997E-01  1.903928546700813E-29  7.244193532146400E-01  7.244193532146400E-01  1.770165466611566E-11  6.735242898835279E+17
  0.000000000000000E+00  1.262140579665820E+00 -1.130018425943651E+00  4.378359441866820E+00 -4.506044415346277E-01  1.758570091642983E+00  1.758570091642983E+00  5.275710274928951E+00 -5.726314716463579E+00 -2.562334271894959E-01 -3.740639318329136E-17  7.252857564660243E-01  7.252857564660243E-01 -3.474855557846166E+01  6.737520053145281E+17
  0.000000000000000E+00  1.261691127951845E+00 -1.130112938718278E+00  4.378025988289245E+00 -4.498193757121373E-01  1.742771758638192E+00  1.742771758638192E+00  5.228315275914577E+00 -5.678134651626714E+00 -2.581057292686609E-01 -8.239007997608582E-17  7.261340586473549E-01  7.261340586473549E-01 -7.647039883871797E+01  6.739617329083489E+17
  0.000000000000000E+00  1.261241743912548E+00 -1.130207772753325E+00  4.377692811970035E+00 -4.490331219695551E-01  1.726858119070799E+00  1.726858119070799E+00  5.180574357212398E+00 -5.629607479181954E+00 -2.600289606949147E-01 -8.619579186151434E-17  7.269642828152298E-01  7.269642828152298E-01 -7.993409263287830E+01  6.741539124869016E+17
  0.000000000000000E+00  1.264517762272357E+00 -1.129524132657321E+00  4.380126873570576E+00 -4.547343931280918E-01  1.839468894482571E+00  1.839468894482571E+00  5.518406683447716E+00 -5.973141076575808E+00 -2.472096127811962E-01 -3.621097899702795E-29  7.205704721888806E-01  7.205704721888806E-01 -3.379033433651265E-11  6.724015158573723E+17
  0.000000000000000E+00  1.264035731354666E+00 -1.129623602849537E+00  4.379767972514331E+00 -4.539000284031051E-01  1.823475769049934E+00  1.823475769049934E+00  5.470427307149803E+00 -5.924327335552908E+00 -2.489202412816243E-01 -3.171935115334753E-19  7.215565487073871E-01  7.215565487073871E-01 -2.957200034589292E-01  6.727082910617560E+17
  0.000000000000000E+00  1.263553776905214E+00 -1.129723443604963E+00  4.379409388426893E+00 -4.530642129796572E-01  1.807263397768730E+00  1.807263397768730E+00  5.421790193306190E+00 -5.874854406285848E+00 -2.506907479778631E-01  1.749448208628330E-18  7.225267080276411E-01  7.225267080276411E-01  1.629523383429386E+00  6.729974400364950E+17
  0.000000000000000E+00  1.263071899300745E+00 -1.129823654594594E+00  4.379051121704585E+00 -4.522269644684977E-01  1.790844696276770E+00  1.790844696276770E+00  5.372534088830310E+00 -5.824761053298808E+00 -2.525215979971316E-01  2.942320031080340E-18  7.234809696924437E-01  7.234809696924437E-01  2.738114600933149E+00  6.732693200218582E+17
  0.000000000000000E+00  1.266618571423705E+00 -1.129095143530893E+00  4.381694086973567E+00 -4.583517640227274E-01  1.906388951839063E+00  1.906388951839063E+00  5.719166855517189E+00 -6.177518619539916E+00 -2.404293014710156E-01  1.447082400670376E-28  7.160565780750193E-01  7.160565780750193E-01  1.355666549850996E-10  6.708214751608954E+17
  0.000000000000000E+00  1.266093234166297E+00 -1.129201728433211E+00  4.381301720882979E+00 -4.574501246136025E-01  1.890091155701459E+00  1.890091155701459E+00  5.670273467104378E+00 -6.127723591717981E+00 -2.420254299554307E-01  2.240338364957408E-18  7.172086896328574E-01  7.172086896328574E-01  2.096762991117945E+00  6.712453176058350E+17
  0.000000000000000E+00  1.265567986463809E+00 -1.129308754736285E+00  4.380909729395021E+00 -4.565466705115289E-01  1.873501120055942E+00  1.873501120055942E+00  5.620503360167826E+00 -6.077050030679355E+00 -2.436863611257925E-01 -2.837167377836192E-18  7.183450298105875E-01  7.183450298105875E-01 -2.652740067319153E+00  6.716497086581609E+17
  0.000000000000000E+00  1.265042828953433E+00 -1.129416222718271E+00  4.380518113346093E+00 -4.556414204413956E-01  1.856624985962862E+00  1.856624985962862E+00  5.569874957888587E+00 -6.025516378329982E+00 -2.454138147909799E-01 -6.497197426252486E-18  7.194656176611836E-01  7.194656176611836E-01 -6.068871002666054E+00  6.720349926256804E+17
  0.000000000000000E+00  1.268949427470335E+00 -1.128627811925093E+00  4.383438677673989E+00 -4.623277064283332E-01  1.975131215571607E+00  1.975131215571607E+00  5.925393646714820E+00 -6.387721353143153E+00 -2.340744264398326E-01  1.202706665730832E-29  7.105747591951088E-01  7.105747591951088E-01  1.131538765039374E-11  6.685278367516172E+17
  0.000000000000000E+00  1.268366548169182E+00 -1.128743818375617E+00  4.383001837376916E+00 -4.613372999105015E-01  1.958483483356259E+00  1.958483483356259E+00  5.875450450068778E+00 -6.336787749979279E+00 -2.355584327522162E-01 -2.773254372585993E-18  7.120106261450799E-01  7.120106261450799E-01 -2.606404833842514E+00  6.691733567885060E+17
  0.000000000000000E+00  1.267783779067932E+00 -1.128860378517311E+00  4.382565459346734E+00 -4.603444679500495E-01  1.941478029727768E+00  1.941478029727768E+00  5.824434089183305E+00 -6.284778557133355E+00 -2.371103153892493E-01 -5.014966346203678E-18  7.134028353551440E-01  7.134028353551440E-01 -4.708246410492386E+00  6.697704644296590E+17
  0.000000000000000E+00  1.267201120156226E+00 -1.128977488264346E+00  4.382129542806813E+00 -4.593492696273379E-01  1.924113603088061E+00  1.924113603088061E+00  5.772340809264185E+00 -6.231690078891523E+00 -2.387329255871981E-01 -4.750105180405938E-18  7.147514612387429E-01  7.147514612387429E-01 -4.454819745039658E+00  6.703196669110792E+17
  0.000000000000000E+00  1.271584126711915E+00 -1.128110548052696E+00  4.385417962118257E+00 -4.667716965968556E-01  2.046061360080034E+00  2.046061360080034E+00  6.138184080240102E+00 -6.604955776836958E+00 -2.281318174048296E-01 -5.896510808349435E-30  7.039196082122416E-01  7.039196082122416E-01 -5.573444774006185E-12  6.653523056645100E+17
  0.000000000000000E+00  1.270925244225874E+00 -1.128238803121497E+00  4.384922261154758E+00 -4.656655377148035E-01  2.028969204271428E+00  2.028969204271428E+00  6.086907612814286E+00 -6.552573150529090E+00 -2.295084305540343E-01  1.181630716189349E-18  7.056905252702459E-01  7.056905252702459E-01  1.115612864482845E+00  6.662635098671438E+17
  0.000000000000000E+00  1.270266500742888E+00 -1.128367772250480E+00  4.384427148711072E+00 -4.645560800278722E-01  2.011455122644830E+00  2.011455122644830E+00  6.034365367934490E+00 -6.498921447962362E+00 -2.309552297726806E-01 -6.557648367577787E-18  7.073899254626937E-01  7.073899254626937E-01 -6.184115885631403E+00  6.670960426939311E+17
  0.000000000000000E+00  1.269607895434021E+00 -1.128497445248670E+00  4.383932621863849E+00 -4.634434330833020E-01  1.993511623608727E+00  1.993511623608727E+00  5.980534870826181E+00 -6.443978303909484E+00 -2.324759121516231E-01 -1.102443447879524E-17  7.090179548916709E-01  7.090179548916709E-01 -1.038432806899745E+01  6.678505881246204E+17
  0.000000000000000E+00  1.274610815864140E+00 -1.127530757881530E+00  4.387701206531853E+00 -4.718075696119151E-01  2.119380853990372E+00  2.119380853990372E+00  6.358142561971118E+00 -6.829950131583033E+00 -2.226157553153296E-01 -4.681260532396412E-30  6.957151548929583E-01  6.957151548929583E-01 -4.447316431891885E-12  6.609470715973501E+17
  0.000000000000000E+00  1.273853876566556E+00 -1.127674306788003E+00  4.387129246008987E+00 -4.705553242633228E-01  2.101824580350509E+00  2.101824580350509E+00  6.305473741051526E+00 -6.776029065314849E+00 -2.238794467732655E-01 -3.459539021192450E-18  6.978808319497259E-01  6.978808319497259E-01 -3.282567534828163E+00  6.621809865718531E+17
  0.000000000000000E+00  1.273097115401947E+00 -1.127818794952725E+00  4.386558053173370E+00 -4.692985082269898E-01  2.083758247768332E+00  2.083758247768332E+00  6.251274743304995E+00 -6.720573251531984E+00 -2.252173488597347E-01 -1.123633353456511E-18  6.999700188952128E-01  6.999700188952128E-01 -1.064810278783595E+00  6.633260472975242E+17
  0.000000000000000E+00  1.272340532180378E+00 -1.127964212124641E+00  4.385987625919034E+00 -4.680372546293544E-01  2.065173344819590E+00  2.065173344819590E+00  6.195520034458771E+00 -6.663557289088126E+00 -2.266333989848398E-01  1.777200829598315E-18  7.019828872651406E-01  7.019828872651406E-01  1.682009503458920E+00  6.643829262179505E+17
  0.000000000000000E+00  1.278110709541128E+00 -1.126879645386749E+00  4.390353998202930E+00 -4.775327751959193E-01  2.194132218772403E+00  2.194132218772403E+00  6.582396656317210E+00 -7.059929431513130E+00 -2.176408381911891E-01 -9.056658511422066E-31  6.853412018269749E-01  6.853412018269749E-01 -8.651440966311470E-13  6.546773229783656E+17
  0.000000000000000E+00  1.277235388511407E+00 -1.127040547563060E+00  4.389689278370312E+00 -4.761110589279594E-01  2.176409466130426E+00  2.176409466130426E+00  6.529228398391279E+00 -7.005339457319239E+00 -2.187598732395089E-01  1.455143259365814E-19  6.880133617723860E-01  6.880133617723860E-01  1.388183808467151E-01  6.563539381254660E+17
  0.000000000000000E+00  1.276360297430474E+00 -1.127202700679827E+00  4.389025570882758E+00 -4.746828848206704E-01  2.158048225569361E+00  2.158048225569361E+00  6.474144676708086E+00 -6.948827561528756E+00 -2.199593499331712E-01  1.047859071332932E-18  6.906329993342755E-01  6.906329993342755E-01  9.982823667261440E-01  6.579575097227372E+17
  0.000000000000000E+00  1.275485438985621E+00 -1.127366104273751E+00  4.388362879142072E+00 -4.732483545050047E-01  2.139041140414311E+00  2.139041140414311E+00  6.417123421242932E+00 -6.890371775747937E+00 -2.212432222847950E-01  1.427153530635409E-18  6.932002265010508E-01  6.932002265010508E-01  1.357748013750332E+00  6.594884225553766E+17
  0.000000000000000E+00  1.282103988327330E+00 -1.126162240653829E+00  4.393397143907921E+00 -4.839275546441294E-01  2.267031823194385E+00  2.267031823194385E+00  6.801095469583156E+00 -7.285023024227286E+00 -2.134630620060049E-01 -2.209225353322132E-29  6.721361979730399E-01  6.721361979730399E-01 -2.122526411113862E-11  6.457588538526125E+17
  0.000000000000000E+00  1.281105225780244E+00 -1.126339115129304E+00  4.392634388675848E+00 -4.823424483977707E-01  2.250026777394677E+00  2.250026777394677E+00  6.750080332184030E+00 -7.232422780581801E+00 -2.143718702567081E-01 -1.988086185402415E-17  6.755165788227853E-01  6.755165788227853E-01 -1.907426630964671E+01  6.481098865660681E+17
  0.000000000000000E+00  1.280106754979924E+00 -1.126517637060557E+00  4.391872940745826E+00 -4.807482079772672E-01  2.232203797399163E+00  2.232203797399163E+00  6.696611392197491E+00 -7.177359600174759E+00 -2.153693173255092E-01 -1.599078181419576E-17  6.788441330752850E-01  6.788441330752850E-01 -1.532028293405190E+01  6.503799693897335E+17
  0.000000000000000E+00  1.279108581156757E+00 -1.126697811971676E+00  4.391112807975921E+00 -4.791449460281422E-01  2.213569929195765E+00  2.213569929195765E+00  6.640709787587298E+00 -7.119854733615440E+00 -2.164580118786783E-01 -4.093011716309146E-18  6.821189709801078E-01  6.821189709801078E-01 -3.915699643305871E+00  6.525691096158193E+17
  0.000000000000000E+00  1.286494115786287E+00 -1.125405277377391E+00  4.396762773628057E+00 -4.907746930792560E-01  2.331304907323124E+00  2.331304907323124E+00  6.993914721969375E+00 -7.484689415048631E+00 -2.105150173783053E-01 -1.485814417814704E-30  6.557788771072101E-01  6.557788771072101E-01 -1.435634401701046E-12  6.336314310832070E+17
  0.000000000000000E+00  1.285396058254411E+00 -1.125591452323114E+00  4.395918994741940E+00 -4.890810492152037E-01  2.316943246995442E+00  2.316943246995443E+00  6.950829740986329E+00 -7.439910790201533E+00 -2.110889206498400E-01 -8.384062541758618E-19  6.600369393495278E-01  6.600369393495278E-01 -8.089879992187846E-01  6.368773614406536E+17
  0.000000000000000E+00  1.284298348343695E+00 -1.125779677470672E+00  4.395076794185682E+00 -4.873751298043102E-01  2.301402694610662E+00  2.301402694610662E+00  6.904208083831987E+00 -7.391583213636298E+00 -2.117730768915961E-01 -2.426050368119055E-18  6.641822955477230E-01  6.641822955477230E-01 -2.337650432674476E+00  6.399809546269353E+17
  0.000000000000000E+00  1.283200990289536E+00 -1.125969943390699E+00  4.394236175936282E+00 -4.856572074221079E-01  2.284744977549928E+00  2.284744977549928E+00  6.854234932649784E+00 -7.339892140071892E+00 -2.125651712529019E-01 -2.802350247742727E-18  6.682152729275102E-01  6.682152729275102E-01 -2.696358109152683E+00  6.429416420267453E+17
  0.000000000000000E+00  1.291100169936257E+00 -1.124647543122801E+00  4.400316464530974E+00 -4.977329785365956E-01  2.377499316502695E+00  2.377499316502695E+00  7.132497949508086E+00 -7.630230928044682E+00 -2.093514707161983E-01 -5.423368157000862E-30  6.364641767942777E-01  6.364641767942777E-01 -5.268292505666005E-12  6.182651362883761E+17
  0.000000000000000E+00  1.289948090484609E+00 -1.124833514565879E+00  4.399425443121184E+00 -4.960154396234974E-01  2.368126952827894E+00  2.368126952827894E+00  7.104380858483682E+00 -7.600396298107180E+00 -2.094547503169885E-01 -7.885428246633475E-18  6.415372604738022E-01  6.415372604738022E-01 -7.650122143455133E+00  6.223933879935412E+17
  0.000000000000000E+00  1.288796386243485E+00 -1.125021810215930E+00  4.398536154235035E+00 -4.942829350486468E-01  2.357290115730381E+00  2.357290115730381E+00  7.071870347191142E+00 -7.566153282239789E+00 -2.096826910486148E-01 -5.241290687657411E-18  6.464470535654852E-01  6.464470535654852E-01 -5.078189668777267E+00  6.263306014601123E+17
  0.000000000000000E+00  1.287645060311255E+00 -1.125212405883065E+00  4.397648597797381E+00 -4.925358808534357E-01  2.345009276724133E+00  2.345009276724133E+00  7.035027830172398E+00 -7.527563711025834E+00 -2.100357920722110E-01  3.055783367363230E-20  6.511940835224607E-01  6.511940835224607E-01  2.956688045695072E-02  6.300766548904888E+17
  0.000000000000000E+00  1.295762499771324E+00 -1.123919118139646E+00  4.403936914881045E+00 -5.045218417585356E-01  2.401219917440846E+00  2.401219917440846E+00  7.203659752322537E+00 -7.708181594081072E+00 -2.101106350543024E-01 -1.324288579409911E-30  6.150314877678699E-01  6.150314877678699E-01 -1.292692858965317E-12  6.003576747830935E+17
  0.000000000000000E+00  1.294596359125227E+00 -1.124097626563957E+00  4.403029171312236E+00 -5.028489907786149E-01  2.397282642545104E+00  2.397282642545104E+00  7.191847927635314E+00 -7.694696918413928E+00 -2.097579074967810E-01 -9.175706417555375E-18  6.207165639092594E-01  6.207165639092593E-01 -8.946341780175151E+00  6.052005455104410E+17
  0.000000000000000E+00  1.293430590085022E+00 -1.124278562195323E+00  4.402123186045055E+00 -5.011595197412921E-01  2.392063507642112E+00  2.392063507642112E+00  7.176190522926338E+00 -7.677350042667630E+00 -2.095092869149162E-01 -2.148920036300206E-17  6.261832101606437E-01  6.261832101606437E-01 -2.092692496168635E+01  6.097988212656328E+17
  0.000000000000000E+00  1.292265193429202E+00 -1.124461882044639E+00  4.401218952645884E+00 -4.994539939071061E-01  2.385492427403949E+00  2.385492427403949E+00  7.156477282211849E+00 -7.655931276118955E+00 -2.093714438870153E-01 -2.307064318608726E-17  6.314321676832646E-01  6.314321676832646E-01 -2.243932800012769E+01  6.141533812555758E+17
  0.000000000000000E+00  1.300393589797468E+00 -1.123234741826468E+00  4.407556242095098E+00 -5.109910425482946E-01  2.405838609430234E+00  2.405838609430234E+00  7.217515828290704E+00 -7.728506870838999E+00 -2.123962266402028E-01 -5.644447716036523E-30  5.915603476722034E-01  5.915603476722034E-01 -5.533622987691263E-12  5.799454797296168E+17
  0.000000000000000E+00  1.299235287714213E+00 -1.123402226028907E+00  4.406648844465582E+00 -5.093996832910508E-01  2.406180025825092E+00  2.406180025825092E+00  7.218540077475279E+00 -7.727939760766329E+00 -2.117047260902163E-01  1.158472688123479E-20  5.976570210967183E-01  5.976570210967183E-01  1.134552964631354E-02  5.853168158986852E+17
  0.000000000000000E+00  1.298077335356667E+00 -1.123572128731958E+00  4.405743154863839E+00 -5.077907755481138E-01  2.405572003742519E+00  2.405572003742519E+00  7.216716011227556E+00 -7.724506786775669E+00 -2.110894102351157E-01  1.417982596197794E-20  6.036007815151291E-01  6.036007815151291E-01  1.387227886824319E-02  5.905092480485853E+17
  0.000000000000000E+00  1.296919737712986E+00 -1.123744432060559E+00  4.404839177098673E+00 -5.061647011078274E-01  2.403942611506455E+00  2.403942611506455E+00  7.211827834519368E+00 -7.717992535627195E+00 -2.105560668067005E-01  9.683336242095232E-21  6.093921101443269E-01  6.093921101443269E-01  9.462951403532446E-03  5.955228425223100E+17
  0.000000000000000E+00  1.304959325755287E+00 -1.122599121171218E+00  4.411146977814992E+00 -5.170793884841433E-01  2.396740476261424E+00  2.396740476261424E+00  7.190221428784271E+00 -7.707300817268414E+00 -2.157427529620203E-01 -6.904903234222991E-32  5.658980210703831E-01  5.658980210703831E-01 -6.795102777107349E-14  5.568992184388851E+17
  0.000000000000000E+00  1.303817393858677E+00 -1.122754422237689E+00  4.410246817974418E+00 -5.155846986721817E-01  2.400007887698871E+00  2.400007887698871E+00  7.200023663096614E+00 -7.715608361768796E+00 -2.148262517447493E-01  1.250018839447386E-18  5.724343068067700E-01  5.724343068067700E-01  1.229021312098103E+00  5.628186877188556E+17
  0.000000000000000E+00  1.302675788050151E+00 -1.122912121125272E+00  4.409348299704720E+00 -5.140716222235381E-01  2.402670265721528E+00  2.402670265721528E+00  7.208010797164585E+00 -7.722082419388123E+00 -2.139584567877278E-01  4.923243867550692E-18  5.788899839708852E-01  5.788899839708852E-01  4.836013915990462E+00  5.686332210277965E+17
  0.000000000000000E+00  1.301534517104738E+00 -1.123072225199641E+00  4.408451436570601E+00 -5.125403424212348E-01  2.404642282306336E+00  2.404642282306336E+00  7.213926846919007E+00 -7.726467189340242E+00 -2.131461906798246E-01  6.139138302210238E-18  5.852652619233164E-01  5.852652619233164E-01  6.024562145588768E+00  5.743423211107452E+17
  0.000000000000000E+00  1.309450177501982E+00 -1.122012767981062E+00  4.414700530063970E+00 -5.227647289559020E-01  2.380515977549043E+00  2.380515977549043E+00  7.141547932647130E+00 -7.664312661603033E+00 -2.196014367835227E-01 -6.460615773916932E-30  5.379258359296026E-01  5.379258359296026E-01 -6.379127017359577E-12  5.311408932826570E+17
  0.000000000000000E+00  1.308326995622198E+00 -1.122155734178215E+00  4.413809751663175E+00 -5.213723735216492E-01  2.384829894901067E+00  2.384829894901067E+00  7.154489684703201E+00 -7.675862058224850E+00 -2.186203614087444E-01  8.168949315219261E-18  5.451038828788755E-01  5.451038828788755E-01  8.059482333618270E+00  5.377992866064319E+17
  0.000000000000000E+00  1.307204121719940E+00 -1.122301119861922E+00  4.412920561156255E+00 -5.199605064249340E-01  2.389049613761564E+00  2.389049613761564E+00  7.167148841284693E+00 -7.687109347709627E+00 -2.176432433340114E-01  6.499424520385002E-18  5.521583531111691E-01  5.521583531111691E-01  6.407061564453399E+00  5.443116618424701E+17
  0.000000000000000E+00  1.306081562772029E+00 -1.122448917902738E+00  4.412032967058979E+00 -5.185294154757629E-01  2.393058639193896E+00  2.393058639193896E+00  7.179175917581690E+00 -7.697705333057453E+00 -2.166806140824155E-01  1.574533936675322E-18  5.590896112495334E-01  5.590896112495334E-01  1.550845416280232E+00  5.506782297287689E+17
  0.000000000000000E+00  1.313865454957440E+00 -1.121474929348960E+00  4.418215229086395E+00 -5.280385010306862E-01  2.363763510153438E+00  2.363763510153438E+00  7.091290530460315E+00 -7.619329031491000E+00 -2.233888875780174E-01 -7.273175714648934E-32  5.081390810223081E-01  5.081390810223081E-01 -7.202325585513525E-14  5.031891498063376E+17
  0.000000000000000E+00  1.312761202282549E+00 -1.121605799043587E+00  4.417334267070485E+00 -5.267500290120869E-01  2.368009266577622E+00  2.368009266577622E+00  7.104027799732866E+00 -7.630777828744953E+00 -2.224442431229905E-01 -4.664591660575479E-20  5.157953003095394E-01  5.157953003095394E-01 -4.615946336752282E-02  5.104162593911012E+17
  0.000000000000000E+00  1.311657234420273E+00 -1.121739071762932E+00  4.416454825914911E+00 -5.254413619530264E-01  2.372172074133652E+00  2.372172074133652E+00  7.116516222400959E+00 -7.641957584353985E+00 -2.215022121213210E-01 -9.233337389647385E-20  5.233115498460982E-01  5.233115498460982E-01 -9.130520053256601E-02  5.174842419738616E+17
  0.000000000000000E+00  1.310553557462717E+00 -1.121874732933316E+00  4.415576911611088E+00 -5.241128214140995E-01  2.376318716548478E+00  2.376318716548478E+00  7.128956149645434E+00 -7.653068971059534E+00 -2.205566188425076E-01 -9.189235820876372E-20  5.306882536736117E-01  5.306882536736117E-01 -9.080222564038699E-02  5.243926208238130E+17
  0.000000000000000E+00  1.318207375622363E+00 -1.120984208852097E+00  4.421691674329240E+00 -5.328999699245508E-01  2.342501406923530E+00  2.342501406923530E+00  7.027504220770590E+00 -7.560404190695141E+00 -2.274918462586636E-01  2.668734108321597E-32  4.765903892940905E-01  4.765903892940905E-01  2.649591043058204E-14  4.731717643746149E+17
  0.000000000000000E+00  1.317121496846992E+00 -1.121103326423181E+00  4.420820374513035E+00 -5.317154968027740E-01  2.348943918008942E+00  2.348943918008942E+00  7.046831754026826E+00 -7.578547250829600E+00 -2.263636405817118E-01 -2.500576756850378E-19  4.847424318043904E-01  4.847424318043904E-01 -2.481071971898122E-01  4.809613853463375E+17
  0.000000000000000E+00  1.316035880504356E+00 -1.121224836008706E+00  4.419950532097332E+00 -5.305101578836141E-01  2.354494872219850E+00  2.354494872219850E+00  7.063484616659551E+00 -7.593994774543165E+00 -2.253180349394610E-01 -1.123795249753292E-18  4.927175335203612E-01  4.927175335203612E-01 -1.114315130900497E+00  4.885610639324589E+17
  0.000000000000000E+00  1.314950531554492E+00 -1.121348712140142E+00  4.419082149514148E+00 -5.292843577614563E-01  2.359364619590075E+00  2.359364619590075E+00  7.078093858770227E+00 -7.607378216531684E+00 -2.243334300119394E-01 -1.436615631087687E-18  5.005162357404574E-01  5.005162357404574E-01 -1.423568015251896E+00  4.959704522878764E+17
  0.000000000000000E+00  1.322479184130653E+00 -1.120539394707118E+00  4.425131412192221E+00 -5.373481820560784E-01  2.305580851892013E+00  2.305580851892013E+00  6.916742555676041E+00 -7.454090737732120E+00 -2.330641242162979E-01 -1.456926134993398E-32  4.430967902859376E-01  4.430967902859376E-01 -1.449996228731748E-14  4.409891891195040E+17
  0.000000000000000E+00  1.321410866118282E+00 -1.120647045547865E+00  4.424269379385023E+00 -5.362680179557288E-01  2.316625818408774E+00  2.316625818408774E+00  6.949877455226323E+00 -7.486145473182052E+00 -2.314866793309229E-01 -3.809491301988271E-22  4.517143533619825E-01  4.517143533619825E-01 -3.789088678992307E-04  4.492950913338212E+17
  0.000000000000000E+00  1.320342788210514E+00 -1.120757078868770E+00  4.423408742624637E+00 -5.351663533760018E-01  2.326451184216665E+00  2.326451184216665E+00  6.979353552649994E+00 -7.514519906025996E+00 -2.300354965566135E-01  2.375778455247110E-23  4.601688149362649E-01  4.601688149362649E-01  2.361624603610417E-05  4.574273298789964E+17
  0.000000000000000E+00  1.319274956135743E+00 -1.120869473645094E+00  4.422549506206698E+00 -5.340435501034313E-01  2.335071522620108E+00  2.335071522620109E+00  7.005214567860327E+00 -7.539258117963758E+00 -2.287054357565023E-01  4.172314025748027E-22  4.684606636265985E-01  4.684606636265985E-01  4.144931066897449E-04  4.653861493412308E+17
  0.000000000000000E+00  1.326684614384401E+00 -1.120139442448167E+00  4.428536489993189E+00 -5.413818223322797E-01  2.252888434613590E+00  2.252888434613590E+00  6.758665303840772E+00 -7.300047126173052E+00 -2.403056511873550E-01 -3.424021855109840E-31  4.075340835158812E-01  4.075340835158812E-01 -3.415565405223939E-13  4.065275795565370E+17
  0.000000000000000E+00  1.325632922275011E+00 -1.120235869651883E+00  4.427683204256427E+00 -5.404063697070551E-01  2.267026898757297E+00  2.267026898757297E+00  6.801080696271892E+00 -7.341487065978948E+00 -2.383766906353367E-01 -5.594990025104845E-18  4.166389076199173E-01  4.166389076199173E-01 -5.578036523389351E+00  4.153764409482375E+17
  0.000000000000000E+00  1.324581448782677E+00 -1.120334680982255E+00  4.426831258348076E+00 -5.394087414442182E-01  2.280661029913658E+00  2.280661029913658E+00  6.841983089740976E+00 -7.381391831185194E+00 -2.365142098581126E-01 -4.414847645893573E-18  4.256006856916998E-01  4.256006856916998E-01 -4.398965218278580E+00  4.240695859515587E+17
  0.000000000000000E+00  1.323530200527768E+00 -1.120435861110320E+00  4.425980658832889E+00 -5.383892435563618E-01  2.293581967739591E+00  2.293581967739591E+00  6.880745903218775E+00 -7.419135146775137E+00 -2.347373022325266E-01 -1.023661096526769E-18  4.344198391429880E-01  4.344198391429880E-01 -1.019389666463855E+00  4.326071357325161E+17
  0.000000000000000E+00  1.330827712514686E+00 -1.119783350501643E+00  4.431909278839646E+00 -5.450003531391171E-01  2.197013851851674E+00  2.197013851851674E+00  6.591041555555024E+00 -7.136041908694141E+00 -2.480641406424375E-01  6.069357519273883E-30  3.700929259996441E-01  3.700929259996441E-01  6.066549221259916E-12  3.699216836192492E+17
  0.000000000000000E+00  1.329791635866460E+00 -1.119868809869755E+00  4.431064147151091E+00 -5.441295733904201E-01  2.210626214136315E+00  2.210626214136315E+00  6.631878642408948E+00 -7.176008215799368E+00 -2.461427309198040E-01  1.748954030885551E-18  3.796614315036471E-01  3.796614315036471E-01  1.747316873989851E+00  3.793060388977574E+17
  0.000000000000000E+00  1.328755756110549E+00 -1.119956655990979E+00  4.430220300778142E+00 -5.432360317028125E-01  2.224591610892344E+00  2.224591610892344E+00  6.673774832677032E+00 -7.217010864379844E+00 -2.441958465737923E-01  2.495727093996674E-18  3.890908516372611E-01  3.890908516372611E-01  2.492169607148437E+00  3.885362294629062E+17
  0.000000000000000E+00  1.327720080024135E+00 -1.120046872354167E+00  4.429377746245549E+00 -5.423200180316479E-01  2.238736773818516E+00  2.238736773818516E+00  6.716210321455550E+00 -7.258530339487198E+00 -2.422437619169654E-01  1.994832860359979E-18  3.983815979581421E-01  3.983815979581421E-01  1.990972500622715E+00  3.976106580406259E+17
  0.000000000000000E+00  1.334912698552848E+00 -1.119470091177858E+00  4.435252341608212E+00 -5.482050220669679E-01  2.148863864925900E+00  2.148863864925900E+00  6.446591594777701E+00 -6.994796616844669E+00 -2.551138911193296E-01 -2.552815083153460E-29  3.309556115068651E-01  3.309556115068651E-01 -2.556006922937712E-11  3.313694124494402E+17
  0.000000000000000E+00  1.333891183022051E+00 -1.119544842431087E+00  4.434414722030162E+00 -5.474384752540823E-01  2.159978027031941E+00  2.159978027031941E+00  6.479934081095825E+00 -7.027372556349907E+00 -2.534463167694005E-01 -1.651251635526209E-17  3.409956573861892E-01  3.409956573861891E-01 -1.652661338769750E+01  3.412867715167726E+17
  0.000000000000000E+00  1.332869842590565E+00 -1.119621985995559E+00  4.433578335529280E+00 -5.466486107754517E-01  2.171737089212599E+00  2.171737089212599E+00  6.515211267637798E+00 -7.061859878413250E+00 -2.517103076107838E-01 -1.043533113955661E-17  3.508648916539899E-01  3.508648916539899E-01 -1.043984459176042E+01  3.510166464854655E+17
  0.000000000000000E+00  1.331848683630680E+00 -1.119701496982127E+00  4.432743186401545E+00 -5.458357847106167E-01  2.184097035981351E+00  2.184097035981350E+00  6.552291107944052E+00 -7.098126892654669E+00 -2.499137060846583E-01  8.728188968378890E-19  3.605638136890223E-01  3.605638136890223E-01  8.728118809323635E-01  3.605609153997416E+17
  0.000000000000000E+00  1.338943923499826E+00 -1.119198878245956E+00  4.438568459683180E+00 -5.509959157472587E-01  2.111372405517270E+00  2.111372405517270E+00  6.334117216551812E+00 -6.885113132299071E+00 -2.609657653512190E-01 -9.279234304351253E-30  2.900308254607689E-01  2.900308254607689E-01 -9.304547198425254E-12  2.908220027629350E+17
  0.000000000000000E+00  1.337935881153195E+00 -1.119263107989995E+00  4.437737652097558E+00 -5.503335913602412E-01  2.119823376252525E+00  2.119823376252525E+00  6.359470128757577E+00 -6.909803720117818E+00 -2.596129458356733E-01  4.976097068771999E-19  3.004808298891729E-01  3.004808298891729E-01  4.987960359349081E-01  3.011971928034312E+17
  0.000000000000000E+00  1.336927991435541E+00 -1.119329732688299E+00  4.436908025564088E+00 -5.496474717174941E-01  2.128880280332783E+00  2.128880280332783E+00  6.386640840998350E+00 -6.936288312715844E+00 -2.581861820954883E-01  9.738677215264408E-19  3.107846783335408E-01  3.107846783335408E-01  9.758295236665433E-01  3.114107367125064E+17
  0.000000000000000E+00  1.335920261513285E+00 -1.119398733398408E+00  4.436079586593505E+00 -5.489378506695564E-01  2.138556111857441E+00  2.138556111857441E+00  6.415668335572324E+00 -6.964606186241880E+00 -2.566862041289984E-01  9.635450220724132E-19  3.209427962003171E-01  3.209427962003171E-01  9.651176896540452E-01  3.214666288387308E+17
  0.000000000000000E+00  1.342925842108689E+00 -1.118969057635224E+00  4.441860580443967E+00 -5.533728290014904E-01  2.083369428443297E+00  2.083369428443297E+00  6.250108285329890E+00 -6.803481114331380E+00 -2.656143559786097E-01  1.176079081517072E-31  2.473217179533958E-01  2.473217179533958E-01  1.180643361001073E-13  2.482815559957037E+17
  0.000000000000000E+00  1.341930159468215E+00 -1.119022919796655E+00  4.441035843873521E+00 -5.528147798699512E-01  2.089617562399965E+00  2.089617562399965E+00  6.268852687199896E+00 -6.821667467069847E+00 -2.645530884776030E-01 -3.414717668411699E-18  2.581833488882088E-01  2.581833488882088E-01 -3.427159890818327E+00  2.591240927389439E+17
  0.000000000000000E+00  1.340934606927058E+00 -1.119079186545194E+00  4.440212239303120E+00 -5.522324529773774E-01  2.096352900995276E+00  2.096352900995276E+00  6.289058702985828E+00 -6.841291155963206E+00 -2.634253291586529E-01  8.693966189432091E-19  2.689218356971493E-01  2.689218356971493E-01  8.723188068962494E-01  2.698257271219157E+17
  0.000000000000000E+00  1.339939192324501E+00 -1.119137843991431E+00  4.439389775131806E+00 -5.516260857833022E-01  2.103597247583090E+00  2.103597247583090E+00  6.310791742749272E+00 -6.862417828532574E+00 -2.622298952031279E-01  4.724856675984885E-18  2.795375400101796E-01  2.795375400101796E-01  4.739268700056151E+00  2.803902011662154E+17
  0.000000000000000E+00  1.346862973883997E+00 -1.118780111132400E+00  4.445131782217474E+00 -5.553352264517022E-01  2.063540843471207E+00  2.063540843471207E+00  6.190622530413624E+00 -6.745957756865326E+00 -2.691176325434582E-01  5.040608487485449E-30  2.028633724110152E-01  2.028633724110152E-01  5.063532117925888E-12  2.037859524905030E+17
  0.000000000000000E+00  1.345878521598888E+00 -1.118823725205489E+00  4.444312343345890E+00 -5.548815913610475E-01  2.067696451288797E+00  2.067696451288797E+00  6.203089353866392E+00 -6.757970945227439E+00 -2.683573747080667E-01 -3.819598688900407E-18  2.141636461620625E-01  2.141636461620625E-01 -3.836315983506579E+00  2.151009793895629E+17
  0.000000000000000E+00  1.344894176779521E+00 -1.118869764440007E+00  4.443493991108643E+00 -5.544031568292923E-01  2.072414660968680E+00  2.072414660968680E+00  6.217243982906041E+00 -6.771647139735333E+00 -2.675155543293422E-01 -5.040975052408688E-18  2.253398848871470E-01  2.253398848871470E-01 -5.062266792956702E+00  2.262916607468280E+17
  0.000000000000000E+00  1.343909947568565E+00 -1.118918213646428E+00  4.442676734001900E+00 -5.539001577461889E-01  2.077653108142849E+00  2.077653108142849E+00  6.232959324428547E+00 -6.786859482174736E+00 -2.665989599396135E-01 -3.741818017320511E-18  2.363924530869739E-01  2.363924530869739E-01 -3.757032499160741E+00  2.373536405813980E+17
  0.000000000000000E+00  1.350759862006388E+00 -1.118631591350401E+00  4.448385221335209E+00 -5.568829597217906E-01  2.054196757510152E+00  2.054196757510152E+00  6.162590272530458E+00 -6.719473232252248E+00 -2.710952384117169E-01  9.415941998231737E-31  1.569836827330023E-01  1.569836827330023E-01  9.461609926834403E-13  1.577450637627686E+17
  0.000000000000000E+00  1.349785505948095E+00 -1.118665084078562E+00  4.447570294248876E+00 -5.565335257841837E-01  2.055313033900659E+00  2.055313033900659E+00  6.165939101701977E+00 -6.722472627486161E+00 -2.707779869074109E-01 -4.083316169060630E-20  1.686421646559238E-01  1.686421646559238E-01 -4.102676552614937E-02  1.694417542189133E+17
  0.000000000000000E+00  1.348811233661692E+00 -1.118701013053744E+00  4.446756406468718E+00 -5.561589355779536E-01  2.057290220861398E+00  2.057290220861398E+00  6.171870662584196E+00 -6.728029598162149E+00 -2.703356725941597E-01 -7.509545749448012E-20  1.801746943341798E-01  1.801746943341798E-01 -7.544886954918729E-02  1.810226272325920E+17
  0.000000000000000E+00  1.347837053517039E+00 -1.118739361122754E+00  4.445943566362805E+00 -5.557594241261197E-01  2.060056697636778E+00  2.060056697636778E+00  6.180170092910337E+00 -6.735929517036457E+00 -2.697787030636906E-01 -7.183258279146308E-20  1.915816397275943E-01  1.915816397275943E-01 -7.216785287587274E-02  1.924758243723157E+17
  0.000000000000000E+00  1.354621043870778E+00 -1.118523200298114E+00  4.451624122039072E+00 -5.580154252359855E-01  2.059033601690364E+00  2.059033601690364E+00  6.177100805071094E+00 -6.735116230307079E+00 -2.710084113138719E-01 -3.462480296785804E-30  1.095118957959844E-01  1.095118957959844E-01 -3.480909729932041E-12  1.100947849359351E+17
  0.000000000000000E+00  1.353655649962637E+00 -1.118546622604768E+00  4.450812894048974E+00 -5.577704997812419E-01  2.056463729456885E+00  2.056463729456885E+00  6.169391188370655E+00 -6.727161688151897E+00 -2.712279782967774E-01 -1.336188502317939E-19  1.215664030519868E-01  1.215664030519868E-01 -1.343133646947872E-01  1.221982721706568E+17
  0.000000000000000E+00  1.352690315822531E+00 -1.118572507137898E+00  4.450002662132523E+00 -5.574999614808047E-01  2.054784077770120E+00  2.054784077770120E+00  6.164352233310360E+00 -6.721852194791165E+00 -2.713180268000768E-01 -9.327956462778089E-20  1.334962935303763E-01  1.334962935303763E-01 -9.375505705671398E-02  1.341767906694616E+17
  0.000000000000000E+00  1.351725050240451E+00 -1.118600836014207E+00  4.449193435014148E+00 -5.572040386794093E-01  2.054019976998424E+00  2.054019976998424E+00  6.162059930995274E+00 -6.719263969674683E+00 -2.712748877416768E-01 -6.209778417927123E-21  1.453019307994992E-01  1.453019307994992E-01 -6.240775695204927E-03  1.460272327241202E+17
  0.000000000000000E+00  1.358451052725410E+00 -1.118454895055319E+00  4.454851797381734E+00 -5.587303469511987E-01  2.076268173368946E+00  2.076268173368946E+00  6.228804520106840E+00 -6.787534867058039E+00 -2.691031698687577E-01 -6.299592865661980E-34  6.051769532694092E-02  6.051769532694092E-02 -6.335273567541802E-16  6.086046570773561E+16
  0.000000000000000E+00  1.357493489073678E+00 -1.118468252822441E+00  4.454043439181532E+00 -5.585904585563291E-01  2.071161881631181E+00  2.071161881631181E+00  6.213485644893545E+00 -6.772076103449875E+00 -2.696990821965113E-01  1.985377251363060E-19  7.293656552453437E-02  7.293656552453437E-02  1.996537115449552E-01  7.334654411053382E+16
  0.000000000000000E+00  1.356535960187565E+00 -1.118484100757042E+00  4.453236034178001E+00 -5.584245406970760E-01  2.066499507257330E+00  2.066499507257330E+00  6.199498521771992E+00 -6.757923062469068E+00 -2.702272798691446E-01  8.469570914577740E-19  8.524166321858737E-02  8.524166321858737E-02  8.516587361352337E-01  8.571485839719987E+16
  0.000000000000000E+00  1.355578475356717E+00 -1.118502422151480E+00  4.452429591960610E+00 -5.582327955360809E-01  2.062412823019641E+00  2.062412823019641E+00  6.187238469058926E+00 -6.745471264595007E+00 -2.706697656770554E-01  1.072516785276000E-18  9.743332595759507E-02  9.743332595759507E-02  1.078364623649786E+00  9.796457577134394E+16
  0.000000000000000E+00  1.362254405862352E+00 -1.118426755788279E+00  4.458071604717386E+00 -5.590251530218585E-01  2.097619390326121E+00  2.097619390326121E+00  6.292858170978363E+00 -6.851883324000221E+00 -2.665045697041091E-01  5.439121212156077E-31  1.013391362447927E-02  1.013391362447927E-02  5.468663572589678E-13  1.018895555445653E+16
  0.000000000000000E+00  1.361303544761356E+00 -1.118430027077429E+00  4.457265276974221E+00 -5.589908707396665E-01  2.092458596853713E+00  2.092458596853713E+00  6.277375790561139E+00 -6.836366661300806E+00 -2.671454869311071E-01 -2.652806424683996E-20  2.288384543807890E-02  2.288384543807890E-02 -2.667516078887678E-02  2.301073500307411E+16
  0.000000000000000E+00  1.360352692356000E+00 -1.118435817912933E+00  4.456459859592934E+00 -5.589301911898327E-01  2.087070809374781E+00  2.087070809374781E+00  6.261212428124345E+00 -6.820142619314178E+00 -2.678060507957897E-01 -2.095305477860059E-20  3.553091064346588E-02  3.553091064346588E-02 -2.107094274603325E-02  3.573081785895541E+16
  0.000000000000000E+00  1.359401858419585E+00 -1.118444112502871E+00  4.455655362959225E+00 -5.588432910383467E-01  2.081619508132226E+00  2.081619508132226E+00  6.244858524396678E+00 -6.803701815435025E+00 -2.684656292156773E-01 -4.886451639462240E-21  4.807542157425643E-02  4.807542157425643E-02 -4.914149765714673E-03  4.834792996984738E+16
  0.000000000000000E+00  1.366035596082839E+00 -1.118438977221337E+00  4.461286932841330E+00 -5.588970889925158E-01  2.112936467204979E+00  2.112936467204979E+00  6.338809401614937E+00 -6.897706490607453E+00 -2.645120180692572E-01  8.688234688219975E-34 -4.147473360454794E-02 -4.147473360454794E-02  8.729845612951081E-16 -4.167337027588480E+16
  0.000000000000000E+00  1.365090316006857E+00 -1.118432113608211E+00  4.460481789084346E+00 -5.589690034056892E-01  2.110102442134316E+00  2.110102442134316E+00  6.330307326402947E+00 -6.889276329808636E+00 -2.649013584574150E-01  3.163793404533563E-20 -2.844356244100560E-02 -2.844356244100560E-02  3.179258639739174E-02 -2.858260008569039E+16
  0.000000000000000E+00  1.364145017454127E+00 -1.118427798097624E+00  4.459677512237192E+00 -5.590142255196852E-01  2.106540700174860E+00  2.106540700174860E+00  6.319622100524581E+00 -6.878636326044266E+00 -2.653707215214415E-01  1.332555086512417E-19 -1.549858223352382E-02 -1.549858223352382E-02  1.339307070871824E-01 -1.557711270921892E+16
  0.000000000000000E+00  1.363199710660632E+00 -1.118426016790629E+00  4.458874113679070E+00 -5.590328953774322E-01  2.102347572510749E+00  2.102347572510749E+00  6.307042717532248E+00 -6.866075612909680E+00 -2.659088833297920E-01  1.683404104384797E-19 -2.639517071574886E-03 -2.639517071574886E-03  1.692271309090240E-01 -2.653420529536169E+15
  0.000000000000000E+00  1.369799083821458E+00 -1.118491855432671E+00  4.464501188776556E+00 -5.583434161775712E-01  2.116571711996892E+00  2.116571711996892E+00  6.349715135990674E+00 -6.908058552168246E+00 -2.637961251267026E-01 -1.948095348110166E-31 -9.415408437576314E-02 -9.415408437576314E-02 -1.957171907971441E-13 -9.459276679644096E+16
  0.000000000000000E+00  1.368858271373919E+00 -1.118474780660075E+00  4.463696377651539E+00 -5.585221421953452E-01  2.116700665878980E+00  2.116700665878980E+00  6.350101997636941E+00 -6.908624139832286E+00 -2.638644902411904E-01  6.691815229923978E-19 -8.086813369991133E-02 -8.086813369991133E-02  6.722952166535746E-01 -8.124441216343888E+16
  0.000000000000000E+00  1.367917412149120E+00 -1.118460284592368E+00  4.462892389848210E+00 -5.586739158890366E-01  2.116182566638863E+00  2.116182566638863E+00  6.348547699916589E+00 -6.907221615805625E+00 -2.640008119792706E-01  5.253821124370872E-19 -6.765976389001446E-02 -6.765976389001446E-02  5.278448751022280E-01 -6.797692341352322E+16
  0.000000000000000E+00  1.366976516825834E+00 -1.118448354391979E+00  4.462089237542392E+00 -5.587988579307313E-01  2.114950228879781E+00  2.114950228879781E+00  6.344850686639345E+00 -6.903649544570077E+00 -2.642137154341964E-01  1.185143958944830E-19 -5.452871780595866E-02 -5.452871780595866E-02  1.190762126381152E-01 -5.478721084759269E+16
  0.000000000000000E+00  1.373549307537773E+00 -1.118586003468316E+00  4.467717849044306E+00 -5.573591299608999E-01  2.112980928255161E+00  2.112980928255161E+00  6.338942784765482E+00 -6.896301914726382E+00 -2.637785900041943E-01 -2.164001977128246E-30 -1.480749126505337E-01 -1.480749126505337E-01 -2.174995985152110E-12 -1.488271932838320E+17
  0.000000000000000E+00  1.372611855569875E+00 -1.118558543580113E+00  4.466912498824650E+00 -5.576460376383989E-01  2.113903504070362E+00  2.113903504070362E+00  6.341710512211087E+00 -6.899356549849486E+00 -2.637991926143462E-01  1.294205332999823E-17 -1.345727665197213E-01 -1.345727665197212E-01  1.300520953548013E+01 -1.352294710686731E+17
  0.000000000000000E+00  1.371674326986429E+00 -1.118533699319271E+00  4.466107928538646E+00 -5.579057269267758E-01  2.114954780139603E+00  2.114954780139603E+00  6.344864340418809E+00 -6.902770067345585E+00 -2.637908536701430E-01  1.161014726856101E-17 -1.210853429400952E-01 -1.210853429400952E-01  1.166542801659628E+01 -1.216618807030537E+17
  0.000000000000000E+00  1.370736732749577E+00 -1.118511470124040E+00  4.465304153447594E+00 -5.581381892863824E-01  2.115916826202055E+00  2.115916826202055E+00  6.347750478606167E+00 -6.905888667892549E+00 -2.637807792701413E-01  4.467409363056992E-18 -1.076124972804264E-01 -1.076124972804264E-01  4.488393249374171E+00 -1.081179643701258E+17
  0.000000000000000E+00  1.377290734683794E+00 -1.118722067370162E+00  4.470940437230944E+00 -5.559397107105378E-01  2.115031686706444E+00  2.115031686706444E+00  6.345095060119332E+00 -6.901034770829870E+00 -2.628517171656443E-01  1.909885371961150E-31 -2.030080529673741E-01 -2.030080529673741E-01  1.919895125746873E-13 -2.040720229084788E+17
  0.000000000000000E+00  1.376355529213606E+00 -1.118684049546043E+00  4.470133667060605E+00 -5.563359190267946E-01  2.113328281938536E+00  2.113328281938536E+00  6.339984845815607E+00 -6.896320764842402E+00 -2.632510641065537E-01 -2.319884561637893E-20 -1.891731423622243E-01 -1.891731423622243E-01 -2.332109797082473E-02 -1.901700394679736E+17
  0.000000000000000E+00  1.375420214909101E+00 -1.118648709674465E+00  4.469327636824456E+00 -5.567044929990311E-01  2.112515660581352E+00  2.112515660581352E+00  6.337546981744057E+00 -6.894251474743088E+00 -2.635268004810100E-01 -8.669410685525713E-19 -1.754061387021934E-01 -1.754061387021934E-01 -8.715289015341172E-01 -1.763343841129767E+17
  0.000000000000000E+00  1.374484803705437E+00 -1.118616032675273E+00  4.468522359763410E+00 -5.570455306396116E-01  2.112448362673894E+00  2.112448362673894E+00  6.337345088021682E+00 -6.894390618661294E+00 -2.636966377414853E-01 -1.278068722706364E-18 -1.617068088037080E-01 -1.617068088037080E-01 -1.284776748032504E+00 -1.625555373185313E+17
  0.000000000000000E+00  1.381027774831955E+00 -1.118900940202800E+00  4.474172491869041E+00 -5.540794882436230E-01  2.131394795994275E+00  2.131394795994275E+00  6.394184387982827E+00 -6.948263876226450E+00 -2.599609838988793E-01  7.060164543005311E-30 -2.587112194308674E-01 -2.587112194308674E-01  7.093929826870199E-12 -2.599485075577807E+17
  0.000000000000000E+00  1.380093716007832E+00 -1.118852144884412E+00  4.473363420354453E+00 -5.545862651818551E-01  2.125924286044649E+00  2.125924286044649E+00  6.377772858133948E+00 -6.932359123315803E+00 -2.608683050578818E-01 -8.109637819061283E-20 -2.446263332856456E-01 -2.446263332856456E-01 -8.149508881819513E-02 -2.458290395105552E+17
  0.000000000000000E+00  1.379159514326925E+00 -1.118806085179886E+00  4.472555046008731E+00 -5.550651118438296E-01  2.121355142517868E+00  2.121355142517868E+00  6.364065427553604E+00 -6.919130539397433E+00 -2.616559107519425E-01  1.281680804755242E-18 -2.306476996579339E-01 -2.306476996579339E-01  1.288170077438693E+00 -2.318154910544643E+17
  0.000000000000000E+00  1.378225182861492E+00 -1.118762734778657E+00  4.471747380959635E+00 -5.555162023224294E-01  2.117715048407333E+00  2.117715048407333E+00  6.353145145221999E+00 -6.908661347544429E+00 -2.623186734873588E-01  2.005034642913954E-18 -2.167750374277716E-01 -2.167750374277716E-01  2.015428787957734E+00 -2.178988041361714E+17
  0.000000000000000E+00  1.388411540737684E+00 -1.119384209715419E+00  4.480596576027654E+00 -5.490872818131146E-01  2.197855979892664E+00  2.197855979892664E+00  6.593567939677993E+00 -7.142655221491108E+00 -2.498285997064876E-01 -1.768474603301477E-29 -3.702500117606669E-01 -3.702500117606669E-01 -1.774995936109799E-11 -3.716153259950184E+17
  0.000000000000000E+00  1.386566716438990E+00 -1.119247073792167E+00  4.478986865535393E+00 -5.504989640420606E-01  2.177812678941565E+00  2.177812678941565E+00  6.533438036824694E+00 -7.083937000866754E+00 -2.527760855491060E-01  6.520007417966266E-18 -3.422169929923655E-01 -3.422169929923655E-01  6.545119675651734E+00 -3.435350653136775E+17
  0.000000000000000E+00  1.384721079577552E+00 -1.119120873714080E+00  4.477379533642488E+00 -5.518015062535073E-01  2.159937393892192E+00  2.159937393892192E+00  6.479812181676575E+00 -7.031613687930083E+00 -2.554710649548805E-01  5.199420453098601E-18 -3.142836280722917E-01 -3.142836280722917E-01  5.221013473539466E+00 -3.155888375406180E+17
  0.000000000000000E+00  1.382874731819747E+00 -1.119005524258508E+00  4.475774702139099E+00 -5.529949878523845E-01  2.144406105868457E+00  2.144406105868457E+00  6.433218317605373E+00 -6.986213305457758E+00 -2.578779207627879E-01  1.272198995666511E-18 -2.864487819053239E-01 -2.864487819053239E-01  1.277918032223376E+00 -2.877364822265519E+17
  0.000000000000000E+00  1.395809467175370E+00 -1.120046971260533E+00  4.487082109717325E+00 -5.423192053432315E-01  2.306586727024452E+00  2.306586727024452E+00  6.919760181073356E+00 -7.462079386416587E+00 -2.351176303016515E-01 -2.767018134089811E-30 -4.832599316809839E-01 -4.832599316809839E-01 -2.774046129659009E-12 -4.844873716521143E+17
  0.000000000000000E+00  1.393961559662862E+00 -1.119864302422988E+00  4.485457609104327E+00 -5.441756215855782E-01  2.274478744220706E+00  2.274478744220706E+00  6.823436232662117E+00 -7.367611854247695E+00 -2.392528938633923E-01  5.711772716999043E-18 -4.550740235462897E-01 -4.550740235462897E-01  5.728992482235269E+00 -4.564459737688976E+17
  0.000000000000000E+00  1.392112529600461E+00 -1.119692992333785E+00  4.483835094772046E+00 -5.459227723105349E-01  2.245831865521281E+00  2.245831865521281E+00  6.737495596563845E+00 -7.283418368874379E+00 -2.430826548913626E-01  1.900915753484445E-17 -4.268441812498595E-01 -4.268441812498595E-01  1.907293878813512E+01 -4.282763676468652E+17
  0.000000000000000E+00  1.390262486716093E+00 -1.119532981321679E+00  4.482214704686250E+00 -5.475601586693108E-01  2.220379730790496E+00  2.220379730790496E+00  6.661139192371488E+00 -7.208699351040799E+00 -2.466065380962424E-01  2.282497050322527E-17 -3.985697581232946E-01 -3.985697581232946E-01  2.290657017164341E+01 -3.999946519736399E+17
  0.000000000000000E+00  1.403235835691841E+00 -1.120898334502205E+00  4.493639818297148E+00 -5.337557285144315E-01  2.465362778827799E+00  2.465362778827799E+00  7.396088336483400E+00 -7.929844064997831E+00 -2.165019010987969E-01 -2.488543163810325E-30 -5.952417098915426E-01 -5.952417098915426E-01 -2.488469904692037E-12 -5.952241868348927E+17
  0.000000000000000E+00  1.401381310558952E+00 -1.120667957514218E+00  4.491997918820529E+00 -5.360585418681836E-01  2.422516623454824E+00  2.422516623454824E+00  7.267549870364473E+00 -7.803608412232657E+00 -2.212816773590161E-01  2.074962005409145E-18 -5.674723971396149E-01 -5.674723971396149E-01  2.076309720980897E+00 -5.678409780505762E+17
  0.000000000000000E+00  1.399525328785716E+00 -1.120449308762278E+00  4.490357567960544E+00 -5.382540098761275E-01  2.381322872419505E+00  2.381322872419505E+00  7.143968617258514E+00 -7.682222627134641E+00 -2.260315121944145E-01  2.780879439087363E-19 -5.395524648332343E-01 -5.395524648332343E-01  2.784546142171306E-01 -5.402638867880828E+17
  0.000000000000000E+00  1.397668008336426E+00 -1.120242332069884E+00  4.488718915305642E+00 -5.403412064104234E-01  2.342455061637496E+00  2.342455061637496E+00  7.027365184912490E+00 -7.567706391322914E+00 -2.306730298734939E-01 -1.662783064440002E-18 -5.114817383244075E-01 -5.114817383244075E-01 -1.666035330781044E+00 -5.124821543601401E+17
  0.000000000000000E+00  1.410704805549988E+00 -1.121948545751227E+00  4.500280333444889E+00 -5.233916787421837E-01  2.640122574111067E+00  2.640122574111067E+00  7.920367722333204E+00 -8.443759401075388E+00 -1.982452193222166E-01  4.659929015889260E-30 -7.048537052269486E-01 -7.048537052269486E-01  4.646765759665195E-12 -7.028626513094431E+17
  0.000000000000000E+00  1.408840175108683E+00 -1.121667845722777E+00  4.498618436176929E+00 -5.261404756404969E-01  2.597268909020458E+00  2.597268909020458E+00  7.791806727061374E+00 -8.317947202701871E+00 -2.025745096370969E-01 -5.960585227719224E-18 -6.779284167977976E-01 -6.779284167977976E-01 -5.947965018390598E+00 -6.764930546306693E+17
  0.000000000000000E+00  1.406973721830451E+00 -1.121399255393828E+00  4.496957608227259E+00 -5.287851496324593E-01  2.553535989968885E+00  2.553535989968885E+00  7.660607969906657E+00 -8.189393119539115E+00 -2.070795758155351E-01 -6.563079111874179E-18 -6.506844678570149E-01 -6.506844678570149E-01 -6.553798572727973E+00 -6.497643657871117E+17
  0.000000000000000E+00  1.405105567947450E+00 -1.121142757431322E+00  4.495298014212249E+00 -5.313241006223459E-01  2.509406414167588E+00  2.509406414167587E+00  7.528219242502763E+00 -8.059543343125108E+00 -2.117329810040336E-01 -3.881383512325793E-18 -6.231221618880692E-01 -6.231221618880692E-01 -3.878599179743448E+00 -6.226751616541021E+17
  0.000000000000000E+00  1.418230885285898E+00 -1.123208692066754E+00  4.507014481359727E+00 -5.112394504829808E-01  2.800842294451944E+00  2.800842294451944E+00  8.402526883355833E+00 -8.913766333838813E+00 -1.825306092726716E-01  7.906292908476342E-32 -8.097527012443949E-01 -8.097527012443949E-01  7.862702256342562E-14 -8.052882007859702E+17
  0.000000000000000E+00  1.416352561785931E+00 -1.122874948376929E+00  4.505329950618501E+00 -5.144281232679386E-01  2.762919379397178E+00  2.762919379397178E+00  8.288758138191534E+00 -8.803186261459473E+00 -1.861900593640116E-01  1.030196818517112E-18 -7.841693632799585E-01 -7.841693632799585E-01  1.025221498239482E+00 -7.803822289536863E+17
  0.000000000000000E+00  1.414472020843290E+00 -1.122553685428767E+00  4.503645965478615E+00 -5.175177484421937E-01  2.723344833273150E+00  2.723344833273150E+00  8.170034499819449E+00 -8.687552248261643E+00 -1.900301945311114E-01  4.268174179954809E-18 -7.581578881565925E-01 -7.581578881565925E-01  4.250360333470827E+00 -7.549936058052137E+17
  0.000000000000000E+00  1.412589392187976E+00 -1.122244889220716E+00  4.501962701391082E+00 -5.205062817016430E-01  2.682339087653299E+00  2.682339087653299E+00  8.047017262959898E+00 -8.567523544661540E+00 -1.940493966991395E-01  5.377922172008113E-18 -7.317190978410582E-01 -7.317190978410582E-01  5.359015923463444E+00 -7.291467171545787E+17
  0.000000000000000E+00  1.425828413389272E+00 -1.124690919636129E+00  4.513852813255182E+00 -4.973320123717747E-01  2.927442517653454E+00  2.927442517653454E+00  8.782327552960364E+00 -9.279659565332139E+00 -1.698861751760100E-01  4.328988608925825E-31 -9.078804023428384E-01 -9.078804023428384E-01  4.292085970571141E-13 -9.001411391606986E+17
  0.000000000000000E+00  1.423932848907861E+00 -1.124301140703493E+00  4.512143081265938E+00 -5.009494331931551E-01  2.900763407564952E+00  2.900763407564952E+00  8.702290222694860E+00 -9.203239655888014E+00 -1.726957227489564E-01  1.372807447218806E-18 -8.842101561414507E-01 -8.842101561414507E-01  1.362164113693578E+00 -8.773549022474880E+17
  0.000000000000000E+00  1.422034652247344E+00 -1.123924162623920E+00  4.510433324611263E+00 -5.044749116819841E-01  2.870529978178652E+00  2.870529978178652E+00  8.611589934535957E+00 -9.116064846217940E+00 -1.757427776462634E-01  1.072866437749664E-18 -8.599646476278460E-01 -8.599646476278460E-01  1.065366266949278E+00 -8.539528259205405E+17
  0.000000000000000E+00  1.420133954131948E+00 -1.123560006158108E+00  4.508723729320570E+00 -5.079058000435098E-01  2.837102762729374E+00  2.837102762729374E+00  8.511308288188124E+00 -9.019214088231633E+00 -1.790227011568978E-01  2.349921774936847E-19 -8.351451151150177E-01 -8.351451151150177E-01  2.335251951638875E-01 -8.299315665630743E+17
  0.000000000000000E+00  1.433512036249025E+00 -1.126408240168063E+00  4.520805915928547E+00 -4.817245511356517E-01  3.002525735889355E+00  3.002525735889355E+00  9.007577207668067E+00 -9.489301758803720E+00 -1.604397742132803E-01 -5.744229534131830E-31 -9.972618042658005E-01 -9.972618042658005E-01 -5.678024529499862E-13 -9.857678829351167E+17
  0.000000000000000E+00  1.431595607486702E+00 -1.125959195797808E+00  4.519068406029321E+00 -4.857541128111900E-01  2.987725819992324E+00  2.987725819992324E+00  8.963177459976976E+00 -9.448931572788165E+00 -1.625832295456207E-01 -1.674078731994107E-21 -9.759808785549410E-01 -9.759808785549410E-01 -1.656004891400844E-03 -9.654439053027556E+17
  0.000000000000000E+00  1.429676106453402E+00 -1.125523262894268E+00  4.517330255968369E+00 -4.897006880952233E-01  2.970658789068099E+00  2.970658789068099E+00  8.911976367204298E+00 -9.401677055299521E+00 -1.648458213704318E-01 -7.896828030207226E-19 -9.539892260280490E-01 -9.539892260280490E-01 -7.817415265411123E-01 -9.443956370914803E+17
  0.000000000000000E+00  1.427753664602974E+00 -1.125100488494643E+00  4.515591660167482E+00 -4.935610602085015E-01  2.950754426995526E+00  2.950754426995527E+00  8.852263280986582E+00 -9.345824341195083E+00 -1.672660576878462E-01 -1.184454580529867E-18 -9.312885357895576E-01 -9.312885357895576E-01 -1.173438389890259E+00 -9.226269524588143E+17
  0.000000000000000E+00  1.441296309050363E+00 -1.128374562629823E+00  4.527884004007435E+00 -4.644978044296453E-01  3.054770818669521E+00  3.054770818669521E+00  9.164312456008563E+00 -9.628810260438209E+00 -1.520565148752970E-01 -5.926644678544087E-32 -1.075839590633609E+00 -1.075839590633609E+00 -5.840039493327391E-14 -1.060118505253277E+18
  0.000000000000000E+00  1.439355402206040E+00 -1.127862840913120E+00  4.526116230994599E+00 -4.689162367123636E-01  3.041770024594800E+00  3.041770024594800E+00  9.125310073784400E+00 -9.594226310496763E+00 -1.541590037776866E-01  1.041573856319785E-20 -1.057404522199651E+00 -1.057404522199651E+00  1.027192400220800E-02 -1.042804485320255E+18
  0.000000000000000E+00  1.437410967222878E+00 -1.127364500415424E+00  4.524347158306631E+00 -4.732625994711356E-01  3.029058360229817E+00  3.029058360229817E+00  9.087175080689452E+00 -9.560437680160588E+00 -1.562408323605983E-01  2.997670020633934E-20 -1.038161850303332E+00 -1.038161850303332E+00  2.958614546504013E-02 -1.024636044257936E+18
  0.000000000000000E+00  1.435463134953123E+00 -1.126879610409488E+00  4.522576986330787E+00 -4.775332513856640E-01  3.016141654389644E+00  3.016141654389644E+00  9.048424963168934E+00 -9.525958214554597E+00 -1.583258699705531E-01  3.458262632461473E-20 -1.018113626056665E+00 -1.018113626056665E+00  3.415829506375186E-02 -1.005621300153158E+18
  0.000000000000000E+00  1.449195824480821E+00 -1.130604688678392E+00  4.535096958050231E+00 -4.457583628321380E-01  3.113082576601717E+00  3.113082576601717E+00  9.339247729805153E+00 -9.785006092637291E+00 -1.431887371644133E-01 -7.138874357075501E-30 -1.141795688125329E+00 -1.141795688125329E+00 -7.008215023626674E-12 -1.120897958863945E+18
  0.000000000000000E+00  1.447226804337857E+00 -1.130026672752516E+00  4.533296514798188E+00 -4.505358933887448E-01  3.098212211913688E+00  3.098212211913688E+00  9.294636635741064E+00 -9.745172529129809E+00 -1.454180225796928E-01  1.677811605625817E-19 -1.126719156209411E+00 -1.126719156209411E+00  1.648756515941924E-01 -1.107207474431519E+18
  0.000000000000000E+00  1.445253798441360E+00 -1.129462232985315E+00  4.531494073753983E+00 -4.552544730806214E-01  3.083343334173973E+00  3.083343334173973E+00  9.250030002521919E+00 -9.705284475602541E+00 -1.476496204736097E-01  1.342856445973713E-19 -1.110699474543101E+00 -1.110699474543101E+00  1.320868407678811E-01 -1.092512792970692E+18
  0.000000000000000E+00  1.443276926706979E+00 -1.128911489552509E+00  4.529689836109772E+00 -4.599098580476332E-01  3.068766138165082E+00  3.068766138165082E+00  9.206298414495247E+00 -9.666208272542880E+00 -1.498680047097459E-01  3.346640037194646E-20 -1.093738897773123E+00 -1.093738897773123E+00  3.294858458021081E-02 -1.076815796782040E+18
  0.000000000000000E+00  1.457225037799204E+00 -1.133113926740418E+00  4.542454039476101E+00 -4.256427413869839E-01  3.159551793679384E+00  3.159551793679384E+00  9.478655381038156E+00 -9.904298122425139E+00 -1.347161778574015E-01  1.106438915125236E-28 -1.193844132021994E+00 -1.193844132021994E+00  1.081379734155286E-10 -1.166805354060298E+18
  0.000000000000000E+00  1.455224319342495E+00 -1.132465796848353E+00  4.540618677224682E+00 -4.307429901994220E-01  3.151465258914529E+00  3.151465258914529E+00  9.454395776743588E+00 -9.885138766943010E+00 -1.366802280244029E-01 -2.571807270032579E-19 -1.182287082127302E+00 -1.182287082127302E+00 -2.516434725241611E-01 -1.156831735930211E+18
  0.000000000000000E+00  1.453219132019977E+00 -1.131831460603042E+00  4.538780573974089E+00 -4.357986169853587E-01  3.140630333814078E+00  3.140630333814078E+00  9.421891001442237E+00 -9.857689618427596E+00 -1.387615130291731E-01 -1.715258763866696E-19 -1.169758320218015E+00 -1.169758320218015E+00 -1.680217363343597E-01 -1.145861068865931E+18
  0.000000000000000E+00  1.451209594257477E+00 -1.131211047910913E+00  4.536939932823597E+00 -4.408052113333965E-01  3.127638834376864E+00  3.127638834376864E+00  9.382916503130593E+00 -9.823721714463989E+00 -1.409386552207907E-01  2.441234619334909E-22 -1.156260378737632E+00 -1.156260378737632E+00  2.393994317788567E-04 -1.133885598155283E+18
  0.000000000000000E+00  1.465398109990424E+00 -1.135918487261241E+00  4.549963744734494E+00 -4.043134050375519E-01  3.160460873083612E+00  3.160460873083612E+00  9.481382619250837E+00 -9.885696024288389E+00 -1.279286222085292E-01  3.671784016025146E-29 -1.230488364544515E+00 -1.230488364544515E+00  3.571139685576145E-11 -1.196760433643793E+18
  0.000000000000000E+00  1.463362122839165E+00 -1.135196359249888E+00  4.548091381147361E+00 -4.096925462859313E-01  3.164716608952969E+00  3.164716608952969E+00  9.494149826858909E+00 -9.903842373144840E+00 -1.294563137586831E-01 -5.449513582720435E-18 -1.222899706192319E+00 -1.222899706192319E+00 -5.306825822288754E+00 -1.190879817139756E+18
  0.000000000000000E+00  1.461321215532287E+00 -1.134488101318781E+00  4.546215512153193E+00 -4.150436845220724E-01  3.166146202711791E+00  3.166146202711791E+00  9.498438608135375E+00 -9.913482292657447E+00 -1.310879719220133E-01 -8.740132904941787E-18 -1.214261122048514E+00 -1.214261122048514E+00 -8.521758886970551E+00 -1.183922558210650E+18
  0.000000000000000E+00  1.459275487406672E+00 -1.133793896228698E+00  4.544336332708149E+00 -4.203620171033112E-01  3.164505861805467E+00  3.164505861805466E+00  9.493517585416399E+00 -9.913879602519710E+00 -1.328365424052270E-01 -7.663960363544462E-18 -1.204575128905695E+00 -1.204575128905695E+00 -7.481489854177743E+00 -1.175895513287192E+18
  0.000000000000000E+00  1.473728644769750E+00 -1.139034643483297E+00  4.557633382811617E+00 -3.819637537344783E-01  3.122497588206843E+00  3.122497588206843E+00  9.367492764620529E+00 -9.749456518355007E+00 -1.223263566886624E-01 -5.769920417697989E-31 -1.251553622377989E+00 -1.251553622377989E+00 -5.579727748008859E-13 -1.210298924311609E+18
  0.000000000000000E+00  1.471654030838816E+00 -1.138234381240107E+00  4.555722262072477E+00 -3.875725021682384E-01  3.134575422555064E+00  3.134575422555064E+00  9.403726267665192E+00 -9.791298769833430E+00 -1.236443377241563E-01 -2.535716859062027E-21 -1.247789100488932E+00 -1.247789100488932E+00 -2.455882082575076E-03 -1.208503577113410E+18
  0.000000000000000E+00  1.469574004783583E+00 -1.137448147779375E+00  4.553806819086105E+00 -3.931701290993656E-01  3.145025269081355E+00  3.145025269081355E+00  9.435075807244068E+00 -9.828245936343434E+00 -1.250133450324259E-01 -1.121232139419527E-20 -1.243021617569599E+00 -1.243021617569599E+00 -1.087517003708095E-02 -1.205644306435529E+18
  0.000000000000000E+00  1.467488665026603E+00 -1.136676123115091E+00  4.551887247972937E+00 -3.987519811738176E-01  3.153702096389584E+00  3.153702096389584E+00  9.461106289168754E+00 -9.859858270342571E+00 -1.264393303445865E-01 -1.429967063837112E-20 -1.237253853065797E+00 -1.237253853065797E+00 -1.388907388931155E-02 -1.201727691472462E+18
  0.000000000000000E+00  1.482229473008082E+00 -1.142479403798867E+00  4.565468923559470E+00 -3.588093826269850E-01  3.045285759127822E+00  3.045285759127822E+00  9.135857277383467E+00 -9.494666660010452E+00 -1.178245363514749E-01  1.754202130764333E-29 -1.256171065821612E+00 -1.256171065821612E+00  1.684652145968434E-11 -1.206366840301218E+18
  0.000000000000000E+00  1.480112938369571E+00 -1.141597010291176E+00  4.563517558608447E+00 -3.645910911809283E-01  3.070127028551596E+00  3.070127028551596E+00  9.210381085654790E+00 -9.574972176835718E+00 -1.187543993425355E-01 -2.930144460798048E-18 -1.256545749049600E+00 -1.256545749049600E+00 -2.819086429993133E+00 -1.208920282669786E+18
  0.000000000000000E+00  1.477990575352621E+00 -1.140728594653390E+00  4.561561062431400E+00 -3.703805862311357E-01  3.090833970849598E+00  3.090833970849598E+00  9.272501912548794E+00 -9.642882498779930E+00 -1.198319255334594E-01 -2.262913206025412E-18 -1.255899484768121E+00 -1.255899484768121E+00 -2.180991402349998E+00 -1.210433511635225E+18
  0.000000000000000E+00  1.475862454103819E+00 -1.139874393509451E+00  4.559599611016875E+00 -3.761730722561412E-01  3.108069764556467E+00  3.108069764556467E+00  9.324209293669401E+00 -9.700382365925542E+00 -1.210310902753569E-01 -4.607169859849494E-19 -1.254234686705909E+00 -1.254234686705909E+00 -4.447975586672079E-01 -1.210896371554105E+18
  0.000000000000000E+00  1.490911854939010E+00 -1.146269095386242E+00  4.573474063310587E+00 -3.350940154923076E-01  2.893079480614998E+00  2.893079480614998E+00  8.679238441844996E+00 -9.014332457337304E+00 -1.158260662168447E-01 -1.518649034236314E-30 -1.245340455680803E+00 -1.245340455680803E+00 -1.446624054469192E-12 -1.186277684032123E+18
  0.000000000000000E+00  1.488750646900581E+00 -1.145300351338465E+00  4.571481610947015E+00 -3.409884325632721E-01  2.938412567211419E+00  2.938412567211419E+00  8.815237701634258E+00 -9.156226134197530E+00 -1.160451178191337E-01 -3.213691231898496E-19 -1.249442433050647E+00 -1.249442433050647E+00 -3.067851393624585E-01 -1.192741751740631E+18
  0.000000000000000E+00  1.486583140241538E+00 -1.144345656945354E+00  4.569483158125895E+00 -3.469087590145143E-01  2.978998864830039E+00  2.978998864830039E+00  8.936996594490116E+00 -9.283905353504631E+00 -1.164514572697921E-01  2.196769852911847E-18 -1.252613389410353E+00 -1.252613389410353E+00  2.101414315507123E+00 -1.198241001356479E+18
  0.000000000000000E+00  1.484409395448498E+00 -1.143405258875843E+00  4.567478872276610E+00 -3.528505554883227E-01  3.014677039969344E+00  3.014677039969344E+00  9.044031119908034E+00 -9.396881675396356E+00 -1.170442308778491E-01  3.622328258974753E-18 -1.254855570491445E+00 -1.254855570491445E+00  3.472006656698007E+00 -1.202780803519452E+18
  0.000000000000000E+00  1.499784038116522E+00 -1.150419350034005E+00  4.581648964713411E+00 -3.110801770799603E-01  2.660579393812476E+00  2.660579393812476E+00  7.981738181437429E+00 -8.292818358517389E+00 -1.169219673742560E-01  1.373403539261462E-30 -1.219118133416795E+00 -1.219118133416795E+00  1.295538728057891E-12 -1.150000499320414E+18
  0.000000000000000E+00  1.497575966877744E+00 -1.149360633623134E+00  4.579615351102580E+00 -3.170203523218624E-01  2.725186933307389E+00  2.725186933307389E+00  8.175560799922170E+00 -8.492581152244032E+00 -1.163297638217847E-01 -3.147941189283752E-19 -1.226962383768082E+00 -1.226962383768082E+00 -2.977134218705899E-01 -1.160387528908074E+18
  0.000000000000000E+00  1.495361222766478E+00 -1.148315831855400E+00  4.577574898480940E+00 -3.230054864047329E-01  2.785543386463240E+00  2.785543386463240E+00  8.356630159389720E+00 -8.679635645794454E+00 -1.159578012586075E-01  8.654643833767546E-20 -1.233946291114240E+00 -1.233946291114240E+00  8.205447579601835E-02 -1.169901592978014E+18
  0.000000000000000E+00  1.493139840535856E+00 -1.147285225515029E+00  4.575527752837497E+00 -3.290314254283039E-01  2.841542864994339E+00  2.841542864994339E+00  8.524628594983017E+00 -8.853660020411322E+00 -1.157932296154045E-01  4.457442176108651E-19 -1.240071744950653E+00 -1.240071744950653E+00  4.236245816582068E-01 -1.178534355412529E+18
  0.000000000000000E+00  1.508842275292425E+00 -1.154939513734075E+00  4.589981914718438E+00 -2.870707276335142E-01  2.350401912066964E+00  2.350401912066964E+00  7.051205736200894E+00 -7.338276463834408E+00 -1.221368678095831E-01 -6.055530473653004E-30 -1.179528159481658E+00 -1.179528159481658E+00 -5.646363711583596E-12 -1.099828499825969E+18
  0.000000000000000E+00  1.506588339330573E+00 -1.153788344124866E+00  4.587910133310687E+00 -2.929835547977587E-01  2.434806082662851E+00  2.434806082662851E+00  7.304418247988555E+00 -7.597401802786313E+00 -1.203313713087714E-01 -1.120024884941476E-19 -1.190503449277471E+00 -1.190503449277471E+00 -1.047521947971310E-01 -1.113438200365400E+18
  0.000000000000000E+00  1.504327301981537E+00 -1.152651076541242E+00  4.585830622912656E+00 -2.989584079172345E-01  2.514458134022760E+00  2.514458134022760E+00  7.543374402068281E+00 -7.842332809985516E+00 -1.188957588404725E-01  1.828182457259001E-20 -1.200759165050584E+00 -1.200759165050584E+00  1.714883562360336E-02 -1.126343897635948E+18
  0.000000000000000E+00  1.502059191993969E+00 -1.151527986629017E+00  4.583743520091256E+00 -3.049917832564617E-01  2.589626444841149E+00  2.589626444841149E+00  7.768879334523446E+00 -8.073871117779909E+00 -1.177744318544640E-01  1.398048398211677E-19 -1.210296915087857E+00 -1.210296915087857E+00  1.315154029271168E-01 -1.138534879427871E+18
  0.000000000000000E+00  1.518036099114508E+00 -1.159812731476226E+00  4.598417756783571E+00 -2.634769466970362E-01  1.918278976993974E+00  1.918278976993974E+00  5.754836930981922E+00 -6.018313877678958E+00 -1.373506929163744E-01  2.568857949645743E-28 -1.127919323976549E+00 -1.127919323976549E+00  2.364185538547206E-10 -1.038052942849968E+18
  0.000000000000000E+00  1.515748632921858E+00 -1.158573838165463E+00  4.596321374981373E+00 -2.692617120911727E-01  2.044550342954456E+00  2.044550342954456E+00  6.133651028863368E+00 -6.402912740954541E+00 -1.316972766256657E-01  1.560978374619664E-17 -1.141673961432494E+00 -1.141673961432494E+00  1.441380477960142E+01 -1.054202022885274E+18
  0.000000000000000E+00  1.513453831809833E+00 -1.157348485870426E+00  4.594216529363788E+00 -2.751240988381184E-01  2.156801129310418E+00  2.156801129310418E+00  6.470403387931253E+00 -6.745527486769371E+00 -1.275611808150724E-01  1.223152938044297E-17 -1.154859594024478E+00 -1.154859594024478E+00  1.133165804205781E+01 -1.069896788785800E+18
  0.000000000000000E+00  1.511151708394624E+00 -1.156136951942752E+00  4.592103336086593E+00 -2.810613547486426E-01  2.257821573276404E+00  2.257821573276404E+00  6.773464719829215E+00 -7.054526074577857E+00 -1.244834215755962E-01  2.718131401380539E-18 -1.167477342805179E+00 -1.167477342805179E+00  2.526371719929653E+00 -1.085113744325818E+18
  0.000000000000000E+00  1.527165941435556E+00 -1.164930003810239E+00  4.606765422101500E+00 -2.410272605648322E-01  1.244741158646163E+00  1.244741158646163E+00  3.734223475938490E+00 -3.975250736503322E+00 -1.936364511534144E-01  7.812349463117388E-30 -1.068422545691380E+00 -1.068422545691380E+00  7.089135698740372E-12 -9.695153097999626E+17
  0.000000000000000E+00  1.524894453158247E+00 -1.163631235445101E+00  4.604691683231939E+00 -2.465121062595715E-01  1.432273617358516E+00  1.432273617358516E+00  4.296820852075547E+00 -4.543332958335119E+00 -1.721124394612559E-01 -6.618361460623638E-18 -1.083939574339237E+00 -1.083939574339237E+00 -6.028274516399295E+00 -9.872965313517658E+17
  0.000000000000000E+00  1.522615655161643E+00 -1.162345249562175E+00  4.602609100419127E+00 -2.520833358542778E-01  1.609660668710044E+00  1.609660668710044E+00  4.828982006130133E+00 -5.081065341984410E+00 -1.566065076661737E-01 -3.071601255460290E-17 -1.099027698948595E+00 -1.099027698948595E+00 -2.807734156091280E+01 -1.004615297426019E+18
  0.000000000000000E+00  1.520329539721734E+00 -1.161072322719777E+00  4.600517761285322E+00 -2.577389493373122E-01  1.772972419616584E+00  1.772972419616584E+00  5.318917258849752E+00 -5.576656208187065E+00 -1.453710991133465E-01 -3.948071855982918E-17 -1.113687482179406E+00 -1.113687482179406E+00 -3.621325798760786E+01 -1.021517682070951E+18
  0.000000000000000E+00  1.535763548750155E+00 -1.169996560924053E+00  4.614593025471247E+00 -2.209266393756922E-01  7.321700926884291E-01  7.321700926884291E-01  2.196510278065288E+00 -2.417436917440980E+00 -3.017422339179133E-01  1.064109133278526E-28 -1.006513798480512E+00 -1.006513798480512E+00  9.497924373540534E-11 -8.983845396984000E+17
  0.000000000000000E+00  1.533623872245946E+00 -1.168713511679753E+00  4.612648344270749E+00 -2.258283583907797E-01  8.066128813413181E-01  8.066128813413181E-01  2.419838644023955E+00 -2.645667002414734E+00 -2.799711777665257E-01 -4.090628075276570E-18 -1.022325473291652E+00 -1.022325473291652E+00 -3.667432537431099E+00 -9.165608888412472E+17
  0.000000000000000E+00  1.531477711963458E+00 -1.167441274000425E+00  4.610695470993106E+00 -2.308129642356881E-01  9.226369532060065E-01  9.226369532060065E-01  2.767910859618020E+00 -2.998723823853708E+00 -2.501666158434824E-01 -3.792797806138717E-18 -1.037914065837613E+00 -1.037914065837613E+00 -3.414854043539405E+00 -9.344882658483505E+17
  0.000000000000000E+00  1.529325068245670E+00 -1.166180040504457E+00  4.608734473524391E+00 -2.358795629478835E-01  1.071570361301340E+00  1.071570361301340E+00  3.214711083904019E+00 -3.450590646851903E+00 -2.201251280050578E-01 -1.570426236230331E-18 -1.053279735014826E+00 -1.053279735014826E+00 -1.419638030009300E+00 -9.521465787877066E+17
  0.000000000000000E+00  1.543289310801067E+00 -1.174625455063487E+00  4.621413561091030E+00 -2.042404524945347E-01  6.904658625698186E-01  6.904658625698186E-01  2.071397587709456E+00 -2.275638040203991E+00 -2.958009418950561E-01  1.331704169408215E-31 -9.494874462047480E-01 -9.494874462047480E-01  1.167724453163288E-13 -8.325720789757303E+17
  0.000000000000000E+00  1.541415398968727E+00 -1.173456048662271E+00  4.619718192396065E+00 -2.083129645607334E-01  6.893868179399986E-01  6.893868179399986E-01  2.068160453819996E+00 -2.276473418380729E+00 -3.021713777226069E-01  5.931190825584561E-19 -9.639267053715471E-01 -9.639267053715471E-01  5.225757126397701E-01 -8.492808607998149E+17
  0.000000000000000E+00  1.539536478862610E+00 -1.172294667026157E+00  4.618016294254297E+00 -2.124517558990120E-01  6.895858580249171E-01  6.895858580249171E-01  2.068757574074752E+00 -2.281209329973764E+00 -3.080860105041994E-01  2.144084546710394E-18 -9.782443021428734E-01 -9.782443021428734E-01  1.897669074413524E+00 -8.658165846332719E+17
  0.000000000000000E+00  1.537652534212994E+00 -1.171141455873850E+00  4.616307895265725E+00 -2.166564422553414E-01  7.006509579119392E-01  7.006509579119392E-01  2.101952873735818E+00 -2.318609315991159E+00 -3.092216456836297E-01  2.629826844483911E-18 -9.924400747804172E-01 -9.924400747804172E-01  2.337660969680905E+00 -8.821829590900937E+17
  0.000000000000000E+00  1.549580133544473E+00 -1.178631695801244E+00  4.627089705831716E+00 -1.909811892916990E-01  6.930142925963233E-01  6.930142925963233E-01  2.079042877788970E+00 -2.270024067080669E+00 -2.755804480975465E-01  8.784644229453529E-29 -9.003304512821544E-01 -9.003304512821544E-01  7.563656806658710E-11 -7.751925255265568E+17
  0.000000000000000E+00  1.548012680548184E+00 -1.177621918663866E+00  4.625677681417726E+00 -1.942248850912544E-01  6.922217853306046E-01  6.922217853306046E-01  2.076665355991814E+00 -2.270890241083068E+00 -2.805818730459236E-01 -2.771409119911248E-18 -9.126558084572799E-01 -9.126558084572799E-01 -2.397923478738749E+00 -7.896628380789517E+17
  0.000000000000000E+00  1.546441726381034E+00 -1.176617576071251E+00  4.624260968830825E+00 -1.975159960707179E-01  6.909737286625904E-01  6.909737286625904E-01  2.072921185987772E+00 -2.270437182058490E+00 -2.858516726142666E-01 -2.205522390095375E-18 -9.249571908807326E-01 -9.249571908807326E-01 -1.917222275906970E+00 -8.040492078342442E+17
  0.000000000000000E+00  1.544867270109752E+00 -1.175618733159193E+00  4.622839588406201E+00 -2.008545194613809E-01  6.901088464548166E-01  6.901088464548166E-01  2.070326539364450E+00 -2.271181058825831E+00 -2.910475941486592E-01 -5.499288201403305E-19 -9.372344571164639E-01 -9.372344571164639E-01 -4.801737284801925E-01 -8.183520253018958E+17
  0.000000000000000E+00  1.554837520593180E+00 -1.182074639489625E+00  4.631814223291166E+00 -1.803959918937129E-01  6.961008143208934E-01  6.961008143208934E-01  2.088302442962680E+00 -2.268698434856393E+00 -2.591521058191906E-01 -9.757263973751608E-30 -8.588707733522052E-01 -8.588707733522052E-01 -8.248522069391775E-12 -7.260656827374254E+17
  0.000000000000000E+00  1.553526884959061E+00 -1.181208254119144E+00  4.630638130291538E+00 -1.829921877042444E-01  6.952004198900716E-01  6.952004198900715E-01  2.085601259670215E+00 -2.268593447374459E+00 -2.632222053795364E-01 -2.371708189087039E-18 -8.692286973408399E-01 -8.692286973408399E-01 -2.014720060262391E+00 -7.383929024432218E+17
  0.000000000000000E+00  1.552213775372592E+00 -1.180345611147106E+00  4.629458672261853E+00 -1.856217433432334E-01  6.942659798647960E-01  6.942659798647960E-01  2.082797939594388E+00 -2.268419682937622E+00 -2.673640200249796E-01 -7.434453836213136E-18 -8.795913662563200E-01 -8.795913662563200E-01 -6.344987660436334E+00 -7.506935261253114E+17
  0.000000000000000E+00  1.550898191634240E+00 -1.179486746424233E+00  4.628275860309644E+00 -1.882847226069587E-01  6.934773266364268E-01  6.934773266364268E-01  2.080431979909281E+00 -2.268716702516239E+00 -2.715081162353153E-01 -8.740675603258101E-18 -8.899586602704411E-01 -8.899586602704412E-01 -7.493385118449055E+00 -7.629619589611099E+17
  0.000000000000000E+00  1.559341150474036E+00 -1.185092409865409E+00  4.635846584125921E+00 -1.716926410072839E-01  6.999910314334714E-01  6.999910314334714E-01  2.099973094300414E+00 -2.271665735307698E+00 -2.452783440034716E-01 -1.545838854852522E-30 -8.231745035749796E-01 -8.231745035749796E-01 -1.283494358772331E-12 -6.834734605791094E+17
  0.000000000000000E+00  1.558217962809102E+00 -1.184333918649229E+00  4.634842251157302E+00 -1.738315105116677E-01  6.988882717934269E-01  6.988882717934269E-01  2.096664815380281E+00 -2.270496325891949E+00 -2.487257513502069E-01  2.146271092307797E-19 -8.320899841573335E-01 -8.320899841573335E-01  1.790368747740274E-01 -6.941098486031067E+17
  0.000000000000000E+00  1.557092965572403E+00 -1.183578107001438E+00  4.633835411752636E+00 -1.759949944204071E-01  6.978427749121217E-01  6.978427749121217E-01  2.093528324736365E+00 -2.269523319156773E+00 -2.521986337718691E-01  3.234217935308562E-19 -8.410112684628390E-01 -8.410112684628390E-01  2.710245574145004E-01 -7.047598874749368E+17
  0.000000000000000E+00  1.555966153316307E+00 -1.182825004191686E+00  4.632826068283486E+00 -1.781831393441921E-01  6.968988520133466E-01  6.968988520133466E-01  2.090696556040040E+00 -2.268879695384232E+00 -2.556800586332141E-01  2.712490742800586E-19 -8.499382394076678E-01 -8.499382394076678E-01  2.283173113645246E-01 -7.154148421059616E+17
  0.000000000000000E+00  1.563316757605387E+00 -1.187808349216843E+00  4.639394217227979E+00 -1.642919824908869E-01  7.049080464874315E-01  7.049080464874315E-01  2.114724139462295E+00 -2.279016121953182E+00 -2.330686723035104E-01  1.771503155843174E-30 -7.917016373888796E-01 -7.917016373888796E-01  1.445715298991052E-12 -6.461039403932598E+17
  0.000000000000000E+00  1.562324982787053E+00 -1.187126257827959E+00  4.638510284111157E+00 -1.661133722633817E-01  7.035039727446639E-01  7.035039727446639E-01  2.110511918233992E+00 -2.276625290497373E+00 -2.361228631237202E-01  2.065599585170024E-19 -7.995365612861566E-01 -7.995365612861566E-01  1.693124393181755E-01 -6.553616997569370E+17
  0.000000000000000E+00  1.561331788868097E+00 -1.186446229819400E+00  4.637624363947475E+00 -1.679538966666575E-01  7.022149601428035E-01  7.022149601428035E-01  2.106644880428411E+00 -2.274598777095068E+00 -2.391773263168618E-01  2.408261897069007E-19 -8.073937247821542E-01 -8.073937247821542E-01  1.982588086353896E-01 -6.646823510757592E+17
  0.000000000000000E+00  1.560337177534949E+00 -1.185768276671704E+00  4.636736462127732E+00 -1.698136286111472E-01  7.010432369497670E-01  7.010432369497670E-01  2.103129710849301E+00 -2.272943339460448E+00 -2.422298934799012E-01  1.487973362976107E-19 -8.152730614923862E-01 -8.152730614923862E-01  1.230235392451207E-01 -6.740562699011759E+17
  0.000000000000000E+00  1.566925399899524E+00 -1.190315841741765E+00  4.642604279560152E+00 -1.578037223523382E-01  7.113377464272319E-01  7.113377464272319E-01  2.134013239281696E+00 -2.291816961634034E+00 -2.218407825887546E-01  5.341466905285317E-29 -7.633178603538394E-01 -7.633178603538394E-01  4.289994957942333E-11 -6.130581411980845E+17
  0.000000000000000E+00  1.566025008057728E+00 -1.189686428204185E+00  4.641804257418505E+00 -1.594022093192947E-01  7.095425040843670E-01  7.095425040843670E-01  2.128627512253101E+00 -2.288029721572396E+00 -2.246549127102627E-01  1.752631528761559E-18 -7.703813794742042E-01 -7.703813794742042E-01  1.413214044769222E+00 -6.211880634550363E+17
  0.000000000000000E+00  1.565123437120768E+00 -1.189058701373053E+00  4.641002571096169E+00 -1.610163739639742E-01  7.078645695216730E-01  7.078645695216730E-01  2.123593708565019E+00 -2.284610082528993E+00 -2.274677684077028E-01  1.071811371447044E-18 -7.774665581863941E-01 -7.774665581863941E-01  8.677045391575646E-01 -6.294123010383400E+17
  0.000000000000000E+00  1.564220686999652E+00 -1.188432671595048E+00  4.640199223407905E+00 -1.626462778374728E-01  7.063157984268084E-01  7.063157984268084E-01  2.118947395280425E+00 -2.281593673117898E+00 -2.302741609344407E-01 -1.660773665055425E-19 -7.845733325789412E-01 -7.845733325789412E-01 -1.349918750972874E-01 -6.377210064480663E+17
  0.000000000000000E+00  1.570281280964363E+00 -1.192683868838218E+00  4.645580563456447E+00 -1.519651541335632E-01  7.189304591399555E-01  7.189304591399555E-01  2.156791377419867E+00 -2.308756531553430E+00 -2.113767085558686E-01  1.577692997451750E-31 -7.371142513976094E-01 -7.371142513976094E-01  1.249334924344314E-13 -5.837020123625870E+17
  0.000000000000000E+00  1.569443849225151E+00 -1.192089685676531E+00  4.644838678725264E+00 -1.534045313233386E-01  7.170082498556243E-01  7.170082498556244E-01  2.151024749566873E+00 -2.304429280890212E+00 -2.139508594974017E-01 -1.107611041285794E-19 -7.436365224690358E-01 -7.436365224690358E-01 -8.800722749409118E-02 -5.908697743738057E+17
  0.000000000000000E+00  1.568605392982237E+00 -1.191496946413833E+00  4.644095335948739E+00 -1.548573848706822E-01  7.150563829884723E-01  7.150563829884723E-01  2.145169148965417E+00 -2.300026533836099E+00 -2.165666771947110E-01 -3.949264331032859E-19 -7.501779227832351E-01 -7.501779227832351E-01 -3.148962941275841E-01 -5.981576010613308E+17
  0.000000000000000E+00  1.567765910464177E+00 -1.190905661589215E+00  4.643350535940037E+00 -1.563237651041600E-01  7.131433760188809E-01  7.131433760188809E-01  2.139430128056643E+00 -2.295753893160803E+00 -2.192038380512437E-01 -4.826080536431725E-19 -7.567383900132446E-01 -7.567383900132446E-01 -3.861923371812251E-01 -6.055567561871889E+17
  0.000000000000000E+00  1.573468489464600E+00 -1.194965027773973E+00  4.648399024348790E+00 -1.465939412865492E-01  7.252773905950173E-01  7.252773905950173E-01  2.175832171785052E+00 -2.322426113071602E+00 -2.021212065721276E-01 -4.802969114603010E-30 -7.123864629345513E-01 -7.123864629345513E-01 -3.759474375038025E-12 -5.576131323400751E+17
  0.000000000000000E+00  1.572673070101535E+00 -1.194392809314601E+00  4.647696396261804E+00 -1.479185690673517E-01  7.241831230508867E-01  7.241831230508867E-01  2.172549369152661E+00 -2.320467938220012E+00 -2.042557529429718E-01 -4.318007520961539E-20 -7.185339373231988E-01 -7.185339373231988E-01 -3.388915871180466E-02 -5.639293244292772E+17
  0.000000000000000E+00  1.571876730398397E+00 -1.193821870168258E+00  4.646992443418991E+00 -1.492552778854860E-01  7.226122165593517E-01  7.226122165593517E-01  2.167836649678056E+00 -2.317091927563542E+00 -2.065496188206596E-01 -1.966412312191150E-20 -7.247044371115191E-01 -7.247044371115191E-01 -1.547682205439395E-02 -5.703850380547466E+17
  0.000000000000000E+00  1.571079468103300E+00 -1.193252220090833E+00  4.646287165808162E+00 -1.506041216159054E-01  7.207871642218840E-01  7.207871642218840E-01  2.162361492665652E+00 -2.312965614281558E+00 -2.089439561239802E-01  1.244235062673883E-20 -7.308978972557852E-01 -7.308978972557852E-01  9.822098211504470E-03 -5.769770636426797E+17
  0.000000000000000E+00  1.576552793358002E+00 -1.197202120710101E+00  4.651118624059527E+00 -1.415570982990468E-01  7.253877995461943E-01  7.253877995461943E-01  2.176163398638583E+00 -2.317720496937630E+00 -1.951467868464365E-01 -3.304384040737995E-28 -6.886652630518729E-01 -6.886652630518729E-01 -2.564468571702854E-10 -5.344597969688712E+17
  0.000000000000000E+00  1.575783011807723E+00 -1.196641065716039E+00  4.650440601091003E+00 -1.427994258313268E-01  7.268984219975062E-01  7.268984219975062E-01  2.180695265992519E+00 -2.323494691823845E+00 -1.964503175545711E-01  1.111819501414661E-19 -6.945504540900105E-01 -6.945504540900105E-01  8.644834089011748E-02 -5.400403064001099E+17
  0.000000000000000E+00  1.575012367054765E+00 -1.196081195050678E+00  4.649761325653754E+00 -1.440529660007798E-01  7.269440358744484E-01  7.269440358744484E-01  2.180832107623345E+00 -2.324885073624125E+00 -1.981623878755632E-01  8.628992647738620E-20 -7.004657544921250E-01 -7.004657544921250E-01  6.723070188512588E-02 -5.457508917143569E+17
  0.000000000000000E+00  1.574240859480076E+00 -1.195522513980997E+00  4.649080799484516E+00 -1.453177830662420E-01  7.261839293494693E-01  7.261839293494693E-01  2.178551788048408E+00 -2.323869571114650E+00 -2.001115381283921E-01  1.826446338587776E-20 -7.064111092508063E-01 -7.064111092508063E-01  1.426188526258755E-02 -5.516041711984860E+17
  0.000000000000000E+00  1.579589656102563E+00 -1.199433262635054E+00  4.653788641357274E+00  2.144723115782834E+00  7.149077052611007E-01  7.149077052611007E-01  2.144723115783302E+00 -4.680700271819660E-13  2.999999999999345E+00 -1.610591422718745E-22  1.285362329780529E+01  1.285362329780529E+01 -1.243352176364274E-04  9.922802441425627E+18
  0.000000000000000E+00  1.578831708789681E+00 -1.198873753468015E+00  4.653122982274451E+00  1.800538271225125E+00  7.203608626670215E-01  7.203608626670215E-01  2.161082588001065E+00 -3.605443167759392E-01  2.499494856729055E+00  1.355096543406022E-19 -3.599284023370382E+02 -3.599284023370382E+02  1.047143188091791E-01 -2.781326367792698E+20
  0.000000000000000E+00  1.578072915011678E+00 -1.198315390973678E+00  4.652456091481158E+00  1.013587565365809E+00  7.227274838374317E-01  7.227274838374317E-01  2.168182451512295E+00 -1.154594886146487E+00  1.402447793992849E+00  2.623924156679355E-19 -4.862091330919495E+02 -4.862091330919495E+02  2.030071256985098E-01 -3.761690990423795E+20
  0.000000000000000E+00  1.577313276092977E+00 -1.197758178828790E+00  4.651787971295207E+00  2.206345811945344E-01  7.238042392909497E-01  7.238042392909497E-01  2.171412717872849E+00 -1.950778136678315E+00  3.048263179705489E-01  2.581105225342305E-19 -3.663442839144313E+02 -3.663442839144313E+02  1.999810352507033E-01 -2.838392965775722E+20
